Workbook

Sheet Characterization
A1: LoadID | B1: Pc | C1: Qc | D1: FL Ratio
A2: 1 | B2: {=MAX(ABS('Pc, Original'!$D2:$AA2))} -> 4.9725394 | C2: {=MAX(ABS('Qc, Original'!$D2:$AA2))} -> 0.70631105 | D2: =B2/SUM($B$2:$B$15) -> 0.077823812
A3: 2 | B3: {=MAX(ABS('Pc, Original'!$D3:$AA3))} -> 2.4083493 | C3: {=MAX(ABS('Qc, Original'!$D3:$AA3))} -> 0.27046915 | D3: =B3/SUM($B$2:$B$15) -> 0.037692396
A4: 3 | B4: {=MAX(ABS('Pc, Original'!$D4:$AA4))} -> 6.8515722 | C4: {=MAX(ABS('Qc, Original'!$D4:$AA4))} -> 0.74228888 | D4: =B4/SUM($B$2:$B$15) -> 0.10723202
A5: 4 | B5: {=MAX(ABS('Pc, Original'!$D5:$AA5))} -> 1.5967813 | C5: {=MAX(ABS('Qc, Original'!$D5:$AA5))} -> 0.74264352 | D5: =B5/SUM($B$2:$B$15) -> 0.024990774
A6: 5 | B6: {=MAX(ABS('Pc, Original'!$D6:$AA6))} -> 5.5241481 | C6: {=MAX(ABS('Qc, Original'!$D6:$AA6))} -> 0.79455308 | D6: =B6/SUM($B$2:$B$15) -> 0.086456884
A7: 6 | B7: {=MAX(ABS('Pc, Original'!$D7:$AA7))} -> 8.2055502 | C7: {=MAX(ABS('Qc, Original'!$D7:$AA7))} -> 1.3087633 | D7: =B7/SUM($B$2:$B$15) -> 0.12842275
A8: 7 | B8: {=MAX(ABS('Pc, Original'!$D8:$AA8))} -> 4.8921795 | C8: {=MAX(ABS('Qc, Original'!$D8:$AA8))} -> 0.545137 | D8: =B8/SUM($B$2:$B$15) -> 0.076566122
A9: 8 | B9: {=MAX(ABS('Pc, Original'!$D9:$AA9))} -> 4.3726958 | C9: {=MAX(ABS('Qc, Original'!$D9:$AA9))} -> 1.6808471 | D9: =B9/SUM($B$2:$B$15) -> 0.068435829
A10: 9 | B10: {=MAX(ABS('Pc, Original'!$D10:$AA10))} -> 1.8897161 | C10: {=MAX(ABS('Qc, Original'!$D10:$AA10))} -> 0.0553131 | D10: =B10/SUM($B$2:$B$15) -> 0.029575414
A11: 10 | B11: {=MAX(ABS('Pc, Original'!$D11:$AA11))} -> 3.8577528 | C11: {=MAX(ABS('Qc, Original'!$D11:$AA11))} -> 0.67294557 | D11: =B11/SUM($B$2:$B$15) -> 0.060376601
A12: 11 | B12: {=MAX(ABS('Pc, Original'!$D12:$AA12))} -> 1.6013075 | C12: {=MAX(ABS('Qc, Original'!$D12:$AA12))} -> 0.49011867 | D12: =B12/SUM($B$2:$B$15) -> 0.025061612
A13: 12 | B13: {=MAX(ABS('Pc, Original'!$D13:$AA13))} -> 5.0122006 | C13: {=MAX(ABS('Qc, Original'!$D13:$AA13))} -> 0.95377995 | D13: =B13/SUM($B$2:$B$15) -> 0.078444538
... A15: 14 | B15: {=MAX(ABS('Pc, Original'!$D15:$AA15))} -> 0.5221471 | C15: {=MAX(ABS('Qc, Original'!$D15:$AA15))} -> 0.20917235 | D15: =B15/SUM($B$2:$B$15) -> 0.008171977

Sheet Growth Factors
A1: Growth Factor | B1: Value, [%]
A2: Load | B2: 0.0125
A3: Flexible Load | B3: 0.03

Sheet Pc, Original
A1: LoadID | B1: Season | C1: Scenario | D1: 0 | E1: 1 | F1: 2 | G1: 3 | H1: 4 | I1: 5 | J1: 6 | K1: 7 | L1: 8 | M1: 9 | N1: 10 | O1: 11 | P1: 12 | Q1: 13 | R1: 14 | S1: 15 | T1: 16 | U1: 17 | V1: 18 | W1: 19 | X1: 20 | Y1: 21 | Z1: 22 | AA1: 23
A2: 1 | B2: Winter | C2: 1 | D2: 3.9664378 | E2: 3.8182077 | F2: 3.6822064 | G2: 3.7933432 | H2: 3.6863035 | I2: 3.6912132 | J2: 3.7252831 | K2: 4.8354045 | L2: 4.9320779 | M2: 4.8850233 | N2: 4.8701922 | O2: 4.9725394 | P2: 4.9190118 | Q2: 4.8319353 | R2: 4.203334 | S2: 4.5221286 | T2: 4.9164572 | U2: 4.8415698 | V2: 4.592091 | W2: 4.3791631 | X2: 4.3482258 | Y2: 4.154981 | Z2: 3.7525698 | AA2: 3.6712699
A3: 2 | B3: Winter | C3: 1 | D3: 1.3469303 | E3: 1.3085964 | F3: 1.2530124 | G3: 1.2426371 | H3: 1.2551234 | I3: 1.3401108 | J3: 1.6155734 | K3: 1.8861192 | L3: 2.050469 | M3: 2.1124004 | N3: 2.107831 | O3: 2.0576357 | P3: 1.9829956 | Q3: 1.8858414 | R3: 1.7563949 | S3: 1.8109097 | T3: 2.0143573 | U3: 2.4083493 | V3: 2.2938198 | W3: 2.1188171 | X3: 2.0540523 | Y3: 1.9156891 | Z3: 1.7532421 | AA3: 1.5508224
A4: 3 | B4: Winter | C4: 1 | D4: 3.2306823 | E4: 3.0376044 | F4: 2.9394167 | G4: 3.0009034 | H4: 3.0291338 | I4: 3.4633889 | J4: 5.5933806 | K4: 6.5579916 | L4: 6.8515722 | M4: 6.6350334 | N4: 6.3911639 | O4: 6.7988722 | P4: 6.3028887 | Q4: 6.0014417 | R4: 5.1905722 | S4: 5.1691334 | T4: 5.3862417 | U4: 5.8172584 | V4: 5.3159667 | W4: 5.5242391 | X4: 5.3637333 | Y4: 5.044125 | Z4: 4.1902861 | AA4: 3.6957973
A5: 4 | B5: Winter | C5: 1 | D5: 0.31695602 | E5: 0.20592678 | F5: 0.20602405 | G5: 0.18353757 | H5: 0.19330165 | I5: 0.39442965 | J5: 0.79092173 | K5: 0.98453572 | L5: 1.0852596 | M5: 1.0163278 | N5: 1.00755 | O5: 0.93645155 | P5: 0.91225685 | Q5: 0.85918667 | R5: 0.8201305 | S5: 0.83881138 | T5: 1.0586758 | U5: 1.5967813 | V5: 1.4354871 | W5: 1.2148171 | X5: 1.1745248 | Y5: 1.0455644 | Z5: 0.78249108 | AA5: 0.60829385
A6: 5 | B6: Winter | C6: 1 | D6: 3.1223201 | E6: 2.8399508 | F6: 2.6025217 | G6: 2.6365972 | H6: 2.6953889 | I6: 3.0366966 | J6: 3.9254174 | K6: 4.3475885 | L6: 4.4951371 | M6: 4.6742178 | N6: 4.8057565 | O6: 4.8861018 | P6: 4.791284 | Q6: 4.5593989 | R6: 4.5451036 | S6: 4.5082792 | T6: 4.8186029 | U6: 5.5241481 | V6: 5.4521998 | W6: 5.3330491 | X6: 5.2848421 | Y6: 4.9343088 | Z6: 4.3903111 | AA6: 3.9782812
A7: 6 | B7: Winter | C7: 1 | D7: 5.4370723 | E7: 5.1124 | F7: 4.9824443 | G7: 5.0431166 | H7: 5.0983276 | I7: 5.5250083 | J7: 6.2409945 | K7: 7.5679834 | L7: 7.9355057 | M7: 8.2055502 | N7: 8.0730359 | O7: 8.1967974 | P7: 8.1556555 | Q7: 8.034525 | R7: 7.4874472 | S7: 7.5051305 | T7: 7.2808833 | U7: 7.630511 | V7: 7.3928334 | W7: 7.2766777 | X7: 7.1157609 | Y7: 6.8715749 | Z7: 6.1675389 | AA7: 5.7297194
A8: 7 | B8: Winter | C8: 1 | D8: 2.4848462 | E8: 2.2901391 | F8: 2.2707748 | G8: 2.2247033 | H8: 2.3025185 | I8: 2.6464364 | J8: 3.3604055 | K8: 4.1094199 | L8: 4.6653819 | M8: 4.7890672 | N8: 4.8921795 | O8: 4.8644944 | P8: 4.7943722 | Q8: 4.6630277 | R8: 4.2589344 | S8: 4.1542189 | T8: 4.4952536 | U8: 4.5898975 | V8: 4.439437 | W8: 4.3784062 | X8: 4.0716383 | Y8: 3.3711413 | Z8: 3.1099388 | AA8: 2.7719868
A9: 8 | B9: Winter | C9: 1 | D9: 1.7447967 | E9: 1.6529287 | F9: 1.6162822 | G9: 1.5988821 | H9: 1.6939672 | I9: 2.0663351 | J9: 3.393633 | K9: 4.0820923 | L9: 4.2405405 | M9: 4.2173506 | N9: 4.3726958 | O9: 4.3429277 | P9: 4.0828196 | Q9: 3.9836503 | R9: 3.5224356 | S9: 3.176734 | T9: 3.2617008 | U9: 3.5521165 | V9: 3.4906286 | W9: 3.3783392 | X9: 3.3083158 | Y9: 3.0517668 | Z9: 2.4095817 | AA9: 2.0880992
A10: 9 | B10: Winter | C10: 1 | D10: 1.8897161 | E10: 1.8897161 | F10: 1.8897161 | G10: 1.8897161 | H10: 1.8897161 | I10: 1.8897161 | J10: 1.8897161 | K10: 1.8897161 | L10: 1.8897161 | M10: 1.8897161 | N10: 1.8897161 | O10: 1.8897161 | P10: 1.8897161 | Q10: 1.8897161 | R10: 1.8897161 | S10: 1.8897161 | T10: 1.8897161 | U10: 1.8897161 | V10: 1.8897161 | W10: 1.8897161 | X10: 1.8897161 | Y10: 1.8897161 | Z10: 1.8897161 | AA10: 1.8897161
A11: 10 | B11: Winter | C11: 1 | D11: 2.0627189 | E11: 1.9039239 | F11: 1.8160903 | G11: 1.8342234 | H11: 1.8489692 | I11: 2.1291361 | J11: 2.7847914 | K11: 3.2607061 | L11: 3.5628277 | M11: 3.8026112 | N11: 3.7137611 | O11: 3.7027694 | P11: 3.6924944 | Q11: 3.5274509 | R11: 3.420545 | S11: 3.2249616 | T11: 3.3934464 | U11: 3.8577528 | V11: 3.7688056 | W11: 3.6339786 | X11: 3.4886308 | Y11: 3.2909819 | Z11: 2.8832967 | AA11: 2.5310748
A12: 11 | B12: Winter | C12: 1 | D12: 0.77426555 | E12: 0.7088858 | F12: 0.67349385 | G12: 0.6700788 | H12: 0.69101073 | I12: 0.85882392 | J12: 1.1452093 | K12: 1.2658395 | L12: 1.3655526 | M12: 1.4261514 | N12: 1.369028 | O12: 1.3795914 | P12: 1.3300044 | Q12: 1.2770506 | R12: 1.1947383 | S12: 1.228029 | T12: 1.3271345 | U12: 1.6013075 | V12: 1.5072818 | W12: 1.4071417 | X12: 1.3619803 | Y12: 1.3541238 | Z12: 1.193756 | AA12: 1.0225907
A13: 12 | B13: Winter | C13: 1 | D13: 3.8462983 | E13: 3.8279696 | F13: 3.8263723 | G13: 3.9381014 | H13: 3.919593 | I13: 4.0271544 | J13: 4.1801566 | K13: 4.053379 | L13: 3.3788628 | M13: 3.2407013 | N13: 4.4128701 | O13: 4.0239311 | P13: 4.0775638 | Q13: 4.1682122 | R13: 4.2642434 | S13: 4.3993003 | T13: 4.8655533 | U13: 5.0122006 | V13: 4.6866207 | W13: 4.4439739 | X13: 4.51363 | Y13: 4.5011535 | Z13: 4.5232681 | AA13: 4.7433875
... A169: 14 | B169: Autumn | C169: 3 | D169: -0.3416898 | E169: -0.30635422 | F169: -0.30290885 | G169: -0.28751273 | H169: -0.29609175 | I169: -0.3092959 | J169: -0.3130216 | K169: -0.37074308 | L169: -0.46787545 | M169: -0.5341764 | N169: -0.57514968 | O169: -0.6267498 | P169: -0.63726087 | Q169: -0.55345825 | R169: -0.50834333 | S169: -0.45600715 | T169: -0.4248559 | U169: -0.45236145 | V169: -0.51148213 | W169: -0.5267611 | X169: -0.52271128 | Y169: -0.491528 | Z169: -0.45749717 | AA169: -0.3931226

Sheet Qc, Original
A1: LoadID | B1: Season | C1: Scenario | D1: 0 | E1: 1 | F1: 2 | G1: 3 | H1: 4 | I1: 5 | J1: 6 | K1: 7 | L1: 8 | M1: 9 | N1: 10 | O1: 11 | P1: 12 | Q1: 13 | R1: 14 | S1: 15 | T1: 16 | U1: 17 | V1: 18 | W1: 19 | X1: 20 | Y1: 21 | Z1: 22 | AA1: 23
A2: 1 | B2: Winter | C2: 1 | D2: 0.42029098 | E2: 0.29694267 | F2: 0.25741732 | G2: 0.32996435 | H2: 0.28410905 | I2: 0.23358612 | J2: 0.19326883 | K2: 0.67538455 | L2: 0.70631105 | M2: 0.60580648 | N2: 0.70580853 | O2: 0.65583645 | P2: 0.65872592 | Q2: 0.58821715 | R2: 0.34905067 | S2: 0.54650615 | T2: 0.65544985 | U2: 0.61157577 | V2: 0.42743112 | W2: 0.4434344 | X2: 0.4130204 | Y2: 0.25619988 | Z2: 0.20437222 | AA2: 0.211823
A3: 2 | B3: Winter | C3: 1 | D3: -0.25173265 | E3: -0.25167715 | F3: -0.25862167 | G3: -0.27046915 | H3: -0.2678718 | I3: -0.2458437 | J3: -0.15588425 | K3: -0.029965425 | L3: -0.03220165 | M3: -0.02134025 | N3: -0.018798575 | O3: -0.083896825 | P3: -0.12256425 | Q3: -0.15888427 | R3: -0.15768978 | S3: -0.1603565 | T3: -0.12607823 | U3: 0.041438325 | V3: -0.0058401 | W3: -0.0689383 | X3: -0.12778662 | Y3: -0.16809267 | Z3: -0.18435668 | AA3: -0.21107957
A4: 3 | B4: Winter | C4: 1 | D4: -0.6755486 | E4: -0.7289189 | F4: -0.74228888 | G4: -0.73236197 | H4: -0.7329711 | I4: -0.61206225 | J4: -0.022791375 | K4: 0.31555875 | L4: 0.40218552 | M4: 0.28017192 | N4: 0.16541995 | O4: 0.3281175 | P4: 0.20689447 | Q4: 0.062770375 | R4: -0.2483343 | S4: -0.24843997 | T4: -0.20465458 | U4: -0.1032441 | V4: -0.25163275 | W4: -0.14337332 | X4: -0.19684393 | Y4: -0.32648842 | Z4: -0.51580667 | AA4: -0.58226223
A5: 4 | B5: Winter | C5: 1 | D5: -0.71840688 | E5: -0.72553203 | F5: -0.73293498 | G5: -0.73935175 | H5: -0.74264352 | I5: -0.67896172 | J5: -0.58907158 | K5: -0.53782077 | L5: -0.55357113 | M5: -0.61325232 | N5: -0.65410025 | O5: -0.69258692 | P5: -0.69340627 | Q5: -0.70615665 | R5: -0.71236502 | S5: -0.6911146 | T5: -0.58507145 | U5: -0.34870685 | V5: -0.44977785 | W5: -0.5455849 | X5: -0.58733557 | Y5: -0.62137752 | Z5: -0.65685013 | AA5: -0.66003073
A6: 5 | B6: Winter | C6: 1 | D6: -0.72312247 | E6: -0.7594586 | F6: -0.79172953 | G6: -0.79455308 | H6: -0.792794 | I6: -0.66826273 | J6: -0.50928685 | K6: -0.4121479 | L6: -0.40484542 | M6: -0.33912035 | N6: -0.33560212 | O6: -0.3285358 | P6: -0.3953991 | Q6: -0.42549715 | R6: -0.41405517 | S6: -0.51326345 | T6: -0.45472295 | U6: -0.22796753 | V6: -0.2699512 | W6: -0.33564653 | X6: -0.3624329 | Y6: -0.47048143 | Z6: -0.5203149 | AA6: -0.54432205
A7: 6 | B7: Winter | C7: 1 | D7: 0.40113277 | E7: 0.3137815 | F7: 0.23791593 | G7: 0.3544406 | H7: 0.29105355 | I7: 0.41932112 | J7: 0.55925143 | K7: 1.0893065 | L7: 1.2545189 | M7: 1.2926264 | N7: 1.2269127 | O7: 1.3087633 | P7: 1.2990386 | Q7: 1.2839764 | R7: 1.079897 | S7: 1.0272208 | T7: 0.89278972 | U7: 0.97668195 | V7: 0.82790002 | W7: 0.8639378 | X7: 0.73044193 | Y7: 0.76890445 | Z7: 0.47733972 | AA7: 0.49020418
A8: 7 | B8: Winter | C8: 1 | D8: -0.49552778 | E8: -0.49010955 | F8: -0.5055083 | G8: -0.51465543 | H8: -0.545137 | I8: -0.48809315 | J8: -0.4146598 | K8: -0.21539028 | L8: -0.10672057 | M8: -0.0990603 | N8: -0.075292125 | O8: -0.15059844 | P8: -0.10273318 | Q8: -0.10720432 | R8: -0.19539435 | S8: -0.27922595 | T8: -0.25201113 | U8: -0.28109577 | V8: -0.31610573 | W8: -0.30348917 | X8: -0.34556293 | Y8: -0.40737163 | Z8: -0.45961667 | AA8: -0.45586354
A9: 8 | B9: Winter | C9: 1 | D9: -1.6460469 | E9: -1.6808471 | F9: -1.6741892 | G9: -1.6717834 | H9: -1.6373189 | I9: -1.5711593 | J9: -1.2010598 | K9: -0.95549523 | L9: -0.88231405 | M9: -1.0076675 | N9: -0.95152285 | O9: -0.8673757 | P9: -0.91943615 | Q9: -0.99544267 | R9: -1.2094752 | S9: -1.341321 | T9: -1.3377677 | U9: -1.3192156 | V9: -1.3905284 | W9: -1.4377772 | X9: -1.4623947 | Y9: -1.5052796 | Z9: -1.5709915 | AA9: -1.6010921
A10: 9 | B10: Winter | C10: 1 | D10: -0.0553131 | E10: -0.0553131 | F10: -0.0553131 | G10: -0.0553131 | H10: -0.0553131 | I10: -0.0553131 | J10: -0.0553131 | K10: -0.0553131 | L10: -0.0553131 | M10: -0.0553131 | N10: -0.0553131 | O10: -0.0553131 | P10: -0.0553131 | Q10: -0.0553131 | R10: -0.0553131 | S10: -0.0553131 | T10: -0.0553131 | U10: -0.0553131 | V10: -0.0553131 | W10: -0.0553131 | X10: -0.0553131 | Y10: -0.0553131 | Z10: -0.0553131 | AA10: -0.0553131
A11: 10 | B11: Winter | C11: 1 | D11: -0.65291055 | E11: -0.67194918 | F11: -0.67294557 | G11: -0.67105417 | H11: -0.66918692 | I11: -0.62560362 | J11: -0.46894002 | K11: -0.38273655 | L11: -0.2467047 | M11: -0.14246968 | N11: -0.18226492 | O11: -0.14071075 | P11: -0.16778957 | Q11: -0.2426789 | R11: -0.30336645 | S11: -0.31289818 | T11: -0.32174775 | U11: -0.21715408 | V11: -0.26313465 | W11: -0.32621448 | X11: -0.3836295 | Y11: -0.4881027 | Z11: -0.61008585 | AA11: -0.62094213
A12: 11 | B12: Winter | C12: 1 | D12: -0.47248575 | E12: -0.4770354 | F12: -0.48580272 | G12: -0.49011867 | H12: -0.47914275 | I12: -0.38667683 | J12: -0.29339362 | K12: -0.26214423 | L12: -0.24305396 | M12: -0.23614753 | N12: -0.2767577 | O12: -0.26098267 | P12: -0.29414272 | Q12: -0.2935411 | R12: -0.32659502 | S12: -0.32690465 | T12: -0.27845155 | U12: -0.18621233 | V12: -0.2543806 | W12: -0.29881863 | X12: -0.32102972 | Y12: -0.32875335 | Z12: -0.35499115 | AA12: -0.37652847
A13: 12 | B13: Winter | C13: 1 | D13: -0.065384525 | E13: 0.10970355 | F13: 0.2320791 | G13: 0.20067992 | H13: 0.15603433 | I13: -0.15718693 | J13: -0.00518945 | K13: 0.1874034 | L13: 0.40675295 | M13: 0.47984065 | N13: 0.23308183 | O13: -0.000605575 | P13: 0.73827445 | Q13: 0.83693688 | R13: 0.7939172 | S13: 0.91147275 | T13: 0.50074257 | U13: 0.69164932 | V13: 0.74268015 | W13: 0.66205362 | X13: 0.74300502 | Y13: 0.95377995 | Z13: 0.8835325 | AA13: 0.5952055
... A169: 14 | B169: Autumn | C169: 3 | D169: 0.02180585 | E169: 0.02410035 | F169: 0.0210645 | G169: 0.025870275 | H169: 0.024253 | I169: 0.022080125 | J169: 0.0254871 | K169: 0.0210608 | L169: -0.000880075 | M169: -0.013684875 | N169: -0.016333725 | O169: -0.012370375 | P169: -0.013757175 | Q169: -0.0039907 | R169: 0.00088975 | S169: -0.001213 | T169: -0.0003882 | U169: 0.001994525 | V169: 0.0062178 | W169: 0.003690675 | X169: 0.00616505 | Y169: 0.0085515 | Z169: 0.006691425 | AA169: 0.013715925

Sheet Pc
A1: LoadID | B1: Season | C1: Scenario | D1: 0 | E1: 1 | F1: 2 | G1: 3 | H1: 4 | I1: 5 | J1: 6 | K1: 7 | L1: 8 | M1: 9 | N1: 10 | O1: 11 | P1: 12 | Q1: 13 | R1: 14 | S1: 15 | T1: 16 | U1: 17 | V1: 18 | W1: 19 | X1: 20 | Y1: 21 | Z1: 22 | AA1: 23
A2: 1 | B2: Winter | C2: 1 | D2: {='Pc, Original'!D2/MAX(ABS('Pc, Original'!$D2:$AA2))} -> 0.79766844 | E2: {='Pc, Original'!E2/MAX(ABS('Pc, Original'!$D2:$AA2))} -> 0.76785871 | F2: {='Pc, Original'!F2/MAX(ABS('Pc, Original'!$D2:$AA2))} -> 0.74050825 | G2: {='Pc, Original'!G2/MAX(ABS('Pc, Original'!$D2:$AA2))} -> 0.76285834 | H2: {='Pc, Original'!H2/MAX(ABS('Pc, Original'!$D2:$AA2))} -> 0.74133219 | I2: {='Pc, Original'!I2/MAX(ABS('Pc, Original'!$D2:$AA2))} -> 0.74231955 | J2: {='Pc, Original'!J2/MAX(ABS('Pc, Original'!$D2:$AA2))} -> 0.74917115 | K2: {='Pc, Original'!K2/MAX(ABS('Pc, Original'!$D2:$AA2))} -> 0.97242156 | ... AA2: {='Pc, Original'!AA2/MAX(ABS('Pc, Original'!$D2:$AA2))} -> 0.73830886
A3: 1 | B3: Winter | C3: 2 | D3: {='Pc, Original'!D16/MAX(ABS('Pc, Original'!$D16:$AA16))} -> 1 | E3: {='Pc, Original'!E16/MAX(ABS('Pc, Original'!$D16:$AA16))} -> 0.94829699 | F3: {='Pc, Original'!F16/MAX(ABS('Pc, Original'!$D16:$AA16))} -> 0.91457089 | G3: {='Pc, Original'!G16/MAX(ABS('Pc, Original'!$D16:$AA16))} -> 0.92757695 | H3: {='Pc, Original'!H16/MAX(ABS('Pc, Original'!$D16:$AA16))} -> 0.91252175 | I3: {='Pc, Original'!I16/MAX(ABS('Pc, Original'!$D16:$AA16))} -> 0.88618305 | J3: {='Pc, Original'!J16/MAX(ABS('Pc, Original'!$D16:$AA16))} -> 0.81212108 | K3: {='Pc, Original'!K16/MAX(ABS('Pc, Original'!$D16:$AA16))} -> 0.87392989 | ... AA3: {='Pc, Original'!AA16/MAX(ABS('Pc, Original'!$D16:$AA16))} -> 0.79994105
A4: 1 | B4: Winter | C4: 3 | D4: {='Pc, Original'!D30/MAX(ABS('Pc, Original'!$D30:$AA30))} -> 0.98008583 | E4: {='Pc, Original'!E30/MAX(ABS('Pc, Original'!$D30:$AA30))} -> 0.96141879 | F4: {='Pc, Original'!F30/MAX(ABS('Pc, Original'!$D30:$AA30))} -> 0.9330413 | G4: {='Pc, Original'!G30/MAX(ABS('Pc, Original'!$D30:$AA30))} -> 0.94280702 | H4: {='Pc, Original'!H30/MAX(ABS('Pc, Original'!$D30:$AA30))} -> 0.91016414 | I4: {='Pc, Original'!I30/MAX(ABS('Pc, Original'!$D30:$AA30))} -> 0.92550694 | J4: {='Pc, Original'!J30/MAX(ABS('Pc, Original'!$D30:$AA30))} -> 0.92181555 | K4: {='Pc, Original'!K30/MAX(ABS('Pc, Original'!$D30:$AA30))} -> 0.99085234 | ... AA4: {='Pc, Original'!AA30/MAX(ABS('Pc, Original'!$D30:$AA30))} -> 0.94098259
A5: 1 | B5: Spring | C5: 1 | D5: {='Pc, Original'!D44/MAX(ABS('Pc, Original'!$D44:$AA44))} -> 0.78562204 | E5: {='Pc, Original'!E44/MAX(ABS('Pc, Original'!$D44:$AA44))} -> 0.78783004 | F5: {='Pc, Original'!F44/MAX(ABS('Pc, Original'!$D44:$AA44))} -> 0.75295167 | G5: {='Pc, Original'!G44/MAX(ABS('Pc, Original'!$D44:$AA44))} -> 0.75996565 | H5: {='Pc, Original'!H44/MAX(ABS('Pc, Original'!$D44:$AA44))} -> 0.7787142 | I5: {='Pc, Original'!I44/MAX(ABS('Pc, Original'!$D44:$AA44))} -> 0.78473197 | J5: {='Pc, Original'!J44/MAX(ABS('Pc, Original'!$D44:$AA44))} -> 0.76628383 | K5: {='Pc, Original'!K44/MAX(ABS('Pc, Original'!$D44:$AA44))} -> 0.9084596 | ... AA5: {='Pc, Original'!AA44/MAX(ABS('Pc, Original'!$D44:$AA44))} -> 0.75054032
A6: 1 | B6: Spring | C6: 2 | D6: {='Pc, Original'!D58/MAX(ABS('Pc, Original'!$D58:$AA58))} -> 0.9980138 | E6: {='Pc, Original'!E58/MAX(ABS('Pc, Original'!$D58:$AA58))} -> 1 | F6: {='Pc, Original'!F58/MAX(ABS('Pc, Original'!$D58:$AA58))} -> 0.97624971 | G6: {='Pc, Original'!G58/MAX(ABS('Pc, Original'!$D58:$AA58))} -> 0.98656028 | H6: {='Pc, Original'!H58/MAX(ABS('Pc, Original'!$D58:$AA58))} -> 0.94042013 | I6: {='Pc, Original'!I58/MAX(ABS('Pc, Original'!$D58:$AA58))} -> 0.90464123 | J6: {='Pc, Original'!J58/MAX(ABS('Pc, Original'!$D58:$AA58))} -> 0.80242758 | K6: {='Pc, Original'!K58/MAX(ABS('Pc, Original'!$D58:$AA58))} -> 0.89248386 | ... AA6: {='Pc, Original'!AA58/MAX(ABS('Pc, Original'!$D58:$AA58))} -> 0.73882589
A7: 1 | B7: Spring | C7: 3 | D7: {='Pc, Original'!D72/MAX(ABS('Pc, Original'!$D72:$AA72))} -> 0.89222244 | E7: {='Pc, Original'!E72/MAX(ABS('Pc, Original'!$D72:$AA72))} -> 0.87352014 | F7: {='Pc, Original'!F72/MAX(ABS('Pc, Original'!$D72:$AA72))} -> 0.8867848 | G7: {='Pc, Original'!G72/MAX(ABS('Pc, Original'!$D72:$AA72))} -> 0.86373597 | H7: {='Pc, Original'!H72/MAX(ABS('Pc, Original'!$D72:$AA72))} -> 0.84898648 | I7: {='Pc, Original'!I72/MAX(ABS('Pc, Original'!$D72:$AA72))} -> 0.87239482 | J7: {='Pc, Original'!J72/MAX(ABS('Pc, Original'!$D72:$AA72))} -> 0.84061581 | K7: {='Pc, Original'!K72/MAX(ABS('Pc, Original'!$D72:$AA72))} -> 0.86720376 | ... AA7: {='Pc, Original'!AA72/MAX(ABS('Pc, Original'!$D72:$AA72))} -> 0.93019853
A8: 1 | B8: Summer | C8: 1 | D8: {='Pc, Original'!D86/MAX(ABS('Pc, Original'!$D86:$AA86))} -> 0.79737138 | E8: {='Pc, Original'!E86/MAX(ABS('Pc, Original'!$D86:$AA86))} -> 0.7891799 | F8: {='Pc, Original'!F86/MAX(ABS('Pc, Original'!$D86:$AA86))} -> 0.76060174 | G8: {='Pc, Original'!G86/MAX(ABS('Pc, Original'!$D86:$AA86))} -> 0.74671229 | H8: {='Pc, Original'!H86/MAX(ABS('Pc, Original'!$D86:$AA86))} -> 0.74176372 | I8: {='Pc, Original'!I86/MAX(ABS('Pc, Original'!$D86:$AA86))} -> 0.75238782 | J8: {='Pc, Original'!J86/MAX(ABS('Pc, Original'!$D86:$AA86))} -> 0.74622783 | K8: {='Pc, Original'!K86/MAX(ABS('Pc, Original'!$D86:$AA86))} -> 0.9121625 | ... AA8: {='Pc, Original'!AA86/MAX(ABS('Pc, Original'!$D86:$AA86))} -> 0.75321016
A9: 1 | B9: Summer | C9: 2 | D9: {='Pc, Original'!D100/MAX(ABS('Pc, Original'!$D100:$AA100))} -> 1 | E9: {='Pc, Original'!E100/MAX(ABS('Pc, Original'!$D100:$AA100))} -> 0.98195759 | F9: {='Pc, Original'!F100/MAX(ABS('Pc, Original'!$D100:$AA100))} -> 0.97139881 | G9: {='Pc, Original'!G100/MAX(ABS('Pc, Original'!$D100:$AA100))} -> 0.97209068 | H9: {='Pc, Original'!H100/MAX(ABS('Pc, Original'!$D100:$AA100))} -> 0.93056558 | I9: {='Pc, Original'!I100/MAX(ABS('Pc, Original'!$D100:$AA100))} -> 0.91359681 | J9: {='Pc, Original'!J100/MAX(ABS('Pc, Original'!$D100:$AA100))} -> 0.85959073 | K9: {='Pc, Original'!K100/MAX(ABS('Pc, Original'!$D100:$AA100))} -> 0.84960387 | ... AA9: {='Pc, Original'!AA100/MAX(ABS('Pc, Original'!$D100:$AA100))} -> 0.80736605
A10: 1 | B10: Summer | C10: 3 | D10: {='Pc, Original'!D114/MAX(ABS('Pc, Original'!$D114:$AA114))} -> 0.88721716 | E10: {='Pc, Original'!E114/MAX(ABS('Pc, Original'!$D114:$AA114))} -> 0.84611348 | F10: {='Pc, Original'!F114/MAX(ABS('Pc, Original'!$D114:$AA114))} -> 0.8209614 | G10: {='Pc, Original'!G114/MAX(ABS('Pc, Original'!$D114:$AA114))} -> 0.82446869 | H10: {='Pc, Original'!H114/MAX(ABS('Pc, Original'!$D114:$AA114))} -> 0.81720275 | I10: {='Pc, Original'!I114/MAX(ABS('Pc, Original'!$D114:$AA114))} -> 0.81934064 | J10: {='Pc, Original'!J114/MAX(ABS('Pc, Original'!$D114:$AA114))} -> 0.81579076 | K10: {='Pc, Original'!K114/MAX(ABS('Pc, Original'!$D114:$AA114))} -> 0.84242748 | ... AA10: {='Pc, Original'!AA114/MAX(ABS('Pc, Original'!$D114:$AA114))} -> 0.86633546
A11: 1 | B11: Autumn | C11: 1 | D11: {='Pc, Original'!D128/MAX(ABS('Pc, Original'!$D128:$AA128))} -> 0.54688603 | E11: {='Pc, Original'!E128/MAX(ABS('Pc, Original'!$D128:$AA128))} -> 0.54584589 | F11: {='Pc, Original'!F128/MAX(ABS('Pc, Original'!$D128:$AA128))} -> 0.55416999 | G11: {='Pc, Original'!G128/MAX(ABS('Pc, Original'!$D128:$AA128))} -> 0.54462493 | H11: {='Pc, Original'!H128/MAX(ABS('Pc, Original'!$D128:$AA128))} -> 0.55052821 | I11: {='Pc, Original'!I128/MAX(ABS('Pc, Original'!$D128:$AA128))} -> 0.56266046 | J11: {='Pc, Original'!J128/MAX(ABS('Pc, Original'!$D128:$AA128))} -> 0.61514854 | K11: {='Pc, Original'!K128/MAX(ABS('Pc, Original'!$D128:$AA128))} -> 0.85784089 | ... AA11: {='Pc, Original'!AA128/MAX(ABS('Pc, Original'!$D128:$AA128))} -> 0.71048869
A12: 1 | B12: Autumn | C12: 2 | D12: {='Pc, Original'!D142/MAX(ABS('Pc, Original'!$D142:$AA142))} -> 0.99225839 | E12: {='Pc, Original'!E142/MAX(ABS('Pc, Original'!$D142:$AA142))} -> 1 | F12: {='Pc, Original'!F142/MAX(ABS('Pc, Original'!$D142:$AA142))} -> 0.9556947 | G12: {='Pc, Original'!G142/MAX(ABS('Pc, Original'!$D142:$AA142))} -> 0.97238158 | H12: {='Pc, Original'!H142/MAX(ABS('Pc, Original'!$D142:$AA142))} -> 0.92810023 | I12: {='Pc, Original'!I142/MAX(ABS('Pc, Original'!$D142:$AA142))} -> 0.90976925 | J12: {='Pc, Original'!J142/MAX(ABS('Pc, Original'!$D142:$AA142))} -> 0.86244287 | K12: {='Pc, Original'!K142/MAX(ABS('Pc, Original'!$D142:$AA142))} -> 0.85260084 | ... AA12: {='Pc, Original'!AA142/MAX(ABS('Pc, Original'!$D142:$AA142))} -> 0.83657048
A13: 1 | B13: Autumn | C13: 3 | D13: {='Pc, Original'!D156/MAX(ABS('Pc, Original'!$D156:$AA156))} -> 0.98944695 | E13: {='Pc, Original'!E156/MAX(ABS('Pc, Original'!$D156:$AA156))} -> 0.99776571 | F13: {='Pc, Original'!F156/MAX(ABS('Pc, Original'!$D156:$AA156))} -> 0.95218035 | G13: {='Pc, Original'!G156/MAX(ABS('Pc, Original'!$D156:$AA156))} -> 0.99001004 | H13: {='Pc, Original'!H156/MAX(ABS('Pc, Original'!$D156:$AA156))} -> 0.94771115 | I13: {='Pc, Original'!I156/MAX(ABS('Pc, Original'!$D156:$AA156))} -> 1 | J13: {='Pc, Original'!J156/MAX(ABS('Pc, Original'!$D156:$AA156))} -> 0.9415835 | K13: {='Pc, Original'!K156/MAX(ABS('Pc, Original'!$D156:$AA156))} -> 0.96672272 | ... AA13: {='Pc, Original'!AA156/MAX(ABS('Pc, Original'!$D156:$AA156))} -> 0.89279599
A14: 2 | B14: Winter | C14: 1 | D14: {='Pc, Original'!D3/MAX(ABS('Pc, Original'!$D3:$AA3))} -> 0.55927531 | E14: {='Pc, Original'!E3/MAX(ABS('Pc, Original'!$D3:$AA3))} -> 0.5433582 | F14: {='Pc, Original'!F3/MAX(ABS('Pc, Original'!$D3:$AA3))} -> 0.52027848 | G14: {='Pc, Original'!G3/MAX(ABS('Pc, Original'!$D3:$AA3))} -> 0.51597047 | H14: {='Pc, Original'!H3/MAX(ABS('Pc, Original'!$D3:$AA3))} -> 0.52115505 | I14: {='Pc, Original'!I3/MAX(ABS('Pc, Original'!$D3:$AA3))} -> 0.55644369 | J14: {='Pc, Original'!J3/MAX(ABS('Pc, Original'!$D3:$AA3))} -> 0.67082185 | K14: {='Pc, Original'!K3/MAX(ABS('Pc, Original'!$D3:$AA3))} -> 0.78315847 | ... AA14: {='Pc, Original'!AA3/MAX(ABS('Pc, Original'!$D3:$AA3))} -> 0.64393582
A15: 2 | B15: Winter | C15: 2 | D15: {='Pc, Original'!D17/MAX(ABS('Pc, Original'!$D17:$AA17))} -> 0.57111467 | E15: {='Pc, Original'!E17/MAX(ABS('Pc, Original'!$D17:$AA17))} -> 0.51968446 | F15: {='Pc, Original'!F17/MAX(ABS('Pc, Original'!$D17:$AA17))} -> 0.51211025 | G15: {='Pc, Original'!G17/MAX(ABS('Pc, Original'!$D17:$AA17))} -> 0.45925655 | H15: {='Pc, Original'!H17/MAX(ABS('Pc, Original'!$D17:$AA17))} -> 0.4993817 | I15: {='Pc, Original'!I17/MAX(ABS('Pc, Original'!$D17:$AA17))} -> 0.53114373 | J15: {='Pc, Original'!J17/MAX(ABS('Pc, Original'!$D17:$AA17))} -> 0.57253221 | K15: {='Pc, Original'!K17/MAX(ABS('Pc, Original'!$D17:$AA17))} -> 0.68556471 | ... AA15: {='Pc, Original'!AA17/MAX(ABS('Pc, Original'!$D17:$AA17))} -> 0.62686285
A16: 2 | B16: Winter | C16: 3 | D16: {='Pc, Original'!D31/MAX(ABS('Pc, Original'!$D31:$AA31))} -> 0.62461116 | E16: {='Pc, Original'!E31/MAX(ABS('Pc, Original'!$D31:$AA31))} -> 0.57375759 | F16: {='Pc, Original'!F31/MAX(ABS('Pc, Original'!$D31:$AA31))} -> 0.5454784 | G16: {='Pc, Original'!G31/MAX(ABS('Pc, Original'!$D31:$AA31))} -> 0.52398403 | H16: {='Pc, Original'!H31/MAX(ABS('Pc, Original'!$D31:$AA31))} -> 0.53057015 | I16: {='Pc, Original'!I31/MAX(ABS('Pc, Original'!$D31:$AA31))} -> 0.57282337 | J16: {='Pc, Original'!J31/MAX(ABS('Pc, Original'!$D31:$AA31))} -> 0.6198472 | K16: {='Pc, Original'!K31/MAX(ABS('Pc, Original'!$D31:$AA31))} -> 0.73878158 | ... AA16: {='Pc, Original'!AA31/MAX(ABS('Pc, Original'!$D31:$AA31))} -> 0.67376189
A17: 2 | B17: Spring | C17: 1 | D17: {='Pc, Original'!D45/MAX(ABS('Pc, Original'!$D45:$AA45))} -> 0.59045724 | E17: {='Pc, Original'!E45/MAX(ABS('Pc, Original'!$D45:$AA45))} -> 0.54374011 | F17: {='Pc, Original'!F45/MAX(ABS('Pc, Original'!$D45:$AA45))} -> 0.50461407 | G17: {='Pc, Original'!G45/MAX(ABS('Pc, Original'!$D45:$AA45))} -> 0.49112971 | H17: {='Pc, Original'!H45/MAX(ABS('Pc, Original'!$D45:$AA45))} -> 0.51003795 | I17: {='Pc, Original'!I45/MAX(ABS('Pc, Original'!$D45:$AA45))} -> 0.4950064 | J17: {='Pc, Original'!J45/MAX(ABS('Pc, Original'!$D45:$AA45))} -> 0.5022672 | K17: {='Pc, Original'!K45/MAX(ABS('Pc, Original'!$D45:$AA45))} -> 0.66614802 | ... AA17: {='Pc, Original'!AA45/MAX(ABS('Pc, Original'!$D45:$AA45))} -> 0.69760763
A18: 2 | B18: Spring | C18: 2 | D18: {='Pc, Original'!D59/MAX(ABS('Pc, Original'!$D59:$AA59))} -> 0.74075679 | E18: {='Pc, Original'!E59/MAX(ABS('Pc, Original'!$D59:$AA59))} -> 0.6954028 | F18: {='Pc, Original'!F59/MAX(ABS('Pc, Original'!$D59:$AA59))} -> 0.66656067 | G18: {='Pc, Original'!G59/MAX(ABS('Pc, Original'!$D59:$AA59))} -> 0.63099227 | H18: {='Pc, Original'!H59/MAX(ABS('Pc, Original'!$D59:$AA59))} -> 0.60708943 | I18: {='Pc, Original'!I59/MAX(ABS('Pc, Original'!$D59:$AA59))} -> 0.53983401 | J18: {='Pc, Original'!J59/MAX(ABS('Pc, Original'!$D59:$AA59))} -> 0.51069164 | K18: {='Pc, Original'!K59/MAX(ABS('Pc, Original'!$D59:$AA59))} -> 0.68598176 | ... AA18: {='Pc, Original'!AA59/MAX(ABS('Pc, Original'!$D59:$AA59))} -> 0.64297945
A19: 2 | B19: Spring | C19: 3 | D19: {='Pc, Original'!D73/MAX(ABS('Pc, Original'!$D73:$AA73))} -> 0.56142384 | E19: {='Pc, Original'!E73/MAX(ABS('Pc, Original'!$D73:$AA73))} -> 0.5169566 | F19: {='Pc, Original'!F73/MAX(ABS('Pc, Original'!$D73:$AA73))} -> 0.47613767 | G19: {='Pc, Original'!G73/MAX(ABS('Pc, Original'!$D73:$AA73))} -> 0.46486096 | H19: {='Pc, Original'!H73/MAX(ABS('Pc, Original'!$D73:$AA73))} -> 0.45486352 | I19: {='Pc, Original'!I73/MAX(ABS('Pc, Original'!$D73:$AA73))} -> 0.4938978 | J19: {='Pc, Original'!J73/MAX(ABS('Pc, Original'!$D73:$AA73))} -> 0.49833577 | K19: {='Pc, Original'!K73/MAX(ABS('Pc, Original'!$D73:$AA73))} -> 0.68718933 | ... AA19: {='Pc, Original'!AA73/MAX(ABS('Pc, Original'!$D73:$AA73))} -> 0.66094018
A20: 2 | B20: Summer | C20: 1 | D20: {='Pc, Original'!D87/MAX(ABS('Pc, Original'!$D87:$AA87))} -> 0.70948912 | E20: {='Pc, Original'!E87/MAX(ABS('Pc, Original'!$D87:$AA87))} -> 0.66817499 | F20: {='Pc, Original'!F87/MAX(ABS('Pc, Original'!$D87:$AA87))} -> 0.64253904 | G20: {='Pc, Original'!G87/MAX(ABS('Pc, Original'!$D87:$AA87))} -> 0.5842604 | H20: {='Pc, Original'!H87/MAX(ABS('Pc, Original'!$D87:$AA87))} -> 0.56296084 | I20: {='Pc, Original'!I87/MAX(ABS('Pc, Original'!$D87:$AA87))} -> 0.59209669 | J20: {='Pc, Original'!J87/MAX(ABS('Pc, Original'!$D87:$AA87))} -> 0.62975159 | K20: {='Pc, Original'!K87/MAX(ABS('Pc, Original'!$D87:$AA87))} -> 0.84570064 | ... AA20: {='Pc, Original'!AA87/MAX(ABS('Pc, Original'!$D87:$AA87))} -> 0.7272208
A21: 2 | B21: Summer | C21: 2 | D21: {='Pc, Original'!D101/MAX(ABS('Pc, Original'!$D101:$AA101))} -> 0.79435039 | E21: {='Pc, Original'!E101/MAX(ABS('Pc, Original'!$D101:$AA101))} -> 0.73853012 | F21: {='Pc, Original'!F101/MAX(ABS('Pc, Original'!$D101:$AA101))} -> 0.70351859 | G21: {='Pc, Original'!G101/MAX(ABS('Pc, Original'!$D101:$AA101))} -> 0.64599914 | H21: {='Pc, Original'!H101/MAX(ABS('Pc, Original'!$D101:$AA101))} -> 0.63441054 | I21: {='Pc, Original'!I101/MAX(ABS('Pc, Original'!$D101:$AA101))} -> 0.61504354 | J21: {='Pc, Original'!J101/MAX(ABS('Pc, Original'!$D101:$AA101))} -> 0.65741368 | K21: {='Pc, Original'!K101/MAX(ABS('Pc, Original'!$D101:$AA101))} -> 0.7840423 | ... AA21: {='Pc, Original'!AA101/MAX(ABS('Pc, Original'!$D101:$AA101))} -> 0.7488972
A22: 2 | B22: Summer | C22: 3 | D22: {='Pc, Original'!D115/MAX(ABS('Pc, Original'!$D115:$AA115))} -> 0.64198505 | E22: {='Pc, Original'!E115/MAX(ABS('Pc, Original'!$D115:$AA115))} -> 0.5909836 | F22: {='Pc, Original'!F115/MAX(ABS('Pc, Original'!$D115:$AA115))} -> 0.5527157 | G22: {='Pc, Original'!G115/MAX(ABS('Pc, Original'!$D115:$AA115))} -> 0.53127724 | H22: {='Pc, Original'!H115/MAX(ABS('Pc, Original'!$D115:$AA115))} -> 0.52379531 | I22: {='Pc, Original'!I115/MAX(ABS('Pc, Original'!$D115:$AA115))} -> 0.51139269 | J22: {='Pc, Original'!J115/MAX(ABS('Pc, Original'!$D115:$AA115))} -> 0.56508279 | K22: {='Pc, Original'!K115/MAX(ABS('Pc, Original'!$D115:$AA115))} -> 0.72639226 | ... AA22: {='Pc, Original'!AA115/MAX(ABS('Pc, Original'!$D115:$AA115))} -> 0.71637374
A23: 2 | B23: Autumn | C23: 1 | D23: {='Pc, Original'!D129/MAX(ABS('Pc, Original'!$D129:$AA129))} -> 0.37814252 | E23: {='Pc, Original'!E129/MAX(ABS('Pc, Original'!$D129:$AA129))} -> 0.35298318 | F23: {='Pc, Original'!F129/MAX(ABS('Pc, Original'!$D129:$AA129))} -> 0.3403832 | G23: {='Pc, Original'!G129/MAX(ABS('Pc, Original'!$D129:$AA129))} -> 0.33787837 | H23: {='Pc, Original'!H129/MAX(ABS('Pc, Original'!$D129:$AA129))} -> 0.36112302 | I23: {='Pc, Original'!I129/MAX(ABS('Pc, Original'!$D129:$AA129))} -> 0.42852052 | J23: {='Pc, Original'!J129/MAX(ABS('Pc, Original'!$D129:$AA129))} -> 0.58694497 | K23: {='Pc, Original'!K129/MAX(ABS('Pc, Original'!$D129:$AA129))} -> 0.80277069 | ... AA23: {='Pc, Original'!AA129/MAX(ABS('Pc, Original'!$D129:$AA129))} -> 0.6170716
A24: 2 | B24: Autumn | C24: 2 | D24: {='Pc, Original'!D143/MAX(ABS('Pc, Original'!$D143:$AA143))} -> 0.69274472 | E24: {='Pc, Original'!E143/MAX(ABS('Pc, Original'!$D143:$AA143))} -> 0.66931797 | F24: {='Pc, Original'!F143/MAX(ABS('Pc, Original'!$D143:$AA143))} -> 0.62691554 | G24: {='Pc, Original'!G143/MAX(ABS('Pc, Original'!$D143:$AA143))} -> 0.5781999 | H24: {='Pc, Original'!H143/MAX(ABS('Pc, Original'!$D143:$AA143))} -> 0.6102901 | I24: {='Pc, Original'!I143/MAX(ABS('Pc, Original'!$D143:$AA143))} -> 0.64246898 | J24: {='Pc, Original'!J143/MAX(ABS('Pc, Original'!$D143:$AA143))} -> 0.64842012 | K24: {='Pc, Original'!K143/MAX(ABS('Pc, Original'!$D143:$AA143))} -> 0.79020247 | ... AA24: {='Pc, Original'!AA143/MAX(ABS('Pc, Original'!$D143:$AA143))} -> 0.58931816
A25: 2 | B25: Autumn | C25: 3 | D25: {='Pc, Original'!D157/MAX(ABS('Pc, Original'!$D157:$AA157))} -> 0.5393673 | E25: {='Pc, Original'!E157/MAX(ABS('Pc, Original'!$D157:$AA157))} -> 0.50124042 | F25: {='Pc, Original'!F157/MAX(ABS('Pc, Original'!$D157:$AA157))} -> 0.47500852 | G25: {='Pc, Original'!G157/MAX(ABS('Pc, Original'!$D157:$AA157))} -> 0.45202772 | H25: {='Pc, Original'!H157/MAX(ABS('Pc, Original'!$D157:$AA157))} -> 0.44941376 | I25: {='Pc, Original'!I157/MAX(ABS('Pc, Original'!$D157:$AA157))} -> 0.46766791 | J25: {='Pc, Original'!J157/MAX(ABS('Pc, Original'!$D157:$AA157))} -> 0.51078255 | K25: {='Pc, Original'!K157/MAX(ABS('Pc, Original'!$D157:$AA157))} -> 0.62706541 | ... AA25: {='Pc, Original'!AA157/MAX(ABS('Pc, Original'!$D157:$AA157))} -> 0.67005541
A26: 3 | B26: Winter | C26: 1 | D26: {='Pc, Original'!D4/MAX(ABS('Pc, Original'!$D4:$AA4))} -> 0.47152422 | E26: {='Pc, Original'!E4/MAX(ABS('Pc, Original'!$D4:$AA4))} -> 0.44334414 | F26: {='Pc, Original'!F4/MAX(ABS('Pc, Original'!$D4:$AA4))} -> 0.42901346 | G26: {='Pc, Original'!G4/MAX(ABS('Pc, Original'!$D4:$AA4))} -> 0.43798756 | H26: {='Pc, Original'!H4/MAX(ABS('Pc, Original'!$D4:$AA4))} -> 0.44210785 | I26: {='Pc, Original'!I4/MAX(ABS('Pc, Original'!$D4:$AA4))} -> 0.5054882 | J26: {='Pc, Original'!J4/MAX(ABS('Pc, Original'!$D4:$AA4))} -> 0.81636454 | K26: {='Pc, Original'!K4/MAX(ABS('Pc, Original'!$D4:$AA4))} -> 0.95715136 | ... AA26: {='Pc, Original'!AA4/MAX(ABS('Pc, Original'!$D4:$AA4))} -> 0.53940865
A27: 3 | B27: Winter | C27: 2 | D27: {='Pc, Original'!D18/MAX(ABS('Pc, Original'!$D18:$AA18))} -> 0.64217374 | E27: {='Pc, Original'!E18/MAX(ABS('Pc, Original'!$D18:$AA18))} -> 0.60413996 | F27: {='Pc, Original'!F18/MAX(ABS('Pc, Original'!$D18:$AA18))} -> 0.57571979 | G27: {='Pc, Original'!G18/MAX(ABS('Pc, Original'!$D18:$AA18))} -> 0.58016086 | H27: {='Pc, Original'!H18/MAX(ABS('Pc, Original'!$D18:$AA18))} -> 0.58592591 | I27: {='Pc, Original'!I18/MAX(ABS('Pc, Original'!$D18:$AA18))} -> 0.6272762 | J27: {='Pc, Original'!J18/MAX(ABS('Pc, Original'!$D18:$AA18))} -> 0.79828689 | K27: {='Pc, Original'!K18/MAX(ABS('Pc, Original'!$D18:$AA18))} -> 0.84032892 | ... AA27: {='Pc, Original'!AA18/MAX(ABS('Pc, Original'!$D18:$AA18))} -> 0.66113973
A28: 3 | B28: Winter | C28: 3 | D28: {='Pc, Original'!D32/MAX(ABS('Pc, Original'!$D32:$AA32))} -> 0.67621717 | E28: {='Pc, Original'!E32/MAX(ABS('Pc, Original'!$D32:$AA32))} -> 0.63815133 | F28: {='Pc, Original'!F32/MAX(ABS('Pc, Original'!$D32:$AA32))} -> 0.61181784 | G28: {='Pc, Original'!G32/MAX(ABS('Pc, Original'!$D32:$AA32))} -> 0.60255841 | H28: {='Pc, Original'!H32/MAX(ABS('Pc, Original'!$D32:$AA32))} -> 0.59764612 | I28: {='Pc, Original'!I32/MAX(ABS('Pc, Original'!$D32:$AA32))} -> 0.61568585 | J28: {='Pc, Original'!J32/MAX(ABS('Pc, Original'!$D32:$AA32))} -> 0.67971242 | K28: {='Pc, Original'!K32/MAX(ABS('Pc, Original'!$D32:$AA32))} -> 0.7283396 | ... AA28: {='Pc, Original'!AA32/MAX(ABS('Pc, Original'!$D32:$AA32))} -> 0.70618607
A29: 3 | B29: Spring | C29: 1 | D29: {='Pc, Original'!D46/MAX(ABS('Pc, Original'!$D46:$AA46))} -> 0.62253365 | E29: {='Pc, Original'!E46/MAX(ABS('Pc, Original'!$D46:$AA46))} -> 0.56826289 | F29: {='Pc, Original'!F46/MAX(ABS('Pc, Original'!$D46:$AA46))} -> 0.53645735 | G29: {='Pc, Original'!G46/MAX(ABS('Pc, Original'!$D46:$AA46))} -> 0.54479693 | H29: {='Pc, Original'!H46/MAX(ABS('Pc, Original'!$D46:$AA46))} -> 0.55343949 | I29: {='Pc, Original'!I46/MAX(ABS('Pc, Original'!$D46:$AA46))} -> 0.57000002 | J29: {='Pc, Original'!J46/MAX(ABS('Pc, Original'!$D46:$AA46))} -> 0.68892618 | K29: {='Pc, Original'!K46/MAX(ABS('Pc, Original'!$D46:$AA46))} -> 0.88171446 | ... AA29: {='Pc, Original'!AA46/MAX(ABS('Pc, Original'!$D46:$AA46))} -> 0.69650294
A30: 3 | B30: Spring | C30: 2 | D30: {='Pc, Original'!D60/MAX(ABS('Pc, Original'!$D60:$AA60))} -> 0.8336549 | E30: {='Pc, Original'!E60/MAX(ABS('Pc, Original'!$D60:$AA60))} -> 0.77695974 | F30: {='Pc, Original'!F60/MAX(ABS('Pc, Original'!$D60:$AA60))} -> 0.71779592 | G30: {='Pc, Original'!G60/MAX(ABS('Pc, Original'!$D60:$AA60))} -> 0.72445174 | H30: {='Pc, Original'!H60/MAX(ABS('Pc, Original'!$D60:$AA60))} -> 0.71442219 | I30: {='Pc, Original'!I60/MAX(ABS('Pc, Original'!$D60:$AA60))} -> 0.71851552 | J30: {='Pc, Original'!J60/MAX(ABS('Pc, Original'!$D60:$AA60))} -> 0.77791948 | K30: {='Pc, Original'!K60/MAX(ABS('Pc, Original'!$D60:$AA60))} -> 0.86193687 | ... AA30: {='Pc, Original'!AA60/MAX(ABS('Pc, Original'!$D60:$AA60))} -> 0.80473579
A31: 3 | B31: Spring | C31: 3 | D31: {='Pc, Original'!D74/MAX(ABS('Pc, Original'!$D74:$AA74))} -> 0.70333773 | E31: {='Pc, Original'!E74/MAX(ABS('Pc, Original'!$D74:$AA74))} -> 0.66040606 | F31: {='Pc, Original'!F74/MAX(ABS('Pc, Original'!$D74:$AA74))} -> 0.63864254 | G31: {='Pc, Original'!G74/MAX(ABS('Pc, Original'!$D74:$AA74))} -> 0.61500819 | H31: {='Pc, Original'!H74/MAX(ABS('Pc, Original'!$D74:$AA74))} -> 0.61609738 | I31: {='Pc, Original'!I74/MAX(ABS('Pc, Original'!$D74:$AA74))} -> 0.62154068 | J31: {='Pc, Original'!J74/MAX(ABS('Pc, Original'!$D74:$AA74))} -> 0.64164656 | K31: {='Pc, Original'!K74/MAX(ABS('Pc, Original'!$D74:$AA74))} -> 0.70983277 | ... AA31: {='Pc, Original'!AA74/MAX(ABS('Pc, Original'!$D74:$AA74))} -> 0.74585068
A32: 3 | B32: Summer | C32: 1 | D32: {='Pc, Original'!D88/MAX(ABS('Pc, Original'!$D88:$AA88))} -> 0.56457199 | E32: {='Pc, Original'!E88/MAX(ABS('Pc, Original'!$D88:$AA88))} -> 0.53053638 | F32: {='Pc, Original'!F88/MAX(ABS('Pc, Original'!$D88:$AA88))} -> 0.48851003 | G32: {='Pc, Original'!G88/MAX(ABS('Pc, Original'!$D88:$AA88))} -> 0.50893146 | H32: {='Pc, Original'!H88/MAX(ABS('Pc, Original'!$D88:$AA88))} -> 0.49926151 | I32: {='Pc, Original'!I88/MAX(ABS('Pc, Original'!$D88:$AA88))} -> 0.50963047 | J32: {='Pc, Original'!J88/MAX(ABS('Pc, Original'!$D88:$AA88))} -> 0.72205461 | K32: {='Pc, Original'!K88/MAX(ABS('Pc, Original'!$D88:$AA88))} -> 0.92438846 | ... AA32: {='Pc, Original'!AA88/MAX(ABS('Pc, Original'!$D88:$AA88))} -> 0.60213639
A33: 3 | B33: Summer | C33: 2 | D33: {='Pc, Original'!D102/MAX(ABS('Pc, Original'!$D102:$AA102))} -> 0.72999595 | E33: {='Pc, Original'!E102/MAX(ABS('Pc, Original'!$D102:$AA102))} -> 0.68378894 | F33: {='Pc, Original'!F102/MAX(ABS('Pc, Original'!$D102:$AA102))} -> 0.6405757 | G33: {='Pc, Original'!G102/MAX(ABS('Pc, Original'!$D102:$AA102))} -> 0.6352821 | H33: {='Pc, Original'!H102/MAX(ABS('Pc, Original'!$D102:$AA102))} -> 0.63780271 | I33: {='Pc, Original'!I102/MAX(ABS('Pc, Original'!$D102:$AA102))} -> 0.63069686 | J33: {='Pc, Original'!J102/MAX(ABS('Pc, Original'!$D102:$AA102))} -> 0.69818569 | K33: {='Pc, Original'!K102/MAX(ABS('Pc, Original'!$D102:$AA102))} -> 0.80540876 | ... AA33: {='Pc, Original'!AA102/MAX(ABS('Pc, Original'!$D102:$AA102))} -> 0.71937498
A34: 3 | B34: Summer | C34: 3 | D34: {='Pc, Original'!D116/MAX(ABS('Pc, Original'!$D116:$AA116))} -> 0.7805957 | E34: {='Pc, Original'!E116/MAX(ABS('Pc, Original'!$D116:$AA116))} -> 0.72516843 | F34: {='Pc, Original'!F116/MAX(ABS('Pc, Original'!$D116:$AA116))} -> 0.70745584 | G34: {='Pc, Original'!G116/MAX(ABS('Pc, Original'!$D116:$AA116))} -> 0.66757087 | H34: {='Pc, Original'!H116/MAX(ABS('Pc, Original'!$D116:$AA116))} -> 0.62506422 | I34: {='Pc, Original'!I116/MAX(ABS('Pc, Original'!$D116:$AA116))} -> 0.6142601 | J34: {='Pc, Original'!J116/MAX(ABS('Pc, Original'!$D116:$AA116))} -> 0.63550224 | K34: {='Pc, Original'!K116/MAX(ABS('Pc, Original'!$D116:$AA116))} -> 0.74606257 | ... AA34: {='Pc, Original'!AA116/MAX(ABS('Pc, Original'!$D116:$AA116))} -> 0.76588379
A35: 3 | B35: Autumn | C35: 1 | D35: {='Pc, Original'!D130/MAX(ABS('Pc, Original'!$D130:$AA130))} -> 0.46851263 | E35: {='Pc, Original'!E130/MAX(ABS('Pc, Original'!$D130:$AA130))} -> 0.44600621 | F35: {='Pc, Original'!F130/MAX(ABS('Pc, Original'!$D130:$AA130))} -> 0.44626081 | G35: {='Pc, Original'!G130/MAX(ABS('Pc, Original'!$D130:$AA130))} -> 0.43880846 | H35: {='Pc, Original'!H130/MAX(ABS('Pc, Original'!$D130:$AA130))} -> 0.4751299 | I35: {='Pc, Original'!I130/MAX(ABS('Pc, Original'!$D130:$AA130))} -> 0.5187313 | J35: {='Pc, Original'!J130/MAX(ABS('Pc, Original'!$D130:$AA130))} -> 0.78091952 | K35: {='Pc, Original'!K130/MAX(ABS('Pc, Original'!$D130:$AA130))} -> 1 | ... AA35: {='Pc, Original'!AA130/MAX(ABS('Pc, Original'!$D130:$AA130))} -> 0.56528004
A36: 3 | B36: Autumn | C36: 2 | D36: {='Pc, Original'!D144/MAX(ABS('Pc, Original'!$D144:$AA144))} -> 0.73891579 | E36: {='Pc, Original'!E144/MAX(ABS('Pc, Original'!$D144:$AA144))} -> 0.69571152 | F36: {='Pc, Original'!F144/MAX(ABS('Pc, Original'!$D144:$AA144))} -> 0.62771872 | G36: {='Pc, Original'!G144/MAX(ABS('Pc, Original'!$D144:$AA144))} -> 0.63460628 | H36: {='Pc, Original'!H144/MAX(ABS('Pc, Original'!$D144:$AA144))} -> 0.62926645 | I36: {='Pc, Original'!I144/MAX(ABS('Pc, Original'!$D144:$AA144))} -> 0.6403357 | J36: {='Pc, Original'!J144/MAX(ABS('Pc, Original'!$D144:$AA144))} -> 0.73207469 | K36: {='Pc, Original'!K144/MAX(ABS('Pc, Original'!$D144:$AA144))} -> 0.83909366 | ... AA36: {='Pc, Original'!AA144/MAX(ABS('Pc, Original'!$D144:$AA144))} -> 0.70923368
A37: 3 | B37: Autumn | C37: 3 | D37: {='Pc, Original'!D158/MAX(ABS('Pc, Original'!$D158:$AA158))} -> 0.69532592 | E37: {='Pc, Original'!E158/MAX(ABS('Pc, Original'!$D158:$AA158))} -> 0.66124418 | F37: {='Pc, Original'!F158/MAX(ABS('Pc, Original'!$D158:$AA158))} -> 0.63227237 | G37: {='Pc, Original'!G158/MAX(ABS('Pc, Original'!$D158:$AA158))} -> 0.62554261 | H37: {='Pc, Original'!H158/MAX(ABS('Pc, Original'!$D158:$AA158))} -> 0.6149725 | I37: {='Pc, Original'!I158/MAX(ABS('Pc, Original'!$D158:$AA158))} -> 0.61811608 | J37: {='Pc, Original'!J158/MAX(ABS('Pc, Original'!$D158:$AA158))} -> 0.64820327 | K37: {='Pc, Original'!K158/MAX(ABS('Pc, Original'!$D158:$AA158))} -> 0.69959456 | ... AA37: {='Pc, Original'!AA158/MAX(ABS('Pc, Original'!$D158:$AA158))} -> 0.73849477
A38: 4 | B38: Winter | C38: 1 | D38: {='Pc, Original'!D5/MAX(ABS('Pc, Original'!$D5:$AA5))} -> 0.19849683 | E38: {='Pc, Original'!E5/MAX(ABS('Pc, Original'!$D5:$AA5))} -> 0.12896367 | F38: {='Pc, Original'!F5/MAX(ABS('Pc, Original'!$D5:$AA5))} -> 0.12902459 | G38: {='Pc, Original'!G5/MAX(ABS('Pc, Original'!$D5:$AA5))} -> 0.11494221 | H38: {='Pc, Original'!H5/MAX(ABS('Pc, Original'!$D5:$AA5))} -> 0.12105706 | I38: {='Pc, Original'!I5/MAX(ABS('Pc, Original'!$D5:$AA5))} -> 0.24701545 | J38: {='Pc, Original'!J5/MAX(ABS('Pc, Original'!$D5:$AA5))} -> 0.49532251 | K38: {='Pc, Original'!K5/MAX(ABS('Pc, Original'!$D5:$AA5))} -> 0.61657518 | ... AA38: {='Pc, Original'!AA5/MAX(ABS('Pc, Original'!$D5:$AA5))} -> 0.38095001
A39: 4 | B39: Winter | C39: 2 | D39: {='Pc, Original'!D19/MAX(ABS('Pc, Original'!$D19:$AA19))} -> 0.25468023 | E39: {='Pc, Original'!E19/MAX(ABS('Pc, Original'!$D19:$AA19))} -> 0.17359671 | F39: {='Pc, Original'!F19/MAX(ABS('Pc, Original'!$D19:$AA19))} -> 0.14984456 | G39: {='Pc, Original'!G19/MAX(ABS('Pc, Original'!$D19:$AA19))} -> 0.13969224 | H39: {='Pc, Original'!H19/MAX(ABS('Pc, Original'!$D19:$AA19))} -> 0.13869952 | I39: {='Pc, Original'!I19/MAX(ABS('Pc, Original'!$D19:$AA19))} -> 0.2226528 | J39: {='Pc, Original'!J19/MAX(ABS('Pc, Original'!$D19:$AA19))} -> 0.40766069 | K39: {='Pc, Original'!K19/MAX(ABS('Pc, Original'!$D19:$AA19))} -> 0.51112471 | ... AA39: {='Pc, Original'!AA19/MAX(ABS('Pc, Original'!$D19:$AA19))} -> 0.41071089
A40: 4 | B40: Winter | C40: 3 | D40: {='Pc, Original'!D33/MAX(ABS('Pc, Original'!$D33:$AA33))} -> 0.40266183 | E40: {='Pc, Original'!E33/MAX(ABS('Pc, Original'!$D33:$AA33))} -> 0.26334861 | F40: {='Pc, Original'!F33/MAX(ABS('Pc, Original'!$D33:$AA33))} -> 0.25000784 | G40: {='Pc, Original'!G33/MAX(ABS('Pc, Original'!$D33:$AA33))} -> 0.21907582 | H40: {='Pc, Original'!H33/MAX(ABS('Pc, Original'!$D33:$AA33))} -> 0.086796434 | I40: {='Pc, Original'!I33/MAX(ABS('Pc, Original'!$D33:$AA33))} -> 0.17858954 | J40: {='Pc, Original'!J33/MAX(ABS('Pc, Original'!$D33:$AA33))} -> 0.33519326 | K40: {='Pc, Original'!K33/MAX(ABS('Pc, Original'!$D33:$AA33))} -> 0.45492153 | ... AA40: {='Pc, Original'!AA33/MAX(ABS('Pc, Original'!$D33:$AA33))} -> 0.3465528
A41: 4 | B41: Spring | C41: 1 | D41: {='Pc, Original'!D47/MAX(ABS('Pc, Original'!$D47:$AA47))} -> 0.27772913 | E41: {='Pc, Original'!E47/MAX(ABS('Pc, Original'!$D47:$AA47))} -> 0.18729359 | F41: {='Pc, Original'!F47/MAX(ABS('Pc, Original'!$D47:$AA47))} -> 0.1297279 | G41: {='Pc, Original'!G47/MAX(ABS('Pc, Original'!$D47:$AA47))} -> 0.1228024 | H41: {='Pc, Original'!H47/MAX(ABS('Pc, Original'!$D47:$AA47))} -> 0.15107075 | I41: {='Pc, Original'!I47/MAX(ABS('Pc, Original'!$D47:$AA47))} -> 0.16370772 | J41: {='Pc, Original'!J47/MAX(ABS('Pc, Original'!$D47:$AA47))} -> 0.2383963 | K41: {='Pc, Original'!K47/MAX(ABS('Pc, Original'!$D47:$AA47))} -> 0.55207675 | ... AA41: {='Pc, Original'!AA47/MAX(ABS('Pc, Original'!$D47:$AA47))} -> 0.45849629
A42: 4 | B42: Spring | C42: 2 | D42: {='Pc, Original'!D61/MAX(ABS('Pc, Original'!$D61:$AA61))} -> 0.29614634 | E42: {='Pc, Original'!E61/MAX(ABS('Pc, Original'!$D61:$AA61))} -> 0.19948334 | F42: {='Pc, Original'!F61/MAX(ABS('Pc, Original'!$D61:$AA61))} -> 0.13705266 | G42: {='Pc, Original'!G61/MAX(ABS('Pc, Original'!$D61:$AA61))} -> 0.15495546 | H42: {='Pc, Original'!H61/MAX(ABS('Pc, Original'!$D61:$AA61))} -> 0.16940676 | I42: {='Pc, Original'!I61/MAX(ABS('Pc, Original'!$D61:$AA61))} -> 0.17038108 | J42: {='Pc, Original'!J61/MAX(ABS('Pc, Original'!$D61:$AA61))} -> 0.21864212 | K42: {='Pc, Original'!K61/MAX(ABS('Pc, Original'!$D61:$AA61))} -> 0.53188735 | ... AA42: {='Pc, Original'!AA61/MAX(ABS('Pc, Original'!$D61:$AA61))} -> 0.47014932
A43: 4 | B43: Spring | C43: 3 | D43: {='Pc, Original'!D75/MAX(ABS('Pc, Original'!$D75:$AA75))} -> 0.31413186 | E43: {='Pc, Original'!E75/MAX(ABS('Pc, Original'!$D75:$AA75))} -> 0.22646179 | F43: {='Pc, Original'!F75/MAX(ABS('Pc, Original'!$D75:$AA75))} -> 0.15122808 | G43: {='Pc, Original'!G75/MAX(ABS('Pc, Original'!$D75:$AA75))} -> 0.15352915 | H43: {='Pc, Original'!H75/MAX(ABS('Pc, Original'!$D75:$AA75))} -> 0.16257043 | I43: {='Pc, Original'!I75/MAX(ABS('Pc, Original'!$D75:$AA75))} -> 0.17139774 | J43: {='Pc, Original'!J75/MAX(ABS('Pc, Original'!$D75:$AA75))} -> 0.19609423 | K43: {='Pc, Original'!K75/MAX(ABS('Pc, Original'!$D75:$AA75))} -> 0.47684701 | ... AA43: {='Pc, Original'!AA75/MAX(ABS('Pc, Original'!$D75:$AA75))} -> 0.43667116
A44: 4 | B44: Summer | C44: 1 | D44: {='Pc, Original'!D89/MAX(ABS('Pc, Original'!$D89:$AA89))} -> 0.3416922 | E44: {='Pc, Original'!E89/MAX(ABS('Pc, Original'!$D89:$AA89))} -> 0.26774406 | F44: {='Pc, Original'!F89/MAX(ABS('Pc, Original'!$D89:$AA89))} -> 0.20674277 | G44: {='Pc, Original'!G89/MAX(ABS('Pc, Original'!$D89:$AA89))} -> 0.20694194 | H44: {='Pc, Original'!H89/MAX(ABS('Pc, Original'!$D89:$AA89))} -> 0.1921254 | I44: {='Pc, Original'!I89/MAX(ABS('Pc, Original'!$D89:$AA89))} -> 0.18086003 | J44: {='Pc, Original'!J89/MAX(ABS('Pc, Original'!$D89:$AA89))} -> 0.40874234 | K44: {='Pc, Original'!K89/MAX(ABS('Pc, Original'!$D89:$AA89))} -> 0.73623566 | ... AA44: {='Pc, Original'!AA89/MAX(ABS('Pc, Original'!$D89:$AA89))} -> 0.50934138
A45: 4 | B45: Summer | C45: 2 | D45: {='Pc, Original'!D103/MAX(ABS('Pc, Original'!$D103:$AA103))} -> 0.3514371 | E45: {='Pc, Original'!E103/MAX(ABS('Pc, Original'!$D103:$AA103))} -> 0.2680022 | F45: {='Pc, Original'!F103/MAX(ABS('Pc, Original'!$D103:$AA103))} -> 0.19518497 | G45: {='Pc, Original'!G103/MAX(ABS('Pc, Original'!$D103:$AA103))} -> 0.24189602 | H45: {='Pc, Original'!H103/MAX(ABS('Pc, Original'!$D103:$AA103))} -> 0.20060619 | I45: {='Pc, Original'!I103/MAX(ABS('Pc, Original'!$D103:$AA103))} -> 0.18098333 | J45: {='Pc, Original'!J103/MAX(ABS('Pc, Original'!$D103:$AA103))} -> 0.3392983 | K45: {='Pc, Original'!K103/MAX(ABS('Pc, Original'!$D103:$AA103))} -> 0.68337057 | ... AA45: {='Pc, Original'!AA103/MAX(ABS('Pc, Original'!$D103:$AA103))} -> 0.57218382
A46: 4 | B46: Summer | C46: 3 | D46: {='Pc, Original'!D117/MAX(ABS('Pc, Original'!$D117:$AA117))} -> 0.32225713 | E46: {='Pc, Original'!E117/MAX(ABS('Pc, Original'!$D117:$AA117))} -> 0.24026438 | F46: {='Pc, Original'!F117/MAX(ABS('Pc, Original'!$D117:$AA117))} -> 0.17157816 | G46: {='Pc, Original'!G117/MAX(ABS('Pc, Original'!$D117:$AA117))} -> 0.4123222 | H46: {='Pc, Original'!H117/MAX(ABS('Pc, Original'!$D117:$AA117))} -> 0.27374221 | I46: {='Pc, Original'!I117/MAX(ABS('Pc, Original'!$D117:$AA117))} -> 0.073465117 | J46: {='Pc, Original'!J117/MAX(ABS('Pc, Original'!$D117:$AA117))} -> 0.22760172 | K46: {='Pc, Original'!K117/MAX(ABS('Pc, Original'!$D117:$AA117))} -> 0.51411268 | ... AA46: {='Pc, Original'!AA117/MAX(ABS('Pc, Original'!$D117:$AA117))} -> 0.45740932
A47: 4 | B47: Autumn | C47: 1 | D47: {='Pc, Original'!D131/MAX(ABS('Pc, Original'!$D131:$AA131))} -> 0.083403184 | E47: {='Pc, Original'!E131/MAX(ABS('Pc, Original'!$D131:$AA131))} -> 0.084539745 | F47: {='Pc, Original'!F131/MAX(ABS('Pc, Original'!$D131:$AA131))} -> 0.021289454 | G47: {='Pc, Original'!G131/MAX(ABS('Pc, Original'!$D131:$AA131))} -> -0.029372065 | H47: {='Pc, Original'!H131/MAX(ABS('Pc, Original'!$D131:$AA131))} -> -0.01685302 | I47: {='Pc, Original'!I131/MAX(ABS('Pc, Original'!$D131:$AA131))} -> 0.17264523 | J47: {='Pc, Original'!J131/MAX(ABS('Pc, Original'!$D131:$AA131))} -> 0.40691099 | K47: {='Pc, Original'!K131/MAX(ABS('Pc, Original'!$D131:$AA131))} -> 0.65013677 | ... AA47: {='Pc, Original'!AA131/MAX(ABS('Pc, Original'!$D131:$AA131))} -> 0.22437203
A48: 4 | B48: Autumn | C48: 2 | D48: {='Pc, Original'!D145/MAX(ABS('Pc, Original'!$D145:$AA145))} -> 0.25965932 | E48: {='Pc, Original'!E145/MAX(ABS('Pc, Original'!$D145:$AA145))} -> 0.13514635 | F48: {='Pc, Original'!F145/MAX(ABS('Pc, Original'!$D145:$AA145))} -> 0.17582151 | G48: {='Pc, Original'!G145/MAX(ABS('Pc, Original'!$D145:$AA145))} -> 0.15909135 | H48: {='Pc, Original'!H145/MAX(ABS('Pc, Original'!$D145:$AA145))} -> 0.1492662 | I48: {='Pc, Original'!I145/MAX(ABS('Pc, Original'!$D145:$AA145))} -> 0.21430152 | J48: {='Pc, Original'!J145/MAX(ABS('Pc, Original'!$D145:$AA145))} -> 0.41886438 | K48: {='Pc, Original'!K145/MAX(ABS('Pc, Original'!$D145:$AA145))} -> 0.58060778 | ... AA48: {='Pc, Original'!AA145/MAX(ABS('Pc, Original'!$D145:$AA145))} -> 0.40859816
A49: 4 | B49: Autumn | C49: 3 | D49: {='Pc, Original'!D159/MAX(ABS('Pc, Original'!$D159:$AA159))} -> 0.33888884 | E49: {='Pc, Original'!E159/MAX(ABS('Pc, Original'!$D159:$AA159))} -> 0.21723777 | F49: {='Pc, Original'!F159/MAX(ABS('Pc, Original'!$D159:$AA159))} -> 0.20777884 | G49: {='Pc, Original'!G159/MAX(ABS('Pc, Original'!$D159:$AA159))} -> 0.18995915 | H49: {='Pc, Original'!H159/MAX(ABS('Pc, Original'!$D159:$AA159))} -> 0.17575122 | I49: {='Pc, Original'!I159/MAX(ABS('Pc, Original'!$D159:$AA159))} -> 0.19617845 | J49: {='Pc, Original'!J159/MAX(ABS('Pc, Original'!$D159:$AA159))} -> 0.28682263 | K49: {='Pc, Original'!K159/MAX(ABS('Pc, Original'!$D159:$AA159))} -> 0.37363476 | ... AA49: {='Pc, Original'!AA159/MAX(ABS('Pc, Original'!$D159:$AA159))} -> 0.49119674
A50: 5 | B50: Winter | C50: 1 | D50: {='Pc, Original'!D6/MAX(ABS('Pc, Original'!$D6:$AA6))} -> 0.56521296 | E50: {='Pc, Original'!E6/MAX(ABS('Pc, Original'!$D6:$AA6))} -> 0.51409752 | F50: {='Pc, Original'!F6/MAX(ABS('Pc, Original'!$D6:$AA6))} -> 0.47111729 | G50: {='Pc, Original'!G6/MAX(ABS('Pc, Original'!$D6:$AA6))} -> 0.47728575 | H50: {='Pc, Original'!H6/MAX(ABS('Pc, Original'!$D6:$AA6))} -> 0.48792843 | I50: {='Pc, Original'!I6/MAX(ABS('Pc, Original'!$D6:$AA6))} -> 0.5497131 | J50: {='Pc, Original'!J6/MAX(ABS('Pc, Original'!$D6:$AA6))} -> 0.71059234 | K50: {='Pc, Original'!K6/MAX(ABS('Pc, Original'!$D6:$AA6))} -> 0.7870152 | ... AA50: {='Pc, Original'!AA6/MAX(ABS('Pc, Original'!$D6:$AA6))} -> 0.72016194
A51: 5 | B51: Winter | C51: 2 | D51: {='Pc, Original'!D20/MAX(ABS('Pc, Original'!$D20:$AA20))} -> 0.59334724 | E51: {='Pc, Original'!E20/MAX(ABS('Pc, Original'!$D20:$AA20))} -> 0.52563799 | F51: {='Pc, Original'!F20/MAX(ABS('Pc, Original'!$D20:$AA20))} -> 0.48713009 | G51: {='Pc, Original'!G20/MAX(ABS('Pc, Original'!$D20:$AA20))} -> 0.48533712 | H51: {='Pc, Original'!H20/MAX(ABS('Pc, Original'!$D20:$AA20))} -> 0.49314391 | I51: {='Pc, Original'!I20/MAX(ABS('Pc, Original'!$D20:$AA20))} -> 0.52798895 | J51: {='Pc, Original'!J20/MAX(ABS('Pc, Original'!$D20:$AA20))} -> 0.60624752 | K51: {='Pc, Original'!K20/MAX(ABS('Pc, Original'!$D20:$AA20))} -> 0.6649256 | ... AA51: {='Pc, Original'!AA20/MAX(ABS('Pc, Original'!$D20:$AA20))} -> 0.70631343
A52: 5 | B52: Winter | C52: 3 | D52: {='Pc, Original'!D34/MAX(ABS('Pc, Original'!$D34:$AA34))} -> 0.56956334 | E52: {='Pc, Original'!E34/MAX(ABS('Pc, Original'!$D34:$AA34))} -> 0.51690983 | F52: {='Pc, Original'!F34/MAX(ABS('Pc, Original'!$D34:$AA34))} -> 0.46945273 | G52: {='Pc, Original'!G34/MAX(ABS('Pc, Original'!$D34:$AA34))} -> 0.45417793 | H52: {='Pc, Original'!H34/MAX(ABS('Pc, Original'!$D34:$AA34))} -> 0.4609584 | I52: {='Pc, Original'!I34/MAX(ABS('Pc, Original'!$D34:$AA34))} -> 0.48080795 | J52: {='Pc, Original'!J34/MAX(ABS('Pc, Original'!$D34:$AA34))} -> 0.52677063 | K52: {='Pc, Original'!K34/MAX(ABS('Pc, Original'!$D34:$AA34))} -> 0.56949425 | ... AA52: {='Pc, Original'!AA34/MAX(ABS('Pc, Original'!$D34:$AA34))} -> 0.60748185
A53: 5 | B53: Spring | C53: 1 | D53: {='Pc, Original'!D48/MAX(ABS('Pc, Original'!$D48:$AA48))} -> 0.60321279 | E53: {='Pc, Original'!E48/MAX(ABS('Pc, Original'!$D48:$AA48))} -> 0.53117105 | F53: {='Pc, Original'!F48/MAX(ABS('Pc, Original'!$D48:$AA48))} -> 0.48074197 | G53: {='Pc, Original'!G48/MAX(ABS('Pc, Original'!$D48:$AA48))} -> 0.47682086 | H53: {='Pc, Original'!H48/MAX(ABS('Pc, Original'!$D48:$AA48))} -> 0.4813184 | I53: {='Pc, Original'!I48/MAX(ABS('Pc, Original'!$D48:$AA48))} -> 0.51860408 | J53: {='Pc, Original'!J48/MAX(ABS('Pc, Original'!$D48:$AA48))} -> 0.57549265 | K53: {='Pc, Original'!K48/MAX(ABS('Pc, Original'!$D48:$AA48))} -> 0.69247445 | ... AA53: {='Pc, Original'!AA48/MAX(ABS('Pc, Original'!$D48:$AA48))} -> 0.73329014
A54: 5 | B54: Spring | C54: 2 | D54: {='Pc, Original'!D62/MAX(ABS('Pc, Original'!$D62:$AA62))} -> 0.59795482 | E54: {='Pc, Original'!E62/MAX(ABS('Pc, Original'!$D62:$AA62))} -> 0.53446706 | F54: {='Pc, Original'!F62/MAX(ABS('Pc, Original'!$D62:$AA62))} -> 0.50209657 | G54: {='Pc, Original'!G62/MAX(ABS('Pc, Original'!$D62:$AA62))} -> 0.48889662 | H54: {='Pc, Original'!H62/MAX(ABS('Pc, Original'!$D62:$AA62))} -> 0.48601829 | I54: {='Pc, Original'!I62/MAX(ABS('Pc, Original'!$D62:$AA62))} -> 0.51013562 | J54: {='Pc, Original'!J62/MAX(ABS('Pc, Original'!$D62:$AA62))} -> 0.53706917 | K54: {='Pc, Original'!K62/MAX(ABS('Pc, Original'!$D62:$AA62))} -> 0.64941189 | ... AA54: {='Pc, Original'!AA62/MAX(ABS('Pc, Original'!$D62:$AA62))} -> 0.74899818
A55: 5 | B55: Spring | C55: 3 | D55: {='Pc, Original'!D76/MAX(ABS('Pc, Original'!$D76:$AA76))} -> 0.53472353 | E55: {='Pc, Original'!E76/MAX(ABS('Pc, Original'!$D76:$AA76))} -> 0.47617912 | F55: {='Pc, Original'!F76/MAX(ABS('Pc, Original'!$D76:$AA76))} -> 0.44855077 | G55: {='Pc, Original'!G76/MAX(ABS('Pc, Original'!$D76:$AA76))} -> 0.43853418 | H55: {='Pc, Original'!H76/MAX(ABS('Pc, Original'!$D76:$AA76))} -> 0.42414925 | I55: {='Pc, Original'!I76/MAX(ABS('Pc, Original'!$D76:$AA76))} -> 0.45141644 | J55: {='Pc, Original'!J76/MAX(ABS('Pc, Original'!$D76:$AA76))} -> 0.43724289 | K55: {='Pc, Original'!K76/MAX(ABS('Pc, Original'!$D76:$AA76))} -> 0.52938342 | ... AA55: {='Pc, Original'!AA76/MAX(ABS('Pc, Original'!$D76:$AA76))} -> 0.66967701
A56: 5 | B56: Summer | C56: 1 | D56: {='Pc, Original'!D90/MAX(ABS('Pc, Original'!$D90:$AA90))} -> 0.67250496 | E56: {='Pc, Original'!E90/MAX(ABS('Pc, Original'!$D90:$AA90))} -> 0.60419337 | F56: {='Pc, Original'!F90/MAX(ABS('Pc, Original'!$D90:$AA90))} -> 0.55905184 | G56: {='Pc, Original'!G90/MAX(ABS('Pc, Original'!$D90:$AA90))} -> 0.54572863 | H56: {='Pc, Original'!H90/MAX(ABS('Pc, Original'!$D90:$AA90))} -> 0.57147217 | I56: {='Pc, Original'!I90/MAX(ABS('Pc, Original'!$D90:$AA90))} -> 0.57323507 | J56: {='Pc, Original'!J90/MAX(ABS('Pc, Original'!$D90:$AA90))} -> 0.63468632 | K56: {='Pc, Original'!K90/MAX(ABS('Pc, Original'!$D90:$AA90))} -> 0.73922319 | ... AA56: {='Pc, Original'!AA90/MAX(ABS('Pc, Original'!$D90:$AA90))} -> 0.79312661
A57: 5 | B57: Summer | C57: 2 | D57: {='Pc, Original'!D104/MAX(ABS('Pc, Original'!$D104:$AA104))} -> 0.6575364 | E57: {='Pc, Original'!E104/MAX(ABS('Pc, Original'!$D104:$AA104))} -> 0.60946574 | F57: {='Pc, Original'!F104/MAX(ABS('Pc, Original'!$D104:$AA104))} -> 0.55520945 | G57: {='Pc, Original'!G104/MAX(ABS('Pc, Original'!$D104:$AA104))} -> 0.53587628 | H57: {='Pc, Original'!H104/MAX(ABS('Pc, Original'!$D104:$AA104))} -> 0.53486946 | I57: {='Pc, Original'!I104/MAX(ABS('Pc, Original'!$D104:$AA104))} -> 0.52449957 | J57: {='Pc, Original'!J104/MAX(ABS('Pc, Original'!$D104:$AA104))} -> 0.55200042 | K57: {='Pc, Original'!K104/MAX(ABS('Pc, Original'!$D104:$AA104))} -> 0.65241141 | ... AA57: {='Pc, Original'!AA104/MAX(ABS('Pc, Original'!$D104:$AA104))} -> 0.78573454
A58: 5 | B58: Summer | C58: 3 | D58: {='Pc, Original'!D118/MAX(ABS('Pc, Original'!$D118:$AA118))} -> 0.60526641 | E58: {='Pc, Original'!E118/MAX(ABS('Pc, Original'!$D118:$AA118))} -> 0.54080704 | F58: {='Pc, Original'!F118/MAX(ABS('Pc, Original'!$D118:$AA118))} -> 0.51305948 | G58: {='Pc, Original'!G118/MAX(ABS('Pc, Original'!$D118:$AA118))} -> 0.49744456 | H58: {='Pc, Original'!H118/MAX(ABS('Pc, Original'!$D118:$AA118))} -> 0.48680149 | I58: {='Pc, Original'!I118/MAX(ABS('Pc, Original'!$D118:$AA118))} -> 0.46348092 | J58: {='Pc, Original'!J118/MAX(ABS('Pc, Original'!$D118:$AA118))} -> 0.49631025 | K58: {='Pc, Original'!K118/MAX(ABS('Pc, Original'!$D118:$AA118))} -> 0.59243501 | ... AA58: {='Pc, Original'!AA118/MAX(ABS('Pc, Original'!$D118:$AA118))} -> 0.72494564
A59: 5 | B59: Autumn | C59: 1 | D59: {='Pc, Original'!D132/MAX(ABS('Pc, Original'!$D132:$AA132))} -> 0.50499454 | E59: {='Pc, Original'!E132/MAX(ABS('Pc, Original'!$D132:$AA132))} -> 0.46457215 | F59: {='Pc, Original'!F132/MAX(ABS('Pc, Original'!$D132:$AA132))} -> 0.45359981 | G59: {='Pc, Original'!G132/MAX(ABS('Pc, Original'!$D132:$AA132))} -> 0.44298954 | H59: {='Pc, Original'!H132/MAX(ABS('Pc, Original'!$D132:$AA132))} -> 0.4766937 | I59: {='Pc, Original'!I132/MAX(ABS('Pc, Original'!$D132:$AA132))} -> 0.54008758 | J59: {='Pc, Original'!J132/MAX(ABS('Pc, Original'!$D132:$AA132))} -> 0.65416286 | K59: {='Pc, Original'!K132/MAX(ABS('Pc, Original'!$D132:$AA132))} -> 0.75443632 | ... AA59: {='Pc, Original'!AA132/MAX(ABS('Pc, Original'!$D132:$AA132))} -> 0.63953582
A60: 5 | B60: Autumn | C60: 2 | D60: {='Pc, Original'!D146/MAX(ABS('Pc, Original'!$D146:$AA146))} -> 0.59084698 | E60: {='Pc, Original'!E146/MAX(ABS('Pc, Original'!$D146:$AA146))} -> 0.54184253 | F60: {='Pc, Original'!F146/MAX(ABS('Pc, Original'!$D146:$AA146))} -> 0.477914 | G60: {='Pc, Original'!G146/MAX(ABS('Pc, Original'!$D146:$AA146))} -> 0.45940285 | H60: {='Pc, Original'!H146/MAX(ABS('Pc, Original'!$D146:$AA146))} -> 0.4621469 | I60: {='Pc, Original'!I146/MAX(ABS('Pc, Original'!$D146:$AA146))} -> 0.51207682 | J60: {='Pc, Original'!J146/MAX(ABS('Pc, Original'!$D146:$AA146))} -> 0.58535346 | K60: {='Pc, Original'!K146/MAX(ABS('Pc, Original'!$D146:$AA146))} -> 0.66531389 | ... AA60: {='Pc, Original'!AA146/MAX(ABS('Pc, Original'!$D146:$AA146))} -> 0.69748487
A61: 5 | B61: Autumn | C61: 3 | D61: {='Pc, Original'!D160/MAX(ABS('Pc, Original'!$D160:$AA160))} -> 0.54050033 | E61: {='Pc, Original'!E160/MAX(ABS('Pc, Original'!$D160:$AA160))} -> 0.486967 | F61: {='Pc, Original'!F160/MAX(ABS('Pc, Original'!$D160:$AA160))} -> 0.45436773 | G61: {='Pc, Original'!G160/MAX(ABS('Pc, Original'!$D160:$AA160))} -> 0.43839871 | H61: {='Pc, Original'!H160/MAX(ABS('Pc, Original'!$D160:$AA160))} -> 0.43282205 | I61: {='Pc, Original'!I160/MAX(ABS('Pc, Original'!$D160:$AA160))} -> 0.46120681 | J61: {='Pc, Original'!J160/MAX(ABS('Pc, Original'!$D160:$AA160))} -> 0.49163629 | K61: {='Pc, Original'!K160/MAX(ABS('Pc, Original'!$D160:$AA160))} -> 0.542462 | ... AA61: {='Pc, Original'!AA160/MAX(ABS('Pc, Original'!$D160:$AA160))} -> 0.69632544
A62: 6 | B62: Winter | C62: 1 | D62: {='Pc, Original'!D7/MAX(ABS('Pc, Original'!$D7:$AA7))} -> 0.66260911 | E62: {='Pc, Original'!E7/MAX(ABS('Pc, Original'!$D7:$AA7))} -> 0.6230417 | F62: {='Pc, Original'!F7/MAX(ABS('Pc, Original'!$D7:$AA7))} -> 0.60720417 | G62: {='Pc, Original'!G7/MAX(ABS('Pc, Original'!$D7:$AA7))} -> 0.61459823 | H62: {='Pc, Original'!H7/MAX(ABS('Pc, Original'!$D7:$AA7))} -> 0.62132673 | I62: {='Pc, Original'!I7/MAX(ABS('Pc, Original'!$D7:$AA7))} -> 0.67332576 | J62: {='Pc, Original'!J7/MAX(ABS('Pc, Original'!$D7:$AA7))} -> 0.76058208 | K62: {='Pc, Original'!K7/MAX(ABS('Pc, Original'!$D7:$AA7))} -> 0.92230054 | ... AA62: {='Pc, Original'!AA7/MAX(ABS('Pc, Original'!$D7:$AA7))} -> 0.69827364
A63: 6 | B63: Winter | C63: 2 | D63: {='Pc, Original'!D21/MAX(ABS('Pc, Original'!$D21:$AA21))} -> 0.79519996 | E63: {='Pc, Original'!E21/MAX(ABS('Pc, Original'!$D21:$AA21))} -> 0.74837645 | F63: {='Pc, Original'!F21/MAX(ABS('Pc, Original'!$D21:$AA21))} -> 0.71606896 | G63: {='Pc, Original'!G21/MAX(ABS('Pc, Original'!$D21:$AA21))} -> 0.72359502 | H63: {='Pc, Original'!H21/MAX(ABS('Pc, Original'!$D21:$AA21))} -> 0.71721486 | I63: {='Pc, Original'!I21/MAX(ABS('Pc, Original'!$D21:$AA21))} -> 0.75707174 | J63: {='Pc, Original'!J21/MAX(ABS('Pc, Original'!$D21:$AA21))} -> 0.80815301 | K63: {='Pc, Original'!K21/MAX(ABS('Pc, Original'!$D21:$AA21))} -> 0.86855019 | ... AA63: {='Pc, Original'!AA21/MAX(ABS('Pc, Original'!$D21:$AA21))} -> 0.78221028
A64: 6 | B64: Winter | C64: 3 | D64: {='Pc, Original'!D35/MAX(ABS('Pc, Original'!$D35:$AA35))} -> 0.79632008 | E64: {='Pc, Original'!E35/MAX(ABS('Pc, Original'!$D35:$AA35))} -> 0.76232447 | F64: {='Pc, Original'!F35/MAX(ABS('Pc, Original'!$D35:$AA35))} -> 0.74430493 | G64: {='Pc, Original'!G35/MAX(ABS('Pc, Original'!$D35:$AA35))} -> 0.72811644 | H64: {='Pc, Original'!H35/MAX(ABS('Pc, Original'!$D35:$AA35))} -> 0.72398178 | I64: {='Pc, Original'!I35/MAX(ABS('Pc, Original'!$D35:$AA35))} -> 0.75406696 | J64: {='Pc, Original'!J35/MAX(ABS('Pc, Original'!$D35:$AA35))} -> 0.79259585 | K64: {='Pc, Original'!K35/MAX(ABS('Pc, Original'!$D35:$AA35))} -> 0.83181196 | ... AA64: {='Pc, Original'!AA35/MAX(ABS('Pc, Original'!$D35:$AA35))} -> 0.84223492
A65: 6 | B65: Spring | C65: 1 | D65: {='Pc, Original'!D49/MAX(ABS('Pc, Original'!$D49:$AA49))} -> 0.80715471 | E65: {='Pc, Original'!E49/MAX(ABS('Pc, Original'!$D49:$AA49))} -> 0.75679332 | F65: {='Pc, Original'!F49/MAX(ABS('Pc, Original'!$D49:$AA49))} -> 0.72803866 | G65: {='Pc, Original'!G49/MAX(ABS('Pc, Original'!$D49:$AA49))} -> 0.71693349 | H65: {='Pc, Original'!H49/MAX(ABS('Pc, Original'!$D49:$AA49))} -> 0.70773175 | I65: {='Pc, Original'!I49/MAX(ABS('Pc, Original'!$D49:$AA49))} -> 0.74513622 | J65: {='Pc, Original'!J49/MAX(ABS('Pc, Original'!$D49:$AA49))} -> 0.76636618 | K65: {='Pc, Original'!K49/MAX(ABS('Pc, Original'!$D49:$AA49))} -> 0.96637894 | ... AA65: {='Pc, Original'!AA49/MAX(ABS('Pc, Original'!$D49:$AA49))} -> 0.80967526
A66: 6 | B66: Spring | C66: 2 | D66: {='Pc, Original'!D63/MAX(ABS('Pc, Original'!$D63:$AA63))} -> 0.92668848 | E66: {='Pc, Original'!E63/MAX(ABS('Pc, Original'!$D63:$AA63))} -> 0.89502199 | F66: {='Pc, Original'!F63/MAX(ABS('Pc, Original'!$D63:$AA63))} -> 0.88151077 | G66: {='Pc, Original'!G63/MAX(ABS('Pc, Original'!$D63:$AA63))} -> 0.86147715 | H66: {='Pc, Original'!H63/MAX(ABS('Pc, Original'!$D63:$AA63))} -> 0.83996668 | I66: {='Pc, Original'!I63/MAX(ABS('Pc, Original'!$D63:$AA63))} -> 0.86656332 | J66: {='Pc, Original'!J63/MAX(ABS('Pc, Original'!$D63:$AA63))} -> 0.83445946 | K66: {='Pc, Original'!K63/MAX(ABS('Pc, Original'!$D63:$AA63))} -> 0.90404071 | ... AA66: {='Pc, Original'!AA63/MAX(ABS('Pc, Original'!$D63:$AA63))} -> 0.89720773
A67: 6 | B67: Spring | C67: 3 | D67: {='Pc, Original'!D77/MAX(ABS('Pc, Original'!$D77:$AA77))} -> 0.78093211 | E67: {='Pc, Original'!E77/MAX(ABS('Pc, Original'!$D77:$AA77))} -> 0.76347576 | F67: {='Pc, Original'!F77/MAX(ABS('Pc, Original'!$D77:$AA77))} -> 0.72859109 | G67: {='Pc, Original'!G77/MAX(ABS('Pc, Original'!$D77:$AA77))} -> 0.74620169 | H67: {='Pc, Original'!H77/MAX(ABS('Pc, Original'!$D77:$AA77))} -> 0.73907308 | I67: {='Pc, Original'!I77/MAX(ABS('Pc, Original'!$D77:$AA77))} -> 0.76444623 | J67: {='Pc, Original'!J77/MAX(ABS('Pc, Original'!$D77:$AA77))} -> 0.72619299 | K67: {='Pc, Original'!K77/MAX(ABS('Pc, Original'!$D77:$AA77))} -> 0.77310283 | ... AA67: {='Pc, Original'!AA77/MAX(ABS('Pc, Original'!$D77:$AA77))} -> 0.8706531
A68: 6 | B68: Summer | C68: 1 | D68: {='Pc, Original'!D91/MAX(ABS('Pc, Original'!$D91:$AA91))} -> 0.69435749 | E68: {='Pc, Original'!E91/MAX(ABS('Pc, Original'!$D91:$AA91))} -> 0.66657786 | F68: {='Pc, Original'!F91/MAX(ABS('Pc, Original'!$D91:$AA91))} -> 0.61968079 | G68: {='Pc, Original'!G91/MAX(ABS('Pc, Original'!$D91:$AA91))} -> 0.64613489 | H68: {='Pc, Original'!H91/MAX(ABS('Pc, Original'!$D91:$AA91))} -> 0.6633892 | I68: {='Pc, Original'!I91/MAX(ABS('Pc, Original'!$D91:$AA91))} -> 0.66526116 | J68: {='Pc, Original'!J91/MAX(ABS('Pc, Original'!$D91:$AA91))} -> 0.72415027 | K68: {='Pc, Original'!K91/MAX(ABS('Pc, Original'!$D91:$AA91))} -> 0.91030522 | ... AA68: {='Pc, Original'!AA91/MAX(ABS('Pc, Original'!$D91:$AA91))} -> 0.72210079
A69: 6 | B69: Summer | C69: 2 | D69: {='Pc, Original'!D105/MAX(ABS('Pc, Original'!$D105:$AA105))} -> 0.86110369 | E69: {='Pc, Original'!E105/MAX(ABS('Pc, Original'!$D105:$AA105))} -> 0.86853183 | F69: {='Pc, Original'!F105/MAX(ABS('Pc, Original'!$D105:$AA105))} -> 0.83117137 | G69: {='Pc, Original'!G105/MAX(ABS('Pc, Original'!$D105:$AA105))} -> 0.83342455 | H69: {='Pc, Original'!H105/MAX(ABS('Pc, Original'!$D105:$AA105))} -> 0.81504538 | I69: {='Pc, Original'!I105/MAX(ABS('Pc, Original'!$D105:$AA105))} -> 0.80577891 | J69: {='Pc, Original'!J105/MAX(ABS('Pc, Original'!$D105:$AA105))} -> 0.76405697 | K69: {='Pc, Original'!K105/MAX(ABS('Pc, Original'!$D105:$AA105))} -> 0.85172588 | ... AA69: {='Pc, Original'!AA105/MAX(ABS('Pc, Original'!$D105:$AA105))} -> 0.82134224
A70: 6 | B70: Summer | C70: 3 | D70: {='Pc, Original'!D119/MAX(ABS('Pc, Original'!$D119:$AA119))} -> 0.79324359 | E70: {='Pc, Original'!E119/MAX(ABS('Pc, Original'!$D119:$AA119))} -> 0.78893911 | F70: {='Pc, Original'!F119/MAX(ABS('Pc, Original'!$D119:$AA119))} -> 0.76649361 | G70: {='Pc, Original'!G119/MAX(ABS('Pc, Original'!$D119:$AA119))} -> 0.7615987 | H70: {='Pc, Original'!H119/MAX(ABS('Pc, Original'!$D119:$AA119))} -> 0.76558021 | I70: {='Pc, Original'!I119/MAX(ABS('Pc, Original'!$D119:$AA119))} -> 0.72038462 | J70: {='Pc, Original'!J119/MAX(ABS('Pc, Original'!$D119:$AA119))} -> 0.69317642 | K70: {='Pc, Original'!K119/MAX(ABS('Pc, Original'!$D119:$AA119))} -> 0.74942975 | ... AA70: {='Pc, Original'!AA119/MAX(ABS('Pc, Original'!$D119:$AA119))} -> 0.82549218
A71: 6 | B71: Autumn | C71: 1 | D71: {='Pc, Original'!D133/MAX(ABS('Pc, Original'!$D133:$AA133))} -> 0.66523616 | E71: {='Pc, Original'!E133/MAX(ABS('Pc, Original'!$D133:$AA133))} -> 0.64792811 | F71: {='Pc, Original'!F133/MAX(ABS('Pc, Original'!$D133:$AA133))} -> 0.63664815 | G71: {='Pc, Original'!G133/MAX(ABS('Pc, Original'!$D133:$AA133))} -> 0.64922245 | H71: {='Pc, Original'!H133/MAX(ABS('Pc, Original'!$D133:$AA133))} -> 0.65389332 | I71: {='Pc, Original'!I133/MAX(ABS('Pc, Original'!$D133:$AA133))} -> 0.69245089 | J71: {='Pc, Original'!J133/MAX(ABS('Pc, Original'!$D133:$AA133))} -> 0.75940462 | K71: {='Pc, Original'!K133/MAX(ABS('Pc, Original'!$D133:$AA133))} -> 0.89658846 | ... AA71: {='Pc, Original'!AA133/MAX(ABS('Pc, Original'!$D133:$AA133))} -> 0.71002372
A72: 6 | B72: Autumn | C72: 2 | D72: {='Pc, Original'!D147/MAX(ABS('Pc, Original'!$D147:$AA147))} -> 0.82821246 | E72: {='Pc, Original'!E147/MAX(ABS('Pc, Original'!$D147:$AA147))} -> 0.82844049 | F72: {='Pc, Original'!F147/MAX(ABS('Pc, Original'!$D147:$AA147))} -> 0.79900736 | G72: {='Pc, Original'!G147/MAX(ABS('Pc, Original'!$D147:$AA147))} -> 0.79270113 | H72: {='Pc, Original'!H147/MAX(ABS('Pc, Original'!$D147:$AA147))} -> 0.77156588 | I72: {='Pc, Original'!I147/MAX(ABS('Pc, Original'!$D147:$AA147))} -> 0.83358301 | J72: {='Pc, Original'!J147/MAX(ABS('Pc, Original'!$D147:$AA147))} -> 0.85292256 | K72: {='Pc, Original'!K147/MAX(ABS('Pc, Original'!$D147:$AA147))} -> 0.90831503 | ... AA72: {='Pc, Original'!AA147/MAX(ABS('Pc, Original'!$D147:$AA147))} -> 0.85680295
A73: 6 | B73: Autumn | C73: 3 | D73: {='Pc, Original'!D161/MAX(ABS('Pc, Original'!$D161:$AA161))} -> 0.82289604 | E73: {='Pc, Original'!E161/MAX(ABS('Pc, Original'!$D161:$AA161))} -> 0.78058891 | F73: {='Pc, Original'!F161/MAX(ABS('Pc, Original'!$D161:$AA161))} -> 0.7893107 | G73: {='Pc, Original'!G161/MAX(ABS('Pc, Original'!$D161:$AA161))} -> 0.77984531 | H73: {='Pc, Original'!H161/MAX(ABS('Pc, Original'!$D161:$AA161))} -> 0.77208396 | I73: {='Pc, Original'!I161/MAX(ABS('Pc, Original'!$D161:$AA161))} -> 0.75828639 | J73: {='Pc, Original'!J161/MAX(ABS('Pc, Original'!$D161:$AA161))} -> 0.7833636 | K73: {='Pc, Original'!K161/MAX(ABS('Pc, Original'!$D161:$AA161))} -> 0.78508108 | ... AA73: {='Pc, Original'!AA161/MAX(ABS('Pc, Original'!$D161:$AA161))} -> 0.83699467
A74: 7 | B74: Winter | C74: 1 | D74: {='Pc, Original'!D8/MAX(ABS('Pc, Original'!$D8:$AA8))} -> 0.50792212 | E74: {='Pc, Original'!E8/MAX(ABS('Pc, Original'!$D8:$AA8))} -> 0.46812246 | F74: {='Pc, Original'!F8/MAX(ABS('Pc, Original'!$D8:$AA8))} -> 0.46416424 | G74: {='Pc, Original'!G8/MAX(ABS('Pc, Original'!$D8:$AA8))} -> 0.45474686 | H74: {='Pc, Original'!H8/MAX(ABS('Pc, Original'!$D8:$AA8))} -> 0.47065291 | I74: {='Pc, Original'!I8/MAX(ABS('Pc, Original'!$D8:$AA8))} -> 0.54095242 | J74: {='Pc, Original'!J8/MAX(ABS('Pc, Original'!$D8:$AA8))} -> 0.68689334 | K74: {='Pc, Original'!K8/MAX(ABS('Pc, Original'!$D8:$AA8))} -> 0.83999777 | ... AA74: {='Pc, Original'!AA8/MAX(ABS('Pc, Original'!$D8:$AA8))} -> 0.56661593
A75: 7 | B75: Winter | C75: 2 | D75: {='Pc, Original'!D22/MAX(ABS('Pc, Original'!$D22:$AA22))} -> 0.54875157 | E75: {='Pc, Original'!E22/MAX(ABS('Pc, Original'!$D22:$AA22))} -> 0.49702358 | F75: {='Pc, Original'!F22/MAX(ABS('Pc, Original'!$D22:$AA22))} -> 0.49470127 | G75: {='Pc, Original'!G22/MAX(ABS('Pc, Original'!$D22:$AA22))} -> 0.48058706 | H75: {='Pc, Original'!H22/MAX(ABS('Pc, Original'!$D22:$AA22))} -> 0.49342658 | I75: {='Pc, Original'!I22/MAX(ABS('Pc, Original'!$D22:$AA22))} -> 0.55063116 | J75: {='Pc, Original'!J22/MAX(ABS('Pc, Original'!$D22:$AA22))} -> 0.63518621 | K75: {='Pc, Original'!K22/MAX(ABS('Pc, Original'!$D22:$AA22))} -> 0.75996039 | ... AA75: {='Pc, Original'!AA22/MAX(ABS('Pc, Original'!$D22:$AA22))} -> 0.6322061
A76: 7 | B76: Winter | C76: 3 | D76: {='Pc, Original'!D36/MAX(ABS('Pc, Original'!$D36:$AA36))} -> 0.57851484 | E76: {='Pc, Original'!E36/MAX(ABS('Pc, Original'!$D36:$AA36))} -> 0.53257006 | F76: {='Pc, Original'!F36/MAX(ABS('Pc, Original'!$D36:$AA36))} -> 0.51456536 | G76: {='Pc, Original'!G36/MAX(ABS('Pc, Original'!$D36:$AA36))} -> 0.49316705 | H76: {='Pc, Original'!H36/MAX(ABS('Pc, Original'!$D36:$AA36))} -> 0.50755258 | I76: {='Pc, Original'!I36/MAX(ABS('Pc, Original'!$D36:$AA36))} -> 0.54473813 | J76: {='Pc, Original'!J36/MAX(ABS('Pc, Original'!$D36:$AA36))} -> 0.60959742 | K76: {='Pc, Original'!K36/MAX(ABS('Pc, Original'!$D36:$AA36))} -> 0.63699737 | ... AA76: {='Pc, Original'!AA36/MAX(ABS('Pc, Original'!$D36:$AA36))} -> 0.61793072
A77: 7 | B77: Spring | C77: 1 | D77: {='Pc, Original'!D50/MAX(ABS('Pc, Original'!$D50:$AA50))} -> 0.60795045 | E77: {='Pc, Original'!E50/MAX(ABS('Pc, Original'!$D50:$AA50))} -> 0.60887562 | F77: {='Pc, Original'!F50/MAX(ABS('Pc, Original'!$D50:$AA50))} -> 0.55214124 | G77: {='Pc, Original'!G50/MAX(ABS('Pc, Original'!$D50:$AA50))} -> 0.53392884 | H77: {='Pc, Original'!H50/MAX(ABS('Pc, Original'!$D50:$AA50))} -> 0.55408233 | I77: {='Pc, Original'!I50/MAX(ABS('Pc, Original'!$D50:$AA50))} -> 0.58246724 | J77: {='Pc, Original'!J50/MAX(ABS('Pc, Original'!$D50:$AA50))} -> 0.61512362 | K77: {='Pc, Original'!K50/MAX(ABS('Pc, Original'!$D50:$AA50))} -> 0.82554538 | ... AA77: {='Pc, Original'!AA50/MAX(ABS('Pc, Original'!$D50:$AA50))} -> 0.74185117
A78: 7 | B78: Spring | C78: 2 | D78: {='Pc, Original'!D64/MAX(ABS('Pc, Original'!$D64:$AA64))} -> 0.61828458 | E78: {='Pc, Original'!E64/MAX(ABS('Pc, Original'!$D64:$AA64))} -> 0.5848168 | F78: {='Pc, Original'!F64/MAX(ABS('Pc, Original'!$D64:$AA64))} -> 0.58847621 | G78: {='Pc, Original'!G64/MAX(ABS('Pc, Original'!$D64:$AA64))} -> 0.53148829 | H78: {='Pc, Original'!H64/MAX(ABS('Pc, Original'!$D64:$AA64))} -> 0.55102937 | I78: {='Pc, Original'!I64/MAX(ABS('Pc, Original'!$D64:$AA64))} -> 0.57678036 | J78: {='Pc, Original'!J64/MAX(ABS('Pc, Original'!$D64:$AA64))} -> 0.58700839 | K78: {='Pc, Original'!K64/MAX(ABS('Pc, Original'!$D64:$AA64))} -> 0.72880768 | ... AA78: {='Pc, Original'!AA64/MAX(ABS('Pc, Original'!$D64:$AA64))} -> 0.76075847
A79: 7 | B79: Spring | C79: 3 | D79: {='Pc, Original'!D78/MAX(ABS('Pc, Original'!$D78:$AA78))} -> 0.64451555 | E79: {='Pc, Original'!E78/MAX(ABS('Pc, Original'!$D78:$AA78))} -> 0.5949371 | F79: {='Pc, Original'!F78/MAX(ABS('Pc, Original'!$D78:$AA78))} -> 0.61979853 | G79: {='Pc, Original'!G78/MAX(ABS('Pc, Original'!$D78:$AA78))} -> 0.54861986 | H79: {='Pc, Original'!H78/MAX(ABS('Pc, Original'!$D78:$AA78))} -> 0.56846777 | I79: {='Pc, Original'!I78/MAX(ABS('Pc, Original'!$D78:$AA78))} -> 0.59831493 | J79: {='Pc, Original'!J78/MAX(ABS('Pc, Original'!$D78:$AA78))} -> 0.57978391 | K79: {='Pc, Original'!K78/MAX(ABS('Pc, Original'!$D78:$AA78))} -> 0.66412346 | ... AA79: {='Pc, Original'!AA78/MAX(ABS('Pc, Original'!$D78:$AA78))} -> 0.79905636
A80: 7 | B80: Summer | C80: 1 | D80: {='Pc, Original'!D92/MAX(ABS('Pc, Original'!$D92:$AA92))} -> 0.56513071 | E80: {='Pc, Original'!E92/MAX(ABS('Pc, Original'!$D92:$AA92))} -> 0.5069825 | F80: {='Pc, Original'!F92/MAX(ABS('Pc, Original'!$D92:$AA92))} -> 0.49687383 | G80: {='Pc, Original'!G92/MAX(ABS('Pc, Original'!$D92:$AA92))} -> 0.5079158 | H80: {='Pc, Original'!H92/MAX(ABS('Pc, Original'!$D92:$AA92))} -> 0.4934656 | I80: {='Pc, Original'!I92/MAX(ABS('Pc, Original'!$D92:$AA92))} -> 0.53810416 | J80: {='Pc, Original'!J92/MAX(ABS('Pc, Original'!$D92:$AA92))} -> 0.69484063 | K80: {='Pc, Original'!K92/MAX(ABS('Pc, Original'!$D92:$AA92))} -> 0.79225175 | ... AA80: {='Pc, Original'!AA92/MAX(ABS('Pc, Original'!$D92:$AA92))} -> 0.62036336
A81: 7 | B81: Summer | C81: 2 | D81: {='Pc, Original'!D106/MAX(ABS('Pc, Original'!$D106:$AA106))} -> 0.58620703 | E81: {='Pc, Original'!E106/MAX(ABS('Pc, Original'!$D106:$AA106))} -> 0.55401072 | F81: {='Pc, Original'!F106/MAX(ABS('Pc, Original'!$D106:$AA106))} -> 0.54666184 | G81: {='Pc, Original'!G106/MAX(ABS('Pc, Original'!$D106:$AA106))} -> 0.54263897 | H81: {='Pc, Original'!H106/MAX(ABS('Pc, Original'!$D106:$AA106))} -> 0.54781768 | I81: {='Pc, Original'!I106/MAX(ABS('Pc, Original'!$D106:$AA106))} -> 0.55089554 | J81: {='Pc, Original'!J106/MAX(ABS('Pc, Original'!$D106:$AA106))} -> 0.58754963 | K81: {='Pc, Original'!K106/MAX(ABS('Pc, Original'!$D106:$AA106))} -> 0.73161947 | ... AA81: {='Pc, Original'!AA106/MAX(ABS('Pc, Original'!$D106:$AA106))} -> 0.64322617
A82: 7 | B82: Summer | C82: 3 | D82: {='Pc, Original'!D120/MAX(ABS('Pc, Original'!$D120:$AA120))} -> 0.66077594 | E82: {='Pc, Original'!E120/MAX(ABS('Pc, Original'!$D120:$AA120))} -> 0.61144043 | F82: {='Pc, Original'!F120/MAX(ABS('Pc, Original'!$D120:$AA120))} -> 0.60563157 | G82: {='Pc, Original'!G120/MAX(ABS('Pc, Original'!$D120:$AA120))} -> 0.61528572 | H82: {='Pc, Original'!H120/MAX(ABS('Pc, Original'!$D120:$AA120))} -> 0.59551233 | I82: {='Pc, Original'!I120/MAX(ABS('Pc, Original'!$D120:$AA120))} -> 0.56395899 | J82: {='Pc, Original'!J120/MAX(ABS('Pc, Original'!$D120:$AA120))} -> 0.59850415 | K82: {='Pc, Original'!K120/MAX(ABS('Pc, Original'!$D120:$AA120))} -> 0.65996528 | ... AA82: {='Pc, Original'!AA120/MAX(ABS('Pc, Original'!$D120:$AA120))} -> 0.75201973
A83: 7 | B83: Autumn | C83: 1 | D83: {='Pc, Original'!D134/MAX(ABS('Pc, Original'!$D134:$AA134))} -> 0.49694847 | E83: {='Pc, Original'!E134/MAX(ABS('Pc, Original'!$D134:$AA134))} -> 0.47905921 | F83: {='Pc, Original'!F134/MAX(ABS('Pc, Original'!$D134:$AA134))} -> 0.4622311 | G83: {='Pc, Original'!G134/MAX(ABS('Pc, Original'!$D134:$AA134))} -> 0.4607203 | H83: {='Pc, Original'!H134/MAX(ABS('Pc, Original'!$D134:$AA134))} -> 0.48358427 | I83: {='Pc, Original'!I134/MAX(ABS('Pc, Original'!$D134:$AA134))} -> 0.51918291 | J83: {='Pc, Original'!J134/MAX(ABS('Pc, Original'!$D134:$AA134))} -> 0.64313884 | K83: {='Pc, Original'!K134/MAX(ABS('Pc, Original'!$D134:$AA134))} -> 0.80296058 | ... AA83: {='Pc, Original'!AA134/MAX(ABS('Pc, Original'!$D134:$AA134))} -> 0.57200982
A84: 7 | B84: Autumn | C84: 2 | D84: {='Pc, Original'!D148/MAX(ABS('Pc, Original'!$D148:$AA148))} -> 0.59056808 | E84: {='Pc, Original'!E148/MAX(ABS('Pc, Original'!$D148:$AA148))} -> 0.56907285 | F84: {='Pc, Original'!F148/MAX(ABS('Pc, Original'!$D148:$AA148))} -> 0.55080012 | G84: {='Pc, Original'!G148/MAX(ABS('Pc, Original'!$D148:$AA148))} -> 0.51803476 | H84: {='Pc, Original'!H148/MAX(ABS('Pc, Original'!$D148:$AA148))} -> 0.52923648 | I84: {='Pc, Original'!I148/MAX(ABS('Pc, Original'!$D148:$AA148))} -> 0.54856523 | J84: {='Pc, Original'!J148/MAX(ABS('Pc, Original'!$D148:$AA148))} -> 0.65042245 | K84: {='Pc, Original'!K148/MAX(ABS('Pc, Original'!$D148:$AA148))} -> 0.78441599 | ... AA84: {='Pc, Original'!AA148/MAX(ABS('Pc, Original'!$D148:$AA148))} -> 0.65583334
A85: 7 | B85: Autumn | C85: 3 | D85: {='Pc, Original'!D162/MAX(ABS('Pc, Original'!$D162:$AA162))} -> 0.57935311 | E85: {='Pc, Original'!E162/MAX(ABS('Pc, Original'!$D162:$AA162))} -> 0.56353076 | F85: {='Pc, Original'!F162/MAX(ABS('Pc, Original'!$D162:$AA162))} -> 0.5444802 | G85: {='Pc, Original'!G162/MAX(ABS('Pc, Original'!$D162:$AA162))} -> 0.54752973 | H85: {='Pc, Original'!H162/MAX(ABS('Pc, Original'!$D162:$AA162))} -> 0.52154616 | I85: {='Pc, Original'!I162/MAX(ABS('Pc, Original'!$D162:$AA162))} -> 0.55099511 | J85: {='Pc, Original'!J162/MAX(ABS('Pc, Original'!$D162:$AA162))} -> 0.56921462 | K85: {='Pc, Original'!K162/MAX(ABS('Pc, Original'!$D162:$AA162))} -> 0.60732103 | ... AA85: {='Pc, Original'!AA162/MAX(ABS('Pc, Original'!$D162:$AA162))} -> 0.70024707
A86: 8 | B86: Winter | C86: 1 | D86: {='Pc, Original'!D9/MAX(ABS('Pc, Original'!$D9:$AA9))} -> 0.39902083 | E86: {='Pc, Original'!E9/MAX(ABS('Pc, Original'!$D9:$AA9))} -> 0.37801135 | F86: {='Pc, Original'!F9/MAX(ABS('Pc, Original'!$D9:$AA9))} -> 0.3696306 | G86: {='Pc, Original'!G9/MAX(ABS('Pc, Original'!$D9:$AA9))} -> 0.36565133 | H86: {='Pc, Original'!H9/MAX(ABS('Pc, Original'!$D9:$AA9))} -> 0.38739652 | I86: {='Pc, Original'!I9/MAX(ABS('Pc, Original'!$D9:$AA9))} -> 0.47255405 | J86: {='Pc, Original'!J9/MAX(ABS('Pc, Original'!$D9:$AA9))} -> 0.77609629 | K86: {='Pc, Original'!K9/MAX(ABS('Pc, Original'!$D9:$AA9))} -> 0.93354134 | ... AA86: {='Pc, Original'!AA9/MAX(ABS('Pc, Original'!$D9:$AA9))} -> 0.47753131
A87: 8 | B87: Winter | C87: 2 | D87: {='Pc, Original'!D23/MAX(ABS('Pc, Original'!$D23:$AA23))} -> 0.46211514 | E87: {='Pc, Original'!E23/MAX(ABS('Pc, Original'!$D23:$AA23))} -> 0.43479148 | F87: {='Pc, Original'!F23/MAX(ABS('Pc, Original'!$D23:$AA23))} -> 0.4230038 | G87: {='Pc, Original'!G23/MAX(ABS('Pc, Original'!$D23:$AA23))} -> 0.41290215 | H87: {='Pc, Original'!H23/MAX(ABS('Pc, Original'!$D23:$AA23))} -> 0.42861181 | I87: {='Pc, Original'!I23/MAX(ABS('Pc, Original'!$D23:$AA23))} -> 0.47946742 | J87: {='Pc, Original'!J23/MAX(ABS('Pc, Original'!$D23:$AA23))} -> 0.69181203 | K87: {='Pc, Original'!K23/MAX(ABS('Pc, Original'!$D23:$AA23))} -> 0.78080211 | ... AA87: {='Pc, Original'!AA23/MAX(ABS('Pc, Original'!$D23:$AA23))} -> 0.53054012
A88: 8 | B88: Winter | C88: 3 | D88: {='Pc, Original'!D37/MAX(ABS('Pc, Original'!$D37:$AA37))} -> 0.51095296 | E88: {='Pc, Original'!E37/MAX(ABS('Pc, Original'!$D37:$AA37))} -> 0.48432441 | F88: {='Pc, Original'!F37/MAX(ABS('Pc, Original'!$D37:$AA37))} -> 0.46562539 | G88: {='Pc, Original'!G37/MAX(ABS('Pc, Original'!$D37:$AA37))} -> 0.45645936 | H88: {='Pc, Original'!H37/MAX(ABS('Pc, Original'!$D37:$AA37))} -> 0.46252218 | I88: {='Pc, Original'!I37/MAX(ABS('Pc, Original'!$D37:$AA37))} -> 0.5089267 | J88: {='Pc, Original'!J37/MAX(ABS('Pc, Original'!$D37:$AA37))} -> 0.57003355 | K88: {='Pc, Original'!K37/MAX(ABS('Pc, Original'!$D37:$AA37))} -> 0.62740703 | ... AA88: {='Pc, Original'!AA37/MAX(ABS('Pc, Original'!$D37:$AA37))} -> 0.54365228
A89: 8 | B89: Spring | C89: 1 | D89: {='Pc, Original'!D51/MAX(ABS('Pc, Original'!$D51:$AA51))} -> 0.48805639 | E89: {='Pc, Original'!E51/MAX(ABS('Pc, Original'!$D51:$AA51))} -> 0.44696603 | F89: {='Pc, Original'!F51/MAX(ABS('Pc, Original'!$D51:$AA51))} -> 0.42585554 | G89: {='Pc, Original'!G51/MAX(ABS('Pc, Original'!$D51:$AA51))} -> 0.41933424 | H89: {='Pc, Original'!H51/MAX(ABS('Pc, Original'!$D51:$AA51))} -> 0.44274211 | I89: {='Pc, Original'!I51/MAX(ABS('Pc, Original'!$D51:$AA51))} -> 0.4883187 | J89: {='Pc, Original'!J51/MAX(ABS('Pc, Original'!$D51:$AA51))} -> 0.74354393 | K89: {='Pc, Original'!K51/MAX(ABS('Pc, Original'!$D51:$AA51))} -> 0.91742954 | ... AA89: {='Pc, Original'!AA51/MAX(ABS('Pc, Original'!$D51:$AA51))} -> 0.56183455
A90: 8 | B90: Spring | C90: 2 | D90: {='Pc, Original'!D65/MAX(ABS('Pc, Original'!$D65:$AA65))} -> 0.53538118 | E90: {='Pc, Original'!E65/MAX(ABS('Pc, Original'!$D65:$AA65))} -> 0.5032666 | F90: {='Pc, Original'!F65/MAX(ABS('Pc, Original'!$D65:$AA65))} -> 0.47799394 | G90: {='Pc, Original'!G65/MAX(ABS('Pc, Original'!$D65:$AA65))} -> 0.46977953 | H90: {='Pc, Original'!H65/MAX(ABS('Pc, Original'!$D65:$AA65))} -> 0.49275094 | I90: {='Pc, Original'!I65/MAX(ABS('Pc, Original'!$D65:$AA65))} -> 0.52757956 | J90: {='Pc, Original'!J65/MAX(ABS('Pc, Original'!$D65:$AA65))} -> 0.71701624 | K90: {='Pc, Original'!K65/MAX(ABS('Pc, Original'!$D65:$AA65))} -> 0.85003577 | ... AA90: {='Pc, Original'!AA65/MAX(ABS('Pc, Original'!$D65:$AA65))} -> 0.64870056
A91: 8 | B91: Spring | C91: 3 | D91: {='Pc, Original'!D79/MAX(ABS('Pc, Original'!$D79:$AA79))} -> 0.56255323 | E91: {='Pc, Original'!E79/MAX(ABS('Pc, Original'!$D79:$AA79))} -> 0.52377657 | F91: {='Pc, Original'!F79/MAX(ABS('Pc, Original'!$D79:$AA79))} -> 0.49875549 | G91: {='Pc, Original'!G79/MAX(ABS('Pc, Original'!$D79:$AA79))} -> 0.48880628 | H91: {='Pc, Original'!H79/MAX(ABS('Pc, Original'!$D79:$AA79))} -> 0.50473375 | I91: {='Pc, Original'!I79/MAX(ABS('Pc, Original'!$D79:$AA79))} -> 0.53040206 | J91: {='Pc, Original'!J79/MAX(ABS('Pc, Original'!$D79:$AA79))} -> 0.57024276 | K91: {='Pc, Original'!K79/MAX(ABS('Pc, Original'!$D79:$AA79))} -> 0.64592031 | ... AA91: {='Pc, Original'!AA79/MAX(ABS('Pc, Original'!$D79:$AA79))} -> 0.65965392
A92: 8 | B92: Summer | C92: 1 | D92: {='Pc, Original'!D93/MAX(ABS('Pc, Original'!$D93:$AA93))} -> 0.41365071 | E92: {='Pc, Original'!E93/MAX(ABS('Pc, Original'!$D93:$AA93))} -> 0.38609963 | F92: {='Pc, Original'!F93/MAX(ABS('Pc, Original'!$D93:$AA93))} -> 0.3734514 | G92: {='Pc, Original'!G93/MAX(ABS('Pc, Original'!$D93:$AA93))} -> 0.37004504 | H92: {='Pc, Original'!H93/MAX(ABS('Pc, Original'!$D93:$AA93))} -> 0.38541557 | I92: {='Pc, Original'!I93/MAX(ABS('Pc, Original'!$D93:$AA93))} -> 0.41856481 | J92: {='Pc, Original'!J93/MAX(ABS('Pc, Original'!$D93:$AA93))} -> 0.69709107 | K92: {='Pc, Original'!K93/MAX(ABS('Pc, Original'!$D93:$AA93))} -> 0.8510329 | ... AA92: {='Pc, Original'!AA93/MAX(ABS('Pc, Original'!$D93:$AA93))} -> 0.44839145
A93: 8 | B93: Summer | C93: 2 | D93: {='Pc, Original'!D107/MAX(ABS('Pc, Original'!$D107:$AA107))} -> 0.45051229 | E93: {='Pc, Original'!E107/MAX(ABS('Pc, Original'!$D107:$AA107))} -> 0.42852398 | F93: {='Pc, Original'!F107/MAX(ABS('Pc, Original'!$D107:$AA107))} -> 0.40214127 | G93: {='Pc, Original'!G107/MAX(ABS('Pc, Original'!$D107:$AA107))} -> 0.39627935 | H93: {='Pc, Original'!H107/MAX(ABS('Pc, Original'!$D107:$AA107))} -> 0.41203072 | I93: {='Pc, Original'!I107/MAX(ABS('Pc, Original'!$D107:$AA107))} -> 0.44285675 | J93: {='Pc, Original'!J107/MAX(ABS('Pc, Original'!$D107:$AA107))} -> 0.66693853 | K93: {='Pc, Original'!K107/MAX(ABS('Pc, Original'!$D107:$AA107))} -> 0.79862376 | ... AA93: {='Pc, Original'!AA107/MAX(ABS('Pc, Original'!$D107:$AA107))} -> 0.53034524
A94: 8 | B94: Summer | C94: 3 | D94: {='Pc, Original'!D121/MAX(ABS('Pc, Original'!$D121:$AA121))} -> 0.60491201 | E94: {='Pc, Original'!E121/MAX(ABS('Pc, Original'!$D121:$AA121))} -> 0.56251358 | F94: {='Pc, Original'!F121/MAX(ABS('Pc, Original'!$D121:$AA121))} -> 0.53222263 | G94: {='Pc, Original'!G121/MAX(ABS('Pc, Original'!$D121:$AA121))} -> 0.52131037 | H94: {='Pc, Original'!H121/MAX(ABS('Pc, Original'!$D121:$AA121))} -> 0.53431434 | I94: {='Pc, Original'!I121/MAX(ABS('Pc, Original'!$D121:$AA121))} -> 0.5426258 | J94: {='Pc, Original'!J121/MAX(ABS('Pc, Original'!$D121:$AA121))} -> 0.60121558 | K94: {='Pc, Original'!K121/MAX(ABS('Pc, Original'!$D121:$AA121))} -> 0.65432707 | ... AA94: {='Pc, Original'!AA121/MAX(ABS('Pc, Original'!$D121:$AA121))} -> 0.6863334
A95: 8 | B95: Autumn | C95: 1 | D95: {='Pc, Original'!D135/MAX(ABS('Pc, Original'!$D135:$AA135))} -> 0.35342378 | E95: {='Pc, Original'!E135/MAX(ABS('Pc, Original'!$D135:$AA135))} -> 0.33340515 | F95: {='Pc, Original'!F135/MAX(ABS('Pc, Original'!$D135:$AA135))} -> 0.32317025 | G95: {='Pc, Original'!G135/MAX(ABS('Pc, Original'!$D135:$AA135))} -> 0.33357708 | H95: {='Pc, Original'!H135/MAX(ABS('Pc, Original'!$D135:$AA135))} -> 0.37408698 | I95: {='Pc, Original'!I135/MAX(ABS('Pc, Original'!$D135:$AA135))} -> 0.45031522 | J95: {='Pc, Original'!J135/MAX(ABS('Pc, Original'!$D135:$AA135))} -> 0.78566318 | K95: {='Pc, Original'!K135/MAX(ABS('Pc, Original'!$D135:$AA135))} -> 0.96046425 | ... AA95: {='Pc, Original'!AA135/MAX(ABS('Pc, Original'!$D135:$AA135))} -> 0.4358092
A96: 8 | B96: Autumn | C96: 2 | D96: {='Pc, Original'!D149/MAX(ABS('Pc, Original'!$D149:$AA149))} -> 0.46611208 | E96: {='Pc, Original'!E149/MAX(ABS('Pc, Original'!$D149:$AA149))} -> 0.43056368 | F96: {='Pc, Original'!F149/MAX(ABS('Pc, Original'!$D149:$AA149))} -> 0.41397896 | G96: {='Pc, Original'!G149/MAX(ABS('Pc, Original'!$D149:$AA149))} -> 0.4081551 | H96: {='Pc, Original'!H149/MAX(ABS('Pc, Original'!$D149:$AA149))} -> 0.42322207 | I96: {='Pc, Original'!I149/MAX(ABS('Pc, Original'!$D149:$AA149))} -> 0.47778533 | J96: {='Pc, Original'!J149/MAX(ABS('Pc, Original'!$D149:$AA149))} -> 0.69731744 | K96: {='Pc, Original'!K149/MAX(ABS('Pc, Original'!$D149:$AA149))} -> 0.82256824 | ... AA96: {='Pc, Original'!AA149/MAX(ABS('Pc, Original'!$D149:$AA149))} -> 0.55432225
A97: 8 | B97: Autumn | C97: 3 | D97: {='Pc, Original'!D163/MAX(ABS('Pc, Original'!$D163:$AA163))} -> 0.53229603 | E97: {='Pc, Original'!E163/MAX(ABS('Pc, Original'!$D163:$AA163))} -> 0.49964425 | F97: {='Pc, Original'!F163/MAX(ABS('Pc, Original'!$D163:$AA163))} -> 0.46395062 | G97: {='Pc, Original'!G163/MAX(ABS('Pc, Original'!$D163:$AA163))} -> 0.45235115 | H97: {='Pc, Original'!H163/MAX(ABS('Pc, Original'!$D163:$AA163))} -> 0.46058148 | I97: {='Pc, Original'!I163/MAX(ABS('Pc, Original'!$D163:$AA163))} -> 0.47696511 | J97: {='Pc, Original'!J163/MAX(ABS('Pc, Original'!$D163:$AA163))} -> 0.52518234 | K97: {='Pc, Original'!K163/MAX(ABS('Pc, Original'!$D163:$AA163))} -> 0.61687105 | ... AA97: {='Pc, Original'!AA163/MAX(ABS('Pc, Original'!$D163:$AA163))} -> 0.63624841
A98: 9 | B98: Winter | C98: 1 | D98: {='Pc, Original'!D10/MAX(ABS('Pc, Original'!$D10:$AA10))} -> 1 | E98: {='Pc, Original'!E10/MAX(ABS('Pc, Original'!$D10:$AA10))} -> 1 | F98: {='Pc, Original'!F10/MAX(ABS('Pc, Original'!$D10:$AA10))} -> 1 | G98: {='Pc, Original'!G10/MAX(ABS('Pc, Original'!$D10:$AA10))} -> 1 | H98: {='Pc, Original'!H10/MAX(ABS('Pc, Original'!$D10:$AA10))} -> 1 | I98: {='Pc, Original'!I10/MAX(ABS('Pc, Original'!$D10:$AA10))} -> 1 | J98: {='Pc, Original'!J10/MAX(ABS('Pc, Original'!$D10:$AA10))} -> 1 | K98: {='Pc, Original'!K10/MAX(ABS('Pc, Original'!$D10:$AA10))} -> 1 | ... AA98: {='Pc, Original'!AA10/MAX(ABS('Pc, Original'!$D10:$AA10))} -> 1
A99: 9 | B99: Winter | C99: 2 | D99: {='Pc, Original'!D24/MAX(ABS('Pc, Original'!$D24:$AA24))} -> 1 | E99: {='Pc, Original'!E24/MAX(ABS('Pc, Original'!$D24:$AA24))} -> 1 | F99: {='Pc, Original'!F24/MAX(ABS('Pc, Original'!$D24:$AA24))} -> 1 | G99: {='Pc, Original'!G24/MAX(ABS('Pc, Original'!$D24:$AA24))} -> 1 | H99: {='Pc, Original'!H24/MAX(ABS('Pc, Original'!$D24:$AA24))} -> 1 | I99: {='Pc, Original'!I24/MAX(ABS('Pc, Original'!$D24:$AA24))} -> 1 | J99: {='Pc, Original'!J24/MAX(ABS('Pc, Original'!$D24:$AA24))} -> 1 | K99: {='Pc, Original'!K24/MAX(ABS('Pc, Original'!$D24:$AA24))} -> 1 | ... AA99: {='Pc, Original'!AA24/MAX(ABS('Pc, Original'!$D24:$AA24))} -> 1
A100: 9 | B100: Winter | C100: 3 | D100: {='Pc, Original'!D38/MAX(ABS('Pc, Original'!$D38:$AA38))} -> 1 | E100: {='Pc, Original'!E38/MAX(ABS('Pc, Original'!$D38:$AA38))} -> 1 | F100: {='Pc, Original'!F38/MAX(ABS('Pc, Original'!$D38:$AA38))} -> 1 | G100: {='Pc, Original'!G38/MAX(ABS('Pc, Original'!$D38:$AA38))} -> 1 | H100: {='Pc, Original'!H38/MAX(ABS('Pc, Original'!$D38:$AA38))} -> 1 | I100: {='Pc, Original'!I38/MAX(ABS('Pc, Original'!$D38:$AA38))} -> 1 | J100: {='Pc, Original'!J38/MAX(ABS('Pc, Original'!$D38:$AA38))} -> 1 | K100: {='Pc, Original'!K38/MAX(ABS('Pc, Original'!$D38:$AA38))} -> 1 | ... AA100: {='Pc, Original'!AA38/MAX(ABS('Pc, Original'!$D38:$AA38))} -> 1
...

Sheet Pc2
A1: LoadID | B1: Season | C1: Scenario | D1: 0 | E1: 1 | F1: 2 | G1: 3 | H1: 4 | I1: 5 | J1: 6 | K1: 7 | L1: 8 | M1: 9 | N1: 10 | O1: 11 | P1: 12 | Q1: 13 | R1: 14 | S1: 15 | T1: 16 | U1: 17 | V1: 18 | W1: 19 | X1: 20 | Y1: 21 | Z1: 22 | AA1: 23
A2: 1 | B2: Winter | C2: 1 | D2: 0.99004291 | E2: 0.95485789 | F2: 0.92380609 | G2: 0.93519198 | H2: 0.91134295 | I2: 0.90584499 | J2: 0.86696831 | K2: 0.93239112 | L2: 0.9477077 | M2: 0.91824517 | N2: 0.91700555 | O2: 0.90910636 | P2: 0.92872965 | Q2: 0.89793275 | R2: 0.88695536 | S2: 0.90053541 | T2: 0.91800172 | U2: 0.90732778 | V2: 0.90752341 | W2: 0.87905027 | X2: 0.87532605 | Y2: 0.86167739 | Z2: 0.84920154 | AA2: 0.87046182
A3: 1 | B3: Winter | C3: 2 | D3: 1 | E3: 0.94829699 | F3: 0.91457089 | G3: 0.92757695 | H3: 0.91252175 | I3: 0.88618305 | J3: 0.81212108 | K3: 0.87392989 | L3: 0.89541541 | M3: 0.87750836 | N3: 0.86380314 | O3: 0.87609296 | P3: 0.87442863 | Q3: 0.8440194 | R3: 0.81626193 | S3: 0.82223563 | T3: 0.83754337 | U3: 0.81529139 | V3: 0.8228756 | W3: 0.81230281 | X3: 0.80178695 | Y3: 0.79055216 | Z3: 0.77405496 | AA3: 0.79994105
A4: 1 | B4: Winter | C4: 3 | D4: 0.98008583 | E4: 0.96141879 | F4: 0.9330413 | G4: 0.94280702 | H4: 0.91016414 | I4: 0.92550694 | J4: 0.92181555 | K4: 0.99085234 | L4: 1 | M4: 0.95898199 | N4: 0.97020795 | O4: 0.94211975 | P4: 0.98303067 | Q4: 0.9518461 | R4: 0.9576488 | S4: 0.97883518 | T4: 0.99846007 | U4: 0.99936416 | V4: 0.99217122 | W4: 0.94579774 | X4: 0.94886516 | Y4: 0.93280263 | Z4: 0.92434812 | AA4: 0.94098259
A5: 1 | B5: Spring | C5: 1 | D5: 0.78562204 | E5: 0.78783004 | F5: 0.75295167 | G5: 0.75996565 | H5: 0.7787142 | I5: 0.78473197 | J5: 0.76628383 | K5: 0.9084596 | L5: 0.99176387 | M5: 0.95526779 | N5: 0.98120796 | O5: 0.98536832 | P5: 1 | Q5: 0.96369175 | R5: 0.87054406 | S5: 0.92057287 | T5: 0.96935827 | U5: 0.92913006 | V5: 0.87634941 | W5: 0.85180972 | X5: 0.86280104 | Y5: 0.83487143 | Z5: 0.73815252 | AA5: 0.75054032
A6: 1 | B6: Spring | C6: 2 | D6: 0.83892224 | E6: 0.83067509 | F6: 0.81986824 | G6: 0.81185081 | H6: 0.81385034 | I6: 0.82856339 | J6: 0.80344982 | K6: 0.88783168 | L6: 0.93953607 | M6: 0.92707919 | N6: 0.94316549 | O6: 0.95130272 | P6: 0.9712479 | Q6: 0.93909511 | R6: 0.89803169 | S6: 0.94399465 | T6: 0.98467914 | U6: 0.95304222 | V6: 0.89982395 | W6: 0.87502816 | X6: 0.87643894 | Y6: 0.85664198 | Z6: 0.79669884 | AA6: 0.84036942
A7: 1 | B7: Spring | C7: 3 | D7: 0.89222244 | E7: 0.87352014 | F7: 0.8867848 | G7: 0.86373597 | H7: 0.84898648 | I7: 0.87239482 | J7: 0.84061581 | K7: 0.86720376 | L7: 0.88730827 | M7: 0.89889059 | N7: 0.90512303 | O7: 0.91723711 | P7: 0.94249581 | Q7: 0.91449847 | R7: 0.92551933 | S7: 0.96741644 | T7: 1 | U7: 0.97695439 | V7: 0.92329849 | W7: 0.8982466 | X7: 0.89007685 | Y7: 0.87841254 | Z7: 0.85524517 | AA7: 0.93019853
A8: 1 | B8: Summer | C8: 1 | D8: 0.79737138 | E8: 0.7891799 | F8: 0.76060174 | G8: 0.74671229 | H8: 0.74176372 | I8: 0.75238782 | J8: 0.74622783 | K8: 0.9121625 | L8: 0.98141743 | M8: 0.96866649 | N8: 0.9525864 | O8: 0.96429838 | P8: 1 | Q8: 0.98081933 | R8: 0.90490472 | S8: 0.93278525 | T8: 0.94351544 | U8: 0.91226951 | V8: 0.8659863 | W8: 0.85509977 | X8: 0.85250754 | Y8: 0.84290007 | Z8: 0.77896783 | AA8: 0.75321016
A9: 1 | B9: Summer | C9: 2 | D9: 0.84229427 | E9: 0.81764669 | F9: 0.79078157 | G9: 0.78559049 | H9: 0.77948323 | I9: 0.78586423 | J9: 0.7810093 | K9: 0.87729499 | L9: 0.9328569 | M9: 0.95904899 | N9: 0.9493588 | O9: 0.95016476 | P9: 0.96098533 | Q9: 0.96090792 | R9: 0.91847438 | S9: 0.94117383 | T9: 0.97175772 | U9: 0.93178413 | V9: 0.90419646 | W9: 0.90595116 | X9: 0.91331764 | Y9: 0.87631817 | Z9: 0.83166218 | AA9: 0.80977281
A10: 1 | B10: Summer | C10: 3 | D10: 0.88721716 | E10: 0.84611348 | F10: 0.8209614 | G10: 0.82446869 | H10: 0.81720275 | I10: 0.81934064 | J10: 0.81579076 | K10: 0.84242748 | L10: 0.88429638 | M10: 0.9494315 | N10: 0.9461312 | O10: 0.93603113 | P10: 0.92197066 | Q10: 0.9409965 | R10: 0.93204404 | S10: 0.9495624 | T10: 1 | U10: 0.95129875 | V10: 0.94240663 | W10: 0.95680254 | X10: 0.97412775 | Y10: 0.90973626 | Z10: 0.88435654 | AA10: 0.86633546
A11: 1 | B11: Autumn | C11: 1 | D11: 0.99085267 | E11: 0.99888285 | F11: 0.95393752 | G11: 0.98119581 | H11: 0.93790569 | I11: 0.95488463 | J11: 0.90201318 | K11: 0.90966178 | L11: 0.89486028 | M11: 0.79617434 | N11: 0.78619253 | O11: 0.77672309 | P11: 0.8461639 | Q11: 0.80400742 | R11: 0.85695013 | S11: 0.89922467 | T11: 0.91137089 | U11: 0.88544809 | V11: 0.88687295 | W11: 0.88841892 | X11: 0.88992029 | Y11: 0.84578878 | Z11: 0.85949522 | AA11: 0.86468323
A12: 1 | B12: Autumn | C12: 2 | D12: 0.99225839 | E12: 1 | F12: 0.9556947 | G12: 0.97238158 | H12: 0.92810023 | I12: 0.90976925 | J12: 0.86244287 | K12: 0.85260084 | L12: 0.89948238 | M12: 0.87123003 | N12: 0.88289446 | O12: 0.86116483 | P12: 0.89853493 | Q12: 0.86491655 | R12: 0.91038019 | S12: 0.87517637 | T12: 0.86809644 | U12: 0.83369119 | V12: 0.8464066 | W12: 0.82132391 | X12: 0.85526979 | Y12: 0.79190718 | Z12: 0.83628227 | AA12: 0.83657048
A13: 1 | B13: Autumn | C13: 3 | D13: 0.98944695 | E13: 0.99776571 | F13: 0.95218035 | G13: 0.99001004 | H13: 0.94771115 | I13: 1 | J13: 0.9415835 | K13: 0.96672272 | L13: 0.89023818 | M13: 0.72111866 | N13: 0.6894906 | O13: 0.69228134 | P13: 0.79379287 | Q13: 0.74309828 | R13: 0.80352006 | S13: 0.92327297 | T13: 0.95464535 | U13: 0.93720499 | V13: 0.92733929 | W13: 0.95551393 | X13: 0.92457079 | Y13: 0.89967038 | Z13: 0.88270816 | AA13: 0.89279599
... A169: 14 | B169: Autumn | C169: 3 | D169: 0.51932547 | E169: 0.4808909 | F169: 0.47320318 | G169: 0.46439245 | H169: 0.47653368 | I169: 0.52371931 | J169: 0.64998102 | K169: 0.78827856 | L169: 0.83735574 | M169: 0.88342416 | N169: 0.87844511 | O169: 0.89058657 | P169: 0.90381724 | Q169: 0.88936938 | R169: 0.86624082 | S169: 0.84217662 | T169: 0.86201957 | U169: 0.95547303 | V169: 1 | W169: 0.97486284 | X169: 0.89749 | Y169: 0.8010915 | Z169: 0.7156427 | AA169: 0.63558582

Sheet Qc
A1: LoadID | B1: Season | C1: Scenario | D1: 0 | E1: 1 | F1: 2 | G1: 3 | H1: 4 | I1: 5 | J1: 6 | K1: 7 | L1: 8 | M1: 9 | N1: 10 | O1: 11 | P1: 12 | Q1: 13 | R1: 14 | S1: 15 | T1: 16 | U1: 17 | V1: 18 | W1: 19 | X1: 20 | Y1: 21 | Z1: 22 | AA1: 23
A2: 1 | B2: Winter | C2: 1 | D2: {='Qc, Original'!D2/MAX(ABS('Qc, Original'!$D2:$AA2))} -> 0.59505083 | E2: {='Qc, Original'!E2/MAX(ABS('Qc, Original'!$D2:$AA2))} -> 0.42041346 | F2: {='Qc, Original'!F2/MAX(ABS('Qc, Original'!$D2:$AA2))} -> 0.3644532 | G2: {='Qc, Original'!G2/MAX(ABS('Qc, Original'!$D2:$AA2))} -> 0.46716578 | H2: {='Qc, Original'!H2/MAX(ABS('Qc, Original'!$D2:$AA2))} -> 0.40224353 | I2: {='Qc, Original'!I2/MAX(ABS('Qc, Original'!$D2:$AA2))} -> 0.33071283 | J2: {='Qc, Original'!J2/MAX(ABS('Qc, Original'!$D2:$AA2))} -> 0.27363132 | K2: {='Qc, Original'!K2/MAX(ABS('Qc, Original'!$D2:$AA2))} -> 0.95621405 | ... AA2: {='Qc, Original'!AA2/MAX(ABS('Qc, Original'!$D2:$AA2))} -> 0.29990045
A3: 1 | B3: Winter | C3: 2 | D3: {='Qc, Original'!D16/MAX(ABS('Qc, Original'!$D16:$AA16))} -> 1 | E3: {='Qc, Original'!E16/MAX(ABS('Qc, Original'!$D16:$AA16))} -> 0.67739174 | F3: {='Qc, Original'!F16/MAX(ABS('Qc, Original'!$D16:$AA16))} -> 0.56805464 | G3: {='Qc, Original'!G16/MAX(ABS('Qc, Original'!$D16:$AA16))} -> 0.53857764 | H3: {='Qc, Original'!H16/MAX(ABS('Qc, Original'!$D16:$AA16))} -> 0.59857411 | I3: {='Qc, Original'!I16/MAX(ABS('Qc, Original'!$D16:$AA16))} -> 0.32097491 | J3: {='Qc, Original'!J16/MAX(ABS('Qc, Original'!$D16:$AA16))} -> 0.13777161 | K3: {='Qc, Original'!K16/MAX(ABS('Qc, Original'!$D16:$AA16))} -> 0.42327599 | ... AA3: {='Qc, Original'!AA16/MAX(ABS('Qc, Original'!$D16:$AA16))} -> 0.48888959
A4: 1 | B4: Winter | C4: 3 | D4: {='Qc, Original'!D30/MAX(ABS('Qc, Original'!$D30:$AA30))} -> 0.97547591 | E4: {='Qc, Original'!E30/MAX(ABS('Qc, Original'!$D30:$AA30))} -> 1 | F4: {='Qc, Original'!F30/MAX(ABS('Qc, Original'!$D30:$AA30))} -> 0.74003707 | G4: {='Qc, Original'!G30/MAX(ABS('Qc, Original'!$D30:$AA30))} -> 0.56209922 | H4: {='Qc, Original'!H30/MAX(ABS('Qc, Original'!$D30:$AA30))} -> 0.6408729 | I4: {='Qc, Original'!I30/MAX(ABS('Qc, Original'!$D30:$AA30))} -> 0.62549913 | J4: {='Qc, Original'!J30/MAX(ABS('Qc, Original'!$D30:$AA30))} -> 0.48518363 | K4: {='Qc, Original'!K30/MAX(ABS('Qc, Original'!$D30:$AA30))} -> 0.52429159 | ... AA4: {='Qc, Original'!AA30/MAX(ABS('Qc, Original'!$D30:$AA30))} -> 0.82062233
A5: 1 | B5: Spring | C5: 1 | D5: {='Qc, Original'!D44/MAX(ABS('Qc, Original'!$D44:$AA44))} -> 0.44830857 | E5: {='Qc, Original'!E44/MAX(ABS('Qc, Original'!$D44:$AA44))} -> 0.40994863 | F5: {='Qc, Original'!F44/MAX(ABS('Qc, Original'!$D44:$AA44))} -> 0.40976361 | G5: {='Qc, Original'!G44/MAX(ABS('Qc, Original'!$D44:$AA44))} -> 0.37913423 | H5: {='Qc, Original'!H44/MAX(ABS('Qc, Original'!$D44:$AA44))} -> 0.38703269 | I5: {='Qc, Original'!I44/MAX(ABS('Qc, Original'!$D44:$AA44))} -> 0.4146225 | J5: {='Qc, Original'!J44/MAX(ABS('Qc, Original'!$D44:$AA44))} -> 0.44274678 | K5: {='Qc, Original'!K44/MAX(ABS('Qc, Original'!$D44:$AA44))} -> 0.73478243 | ... AA5: {='Qc, Original'!AA44/MAX(ABS('Qc, Original'!$D44:$AA44))} -> 0.36120143
A6: 1 | B6: Spring | C6: 2 | D6: {='Qc, Original'!D58/MAX(ABS('Qc, Original'!$D58:$AA58))} -> 0.7701522 | E6: {='Qc, Original'!E58/MAX(ABS('Qc, Original'!$D58:$AA58))} -> 0.78259648 | F6: {='Qc, Original'!F58/MAX(ABS('Qc, Original'!$D58:$AA58))} -> 0.84818651 | G6: {='Qc, Original'!G58/MAX(ABS('Qc, Original'!$D58:$AA58))} -> 0.9332284 | H6: {='Qc, Original'!H58/MAX(ABS('Qc, Original'!$D58:$AA58))} -> 0.74541139 | I6: {='Qc, Original'!I58/MAX(ABS('Qc, Original'!$D58:$AA58))} -> 0.67947202 | J6: {='Qc, Original'!J58/MAX(ABS('Qc, Original'!$D58:$AA58))} -> 0.38215304 | K6: {='Qc, Original'!K58/MAX(ABS('Qc, Original'!$D58:$AA58))} -> 0.81897937 | ... AA6: {='Qc, Original'!AA58/MAX(ABS('Qc, Original'!$D58:$AA58))} -> 0.44239601
A7: 1 | B7: Spring | C7: 3 | D7: {='Qc, Original'!D72/MAX(ABS('Qc, Original'!$D72:$AA72))} -> 0.58009688 | E7: {='Qc, Original'!E72/MAX(ABS('Qc, Original'!$D72:$AA72))} -> 0.57476864 | F7: {='Qc, Original'!F72/MAX(ABS('Qc, Original'!$D72:$AA72))} -> 0.61226291 | G7: {='Qc, Original'!G72/MAX(ABS('Qc, Original'!$D72:$AA72))} -> 0.532992 | H7: {='Qc, Original'!H72/MAX(ABS('Qc, Original'!$D72:$AA72))} -> 0.45060313 | I7: {='Qc, Original'!I72/MAX(ABS('Qc, Original'!$D72:$AA72))} -> 0.52576948 | J7: {='Qc, Original'!J72/MAX(ABS('Qc, Original'!$D72:$AA72))} -> 0.4581218 | K7: {='Qc, Original'!K72/MAX(ABS('Qc, Original'!$D72:$AA72))} -> 0.55685024 | ... AA7: {='Qc, Original'!AA72/MAX(ABS('Qc, Original'!$D72:$AA72))} -> 0.42406102
A8: 1 | B8: Summer | C8: 1 | D8: {='Qc, Original'!D86/MAX(ABS('Qc, Original'!$D86:$AA86))} -> 0.41521008 | E8: {='Qc, Original'!E86/MAX(ABS('Qc, Original'!$D86:$AA86))} -> 0.45516367 | F8: {='Qc, Original'!F86/MAX(ABS('Qc, Original'!$D86:$AA86))} -> 0.4317808 | G8: {='Qc, Original'!G86/MAX(ABS('Qc, Original'!$D86:$AA86))} -> 0.43101732 | H8: {='Qc, Original'!H86/MAX(ABS('Qc, Original'!$D86:$AA86))} -> 0.42243023 | I8: {='Qc, Original'!I86/MAX(ABS('Qc, Original'!$D86:$AA86))} -> 0.44684594 | J8: {='Qc, Original'!J86/MAX(ABS('Qc, Original'!$D86:$AA86))} -> 0.45818075 | K8: {='Qc, Original'!K86/MAX(ABS('Qc, Original'!$D86:$AA86))} -> 0.8595822 | ... AA8: {='Qc, Original'!AA86/MAX(ABS('Qc, Original'!$D86:$AA86))} -> 0.43505192
A9: 1 | B9: Summer | C9: 2 | D9: {='Qc, Original'!D100/MAX(ABS('Qc, Original'!$D100:$AA100))} -> 0.91777872 | E9: {='Qc, Original'!E100/MAX(ABS('Qc, Original'!$D100:$AA100))} -> 0.96511038 | F9: {='Qc, Original'!F100/MAX(ABS('Qc, Original'!$D100:$AA100))} -> 1 | G9: {='Qc, Original'!G100/MAX(ABS('Qc, Original'!$D100:$AA100))} -> 0.85463419 | H9: {='Qc, Original'!H100/MAX(ABS('Qc, Original'!$D100:$AA100))} -> 0.72452774 | I9: {='Qc, Original'!I100/MAX(ABS('Qc, Original'!$D100:$AA100))} -> 0.77348127 | J9: {='Qc, Original'!J100/MAX(ABS('Qc, Original'!$D100:$AA100))} -> 0.51728716 | K9: {='Qc, Original'!K100/MAX(ABS('Qc, Original'!$D100:$AA100))} -> 0.41869702 | ... AA9: {='Qc, Original'!AA100/MAX(ABS('Qc, Original'!$D100:$AA100))} -> 0.48488057
A10: 1 | B10: Summer | C10: 3 | D10: {='Qc, Original'!D114/MAX(ABS('Qc, Original'!$D114:$AA114))} -> 0.39020797 | E10: {='Qc, Original'!E114/MAX(ABS('Qc, Original'!$D114:$AA114))} -> 0.35403736 | F10: {='Qc, Original'!F114/MAX(ABS('Qc, Original'!$D114:$AA114))} -> 0.26844766 | G10: {='Qc, Original'!G114/MAX(ABS('Qc, Original'!$D114:$AA114))} -> 0.27896497 | H10: {='Qc, Original'!H114/MAX(ABS('Qc, Original'!$D114:$AA114))} -> 0.36008013 | I10: {='Qc, Original'!I114/MAX(ABS('Qc, Original'!$D114:$AA114))} -> 0.36926083 | J10: {='Qc, Original'!J114/MAX(ABS('Qc, Original'!$D114:$AA114))} -> 0.29203863 | K10: {='Qc, Original'!K114/MAX(ABS('Qc, Original'!$D114:$AA114))} -> 0.38227677 | ... AA10: {='Qc, Original'!AA114/MAX(ABS('Qc, Original'!$D114:$AA114))} -> 0.47736651
A11: 1 | B11: Autumn | C11: 1 | D11: {='Qc, Original'!D128/MAX(ABS('Qc, Original'!$D128:$AA128))} -> 0.058755511 | E11: {='Qc, Original'!E128/MAX(ABS('Qc, Original'!$D128:$AA128))} -> 0.065859926 | F11: {='Qc, Original'!F128/MAX(ABS('Qc, Original'!$D128:$AA128))} -> -0.00016976811 | G11: {='Qc, Original'!G128/MAX(ABS('Qc, Original'!$D128:$AA128))} -> 0.03528724 | H11: {='Qc, Original'!H128/MAX(ABS('Qc, Original'!$D128:$AA128))} -> 0.041085742 | I11: {='Qc, Original'!I128/MAX(ABS('Qc, Original'!$D128:$AA128))} -> 0.073290938 | J11: {='Qc, Original'!J128/MAX(ABS('Qc, Original'!$D128:$AA128))} -> 0.044559653 | K11: {='Qc, Original'!K128/MAX(ABS('Qc, Original'!$D128:$AA128))} -> 0.66567571 | ... AA11: {='Qc, Original'!AA128/MAX(ABS('Qc, Original'!$D128:$AA128))} -> 0.085786378
A12: 1 | B12: Autumn | C12: 2 | D12: {='Qc, Original'!D142/MAX(ABS('Qc, Original'!$D142:$AA142))} -> 1 | E12: {='Qc, Original'!E142/MAX(ABS('Qc, Original'!$D142:$AA142))} -> 0.73461794 | F12: {='Qc, Original'!F142/MAX(ABS('Qc, Original'!$D142:$AA142))} -> 0.94547553 | G12: {='Qc, Original'!G142/MAX(ABS('Qc, Original'!$D142:$AA142))} -> 0.36590752 | H12: {='Qc, Original'!H142/MAX(ABS('Qc, Original'!$D142:$AA142))} -> 0.56275543 | I12: {='Qc, Original'!I142/MAX(ABS('Qc, Original'!$D142:$AA142))} -> -0.0060710941 | J12: {='Qc, Original'!J142/MAX(ABS('Qc, Original'!$D142:$AA142))} -> 0.067017473 | K12: {='Qc, Original'!K142/MAX(ABS('Qc, Original'!$D142:$AA142))} -> 0.31115003 | ... AA12: {='Qc, Original'!AA142/MAX(ABS('Qc, Original'!$D142:$AA142))} -> 0.14197308
A13: 1 | B13: Autumn | C13: 3 | D13: {='Qc, Original'!D156/MAX(ABS('Qc, Original'!$D156:$AA156))} -> -0.19317648 | E13: {='Qc, Original'!E156/MAX(ABS('Qc, Original'!$D156:$AA156))} -> 0.094855555 | F13: {='Qc, Original'!F156/MAX(ABS('Qc, Original'!$D156:$AA156))} -> 0.069565917 | G13: {='Qc, Original'!G156/MAX(ABS('Qc, Original'!$D156:$AA156))} -> 0.21602448 | H13: {='Qc, Original'!H156/MAX(ABS('Qc, Original'!$D156:$AA156))} -> 0.55180121 | I13: {='Qc, Original'!I156/MAX(ABS('Qc, Original'!$D156:$AA156))} -> -0.30110984 | J13: {='Qc, Original'!J156/MAX(ABS('Qc, Original'!$D156:$AA156))} -> 0.64295295 | K13: {='Qc, Original'!K156/MAX(ABS('Qc, Original'!$D156:$AA156))} -> -0.11967195 | ... AA13: {='Qc, Original'!AA156/MAX(ABS('Qc, Original'!$D156:$AA156))} -> 0.27227597
A14: 2 | B14: Winter | C14: 1 | D14: {='Qc, Original'!D3/MAX(ABS('Qc, Original'!$D3:$AA3))} -> -0.93072593 | E14: {='Qc, Original'!E3/MAX(ABS('Qc, Original'!$D3:$AA3))} -> -0.93052073 | F14: {='Qc, Original'!F3/MAX(ABS('Qc, Original'!$D3:$AA3))} -> -0.95619658 | G14: {='Qc, Original'!G3/MAX(ABS('Qc, Original'!$D3:$AA3))} -> -1 | H14: {='Qc, Original'!H3/MAX(ABS('Qc, Original'!$D3:$AA3))} -> -0.99039687 | I14: {='Qc, Original'!I3/MAX(ABS('Qc, Original'!$D3:$AA3))} -> -0.90895283 | J14: {='Qc, Original'!J3/MAX(ABS('Qc, Original'!$D3:$AA3))} -> -0.57634762 | K14: {='Qc, Original'!K3/MAX(ABS('Qc, Original'!$D3:$AA3))} -> -0.11079055 | ... AA14: {='Qc, Original'!AA3/MAX(ABS('Qc, Original'!$D3:$AA3))} -> -0.78042015
A15: 2 | B15: Winter | C15: 2 | D15: {='Qc, Original'!D17/MAX(ABS('Qc, Original'!$D17:$AA17))} -> -0.85189408 | E15: {='Qc, Original'!E17/MAX(ABS('Qc, Original'!$D17:$AA17))} -> -0.92163252 | F15: {='Qc, Original'!F17/MAX(ABS('Qc, Original'!$D17:$AA17))} -> -0.87236616 | G15: {='Qc, Original'!G17/MAX(ABS('Qc, Original'!$D17:$AA17))} -> -1 | H15: {='Qc, Original'!H17/MAX(ABS('Qc, Original'!$D17:$AA17))} -> -0.94254593 | I15: {='Qc, Original'!I17/MAX(ABS('Qc, Original'!$D17:$AA17))} -> -0.84784337 | J15: {='Qc, Original'!J17/MAX(ABS('Qc, Original'!$D17:$AA17))} -> -0.71365043 | K15: {='Qc, Original'!K17/MAX(ABS('Qc, Original'!$D17:$AA17))} -> -0.39982834 | ... AA15: {='Qc, Original'!AA17/MAX(ABS('Qc, Original'!$D17:$AA17))} -> -0.76199197
A16: 2 | B16: Winter | C16: 3 | D16: {='Qc, Original'!D31/MAX(ABS('Qc, Original'!$D31:$AA31))} -> -0.8844246 | E16: {='Qc, Original'!E31/MAX(ABS('Qc, Original'!$D31:$AA31))} -> -0.92894821 | F16: {='Qc, Original'!F31/MAX(ABS('Qc, Original'!$D31:$AA31))} -> -0.96149017 | G16: {='Qc, Original'!G31/MAX(ABS('Qc, Original'!$D31:$AA31))} -> -0.97855671 | H16: {='Qc, Original'!H31/MAX(ABS('Qc, Original'!$D31:$AA31))} -> -1 | I16: {='Qc, Original'!I31/MAX(ABS('Qc, Original'!$D31:$AA31))} -> -0.85807341 | J16: {='Qc, Original'!J31/MAX(ABS('Qc, Original'!$D31:$AA31))} -> -0.73825495 | K16: {='Qc, Original'!K31/MAX(ABS('Qc, Original'!$D31:$AA31))} -> -0.50754902 | ... AA16: {='Qc, Original'!AA31/MAX(ABS('Qc, Original'!$D31:$AA31))} -> -0.72857278
A17: 2 | B17: Spring | C17: 1 | D17: {='Qc, Original'!D45/MAX(ABS('Qc, Original'!$D45:$AA45))} -> -0.71775781 | E17: {='Qc, Original'!E45/MAX(ABS('Qc, Original'!$D45:$AA45))} -> -0.70664715 | F17: {='Qc, Original'!F45/MAX(ABS('Qc, Original'!$D45:$AA45))} -> -0.83573228 | G17: {='Qc, Original'!G45/MAX(ABS('Qc, Original'!$D45:$AA45))} -> -0.9812496 | H17: {='Qc, Original'!H45/MAX(ABS('Qc, Original'!$D45:$AA45))} -> -0.87076182 | I17: {='Qc, Original'!I45/MAX(ABS('Qc, Original'!$D45:$AA45))} -> -1 | J17: {='Qc, Original'!J45/MAX(ABS('Qc, Original'!$D45:$AA45))} -> -0.9649706 | K17: {='Qc, Original'!K45/MAX(ABS('Qc, Original'!$D45:$AA45))} -> -0.039387782 | ... AA17: {='Qc, Original'!AA45/MAX(ABS('Qc, Original'!$D45:$AA45))} -> -0.27541352
A18: 2 | B18: Spring | C18: 2 | D18: {='Qc, Original'!D59/MAX(ABS('Qc, Original'!$D59:$AA59))} -> -0.53491593 | E18: {='Qc, Original'!E59/MAX(ABS('Qc, Original'!$D59:$AA59))} -> -0.46582942 | F18: {='Qc, Original'!F59/MAX(ABS('Qc, Original'!$D59:$AA59))} -> -0.54552757 | G18: {='Qc, Original'!G59/MAX(ABS('Qc, Original'!$D59:$AA59))} -> -0.65763383 | H18: {='Qc, Original'!H59/MAX(ABS('Qc, Original'!$D59:$AA59))} -> -0.71147752 | I18: {='Qc, Original'!I59/MAX(ABS('Qc, Original'!$D59:$AA59))} -> -0.81902389 | J18: {='Qc, Original'!J59/MAX(ABS('Qc, Original'!$D59:$AA59))} -> -1 | K18: {='Qc, Original'!K59/MAX(ABS('Qc, Original'!$D59:$AA59))} -> -0.26120757 | ... AA18: {='Qc, Original'!AA59/MAX(ABS('Qc, Original'!$D59:$AA59))} -> -0.85092984
A19: 2 | B19: Spring | C19: 3 | D19: {='Qc, Original'!D73/MAX(ABS('Qc, Original'!$D73:$AA73))} -> -0.83354065 | E19: {='Qc, Original'!E73/MAX(ABS('Qc, Original'!$D73:$AA73))} -> -0.84980299 | F19: {='Qc, Original'!F73/MAX(ABS('Qc, Original'!$D73:$AA73))} -> -0.89390354 | G19: {='Qc, Original'!G73/MAX(ABS('Qc, Original'!$D73:$AA73))} -> -0.88300991 | H19: {='Qc, Original'!H73/MAX(ABS('Qc, Original'!$D73:$AA73))} -> -1 | I19: {='Qc, Original'!I73/MAX(ABS('Qc, Original'!$D73:$AA73))} -> -0.88622034 | J19: {='Qc, Original'!J73/MAX(ABS('Qc, Original'!$D73:$AA73))} -> -0.93926842 | K19: {='Qc, Original'!K73/MAX(ABS('Qc, Original'!$D73:$AA73))} -> -0.44662249 | ... AA19: {='Qc, Original'!AA73/MAX(ABS('Qc, Original'!$D73:$AA73))} -> -0.66265778
A20: 2 | B20: Summer | C20: 1 | D20: {='Qc, Original'!D87/MAX(ABS('Qc, Original'!$D87:$AA87))} -> 0.024147358 | E20: {='Qc, Original'!E87/MAX(ABS('Qc, Original'!$D87:$AA87))} -> -0.1193192 | F20: {='Qc, Original'!F87/MAX(ABS('Qc, Original'!$D87:$AA87))} -> -0.14169949 | G20: {='Qc, Original'!G87/MAX(ABS('Qc, Original'!$D87:$AA87))} -> -0.19204152 | H20: {='Qc, Original'!H87/MAX(ABS('Qc, Original'!$D87:$AA87))} -> -0.24423032 | I20: {='Qc, Original'!I87/MAX(ABS('Qc, Original'!$D87:$AA87))} -> -0.19812723 | J20: {='Qc, Original'!J87/MAX(ABS('Qc, Original'!$D87:$AA87))} -> -0.23127143 | K20: {='Qc, Original'!K87/MAX(ABS('Qc, Original'!$D87:$AA87))} -> 0.60598613 | ... AA20: {='Qc, Original'!AA87/MAX(ABS('Qc, Original'!$D87:$AA87))} -> 0.040236996
A21: 2 | B21: Summer | C21: 2 | D21: {='Qc, Original'!D101/MAX(ABS('Qc, Original'!$D101:$AA101))} -> -0.25673962 | E21: {='Qc, Original'!E101/MAX(ABS('Qc, Original'!$D101:$AA101))} -> -0.28370408 | F21: {='Qc, Original'!F101/MAX(ABS('Qc, Original'!$D101:$AA101))} -> -0.28352312 | G21: {='Qc, Original'!G101/MAX(ABS('Qc, Original'!$D101:$AA101))} -> -0.36524415 | H21: {='Qc, Original'!H101/MAX(ABS('Qc, Original'!$D101:$AA101))} -> -0.34183967 | I21: {='Qc, Original'!I101/MAX(ABS('Qc, Original'!$D101:$AA101))} -> -0.5158968 | J21: {='Qc, Original'!J101/MAX(ABS('Qc, Original'!$D101:$AA101))} -> -0.47593755 | K21: {='Qc, Original'!K101/MAX(ABS('Qc, Original'!$D101:$AA101))} -> 0.31626588 | ... AA21: {='Qc, Original'!AA101/MAX(ABS('Qc, Original'!$D101:$AA101))} -> -0.38355318
A22: 2 | B22: Summer | C22: 3 | D22: {='Qc, Original'!D115/MAX(ABS('Qc, Original'!$D115:$AA115))} -> -0.7890722 | E22: {='Qc, Original'!E115/MAX(ABS('Qc, Original'!$D115:$AA115))} -> -0.8906292 | F22: {='Qc, Original'!F115/MAX(ABS('Qc, Original'!$D115:$AA115))} -> -0.91268118 | G22: {='Qc, Original'!G115/MAX(ABS('Qc, Original'!$D115:$AA115))} -> -1 | H22: {='Qc, Original'!H115/MAX(ABS('Qc, Original'!$D115:$AA115))} -> -0.97418859 | I22: {='Qc, Original'!I115/MAX(ABS('Qc, Original'!$D115:$AA115))} -> -0.97128871 | J22: {='Qc, Original'!J115/MAX(ABS('Qc, Original'!$D115:$AA115))} -> -0.81758291 | K22: {='Qc, Original'!K115/MAX(ABS('Qc, Original'!$D115:$AA115))} -> -0.15251343 | ... AA22: {='Qc, Original'!AA115/MAX(ABS('Qc, Original'!$D115:$AA115))} -> -0.63410274
A23: 2 | B23: Autumn | C23: 1 | D23: {='Qc, Original'!D129/MAX(ABS('Qc, Original'!$D129:$AA129))} -> -0.92939651 | E23: {='Qc, Original'!E129/MAX(ABS('Qc, Original'!$D129:$AA129))} -> -0.9812366 | F23: {='Qc, Original'!F129/MAX(ABS('Qc, Original'!$D129:$AA129))} -> -0.9755945 | G23: {='Qc, Original'!G129/MAX(ABS('Qc, Original'!$D129:$AA129))} -> -1 | H23: {='Qc, Original'!H129/MAX(ABS('Qc, Original'!$D129:$AA129))} -> -0.93298851 | I23: {='Qc, Original'!I129/MAX(ABS('Qc, Original'!$D129:$AA129))} -> -0.82324707 | J23: {='Qc, Original'!J129/MAX(ABS('Qc, Original'!$D129:$AA129))} -> -0.39154145 | K23: {='Qc, Original'!K129/MAX(ABS('Qc, Original'!$D129:$AA129))} -> 0.24875122 | ... AA23: {='Qc, Original'!AA129/MAX(ABS('Qc, Original'!$D129:$AA129))} -> -0.56036064
A24: 2 | B24: Autumn | C24: 2 | D24: {='Qc, Original'!D143/MAX(ABS('Qc, Original'!$D143:$AA143))} -> -0.89241424 | E24: {='Qc, Original'!E143/MAX(ABS('Qc, Original'!$D143:$AA143))} -> -0.90094265 | F24: {='Qc, Original'!F143/MAX(ABS('Qc, Original'!$D143:$AA143))} -> -0.84827641 | G24: {='Qc, Original'!G143/MAX(ABS('Qc, Original'!$D143:$AA143))} -> -1 | H24: {='Qc, Original'!H143/MAX(ABS('Qc, Original'!$D143:$AA143))} -> -0.96738219 | I24: {='Qc, Original'!I143/MAX(ABS('Qc, Original'!$D143:$AA143))} -> -0.79357495 | J24: {='Qc, Original'!J143/MAX(ABS('Qc, Original'!$D143:$AA143))} -> -0.63720378 | K24: {='Qc, Original'!K143/MAX(ABS('Qc, Original'!$D143:$AA143))} -> 0.22367784 | ... AA24: {='Qc, Original'!AA143/MAX(ABS('Qc, Original'!$D143:$AA143))} -> -0.99784499
A25: 2 | B25: Autumn | C25: 3 | D25: {='Qc, Original'!D157/MAX(ABS('Qc, Original'!$D157:$AA157))} -> -0.97541955 | E25: {='Qc, Original'!E157/MAX(ABS('Qc, Original'!$D157:$AA157))} -> -0.96218065 | F25: {='Qc, Original'!F157/MAX(ABS('Qc, Original'!$D157:$AA157))} -> -0.99891916 | G25: {='Qc, Original'!G157/MAX(ABS('Qc, Original'!$D157:$AA157))} -> -0.98372154 | H25: {='Qc, Original'!H157/MAX(ABS('Qc, Original'!$D157:$AA157))} -> -1 | I25: {='Qc, Original'!I157/MAX(ABS('Qc, Original'!$D157:$AA157))} -> -0.9424196 | J25: {='Qc, Original'!J157/MAX(ABS('Qc, Original'!$D157:$AA157))} -> -0.90094339 | K25: {='Qc, Original'!K157/MAX(ABS('Qc, Original'!$D157:$AA157))} -> -0.57782928 | ... AA25: {='Qc, Original'!AA157/MAX(ABS('Qc, Original'!$D157:$AA157))} -> -0.88604573
A26: 3 | B26: Winter | C26: 1 | D26: {='Qc, Original'!D4/MAX(ABS('Qc, Original'!$D4:$AA4))} -> -0.91008854 | E26: {='Qc, Original'!E4/MAX(ABS('Qc, Original'!$D4:$AA4))} -> -0.98198818 | F26: {='Qc, Original'!F4/MAX(ABS('Qc, Original'!$D4:$AA4))} -> -1 | G26: {='Qc, Original'!G4/MAX(ABS('Qc, Original'!$D4:$AA4))} -> -0.98662664 | H26: {='Qc, Original'!H4/MAX(ABS('Qc, Original'!$D4:$AA4))} -> -0.98744724 | I26: {='Qc, Original'!I4/MAX(ABS('Qc, Original'!$D4:$AA4))} -> -0.82456072 | J26: {='Qc, Original'!J4/MAX(ABS('Qc, Original'!$D4:$AA4))} -> -0.030704185 | K26: {='Qc, Original'!K4/MAX(ABS('Qc, Original'!$D4:$AA4))} -> 0.42511583 | ... AA26: {='Qc, Original'!AA4/MAX(ABS('Qc, Original'!$D4:$AA4))} -> -0.78441459
A27: 3 | B27: Winter | C27: 2 | D27: {='Qc, Original'!D18/MAX(ABS('Qc, Original'!$D18:$AA18))} -> -0.91139442 | E27: {='Qc, Original'!E18/MAX(ABS('Qc, Original'!$D18:$AA18))} -> -0.93785394 | F27: {='Qc, Original'!F18/MAX(ABS('Qc, Original'!$D18:$AA18))} -> -1 | G27: {='Qc, Original'!G18/MAX(ABS('Qc, Original'!$D18:$AA18))} -> -0.99507433 | H27: {='Qc, Original'!H18/MAX(ABS('Qc, Original'!$D18:$AA18))} -> -0.99179918 | I27: {='Qc, Original'!I18/MAX(ABS('Qc, Original'!$D18:$AA18))} -> -0.9287544 | J27: {='Qc, Original'!J18/MAX(ABS('Qc, Original'!$D18:$AA18))} -> -0.49237675 | K27: {='Qc, Original'!K18/MAX(ABS('Qc, Original'!$D18:$AA18))} -> -0.53258596 | ... AA27: {='Qc, Original'!AA18/MAX(ABS('Qc, Original'!$D18:$AA18))} -> -0.90984526
A28: 3 | B28: Winter | C28: 3 | D28: {='Qc, Original'!D32/MAX(ABS('Qc, Original'!$D32:$AA32))} -> -0.99935686 | E28: {='Qc, Original'!E32/MAX(ABS('Qc, Original'!$D32:$AA32))} -> -0.96162334 | F28: {='Qc, Original'!F32/MAX(ABS('Qc, Original'!$D32:$AA32))} -> -0.98835476 | G28: {='Qc, Original'!G32/MAX(ABS('Qc, Original'!$D32:$AA32))} -> -0.98883915 | H28: {='Qc, Original'!H32/MAX(ABS('Qc, Original'!$D32:$AA32))} -> -1 | I28: {='Qc, Original'!I32/MAX(ABS('Qc, Original'!$D32:$AA32))} -> -0.9764952 | J28: {='Qc, Original'!J32/MAX(ABS('Qc, Original'!$D32:$AA32))} -> -0.91507602 | K28: {='Qc, Original'!K32/MAX(ABS('Qc, Original'!$D32:$AA32))} -> -0.90741582 | ... AA28: {='Qc, Original'!AA32/MAX(ABS('Qc, Original'!$D32:$AA32))} -> -0.93652015
A29: 3 | B29: Spring | C29: 1 | D29: {='Qc, Original'!D46/MAX(ABS('Qc, Original'!$D46:$AA46))} -> -0.87928349 | E29: {='Qc, Original'!E46/MAX(ABS('Qc, Original'!$D46:$AA46))} -> -0.94510663 | F29: {='Qc, Original'!F46/MAX(ABS('Qc, Original'!$D46:$AA46))} -> -0.9880118 | G29: {='Qc, Original'!G46/MAX(ABS('Qc, Original'!$D46:$AA46))} -> -0.94059092 | H29: {='Qc, Original'!H46/MAX(ABS('Qc, Original'!$D46:$AA46))} -> -1 | I29: {='Qc, Original'!I46/MAX(ABS('Qc, Original'!$D46:$AA46))} -> -0.94762896 | J29: {='Qc, Original'!J46/MAX(ABS('Qc, Original'!$D46:$AA46))} -> -0.63575464 | K29: {='Qc, Original'!K46/MAX(ABS('Qc, Original'!$D46:$AA46))} -> 0.043937018 | ... AA29: {='Qc, Original'!AA46/MAX(ABS('Qc, Original'!$D46:$AA46))} -> -0.86765714
A30: 3 | B30: Spring | C30: 2 | D30: {='Qc, Original'!D60/MAX(ABS('Qc, Original'!$D60:$AA60))} -> -0.87768446 | E30: {='Qc, Original'!E60/MAX(ABS('Qc, Original'!$D60:$AA60))} -> -0.95047486 | F30: {='Qc, Original'!F60/MAX(ABS('Qc, Original'!$D60:$AA60))} -> -1 | G30: {='Qc, Original'!G60/MAX(ABS('Qc, Original'!$D60:$AA60))} -> -0.9748559 | H30: {='Qc, Original'!H60/MAX(ABS('Qc, Original'!$D60:$AA60))} -> -0.97658637 | I30: {='Qc, Original'!I60/MAX(ABS('Qc, Original'!$D60:$AA60))} -> -0.84215961 | J30: {='Qc, Original'!J60/MAX(ABS('Qc, Original'!$D60:$AA60))} -> -0.63794735 | K30: {='Qc, Original'!K60/MAX(ABS('Qc, Original'!$D60:$AA60))} -> -0.46062752 | ... AA30: {='Qc, Original'!AA60/MAX(ABS('Qc, Original'!$D60:$AA60))} -> -0.93435147
A31: 3 | B31: Spring | C31: 3 | D31: {='Qc, Original'!D74/MAX(ABS('Qc, Original'!$D74:$AA74))} -> -0.99167809 | E31: {='Qc, Original'!E74/MAX(ABS('Qc, Original'!$D74:$AA74))} -> -0.99876103 | F31: {='Qc, Original'!F74/MAX(ABS('Qc, Original'!$D74:$AA74))} -> -0.96256865 | G31: {='Qc, Original'!G74/MAX(ABS('Qc, Original'!$D74:$AA74))} -> -0.98683166 | H31: {='Qc, Original'!H74/MAX(ABS('Qc, Original'!$D74:$AA74))} -> -1 | I31: {='Qc, Original'!I74/MAX(ABS('Qc, Original'!$D74:$AA74))} -> -0.99763895 | J31: {='Qc, Original'!J74/MAX(ABS('Qc, Original'!$D74:$AA74))} -> -0.91734493 | K31: {='Qc, Original'!K74/MAX(ABS('Qc, Original'!$D74:$AA74))} -> -0.91507459 | ... AA31: {='Qc, Original'!AA74/MAX(ABS('Qc, Original'!$D74:$AA74))} -> -0.90368344
A32: 3 | B32: Summer | C32: 1 | D32: {='Qc, Original'!D88/MAX(ABS('Qc, Original'!$D88:$AA88))} -> -0.16138806 | E32: {='Qc, Original'!E88/MAX(ABS('Qc, Original'!$D88:$AA88))} -> -0.38089957 | F32: {='Qc, Original'!F88/MAX(ABS('Qc, Original'!$D88:$AA88))} -> -0.67094698 | G32: {='Qc, Original'!G88/MAX(ABS('Qc, Original'!$D88:$AA88))} -> -0.62018462 | H32: {='Qc, Original'!H88/MAX(ABS('Qc, Original'!$D88:$AA88))} -> -0.63009949 | I32: {='Qc, Original'!I88/MAX(ABS('Qc, Original'!$D88:$AA88))} -> -0.60329756 | J32: {='Qc, Original'!J88/MAX(ABS('Qc, Original'!$D88:$AA88))} -> -0.037402448 | K32: {='Qc, Original'!K88/MAX(ABS('Qc, Original'!$D88:$AA88))} -> 0.72253497 | ... AA32: {='Qc, Original'!AA88/MAX(ABS('Qc, Original'!$D88:$AA88))} -> -0.55375145
A33: 3 | B33: Summer | C33: 2 | D33: {='Qc, Original'!D102/MAX(ABS('Qc, Original'!$D102:$AA102))} -> -0.39115194 | E33: {='Qc, Original'!E102/MAX(ABS('Qc, Original'!$D102:$AA102))} -> -0.74682541 | F33: {='Qc, Original'!F102/MAX(ABS('Qc, Original'!$D102:$AA102))} -> -0.86762321 | G33: {='Qc, Original'!G102/MAX(ABS('Qc, Original'!$D102:$AA102))} -> -0.91213223 | H33: {='Qc, Original'!H102/MAX(ABS('Qc, Original'!$D102:$AA102))} -> -0.90232573 | I33: {='Qc, Original'!I102/MAX(ABS('Qc, Original'!$D102:$AA102))} -> -1 | J33: {='Qc, Original'!J102/MAX(ABS('Qc, Original'!$D102:$AA102))} -> -0.76577041 | K33: {='Qc, Original'!K102/MAX(ABS('Qc, Original'!$D102:$AA102))} -> -0.23256929 | ... AA33: {='Qc, Original'!AA102/MAX(ABS('Qc, Original'!$D102:$AA102))} -> -0.95800368
A34: 3 | B34: Summer | C34: 3 | D34: {='Qc, Original'!D116/MAX(ABS('Qc, Original'!$D116:$AA116))} -> -0.83858423 | E34: {='Qc, Original'!E116/MAX(ABS('Qc, Original'!$D116:$AA116))} -> -0.83896524 | F34: {='Qc, Original'!F116/MAX(ABS('Qc, Original'!$D116:$AA116))} -> -0.84845502 | G34: {='Qc, Original'!G116/MAX(ABS('Qc, Original'!$D116:$AA116))} -> -0.93141069 | H34: {='Qc, Original'!H116/MAX(ABS('Qc, Original'!$D116:$AA116))} -> -1 | I34: {='Qc, Original'!I116/MAX(ABS('Qc, Original'!$D116:$AA116))} -> -0.97609815 | J34: {='Qc, Original'!J116/MAX(ABS('Qc, Original'!$D116:$AA116))} -> -0.97466674 | K34: {='Qc, Original'!K116/MAX(ABS('Qc, Original'!$D116:$AA116))} -> -0.78474527 | ... AA34: {='Qc, Original'!AA116/MAX(ABS('Qc, Original'!$D116:$AA116))} -> -0.90086325
A35: 3 | B35: Autumn | C35: 1 | D35: {='Qc, Original'!D130/MAX(ABS('Qc, Original'!$D130:$AA130))} -> -0.79992664 | E35: {='Qc, Original'!E130/MAX(ABS('Qc, Original'!$D130:$AA130))} -> -0.85992611 | F35: {='Qc, Original'!F130/MAX(ABS('Qc, Original'!$D130:$AA130))} -> -0.86100414 | G35: {='Qc, Original'!G130/MAX(ABS('Qc, Original'!$D130:$AA130))} -> -0.88391045 | H35: {='Qc, Original'!H130/MAX(ABS('Qc, Original'!$D130:$AA130))} -> -0.82363689 | I35: {='Qc, Original'!I130/MAX(ABS('Qc, Original'!$D130:$AA130))} -> -0.79877291 | J35: {='Qc, Original'!J130/MAX(ABS('Qc, Original'!$D130:$AA130))} -> -0.11993206 | K35: {='Qc, Original'!K130/MAX(ABS('Qc, Original'!$D130:$AA130))} -> 0.86515389 | ... AA35: {='Qc, Original'!AA130/MAX(ABS('Qc, Original'!$D130:$AA130))} -> -0.81374837
A36: 3 | B36: Autumn | C36: 2 | D36: {='Qc, Original'!D144/MAX(ABS('Qc, Original'!$D144:$AA144))} -> -0.68792633 | E36: {='Qc, Original'!E144/MAX(ABS('Qc, Original'!$D144:$AA144))} -> -0.46764435 | F36: {='Qc, Original'!F144/MAX(ABS('Qc, Original'!$D144:$AA144))} -> -0.96520055 | G36: {='Qc, Original'!G144/MAX(ABS('Qc, Original'!$D144:$AA144))} -> -0.92254959 | H36: {='Qc, Original'!H144/MAX(ABS('Qc, Original'!$D144:$AA144))} -> -0.96985497 | I36: {='Qc, Original'!I144/MAX(ABS('Qc, Original'!$D144:$AA144))} -> -1 | J36: {='Qc, Original'!J144/MAX(ABS('Qc, Original'!$D144:$AA144))} -> -0.69747568 | K36: {='Qc, Original'!K144/MAX(ABS('Qc, Original'!$D144:$AA144))} -> -0.26316734 | ... AA36: {='Qc, Original'!AA144/MAX(ABS('Qc, Original'!$D144:$AA144))} -> -0.87571853
A37: 3 | B37: Autumn | C37: 3 | D37: {='Qc, Original'!D158/MAX(ABS('Qc, Original'!$D158:$AA158))} -> -0.87820185 | E37: {='Qc, Original'!E158/MAX(ABS('Qc, Original'!$D158:$AA158))} -> -0.83568563 | F37: {='Qc, Original'!F158/MAX(ABS('Qc, Original'!$D158:$AA158))} -> -0.86931269 | G37: {='Qc, Original'!G158/MAX(ABS('Qc, Original'!$D158:$AA158))} -> -0.80261601 | H37: {='Qc, Original'!H158/MAX(ABS('Qc, Original'!$D158:$AA158))} -> -0.79188925 | I37: {='Qc, Original'!I158/MAX(ABS('Qc, Original'!$D158:$AA158))} -> -0.85601316 | J37: {='Qc, Original'!J158/MAX(ABS('Qc, Original'!$D158:$AA158))} -> -0.85766562 | K37: {='Qc, Original'!K158/MAX(ABS('Qc, Original'!$D158:$AA158))} -> -0.71612831 | ... AA37: {='Qc, Original'!AA158/MAX(ABS('Qc, Original'!$D158:$AA158))} -> -0.98629859
A38: 4 | B38: Winter | C38: 1 | D38: {='Qc, Original'!D5/MAX(ABS('Qc, Original'!$D5:$AA5))} -> -0.96736436 | E38: {='Qc, Original'!E5/MAX(ABS('Qc, Original'!$D5:$AA5))} -> -0.97695866 | F38: {='Qc, Original'!F5/MAX(ABS('Qc, Original'!$D5:$AA5))} -> -0.98692704 | G38: {='Qc, Original'!G5/MAX(ABS('Qc, Original'!$D5:$AA5))} -> -0.99556749 | H38: {='Qc, Original'!H5/MAX(ABS('Qc, Original'!$D5:$AA5))} -> -1 | I38: {='Qc, Original'!I5/MAX(ABS('Qc, Original'!$D5:$AA5))} -> -0.91424984 | J38: {='Qc, Original'!J5/MAX(ABS('Qc, Original'!$D5:$AA5))} -> -0.79320906 | K38: {='Qc, Original'!K5/MAX(ABS('Qc, Original'!$D5:$AA5))} -> -0.72419776 | ... AA38: {='Qc, Original'!AA5/MAX(ABS('Qc, Original'!$D5:$AA5))} -> -0.88875847
A39: 4 | B39: Winter | C39: 2 | D39: {='Qc, Original'!D19/MAX(ABS('Qc, Original'!$D19:$AA19))} -> -0.96361716 | E39: {='Qc, Original'!E19/MAX(ABS('Qc, Original'!$D19:$AA19))} -> -0.98180858 | F39: {='Qc, Original'!F19/MAX(ABS('Qc, Original'!$D19:$AA19))} -> -0.99835481 | G39: {='Qc, Original'!G19/MAX(ABS('Qc, Original'!$D19:$AA19))} -> -1 | H39: {='Qc, Original'!H19/MAX(ABS('Qc, Original'!$D19:$AA19))} -> -0.99251161 | I39: {='Qc, Original'!I19/MAX(ABS('Qc, Original'!$D19:$AA19))} -> -0.9073789 | J39: {='Qc, Original'!J19/MAX(ABS('Qc, Original'!$D19:$AA19))} -> -0.81110942 | K39: {='Qc, Original'!K19/MAX(ABS('Qc, Original'!$D19:$AA19))} -> -0.76610404 | ... AA39: {='Qc, Original'!AA19/MAX(ABS('Qc, Original'!$D19:$AA19))} -> -0.89383958
A40: 4 | B40: Winter | C40: 3 | D40: {='Qc, Original'!D33/MAX(ABS('Qc, Original'!$D33:$AA33))} -> -0.90874628 | E40: {='Qc, Original'!E33/MAX(ABS('Qc, Original'!$D33:$AA33))} -> -0.93316727 | F40: {='Qc, Original'!F33/MAX(ABS('Qc, Original'!$D33:$AA33))} -> -0.9199994 | G40: {='Qc, Original'!G33/MAX(ABS('Qc, Original'!$D33:$AA33))} -> -0.94221679 | H40: {='Qc, Original'!H33/MAX(ABS('Qc, Original'!$D33:$AA33))} -> -0.93856805 | I40: {='Qc, Original'!I33/MAX(ABS('Qc, Original'!$D33:$AA33))} -> -0.83741637 | J40: {='Qc, Original'!J33/MAX(ABS('Qc, Original'!$D33:$AA33))} -> -0.78360836 | K40: {='Qc, Original'!K33/MAX(ABS('Qc, Original'!$D33:$AA33))} -> -0.76608697 | ... AA40: {='Qc, Original'!AA33/MAX(ABS('Qc, Original'!$D33:$AA33))} -> -0.84328653
A41: 4 | B41: Spring | C41: 1 | D41: {='Qc, Original'!D47/MAX(ABS('Qc, Original'!$D47:$AA47))} -> -0.93731206 | E41: {='Qc, Original'!E47/MAX(ABS('Qc, Original'!$D47:$AA47))} -> -0.96396128 | F41: {='Qc, Original'!F47/MAX(ABS('Qc, Original'!$D47:$AA47))} -> -0.97881655 | G41: {='Qc, Original'!G47/MAX(ABS('Qc, Original'!$D47:$AA47))} -> -0.99367185 | H41: {='Qc, Original'!H47/MAX(ABS('Qc, Original'!$D47:$AA47))} -> -1 | I41: {='Qc, Original'!I47/MAX(ABS('Qc, Original'!$D47:$AA47))} -> -0.98302853 | J41: {='Qc, Original'!J47/MAX(ABS('Qc, Original'!$D47:$AA47))} -> -0.99428807 | K41: {='Qc, Original'!K47/MAX(ABS('Qc, Original'!$D47:$AA47))} -> -0.68436102 | ... AA41: {='Qc, Original'!AA47/MAX(ABS('Qc, Original'!$D47:$AA47))} -> -0.8307769
A42: 4 | B42: Spring | C42: 2 | D42: {='Qc, Original'!D61/MAX(ABS('Qc, Original'!$D61:$AA61))} -> -0.94963989 | E42: {='Qc, Original'!E61/MAX(ABS('Qc, Original'!$D61:$AA61))} -> -1 | F42: {='Qc, Original'!F61/MAX(ABS('Qc, Original'!$D61:$AA61))} -> -0.9990117 | G42: {='Qc, Original'!G61/MAX(ABS('Qc, Original'!$D61:$AA61))} -> -0.97344278 | H42: {='Qc, Original'!H61/MAX(ABS('Qc, Original'!$D61:$AA61))} -> -0.96858525 | I42: {='Qc, Original'!I61/MAX(ABS('Qc, Original'!$D61:$AA61))} -> -0.95868155 | J42: {='Qc, Original'!J61/MAX(ABS('Qc, Original'!$D61:$AA61))} -> -0.97813154 | K42: {='Qc, Original'!K61/MAX(ABS('Qc, Original'!$D61:$AA61))} -> -0.68671596 | ... AA42: {='Qc, Original'!AA61/MAX(ABS('Qc, Original'!$D61:$AA61))} -> -0.81981812
A43: 4 | B43: Spring | C43: 3 | D43: {='Qc, Original'!D75/MAX(ABS('Qc, Original'!$D75:$AA75))} -> -0.89657461 | E43: {='Qc, Original'!E75/MAX(ABS('Qc, Original'!$D75:$AA75))} -> -0.91128873 | F43: {='Qc, Original'!F75/MAX(ABS('Qc, Original'!$D75:$AA75))} -> -0.94189566 | G43: {='Qc, Original'!G75/MAX(ABS('Qc, Original'!$D75:$AA75))} -> -0.93061621 | H43: {='Qc, Original'!H75/MAX(ABS('Qc, Original'!$D75:$AA75))} -> -0.92390944 | I43: {='Qc, Original'!I75/MAX(ABS('Qc, Original'!$D75:$AA75))} -> -0.90049691 | J43: {='Qc, Original'!J75/MAX(ABS('Qc, Original'!$D75:$AA75))} -> -0.94927297 | K43: {='Qc, Original'!K75/MAX(ABS('Qc, Original'!$D75:$AA75))} -> -0.75355916 | ... AA43: {='Qc, Original'!AA75/MAX(ABS('Qc, Original'!$D75:$AA75))} -> -0.852859
A44: 4 | B44: Summer | C44: 1 | D44: {='Qc, Original'!D89/MAX(ABS('Qc, Original'!$D89:$AA89))} -> -0.91387307 | E44: {='Qc, Original'!E89/MAX(ABS('Qc, Original'!$D89:$AA89))} -> -0.92187528 | F44: {='Qc, Original'!F89/MAX(ABS('Qc, Original'!$D89:$AA89))} -> -0.94934631 | G44: {='Qc, Original'!G89/MAX(ABS('Qc, Original'!$D89:$AA89))} -> -0.94937131 | H44: {='Qc, Original'!H89/MAX(ABS('Qc, Original'!$D89:$AA89))} -> -0.97075443 | I44: {='Qc, Original'!I89/MAX(ABS('Qc, Original'!$D89:$AA89))} -> -1 | J44: {='Qc, Original'!J89/MAX(ABS('Qc, Original'!$D89:$AA89))} -> -0.90195037 | K44: {='Qc, Original'!K89/MAX(ABS('Qc, Original'!$D89:$AA89))} -> -0.61233048 | ... AA44: {='Qc, Original'!AA89/MAX(ABS('Qc, Original'!$D89:$AA89))} -> -0.80220541
A45: 4 | B45: Summer | C45: 2 | D45: {='Qc, Original'!D103/MAX(ABS('Qc, Original'!$D103:$AA103))} -> -0.89108412 | E45: {='Qc, Original'!E103/MAX(ABS('Qc, Original'!$D103:$AA103))} -> -0.90975788 | F45: {='Qc, Original'!F103/MAX(ABS('Qc, Original'!$D103:$AA103))} -> -0.92631788 | G45: {='Qc, Original'!G103/MAX(ABS('Qc, Original'!$D103:$AA103))} -> -0.93483898 | H45: {='Qc, Original'!H103/MAX(ABS('Qc, Original'!$D103:$AA103))} -> -0.93629205 | I45: {='Qc, Original'!I103/MAX(ABS('Qc, Original'!$D103:$AA103))} -> -1 | J45: {='Qc, Original'!J103/MAX(ABS('Qc, Original'!$D103:$AA103))} -> -0.93437842 | K45: {='Qc, Original'!K103/MAX(ABS('Qc, Original'!$D103:$AA103))} -> -0.65131991 | ... AA45: {='Qc, Original'!AA103/MAX(ABS('Qc, Original'!$D103:$AA103))} -> -0.84389413
A46: 4 | B46: Summer | C46: 3 | D46: {='Qc, Original'!D117/MAX(ABS('Qc, Original'!$D117:$AA117))} -> -0.90735625 | E46: {='Qc, Original'!E117/MAX(ABS('Qc, Original'!$D117:$AA117))} -> -0.90831629 | F46: {='Qc, Original'!F117/MAX(ABS('Qc, Original'!$D117:$AA117))} -> -0.90691019 | G46: {='Qc, Original'!G117/MAX(ABS('Qc, Original'!$D117:$AA117))} -> -0.91715619 | H46: {='Qc, Original'!H117/MAX(ABS('Qc, Original'!$D117:$AA117))} -> -0.9255919 | I46: {='Qc, Original'!I117/MAX(ABS('Qc, Original'!$D117:$AA117))} -> -1 | J46: {='Qc, Original'!J117/MAX(ABS('Qc, Original'!$D117:$AA117))} -> -0.9302621 | K46: {='Qc, Original'!K117/MAX(ABS('Qc, Original'!$D117:$AA117))} -> -0.71325475 | ... AA46: {='Qc, Original'!AA117/MAX(ABS('Qc, Original'!$D117:$AA117))} -> -0.78345121
A47: 4 | B47: Autumn | C47: 1 | D47: {='Qc, Original'!D131/MAX(ABS('Qc, Original'!$D131:$AA131))} -> -0.94818974 | E47: {='Qc, Original'!E131/MAX(ABS('Qc, Original'!$D131:$AA131))} -> -0.95691005 | F47: {='Qc, Original'!F131/MAX(ABS('Qc, Original'!$D131:$AA131))} -> -0.97465302 | G47: {='Qc, Original'!G131/MAX(ABS('Qc, Original'!$D131:$AA131))} -> -1 | H47: {='Qc, Original'!H131/MAX(ABS('Qc, Original'!$D131:$AA131))} -> -0.91480964 | I47: {='Qc, Original'!I131/MAX(ABS('Qc, Original'!$D131:$AA131))} -> -0.87977876 | J47: {='Qc, Original'!J131/MAX(ABS('Qc, Original'!$D131:$AA131))} -> -0.7755076 | K47: {='Qc, Original'!K131/MAX(ABS('Qc, Original'!$D131:$AA131))} -> -0.56703729 | ... AA47: {='Qc, Original'!AA131/MAX(ABS('Qc, Original'!$D131:$AA131))} -> -0.857082
A48: 4 | B48: Autumn | C48: 2 | D48: {='Qc, Original'!D145/MAX(ABS('Qc, Original'!$D145:$AA145))} -> -0.9579553 | E48: {='Qc, Original'!E145/MAX(ABS('Qc, Original'!$D145:$AA145))} -> -0.94441859 | F48: {='Qc, Original'!F145/MAX(ABS('Qc, Original'!$D145:$AA145))} -> -0.98085787 | G48: {='Qc, Original'!G145/MAX(ABS('Qc, Original'!$D145:$AA145))} -> -0.9797838 | H48: {='Qc, Original'!H145/MAX(ABS('Qc, Original'!$D145:$AA145))} -> -1 | I48: {='Qc, Original'!I145/MAX(ABS('Qc, Original'!$D145:$AA145))} -> -0.89394624 | J48: {='Qc, Original'!J145/MAX(ABS('Qc, Original'!$D145:$AA145))} -> -0.7586901 | K48: {='Qc, Original'!K145/MAX(ABS('Qc, Original'!$D145:$AA145))} -> -0.6336615 | ... AA48: {='Qc, Original'!AA145/MAX(ABS('Qc, Original'!$D145:$AA145))} -> -0.86828684
A49: 4 | B49: Autumn | C49: 3 | D49: {='Qc, Original'!D159/MAX(ABS('Qc, Original'!$D159:$AA159))} -> -0.94473231 | E49: {='Qc, Original'!E159/MAX(ABS('Qc, Original'!$D159:$AA159))} -> -0.95257065 | F49: {='Qc, Original'!F159/MAX(ABS('Qc, Original'!$D159:$AA159))} -> -0.96602161 | G49: {='Qc, Original'!G159/MAX(ABS('Qc, Original'!$D159:$AA159))} -> -0.98417962 | H49: {='Qc, Original'!H159/MAX(ABS('Qc, Original'!$D159:$AA159))} -> -0.94631018 | I49: {='Qc, Original'!I159/MAX(ABS('Qc, Original'!$D159:$AA159))} -> -0.93575873 | J49: {='Qc, Original'!J159/MAX(ABS('Qc, Original'!$D159:$AA159))} -> -0.86856107 | K49: {='Qc, Original'!K159/MAX(ABS('Qc, Original'!$D159:$AA159))} -> -0.84976753 | ... AA49: {='Qc, Original'!AA159/MAX(ABS('Qc, Original'!$D159:$AA159))} -> -0.93510184
A50: 5 | B50: Winter | C50: 1 | D50: {='Qc, Original'!D6/MAX(ABS('Qc, Original'!$D6:$AA6))} -> -0.91009965 | E50: {='Qc, Original'!E6/MAX(ABS('Qc, Original'!$D6:$AA6))} -> -0.95583118 | F50: {='Qc, Original'!F6/MAX(ABS('Qc, Original'!$D6:$AA6))} -> -0.99644637 | G50: {='Qc, Original'!G6/MAX(ABS('Qc, Original'!$D6:$AA6))} -> -1 | H50: {='Qc, Original'!H6/MAX(ABS('Qc, Original'!$D6:$AA6))} -> -0.99778608 | I50: {='Qc, Original'!I6/MAX(ABS('Qc, Original'!$D6:$AA6))} -> -0.84105486 | J50: {='Qc, Original'!J6/MAX(ABS('Qc, Original'!$D6:$AA6))} -> -0.64097273 | K50: {='Qc, Original'!K6/MAX(ABS('Qc, Original'!$D6:$AA6))} -> -0.51871664 | ... AA50: {='Qc, Original'!AA6/MAX(ABS('Qc, Original'!$D6:$AA6))} -> -0.68506695
A51: 5 | B51: Winter | C51: 2 | D51: {='Qc, Original'!D20/MAX(ABS('Qc, Original'!$D20:$AA20))} -> -0.88772164 | E51: {='Qc, Original'!E20/MAX(ABS('Qc, Original'!$D20:$AA20))} -> -0.94956248 | F51: {='Qc, Original'!F20/MAX(ABS('Qc, Original'!$D20:$AA20))} -> -1 | G51: {='Qc, Original'!G20/MAX(ABS('Qc, Original'!$D20:$AA20))} -> -0.98604747 | H51: {='Qc, Original'!H20/MAX(ABS('Qc, Original'!$D20:$AA20))} -> -0.99010918 | I51: {='Qc, Original'!I20/MAX(ABS('Qc, Original'!$D20:$AA20))} -> -0.86513428 | J51: {='Qc, Original'!J20/MAX(ABS('Qc, Original'!$D20:$AA20))} -> -0.77287463 | K51: {='Qc, Original'!K20/MAX(ABS('Qc, Original'!$D20:$AA20))} -> -0.76447694 | ... AA51: {='Qc, Original'!AA20/MAX(ABS('Qc, Original'!$D20:$AA20))} -> -0.67405617
A52: 5 | B52: Winter | C52: 3 | D52: {='Qc, Original'!D34/MAX(ABS('Qc, Original'!$D34:$AA34))} -> -0.85564681 | E52: {='Qc, Original'!E34/MAX(ABS('Qc, Original'!$D34:$AA34))} -> -0.91756336 | F52: {='Qc, Original'!F34/MAX(ABS('Qc, Original'!$D34:$AA34))} -> -0.97105081 | G52: {='Qc, Original'!G34/MAX(ABS('Qc, Original'!$D34:$AA34))} -> -1 | H52: {='Qc, Original'!H34/MAX(ABS('Qc, Original'!$D34:$AA34))} -> -0.99157128 | I52: {='Qc, Original'!I34/MAX(ABS('Qc, Original'!$D34:$AA34))} -> -0.86775567 | J52: {='Qc, Original'!J34/MAX(ABS('Qc, Original'!$D34:$AA34))} -> -0.81684692 | K52: {='Qc, Original'!K34/MAX(ABS('Qc, Original'!$D34:$AA34))} -> -0.86133726 | ... AA52: {='Qc, Original'!AA34/MAX(ABS('Qc, Original'!$D34:$AA34))} -> -0.75156989
A53: 5 | B53: Spring | C53: 1 | D53: {='Qc, Original'!D48/MAX(ABS('Qc, Original'!$D48:$AA48))} -> -0.86547611 | E53: {='Qc, Original'!E48/MAX(ABS('Qc, Original'!$D48:$AA48))} -> -0.91310386 | F53: {='Qc, Original'!F48/MAX(ABS('Qc, Original'!$D48:$AA48))} -> -0.97994731 | G53: {='Qc, Original'!G48/MAX(ABS('Qc, Original'!$D48:$AA48))} -> -1 | H53: {='Qc, Original'!H48/MAX(ABS('Qc, Original'!$D48:$AA48))} -> -0.99800781 | I53: {='Qc, Original'!I48/MAX(ABS('Qc, Original'!$D48:$AA48))} -> -0.91049738 | J53: {='Qc, Original'!J48/MAX(ABS('Qc, Original'!$D48:$AA48))} -> -0.95698941 | K53: {='Qc, Original'!K48/MAX(ABS('Qc, Original'!$D48:$AA48))} -> -0.68239347 | ... AA53: {='Qc, Original'!AA48/MAX(ABS('Qc, Original'!$D48:$AA48))} -> -0.65424083
A54: 5 | B54: Spring | C54: 2 | D54: {='Qc, Original'!D62/MAX(ABS('Qc, Original'!$D62:$AA62))} -> -0.87256446 | E54: {='Qc, Original'!E62/MAX(ABS('Qc, Original'!$D62:$AA62))} -> -0.93754675 | F54: {='Qc, Original'!F62/MAX(ABS('Qc, Original'!$D62:$AA62))} -> -0.97212953 | G54: {='Qc, Original'!G62/MAX(ABS('Qc, Original'!$D62:$AA62))} -> -0.97895466 | H54: {='Qc, Original'!H62/MAX(ABS('Qc, Original'!$D62:$AA62))} -> -0.98537992 | I54: {='Qc, Original'!I62/MAX(ABS('Qc, Original'!$D62:$AA62))} -> -0.90566396 | J54: {='Qc, Original'!J62/MAX(ABS('Qc, Original'!$D62:$AA62))} -> -1 | K54: {='Qc, Original'!K62/MAX(ABS('Qc, Original'!$D62:$AA62))} -> -0.8518036 | ... AA54: {='Qc, Original'!AA62/MAX(ABS('Qc, Original'!$D62:$AA62))} -> -0.66562088
A55: 5 | B55: Spring | C55: 3 | D55: {='Qc, Original'!D76/MAX(ABS('Qc, Original'!$D76:$AA76))} -> -0.83498291 | E55: {='Qc, Original'!E76/MAX(ABS('Qc, Original'!$D76:$AA76))} -> -0.89018491 | F55: {='Qc, Original'!F76/MAX(ABS('Qc, Original'!$D76:$AA76))} -> -0.90984701 | G55: {='Qc, Original'!G76/MAX(ABS('Qc, Original'!$D76:$AA76))} -> -0.93007807 | H55: {='Qc, Original'!H76/MAX(ABS('Qc, Original'!$D76:$AA76))} -> -0.97292288 | I55: {='Qc, Original'!I76/MAX(ABS('Qc, Original'!$D76:$AA76))} -> -0.8294724 | J55: {='Qc, Original'!J76/MAX(ABS('Qc, Original'!$D76:$AA76))} -> -1 | K55: {='Qc, Original'!K76/MAX(ABS('Qc, Original'!$D76:$AA76))} -> -0.90253997 | ... AA55: {='Qc, Original'!AA76/MAX(ABS('Qc, Original'!$D76:$AA76))} -> -0.64038378
A56: 5 | B56: Summer | C56: 1 | D56: {='Qc, Original'!D90/MAX(ABS('Qc, Original'!$D90:$AA90))} -> -0.60053423 | E56: {='Qc, Original'!E90/MAX(ABS('Qc, Original'!$D90:$AA90))} -> -0.78488046 | F56: {='Qc, Original'!F90/MAX(ABS('Qc, Original'!$D90:$AA90))} -> -0.92150415 | G56: {='Qc, Original'!G90/MAX(ABS('Qc, Original'!$D90:$AA90))} -> -0.91922726 | H56: {='Qc, Original'!H90/MAX(ABS('Qc, Original'!$D90:$AA90))} -> -0.92499727 | I56: {='Qc, Original'!I90/MAX(ABS('Qc, Original'!$D90:$AA90))} -> -1 | J56: {='Qc, Original'!J90/MAX(ABS('Qc, Original'!$D90:$AA90))} -> -0.89948581 | K56: {='Qc, Original'!K90/MAX(ABS('Qc, Original'!$D90:$AA90))} -> -0.35907993 | ... AA56: {='Qc, Original'!AA90/MAX(ABS('Qc, Original'!$D90:$AA90))} -> -0.14561098
A57: 5 | B57: Summer | C57: 2 | D57: {='Qc, Original'!D104/MAX(ABS('Qc, Original'!$D104:$AA104))} -> -0.58611231 | E57: {='Qc, Original'!E104/MAX(ABS('Qc, Original'!$D104:$AA104))} -> -0.65376109 | F57: {='Qc, Original'!F104/MAX(ABS('Qc, Original'!$D104:$AA104))} -> -0.77799126 | G57: {='Qc, Original'!G104/MAX(ABS('Qc, Original'!$D104:$AA104))} -> -0.86477437 | H57: {='Qc, Original'!H104/MAX(ABS('Qc, Original'!$D104:$AA104))} -> -0.87779511 | I57: {='Qc, Original'!I104/MAX(ABS('Qc, Original'!$D104:$AA104))} -> -0.95217602 | J57: {='Qc, Original'!J104/MAX(ABS('Qc, Original'!$D104:$AA104))} -> -1 | K57: {='Qc, Original'!K104/MAX(ABS('Qc, Original'!$D104:$AA104))} -> -0.79489493 | ... AA57: {='Qc, Original'!AA104/MAX(ABS('Qc, Original'!$D104:$AA104))} -> -0.42787127
A58: 5 | B58: Summer | C58: 3 | D58: {='Qc, Original'!D118/MAX(ABS('Qc, Original'!$D118:$AA118))} -> -0.70710715 | E58: {='Qc, Original'!E118/MAX(ABS('Qc, Original'!$D118:$AA118))} -> -0.7748922 | F58: {='Qc, Original'!F118/MAX(ABS('Qc, Original'!$D118:$AA118))} -> -0.81193552 | G58: {='Qc, Original'!G118/MAX(ABS('Qc, Original'!$D118:$AA118))} -> -0.86003726 | H58: {='Qc, Original'!H118/MAX(ABS('Qc, Original'!$D118:$AA118))} -> -0.90947095 | I58: {='Qc, Original'!I118/MAX(ABS('Qc, Original'!$D118:$AA118))} -> -1 | J58: {='Qc, Original'!J118/MAX(ABS('Qc, Original'!$D118:$AA118))} -> -0.9935946 | K58: {='Qc, Original'!K118/MAX(ABS('Qc, Original'!$D118:$AA118))} -> -0.77716708 | ... AA58: {='Qc, Original'!AA118/MAX(ABS('Qc, Original'!$D118:$AA118))} -> -0.35903137
A59: 5 | B59: Autumn | C59: 1 | D59: {='Qc, Original'!D132/MAX(ABS('Qc, Original'!$D132:$AA132))} -> -0.91454168 | E59: {='Qc, Original'!E132/MAX(ABS('Qc, Original'!$D132:$AA132))} -> -0.98686504 | F59: {='Qc, Original'!F132/MAX(ABS('Qc, Original'!$D132:$AA132))} -> -0.97239212 | G59: {='Qc, Original'!G132/MAX(ABS('Qc, Original'!$D132:$AA132))} -> -1 | H59: {='Qc, Original'!H132/MAX(ABS('Qc, Original'!$D132:$AA132))} -> -0.86158989 | I59: {='Qc, Original'!I132/MAX(ABS('Qc, Original'!$D132:$AA132))} -> -0.8134356 | J59: {='Qc, Original'!J132/MAX(ABS('Qc, Original'!$D132:$AA132))} -> -0.76810179 | K59: {='Qc, Original'!K132/MAX(ABS('Qc, Original'!$D132:$AA132))} -> -0.48959319 | ... AA59: {='Qc, Original'!AA132/MAX(ABS('Qc, Original'!$D132:$AA132))} -> -0.64647043
A60: 5 | B60: Autumn | C60: 2 | D60: {='Qc, Original'!D146/MAX(ABS('Qc, Original'!$D146:$AA146))} -> -0.82126428 | E60: {='Qc, Original'!E146/MAX(ABS('Qc, Original'!$D146:$AA146))} -> -0.86843581 | F60: {='Qc, Original'!F146/MAX(ABS('Qc, Original'!$D146:$AA146))} -> -0.96157503 | G60: {='Qc, Original'!G146/MAX(ABS('Qc, Original'!$D146:$AA146))} -> -1 | H60: {='Qc, Original'!H146/MAX(ABS('Qc, Original'!$D146:$AA146))} -> -0.99834886 | I60: {='Qc, Original'!I146/MAX(ABS('Qc, Original'!$D146:$AA146))} -> -0.82532557 | J60: {='Qc, Original'!J146/MAX(ABS('Qc, Original'!$D146:$AA146))} -> -0.75961152 | K60: {='Qc, Original'!K146/MAX(ABS('Qc, Original'!$D146:$AA146))} -> -0.67983877 | ... AA60: {='Qc, Original'!AA146/MAX(ABS('Qc, Original'!$D146:$AA146))} -> -0.64498399
A61: 5 | B61: Autumn | C61: 3 | D61: {='Qc, Original'!D160/MAX(ABS('Qc, Original'!$D160:$AA160))} -> -0.86378097 | E61: {='Qc, Original'!E160/MAX(ABS('Qc, Original'!$D160:$AA160))} -> -0.92091831 | F61: {='Qc, Original'!F160/MAX(ABS('Qc, Original'!$D160:$AA160))} -> -0.94607543 | G61: {='Qc, Original'!G160/MAX(ABS('Qc, Original'!$D160:$AA160))} -> -1 | H61: {='Qc, Original'!H160/MAX(ABS('Qc, Original'!$D160:$AA160))} -> -0.98547394 | I61: {='Qc, Original'!I160/MAX(ABS('Qc, Original'!$D160:$AA160))} -> -0.83831476 | J61: {='Qc, Original'!J160/MAX(ABS('Qc, Original'!$D160:$AA160))} -> -0.83067698 | K61: {='Qc, Original'!K160/MAX(ABS('Qc, Original'!$D160:$AA160))} -> -0.88878391 | ... AA61: {='Qc, Original'!AA160/MAX(ABS('Qc, Original'!$D160:$AA160))} -> -0.65250721
A62: 6 | B62: Winter | C62: 1 | D62: {='Qc, Original'!D7/MAX(ABS('Qc, Original'!$D7:$AA7))} -> 0.30649757 | E62: {='Qc, Original'!E7/MAX(ABS('Qc, Original'!$D7:$AA7))} -> 0.2397542 | F62: {='Qc, Original'!F7/MAX(ABS('Qc, Original'!$D7:$AA7))} -> 0.18178682 | G62: {='Qc, Original'!G7/MAX(ABS('Qc, Original'!$D7:$AA7))} -> 0.27082101 | H62: {='Qc, Original'!H7/MAX(ABS('Qc, Original'!$D7:$AA7))} -> 0.22238822 | I62: {='Qc, Original'!I7/MAX(ABS('Qc, Original'!$D7:$AA7))} -> 0.32039492 | J62: {='Qc, Original'!J7/MAX(ABS('Qc, Original'!$D7:$AA7))} -> 0.42731288 | K62: {='Qc, Original'!K7/MAX(ABS('Qc, Original'!$D7:$AA7))} -> 0.83231737 | ... AA62: {='Qc, Original'!AA7/MAX(ABS('Qc, Original'!$D7:$AA7))} -> 0.37455525
A63: 6 | B63: Winter | C63: 2 | D63: {='Qc, Original'!D21/MAX(ABS('Qc, Original'!$D21:$AA21))} -> 0.5265566 | E63: {='Qc, Original'!E21/MAX(ABS('Qc, Original'!$D21:$AA21))} -> 0.43258111 | F63: {='Qc, Original'!F21/MAX(ABS('Qc, Original'!$D21:$AA21))} -> 0.35676449 | G63: {='Qc, Original'!G21/MAX(ABS('Qc, Original'!$D21:$AA21))} -> 0.4206441 | H63: {='Qc, Original'!H21/MAX(ABS('Qc, Original'!$D21:$AA21))} -> 0.34176305 | I63: {='Qc, Original'!I21/MAX(ABS('Qc, Original'!$D21:$AA21))} -> 0.37771077 | J63: {='Qc, Original'!J21/MAX(ABS('Qc, Original'!$D21:$AA21))} -> 0.52345559 | K63: {='Qc, Original'!K21/MAX(ABS('Qc, Original'!$D21:$AA21))} -> 0.76204021 | ... AA63: {='Qc, Original'!AA21/MAX(ABS('Qc, Original'!$D21:$AA21))} -> 0.47361813
A64: 6 | B64: Winter | C64: 3 | D64: {='Qc, Original'!D35/MAX(ABS('Qc, Original'!$D35:$AA35))} -> 0.69959313 | E64: {='Qc, Original'!E35/MAX(ABS('Qc, Original'!$D35:$AA35))} -> 0.6319374 | F64: {='Qc, Original'!F35/MAX(ABS('Qc, Original'!$D35:$AA35))} -> 0.46002944 | G64: {='Qc, Original'!G35/MAX(ABS('Qc, Original'!$D35:$AA35))} -> 0.51641325 | H64: {='Qc, Original'!H35/MAX(ABS('Qc, Original'!$D35:$AA35))} -> 0.45599388 | I64: {='Qc, Original'!I35/MAX(ABS('Qc, Original'!$D35:$AA35))} -> 0.4680047 | J64: {='Qc, Original'!J35/MAX(ABS('Qc, Original'!$D35:$AA35))} -> 0.53571733 | K64: {='Qc, Original'!K35/MAX(ABS('Qc, Original'!$D35:$AA35))} -> 0.6474376 | ... AA64: {='Qc, Original'!AA35/MAX(ABS('Qc, Original'!$D35:$AA35))} -> 0.67324972
A65: 6 | B65: Spring | C65: 1 | D65: {='Qc, Original'!D49/MAX(ABS('Qc, Original'!$D49:$AA49))} -> 0.62864896 | E65: {='Qc, Original'!E49/MAX(ABS('Qc, Original'!$D49:$AA49))} -> 0.49335728 | F65: {='Qc, Original'!F49/MAX(ABS('Qc, Original'!$D49:$AA49))} -> 0.3390306 | G65: {='Qc, Original'!G49/MAX(ABS('Qc, Original'!$D49:$AA49))} -> 0.43479076 | H65: {='Qc, Original'!H49/MAX(ABS('Qc, Original'!$D49:$AA49))} -> 0.36697176 | I65: {='Qc, Original'!I49/MAX(ABS('Qc, Original'!$D49:$AA49))} -> 0.48594851 | J65: {='Qc, Original'!J49/MAX(ABS('Qc, Original'!$D49:$AA49))} -> 0.39305596 | K65: {='Qc, Original'!K49/MAX(ABS('Qc, Original'!$D49:$AA49))} -> 0.94889539 | ... AA65: {='Qc, Original'!AA49/MAX(ABS('Qc, Original'!$D49:$AA49))} -> 0.49356807
A66: 6 | B66: Spring | C66: 2 | D66: {='Qc, Original'!D63/MAX(ABS('Qc, Original'!$D63:$AA63))} -> 0.8186349 | E66: {='Qc, Original'!E63/MAX(ABS('Qc, Original'!$D63:$AA63))} -> 0.72898476 | F66: {='Qc, Original'!F63/MAX(ABS('Qc, Original'!$D63:$AA63))} -> 0.72460426 | G66: {='Qc, Original'!G63/MAX(ABS('Qc, Original'!$D63:$AA63))} -> 0.67136689 | H66: {='Qc, Original'!H63/MAX(ABS('Qc, Original'!$D63:$AA63))} -> 0.54324373 | I66: {='Qc, Original'!I63/MAX(ABS('Qc, Original'!$D63:$AA63))} -> 0.67859383 | J66: {='Qc, Original'!J63/MAX(ABS('Qc, Original'!$D63:$AA63))} -> 0.52689605 | K66: {='Qc, Original'!K63/MAX(ABS('Qc, Original'!$D63:$AA63))} -> 0.71026671 | ... AA66: {='Qc, Original'!AA63/MAX(ABS('Qc, Original'!$D63:$AA63))} -> 0.67202926
A67: 6 | B67: Spring | C67: 3 | D67: {='Qc, Original'!D77/MAX(ABS('Qc, Original'!$D77:$AA77))} -> 0.51996926 | E67: {='Qc, Original'!E77/MAX(ABS('Qc, Original'!$D77:$AA77))} -> 0.65163822 | F67: {='Qc, Original'!F77/MAX(ABS('Qc, Original'!$D77:$AA77))} -> 0.50988977 | G67: {='Qc, Original'!G77/MAX(ABS('Qc, Original'!$D77:$AA77))} -> 0.55442192 | H67: {='Qc, Original'!H77/MAX(ABS('Qc, Original'!$D77:$AA77))} -> 0.47969776 | I67: {='Qc, Original'!I77/MAX(ABS('Qc, Original'!$D77:$AA77))} -> 0.46976411 | J67: {='Qc, Original'!J77/MAX(ABS('Qc, Original'!$D77:$AA77))} -> 0.29869294 | K67: {='Qc, Original'!K77/MAX(ABS('Qc, Original'!$D77:$AA77))} -> 0.45707607 | ... AA67: {='Qc, Original'!AA77/MAX(ABS('Qc, Original'!$D77:$AA77))} -> 0.84317342
A68: 6 | B68: Summer | C68: 1 | D68: {='Qc, Original'!D91/MAX(ABS('Qc, Original'!$D91:$AA91))} -> 0.42980814 | E68: {='Qc, Original'!E91/MAX(ABS('Qc, Original'!$D91:$AA91))} -> 0.47768364 | F68: {='Qc, Original'!F91/MAX(ABS('Qc, Original'!$D91:$AA91))} -> 0.36173552 | G68: {='Qc, Original'!G91/MAX(ABS('Qc, Original'!$D91:$AA91))} -> 0.42623464 | H68: {='Qc, Original'!H91/MAX(ABS('Qc, Original'!$D91:$AA91))} -> 0.43633252 | I68: {='Qc, Original'!I91/MAX(ABS('Qc, Original'!$D91:$AA91))} -> 0.44800025 | J68: {='Qc, Original'!J91/MAX(ABS('Qc, Original'!$D91:$AA91))} -> 0.43396022 | K68: {='Qc, Original'!K91/MAX(ABS('Qc, Original'!$D91:$AA91))} -> 0.80242315 | ... AA68: {='Qc, Original'!AA91/MAX(ABS('Qc, Original'!$D91:$AA91))} -> 0.47801847
A69: 6 | B69: Summer | C69: 2 | D69: {='Qc, Original'!D105/MAX(ABS('Qc, Original'!$D105:$AA105))} -> 0.68817548 | E69: {='Qc, Original'!E105/MAX(ABS('Qc, Original'!$D105:$AA105))} -> 0.74162348 | F69: {='Qc, Original'!F105/MAX(ABS('Qc, Original'!$D105:$AA105))} -> 0.68659803 | G69: {='Qc, Original'!G105/MAX(ABS('Qc, Original'!$D105:$AA105))} -> 0.75257389 | H69: {='Qc, Original'!H105/MAX(ABS('Qc, Original'!$D105:$AA105))} -> 0.7207455 | I69: {='Qc, Original'!I105/MAX(ABS('Qc, Original'!$D105:$AA105))} -> 0.77213917 | J69: {='Qc, Original'!J105/MAX(ABS('Qc, Original'!$D105:$AA105))} -> 0.5906372 | K69: {='Qc, Original'!K105/MAX(ABS('Qc, Original'!$D105:$AA105))} -> 0.78253723 | ... AA69: {='Qc, Original'!AA105/MAX(ABS('Qc, Original'!$D105:$AA105))} -> 0.68339673
A70: 6 | B70: Summer | C70: 3 | D70: {='Qc, Original'!D119/MAX(ABS('Qc, Original'!$D119:$AA119))} -> 0.64558509 | E70: {='Qc, Original'!E119/MAX(ABS('Qc, Original'!$D119:$AA119))} -> 0.73845663 | F70: {='Qc, Original'!F119/MAX(ABS('Qc, Original'!$D119:$AA119))} -> 0.62672951 | G70: {='Qc, Original'!G119/MAX(ABS('Qc, Original'!$D119:$AA119))} -> 0.60659561 | H70: {='Qc, Original'!H119/MAX(ABS('Qc, Original'!$D119:$AA119))} -> 0.66799727 | I70: {='Qc, Original'!I119/MAX(ABS('Qc, Original'!$D119:$AA119))} -> 0.55086333 | J70: {='Qc, Original'!J119/MAX(ABS('Qc, Original'!$D119:$AA119))} -> 0.44822954 | K70: {='Qc, Original'!K119/MAX(ABS('Qc, Original'!$D119:$AA119))} -> 0.53561439 | ... AA70: {='Qc, Original'!AA119/MAX(ABS('Qc, Original'!$D119:$AA119))} -> 0.66705089
A71: 6 | B71: Autumn | C71: 1 | D71: {='Qc, Original'!D133/MAX(ABS('Qc, Original'!$D133:$AA133))} -> 0.49639636 | E71: {='Qc, Original'!E133/MAX(ABS('Qc, Original'!$D133:$AA133))} -> 0.48180612 | F71: {='Qc, Original'!F133/MAX(ABS('Qc, Original'!$D133:$AA133))} -> 0.43946319 | G71: {='Qc, Original'!G133/MAX(ABS('Qc, Original'!$D133:$AA133))} -> 0.52282467 | H71: {='Qc, Original'!H133/MAX(ABS('Qc, Original'!$D133:$AA133))} -> 0.49019851 | I71: {='Qc, Original'!I133/MAX(ABS('Qc, Original'!$D133:$AA133))} -> 0.50371498 | J71: {='Qc, Original'!J133/MAX(ABS('Qc, Original'!$D133:$AA133))} -> 0.53454433 | K71: {='Qc, Original'!K133/MAX(ABS('Qc, Original'!$D133:$AA133))} -> 0.85063651 | ... AA71: {='Qc, Original'!AA133/MAX(ABS('Qc, Original'!$D133:$AA133))} -> 0.45130173
A72: 6 | B72: Autumn | C72: 2 | D72: {='Qc, Original'!D147/MAX(ABS('Qc, Original'!$D147:$AA147))} -> 0.67983845 | E72: {='Qc, Original'!E147/MAX(ABS('Qc, Original'!$D147:$AA147))} -> 0.7678853 | F72: {='Qc, Original'!F147/MAX(ABS('Qc, Original'!$D147:$AA147))} -> 0.68569386 | G72: {='Qc, Original'!G147/MAX(ABS('Qc, Original'!$D147:$AA147))} -> 0.68511319 | H72: {='Qc, Original'!H147/MAX(ABS('Qc, Original'!$D147:$AA147))} -> 0.55829291 | I72: {='Qc, Original'!I147/MAX(ABS('Qc, Original'!$D147:$AA147))} -> 0.71188669 | J72: {='Qc, Original'!J147/MAX(ABS('Qc, Original'!$D147:$AA147))} -> 0.64236346 | K72: {='Qc, Original'!K147/MAX(ABS('Qc, Original'!$D147:$AA147))} -> 0.87241806 | ... AA72: {='Qc, Original'!AA147/MAX(ABS('Qc, Original'!$D147:$AA147))} -> 0.61418026
A73: 6 | B73: Autumn | C73: 3 | D73: {='Qc, Original'!D161/MAX(ABS('Qc, Original'!$D161:$AA161))} -> 0.80867867 | E73: {='Qc, Original'!E161/MAX(ABS('Qc, Original'!$D161:$AA161))} -> 0.67825884 | F73: {='Qc, Original'!F161/MAX(ABS('Qc, Original'!$D161:$AA161))} -> 0.80834731 | G73: {='Qc, Original'!G161/MAX(ABS('Qc, Original'!$D161:$AA161))} -> 0.74375347 | H73: {='Qc, Original'!H161/MAX(ABS('Qc, Original'!$D161:$AA161))} -> 0.77852543 | I73: {='Qc, Original'!I161/MAX(ABS('Qc, Original'!$D161:$AA161))} -> 0.61819895 | J73: {='Qc, Original'!J161/MAX(ABS('Qc, Original'!$D161:$AA161))} -> 0.70301813 | K73: {='Qc, Original'!K161/MAX(ABS('Qc, Original'!$D161:$AA161))} -> 0.63942477 | ... AA73: {='Qc, Original'!AA161/MAX(ABS('Qc, Original'!$D161:$AA161))} -> 0.68520887
A74: 7 | B74: Winter | C74: 1 | D74: {='Qc, Original'!D8/MAX(ABS('Qc, Original'!$D8:$AA8))} -> -0.90899678 | E74: {='Qc, Original'!E8/MAX(ABS('Qc, Original'!$D8:$AA8))} -> -0.89905758 | F74: {='Qc, Original'!F8/MAX(ABS('Qc, Original'!$D8:$AA8))} -> -0.92730506 | G74: {='Qc, Original'!G8/MAX(ABS('Qc, Original'!$D8:$AA8))} -> -0.94408456 | H74: {='Qc, Original'!H8/MAX(ABS('Qc, Original'!$D8:$AA8))} -> -1 | I74: {='Qc, Original'!I8/MAX(ABS('Qc, Original'!$D8:$AA8))} -> -0.89535869 | J74: {='Qc, Original'!J8/MAX(ABS('Qc, Original'!$D8:$AA8))} -> -0.76065246 | K74: {='Qc, Original'!K8/MAX(ABS('Qc, Original'!$D8:$AA8))} -> -0.39511219 | ... AA74: {='Qc, Original'!AA8/MAX(ABS('Qc, Original'!$D8:$AA8))} -> -0.83623665
A75: 7 | B75: Winter | C75: 2 | D75: {='Qc, Original'!D22/MAX(ABS('Qc, Original'!$D22:$AA22))} -> -0.97556965 | E75: {='Qc, Original'!E22/MAX(ABS('Qc, Original'!$D22:$AA22))} -> -1 | F75: {='Qc, Original'!F22/MAX(ABS('Qc, Original'!$D22:$AA22))} -> -0.87690225 | G75: {='Qc, Original'!G22/MAX(ABS('Qc, Original'!$D22:$AA22))} -> -0.96922954 | H75: {='Qc, Original'!H22/MAX(ABS('Qc, Original'!$D22:$AA22))} -> -0.96398542 | I75: {='Qc, Original'!I22/MAX(ABS('Qc, Original'!$D22:$AA22))} -> -0.8968882 | J75: {='Qc, Original'!J22/MAX(ABS('Qc, Original'!$D22:$AA22))} -> -0.83610932 | K75: {='Qc, Original'!K22/MAX(ABS('Qc, Original'!$D22:$AA22))} -> -0.76025007 | ... AA75: {='Qc, Original'!AA22/MAX(ABS('Qc, Original'!$D22:$AA22))} -> -0.80316966
A76: 7 | B76: Winter | C76: 3 | D76: {='Qc, Original'!D36/MAX(ABS('Qc, Original'!$D36:$AA36))} -> -0.96304018 | E76: {='Qc, Original'!E36/MAX(ABS('Qc, Original'!$D36:$AA36))} -> -0.97422655 | F76: {='Qc, Original'!F36/MAX(ABS('Qc, Original'!$D36:$AA36))} -> -0.91848871 | G76: {='Qc, Original'!G36/MAX(ABS('Qc, Original'!$D36:$AA36))} -> -0.97206347 | H76: {='Qc, Original'!H36/MAX(ABS('Qc, Original'!$D36:$AA36))} -> -0.96904035 | I76: {='Qc, Original'!I36/MAX(ABS('Qc, Original'!$D36:$AA36))} -> -0.95560441 | J76: {='Qc, Original'!J36/MAX(ABS('Qc, Original'!$D36:$AA36))} -> -0.95079225 | K76: {='Qc, Original'!K36/MAX(ABS('Qc, Original'!$D36:$AA36))} -> -0.92704956 | ... AA76: {='Qc, Original'!AA36/MAX(ABS('Qc, Original'!$D36:$AA36))} -> -1
A77: 7 | B77: Spring | C77: 1 | D77: {='Qc, Original'!D50/MAX(ABS('Qc, Original'!$D50:$AA50))} -> -0.89482064 | E77: {='Qc, Original'!E50/MAX(ABS('Qc, Original'!$D50:$AA50))} -> -0.81509743 | F77: {='Qc, Original'!F50/MAX(ABS('Qc, Original'!$D50:$AA50))} -> -0.8731859 | G77: {='Qc, Original'!G50/MAX(ABS('Qc, Original'!$D50:$AA50))} -> -1 | H77: {='Qc, Original'!H50/MAX(ABS('Qc, Original'!$D50:$AA50))} -> -0.99039766 | I77: {='Qc, Original'!I50/MAX(ABS('Qc, Original'!$D50:$AA50))} -> -0.88306388 | J77: {='Qc, Original'!J50/MAX(ABS('Qc, Original'!$D50:$AA50))} -> -0.94045595 | K77: {='Qc, Original'!K50/MAX(ABS('Qc, Original'!$D50:$AA50))} -> -0.76462744 | ... AA77: {='Qc, Original'!AA50/MAX(ABS('Qc, Original'!$D50:$AA50))} -> -0.6800287
A78: 7 | B78: Spring | C78: 2 | D78: {='Qc, Original'!D64/MAX(ABS('Qc, Original'!$D64:$AA64))} -> -0.89683666 | E78: {='Qc, Original'!E64/MAX(ABS('Qc, Original'!$D64:$AA64))} -> -0.95289925 | F78: {='Qc, Original'!F64/MAX(ABS('Qc, Original'!$D64:$AA64))} -> -0.85823869 | G78: {='Qc, Original'!G64/MAX(ABS('Qc, Original'!$D64:$AA64))} -> -0.99344164 | H78: {='Qc, Original'!H64/MAX(ABS('Qc, Original'!$D64:$AA64))} -> -0.88313232 | I78: {='Qc, Original'!I64/MAX(ABS('Qc, Original'!$D64:$AA64))} -> -0.90136156 | J78: {='Qc, Original'!J64/MAX(ABS('Qc, Original'!$D64:$AA64))} -> -1 | K78: {='Qc, Original'!K64/MAX(ABS('Qc, Original'!$D64:$AA64))} -> -0.87572392 | ... AA78: {='Qc, Original'!AA64/MAX(ABS('Qc, Original'!$D64:$AA64))} -> -0.79415539
A79: 7 | B79: Spring | C79: 3 | D79: {='Qc, Original'!D78/MAX(ABS('Qc, Original'!$D78:$AA78))} -> -0.9525471 | E79: {='Qc, Original'!E78/MAX(ABS('Qc, Original'!$D78:$AA78))} -> -0.87241446 | F79: {='Qc, Original'!F78/MAX(ABS('Qc, Original'!$D78:$AA78))} -> -0.77645052 | G79: {='Qc, Original'!G78/MAX(ABS('Qc, Original'!$D78:$AA78))} -> -0.93072634 | H79: {='Qc, Original'!H78/MAX(ABS('Qc, Original'!$D78:$AA78))} -> -0.88380652 | I79: {='Qc, Original'!I78/MAX(ABS('Qc, Original'!$D78:$AA78))} -> -0.80712902 | J79: {='Qc, Original'!J78/MAX(ABS('Qc, Original'!$D78:$AA78))} -> -1 | K79: {='Qc, Original'!K78/MAX(ABS('Qc, Original'!$D78:$AA78))} -> -0.92489683 | ... AA79: {='Qc, Original'!AA78/MAX(ABS('Qc, Original'!$D78:$AA78))} -> -0.7690259
A80: 7 | B80: Summer | C80: 1 | D80: {='Qc, Original'!D92/MAX(ABS('Qc, Original'!$D92:$AA92))} -> -0.88198222 | E80: {='Qc, Original'!E92/MAX(ABS('Qc, Original'!$D92:$AA92))} -> -0.91119308 | F80: {='Qc, Original'!F92/MAX(ABS('Qc, Original'!$D92:$AA92))} -> -0.9589312 | G80: {='Qc, Original'!G92/MAX(ABS('Qc, Original'!$D92:$AA92))} -> -0.99102902 | H80: {='Qc, Original'!H92/MAX(ABS('Qc, Original'!$D92:$AA92))} -> -0.92728504 | I80: {='Qc, Original'!I92/MAX(ABS('Qc, Original'!$D92:$AA92))} -> -1 | J80: {='Qc, Original'!J92/MAX(ABS('Qc, Original'!$D92:$AA92))} -> -0.86729579 | K80: {='Qc, Original'!K92/MAX(ABS('Qc, Original'!$D92:$AA92))} -> -0.39536975 | ... AA80: {='Qc, Original'!AA92/MAX(ABS('Qc, Original'!$D92:$AA92))} -> -0.63731786
A81: 7 | B81: Summer | C81: 2 | D81: {='Qc, Original'!D106/MAX(ABS('Qc, Original'!$D106:$AA106))} -> -0.74507393 | E81: {='Qc, Original'!E106/MAX(ABS('Qc, Original'!$D106:$AA106))} -> -0.8027277 | F81: {='Qc, Original'!F106/MAX(ABS('Qc, Original'!$D106:$AA106))} -> -0.89478953 | G81: {='Qc, Original'!G106/MAX(ABS('Qc, Original'!$D106:$AA106))} -> -0.88569792 | H81: {='Qc, Original'!H106/MAX(ABS('Qc, Original'!$D106:$AA106))} -> -0.92341468 | I81: {='Qc, Original'!I106/MAX(ABS('Qc, Original'!$D106:$AA106))} -> -0.91481337 | J81: {='Qc, Original'!J106/MAX(ABS('Qc, Original'!$D106:$AA106))} -> -1 | K81: {='Qc, Original'!K106/MAX(ABS('Qc, Original'!$D106:$AA106))} -> -0.75850905 | ... AA81: {='Qc, Original'!AA106/MAX(ABS('Qc, Original'!$D106:$AA106))} -> -0.84165173
A82: 7 | B82: Summer | C82: 3 | D82: {='Qc, Original'!D120/MAX(ABS('Qc, Original'!$D120:$AA120))} -> -0.75760485 | E82: {='Qc, Original'!E120/MAX(ABS('Qc, Original'!$D120:$AA120))} -> -0.75539342 | F82: {='Qc, Original'!F120/MAX(ABS('Qc, Original'!$D120:$AA120))} -> -0.83624622 | G82: {='Qc, Original'!G120/MAX(ABS('Qc, Original'!$D120:$AA120))} -> -0.8134022 | H82: {='Qc, Original'!H120/MAX(ABS('Qc, Original'!$D120:$AA120))} -> -0.87373622 | I82: {='Qc, Original'!I120/MAX(ABS('Qc, Original'!$D120:$AA120))} -> -0.90839302 | J82: {='Qc, Original'!J120/MAX(ABS('Qc, Original'!$D120:$AA120))} -> -1 | K82: {='Qc, Original'!K120/MAX(ABS('Qc, Original'!$D120:$AA120))} -> -0.91062806 | ... AA82: {='Qc, Original'!AA120/MAX(ABS('Qc, Original'!$D120:$AA120))} -> -0.72557208
A83: 7 | B83: Autumn | C83: 1 | D83: {='Qc, Original'!D134/MAX(ABS('Qc, Original'!$D134:$AA134))} -> -0.9505344 | E83: {='Qc, Original'!E134/MAX(ABS('Qc, Original'!$D134:$AA134))} -> -0.91553 | F83: {='Qc, Original'!F134/MAX(ABS('Qc, Original'!$D134:$AA134))} -> -0.96097172 | G83: {='Qc, Original'!G134/MAX(ABS('Qc, Original'!$D134:$AA134))} -> -1 | H83: {='Qc, Original'!H134/MAX(ABS('Qc, Original'!$D134:$AA134))} -> -0.92870512 | I83: {='Qc, Original'!I134/MAX(ABS('Qc, Original'!$D134:$AA134))} -> -0.95303399 | J83: {='Qc, Original'!J134/MAX(ABS('Qc, Original'!$D134:$AA134))} -> -0.8502251 | K83: {='Qc, Original'!K134/MAX(ABS('Qc, Original'!$D134:$AA134))} -> -0.54040539 | ... AA83: {='Qc, Original'!AA134/MAX(ABS('Qc, Original'!$D134:$AA134))} -> -0.86540286
A84: 7 | B84: Autumn | C84: 2 | D84: {='Qc, Original'!D148/MAX(ABS('Qc, Original'!$D148:$AA148))} -> -0.93988029 | E84: {='Qc, Original'!E148/MAX(ABS('Qc, Original'!$D148:$AA148))} -> -0.89772345 | F84: {='Qc, Original'!F148/MAX(ABS('Qc, Original'!$D148:$AA148))} -> -0.92252539 | G84: {='Qc, Original'!G148/MAX(ABS('Qc, Original'!$D148:$AA148))} -> -0.99806562 | H84: {='Qc, Original'!H148/MAX(ABS('Qc, Original'!$D148:$AA148))} -> -0.95765619 | I84: {='Qc, Original'!I148/MAX(ABS('Qc, Original'!$D148:$AA148))} -> -1 | J84: {='Qc, Original'!J148/MAX(ABS('Qc, Original'!$D148:$AA148))} -> -0.94875731 | K84: {='Qc, Original'!K148/MAX(ABS('Qc, Original'!$D148:$AA148))} -> -0.71711071 | ... AA84: {='Qc, Original'!AA148/MAX(ABS('Qc, Original'!$D148:$AA148))} -> -0.88232596
A85: 7 | B85: Autumn | C85: 3 | D85: {='Qc, Original'!D162/MAX(ABS('Qc, Original'!$D162:$AA162))} -> -0.96361972 | E85: {='Qc, Original'!E162/MAX(ABS('Qc, Original'!$D162:$AA162))} -> -0.92990395 | F85: {='Qc, Original'!F162/MAX(ABS('Qc, Original'!$D162:$AA162))} -> -0.9380686 | G85: {='Qc, Original'!G162/MAX(ABS('Qc, Original'!$D162:$AA162))} -> -0.91181556 | H85: {='Qc, Original'!H162/MAX(ABS('Qc, Original'!$D162:$AA162))} -> -0.94768114 | I85: {='Qc, Original'!I162/MAX(ABS('Qc, Original'!$D162:$AA162))} -> -1 | J85: {='Qc, Original'!J162/MAX(ABS('Qc, Original'!$D162:$AA162))} -> -0.93242498 | K85: {='Qc, Original'!K162/MAX(ABS('Qc, Original'!$D162:$AA162))} -> -0.93656044 | ... AA85: {='Qc, Original'!AA162/MAX(ABS('Qc, Original'!$D162:$AA162))} -> -0.92229757
A86: 8 | B86: Winter | C86: 1 | D86: {='Qc, Original'!D9/MAX(ABS('Qc, Original'!$D9:$AA9))} -> -0.97929605 | E86: {='Qc, Original'!E9/MAX(ABS('Qc, Original'!$D9:$AA9))} -> -1 | F86: {='Qc, Original'!F9/MAX(ABS('Qc, Original'!$D9:$AA9))} -> -0.99603896 | G86: {='Qc, Original'!G9/MAX(ABS('Qc, Original'!$D9:$AA9))} -> -0.99460764 | H86: {='Qc, Original'!H9/MAX(ABS('Qc, Original'!$D9:$AA9))} -> -0.9741034 | I86: {='Qc, Original'!I9/MAX(ABS('Qc, Original'!$D9:$AA9))} -> -0.93474256 | J86: {='Qc, Original'!J9/MAX(ABS('Qc, Original'!$D9:$AA9))} -> -0.71455625 | K86: {='Qc, Original'!K9/MAX(ABS('Qc, Original'!$D9:$AA9))} -> -0.56846052 | ... AA86: {='Qc, Original'!AA9/MAX(ABS('Qc, Original'!$D9:$AA9))} -> -0.95255067
A87: 8 | B87: Winter | C87: 2 | D87: {='Qc, Original'!D23/MAX(ABS('Qc, Original'!$D23:$AA23))} -> -0.98035513 | E87: {='Qc, Original'!E23/MAX(ABS('Qc, Original'!$D23:$AA23))} -> -1 | F87: {='Qc, Original'!F23/MAX(ABS('Qc, Original'!$D23:$AA23))} -> -0.97918382 | G87: {='Qc, Original'!G23/MAX(ABS('Qc, Original'!$D23:$AA23))} -> -0.99909641 | H87: {='Qc, Original'!H23/MAX(ABS('Qc, Original'!$D23:$AA23))} -> -0.97680769 | I87: {='Qc, Original'!I23/MAX(ABS('Qc, Original'!$D23:$AA23))} -> -0.96730317 | J87: {='Qc, Original'!J23/MAX(ABS('Qc, Original'!$D23:$AA23))} -> -0.81984601 | K87: {='Qc, Original'!K23/MAX(ABS('Qc, Original'!$D23:$AA23))} -> -0.78540641 | ... AA87: {='Qc, Original'!AA23/MAX(ABS('Qc, Original'!$D23:$AA23))} -> -0.96313655
A88: 8 | B88: Winter | C88: 3 | D88: {='Qc, Original'!D37/MAX(ABS('Qc, Original'!$D37:$AA37))} -> -0.96699829 | E88: {='Qc, Original'!E37/MAX(ABS('Qc, Original'!$D37:$AA37))} -> -0.97346954 | F88: {='Qc, Original'!F37/MAX(ABS('Qc, Original'!$D37:$AA37))} -> -0.98540244 | G88: {='Qc, Original'!G37/MAX(ABS('Qc, Original'!$D37:$AA37))} -> -1 | H88: {='Qc, Original'!H37/MAX(ABS('Qc, Original'!$D37:$AA37))} -> -0.98968902 | I88: {='Qc, Original'!I37/MAX(ABS('Qc, Original'!$D37:$AA37))} -> -0.96524392 | J88: {='Qc, Original'!J37/MAX(ABS('Qc, Original'!$D37:$AA37))} -> -0.96029532 | K88: {='Qc, Original'!K37/MAX(ABS('Qc, Original'!$D37:$AA37))} -> -0.95789552 | ... AA88: {='Qc, Original'!AA37/MAX(ABS('Qc, Original'!$D37:$AA37))} -> -0.96324132
A89: 8 | B89: Spring | C89: 1 | D89: {='Qc, Original'!D51/MAX(ABS('Qc, Original'!$D51:$AA51))} -> -0.9629346 | E89: {='Qc, Original'!E51/MAX(ABS('Qc, Original'!$D51:$AA51))} -> -0.98026908 | F89: {='Qc, Original'!F51/MAX(ABS('Qc, Original'!$D51:$AA51))} -> -1 | G89: {='Qc, Original'!G51/MAX(ABS('Qc, Original'!$D51:$AA51))} -> -0.99474374 | H89: {='Qc, Original'!H51/MAX(ABS('Qc, Original'!$D51:$AA51))} -> -0.98571708 | I89: {='Qc, Original'!I51/MAX(ABS('Qc, Original'!$D51:$AA51))} -> -0.96675297 | J89: {='Qc, Original'!J51/MAX(ABS('Qc, Original'!$D51:$AA51))} -> -0.80591795 | K89: {='Qc, Original'!K51/MAX(ABS('Qc, Original'!$D51:$AA51))} -> -0.72401064 | ... AA89: {='Qc, Original'!AA51/MAX(ABS('Qc, Original'!$D51:$AA51))} -> -0.95048894
A90: 8 | B90: Spring | C90: 2 | D90: {='Qc, Original'!D65/MAX(ABS('Qc, Original'!$D65:$AA65))} -> -0.98297943 | E90: {='Qc, Original'!E65/MAX(ABS('Qc, Original'!$D65:$AA65))} -> -0.98286465 | F90: {='Qc, Original'!F65/MAX(ABS('Qc, Original'!$D65:$AA65))} -> -1 | G90: {='Qc, Original'!G65/MAX(ABS('Qc, Original'!$D65:$AA65))} -> -0.99168647 | H90: {='Qc, Original'!H65/MAX(ABS('Qc, Original'!$D65:$AA65))} -> -0.99314585 | I90: {='Qc, Original'!I65/MAX(ABS('Qc, Original'!$D65:$AA65))} -> -0.9778798 | J90: {='Qc, Original'!J65/MAX(ABS('Qc, Original'!$D65:$AA65))} -> -0.90056584 | K90: {='Qc, Original'!K65/MAX(ABS('Qc, Original'!$D65:$AA65))} -> -0.8713456 | ... AA90: {='Qc, Original'!AA65/MAX(ABS('Qc, Original'!$D65:$AA65))} -> -0.986964
A91: 8 | B91: Spring | C91: 3 | D91: {='Qc, Original'!D79/MAX(ABS('Qc, Original'!$D79:$AA79))} -> -0.98958695 | E91: {='Qc, Original'!E79/MAX(ABS('Qc, Original'!$D79:$AA79))} -> -1 | F91: {='Qc, Original'!F79/MAX(ABS('Qc, Original'!$D79:$AA79))} -> -0.99919646 | G91: {='Qc, Original'!G79/MAX(ABS('Qc, Original'!$D79:$AA79))} -> -0.99770418 | H91: {='Qc, Original'!H79/MAX(ABS('Qc, Original'!$D79:$AA79))} -> -0.99919646 | I91: {='Qc, Original'!I79/MAX(ABS('Qc, Original'!$D79:$AA79))} -> -0.99609713 | J91: {='Qc, Original'!J79/MAX(ABS('Qc, Original'!$D79:$AA79))} -> -0.99770418 | K91: {='Qc, Original'!K79/MAX(ABS('Qc, Original'!$D79:$AA79))} -> -0.96028276 | ... AA91: {='Qc, Original'!AA79/MAX(ABS('Qc, Original'!$D79:$AA79))} -> -0.96384124
A92: 8 | B92: Summer | C92: 1 | D92: {='Qc, Original'!D93/MAX(ABS('Qc, Original'!$D93:$AA93))} -> -0.97861885 | E92: {='Qc, Original'!E93/MAX(ABS('Qc, Original'!$D93:$AA93))} -> -0.98539867 | F92: {='Qc, Original'!F93/MAX(ABS('Qc, Original'!$D93:$AA93))} -> -0.994609 | G92: {='Qc, Original'!G93/MAX(ABS('Qc, Original'!$D93:$AA93))} -> -1 | H92: {='Qc, Original'!H93/MAX(ABS('Qc, Original'!$D93:$AA93))} -> -0.98658655 | I92: {='Qc, Original'!I93/MAX(ABS('Qc, Original'!$D93:$AA93))} -> -0.96310381 | J92: {='Qc, Original'!J93/MAX(ABS('Qc, Original'!$D93:$AA93))} -> -0.81859249 | K92: {='Qc, Original'!K93/MAX(ABS('Qc, Original'!$D93:$AA93))} -> -0.67547999 | ... AA92: {='Qc, Original'!AA93/MAX(ABS('Qc, Original'!$D93:$AA93))} -> -0.97094361
A93: 8 | B93: Summer | C93: 2 | D93: {='Qc, Original'!D107/MAX(ABS('Qc, Original'!$D107:$AA107))} -> -0.9854723 | E93: {='Qc, Original'!E107/MAX(ABS('Qc, Original'!$D107:$AA107))} -> -0.99996342 | F93: {='Qc, Original'!F107/MAX(ABS('Qc, Original'!$D107:$AA107))} -> -0.99996342 | G93: {='Qc, Original'!G107/MAX(ABS('Qc, Original'!$D107:$AA107))} -> -0.99996342 | H93: {='Qc, Original'!H107/MAX(ABS('Qc, Original'!$D107:$AA107))} -> -1 | I93: {='Qc, Original'!I107/MAX(ABS('Qc, Original'!$D107:$AA107))} -> -0.99168539 | J93: {='Qc, Original'!J107/MAX(ABS('Qc, Original'!$D107:$AA107))} -> -0.9070959 | K93: {='Qc, Original'!K107/MAX(ABS('Qc, Original'!$D107:$AA107))} -> -0.88222457 | ... AA93: {='Qc, Original'!AA107/MAX(ABS('Qc, Original'!$D107:$AA107))} -> -0.99477368
A94: 8 | B94: Summer | C94: 3 | D94: {='Qc, Original'!D121/MAX(ABS('Qc, Original'!$D121:$AA121))} -> -0.96767252 | E94: {='Qc, Original'!E121/MAX(ABS('Qc, Original'!$D121:$AA121))} -> -0.97662827 | F94: {='Qc, Original'!F121/MAX(ABS('Qc, Original'!$D121:$AA121))} -> -0.99238335 | G94: {='Qc, Original'!G121/MAX(ABS('Qc, Original'!$D121:$AA121))} -> -0.99492218 | H94: {='Qc, Original'!H121/MAX(ABS('Qc, Original'!$D121:$AA121))} -> -1 | I94: {='Qc, Original'!I121/MAX(ABS('Qc, Original'!$D121:$AA121))} -> -0.99139207 | J94: {='Qc, Original'!J121/MAX(ABS('Qc, Original'!$D121:$AA121))} -> -0.9743501 | K94: {='Qc, Original'!K121/MAX(ABS('Qc, Original'!$D121:$AA121))} -> -0.92054616 | ... AA94: {='Qc, Original'!AA121/MAX(ABS('Qc, Original'!$D121:$AA121))} -> -0.94550047
A95: 8 | B95: Autumn | C95: 1 | D95: {='Qc, Original'!D135/MAX(ABS('Qc, Original'!$D135:$AA135))} -> -0.99294011 | E95: {='Qc, Original'!E135/MAX(ABS('Qc, Original'!$D135:$AA135))} -> -1 | F95: {='Qc, Original'!F135/MAX(ABS('Qc, Original'!$D135:$AA135))} -> -0.99798795 | G95: {='Qc, Original'!G135/MAX(ABS('Qc, Original'!$D135:$AA135))} -> -0.99121047 | H95: {='Qc, Original'!H135/MAX(ABS('Qc, Original'!$D135:$AA135))} -> -0.96875997 | I95: {='Qc, Original'!I135/MAX(ABS('Qc, Original'!$D135:$AA135))} -> -0.95379293 | J95: {='Qc, Original'!J135/MAX(ABS('Qc, Original'!$D135:$AA135))} -> -0.55176671 | K95: {='Qc, Original'!K135/MAX(ABS('Qc, Original'!$D135:$AA135))} -> -0.29079743 | ... AA95: {='Qc, Original'!AA135/MAX(ABS('Qc, Original'!$D135:$AA135))} -> -0.99375204
A96: 8 | B96: Autumn | C96: 2 | D96: {='Qc, Original'!D149/MAX(ABS('Qc, Original'!$D149:$AA149))} -> -0.93534087 | E96: {='Qc, Original'!E149/MAX(ABS('Qc, Original'!$D149:$AA149))} -> -0.97655534 | F96: {='Qc, Original'!F149/MAX(ABS('Qc, Original'!$D149:$AA149))} -> -0.98971417 | G96: {='Qc, Original'!G149/MAX(ABS('Qc, Original'!$D149:$AA149))} -> -1 | H96: {='Qc, Original'!H149/MAX(ABS('Qc, Original'!$D149:$AA149))} -> -0.99595663 | I96: {='Qc, Original'!I149/MAX(ABS('Qc, Original'!$D149:$AA149))} -> -0.95807624 | J96: {='Qc, Original'!J149/MAX(ABS('Qc, Original'!$D149:$AA149))} -> -0.78630201 | K96: {='Qc, Original'!K149/MAX(ABS('Qc, Original'!$D149:$AA149))} -> -0.71735117 | ... AA96: {='Qc, Original'!AA149/MAX(ABS('Qc, Original'!$D149:$AA149))} -> -0.99595663
A97: 8 | B97: Autumn | C97: 3 | D97: {='Qc, Original'!D163/MAX(ABS('Qc, Original'!$D163:$AA163))} -> -0.96818841 | E97: {='Qc, Original'!E163/MAX(ABS('Qc, Original'!$D163:$AA163))} -> -0.96984093 | F97: {='Qc, Original'!F163/MAX(ABS('Qc, Original'!$D163:$AA163))} -> -0.97500516 | G97: {='Qc, Original'!G163/MAX(ABS('Qc, Original'!$D163:$AA163))} -> -0.98209732 | H97: {='Qc, Original'!H163/MAX(ABS('Qc, Original'!$D163:$AA163))} -> -0.99108309 | I97: {='Qc, Original'!I163/MAX(ABS('Qc, Original'!$D163:$AA163))} -> -1 | J97: {='Qc, Original'!J163/MAX(ABS('Qc, Original'!$D163:$AA163))} -> -0.95617299 | K97: {='Qc, Original'!K163/MAX(ABS('Qc, Original'!$D163:$AA163))} -> -0.9543483 | ... AA97: {='Qc, Original'!AA163/MAX(ABS('Qc, Original'!$D163:$AA163))} -> -0.9285272
A98: 9 | B98: Winter | C98: 1 | D98: {='Qc, Original'!D10/MAX(ABS('Qc, Original'!$D10:$AA10))} -> -1 | E98: {='Qc, Original'!E10/MAX(ABS('Qc, Original'!$D10:$AA10))} -> -1 | F98: {='Qc, Original'!F10/MAX(ABS('Qc, Original'!$D10:$AA10))} -> -1 | G98: {='Qc, Original'!G10/MAX(ABS('Qc, Original'!$D10:$AA10))} -> -1 | H98: {='Qc, Original'!H10/MAX(ABS('Qc, Original'!$D10:$AA10))} -> -1 | I98: {='Qc, Original'!I10/MAX(ABS('Qc, Original'!$D10:$AA10))} -> -1 | J98: {='Qc, Original'!J10/MAX(ABS('Qc, Original'!$D10:$AA10))} -> -1 | K98: {='Qc, Original'!K10/MAX(ABS('Qc, Original'!$D10:$AA10))} -> -1 | ... AA98: {='Qc, Original'!AA10/MAX(ABS('Qc, Original'!$D10:$AA10))} -> -1
A99: 9 | B99: Winter | C99: 2 | D99: {='Qc, Original'!D24/MAX(ABS('Qc, Original'!$D24:$AA24))} -> -1 | E99: {='Qc, Original'!E24/MAX(ABS('Qc, Original'!$D24:$AA24))} -> -1 | F99: {='Qc, Original'!F24/MAX(ABS('Qc, Original'!$D24:$AA24))} -> -1 | G99: {='Qc, Original'!G24/MAX(ABS('Qc, Original'!$D24:$AA24))} -> -1 | H99: {='Qc, Original'!H24/MAX(ABS('Qc, Original'!$D24:$AA24))} -> -1 | I99: {='Qc, Original'!I24/MAX(ABS('Qc, Original'!$D24:$AA24))} -> -1 | J99: {='Qc, Original'!J24/MAX(ABS('Qc, Original'!$D24:$AA24))} -> -1 | K99: {='Qc, Original'!K24/MAX(ABS('Qc, Original'!$D24:$AA24))} -> -1 | ... AA99: {='Qc, Original'!AA24/MAX(ABS('Qc, Original'!$D24:$AA24))} -> -1
A100: 9 | B100: Winter | C100: 3 | D100: {='Qc, Original'!D38/MAX(ABS('Qc, Original'!$D38:$AA38))} -> -1 | E100: {='Qc, Original'!E38/MAX(ABS('Qc, Original'!$D38:$AA38))} -> -1 | F100: {='Qc, Original'!F38/MAX(ABS('Qc, Original'!$D38:$AA38))} -> -1 | G100: {='Qc, Original'!G38/MAX(ABS('Qc, Original'!$D38:$AA38))} -> -1 | H100: {='Qc, Original'!H38/MAX(ABS('Qc, Original'!$D38:$AA38))} -> -1 | I100: {='Qc, Original'!I38/MAX(ABS('Qc, Original'!$D38:$AA38))} -> -1 | J100: {='Qc, Original'!J38/MAX(ABS('Qc, Original'!$D38:$AA38))} -> -1 | K100: {='Qc, Original'!K38/MAX(ABS('Qc, Original'!$D38:$AA38))} -> -1 | ... AA100: {='Qc, Original'!AA38/MAX(ABS('Qc, Original'!$D38:$AA38))} -> -1
...

Sheet Qc2
A1: LoadID | B1: Season | C1: Scenario | D1: 0 | E1: 1 | F1: 2 | G1: 3 | H1: 4 | I1: 5 | J1: 6 | K1: 7 | L1: 8 | M1: 9 | N1: 10 | O1: 11 | P1: 12 | Q1: 13 | R1: 14 | S1: 15 | T1: 16 | U1: 17 | V1: 18 | W1: 19 | X1: 20 | Y1: 21 | Z1: 22 | AA1: 23
A2: 1 | B2: Winter | C2: 1 | D2: 0.98773796 | E2: 0.83869587 | F2: 0.65404585 | G2: 0.55033843 | H2: 0.6197235 | I2: 0.47323702 | J2: 0.31147762 | K2: 0.47378379 | L2: 0.43718562 | M2: 0.44048835 | N2: 0.38807606 | O2: 0.35154767 | P2: 0.62895333 | Q2: 0.68045273 | R2: 0.52694321 | S2: 0.52355167 | T2: 0.58383696 | U2: 0.60844818 | V2: 0.55463773 | W2: 0.56303967 | X2: 0.63459109 | Y2: 0.74187008 | Z2: 0.61456544 | AA2: 0.65475596
A3: 1 | B3: Winter | C3: 2 | D3: 0.98160693 | E3: 0.91934794 | F3: 0.69704146 | G3: 0.55621883 | H3: 0.6302982 | I3: 0.54936807 | J3: 0.39833063 | K3: 0.49903769 | L3: 0.52038107 | M3: 0.48389948 | N3: 0.4670293 | O3: 0.27456625 | P3: 0.66403561 | Q3: 0.73623188 | R3: 0.59742434 | S3: 0.56119523 | T3: 0.64031594 | U3: 0.66465134 | V3: 0.61415113 | W3: 0.62255549 | X3: 0.68982226 | Y3: 0.83414909 | Z3: 0.70967462 | AA3: 0.73768914
A4: 1 | B4: Winter | C4: 3 | D4: 0.97547591 | E4: 1 | F4: 0.74003707 | G4: 0.56209922 | H4: 0.6408729 | I4: 0.62549913 | J4: 0.48518363 | K4: 0.52429159 | L4: 0.60357652 | M4: 0.52731061 | N4: 0.54598253 | O4: 0.19758483 | P4: 0.69911789 | Q4: 0.79201103 | R4: 0.66790547 | S4: 0.59883879 | T4: 0.69679493 | U4: 0.72085449 | V4: 0.67366452 | W4: 0.68207132 | X4: 0.74505344 | Y4: 0.9264281 | Z4: 0.8047838 | AA4: 0.82062233
A5: 1 | B5: Spring | C5: 1 | D5: 0.68969129 | E5: 0.68943452 | F5: 0.73858078 | G5: 0.79470486 | H5: 0.65581672 | I5: 0.61325964 | J5: 0.39730147 | K5: 0.79793013 | L5: 1 | M5: 0.95250388 | N5: 0.88476944 | O5: 0.96892878 | P5: 0.87499667 | Q5: 0.66996269 | R5: 0.4513612 | S5: 0.73781851 | T5: 0.72594611 | U5: 0.52598827 | V5: 0.39870138 | W5: 0.4210464 | X5: 0.38125126 | Y5: 0.34356909 | Z5: 0.30048383 | AA5: 0.42209737
A6: 1 | B6: Spring | C6: 2 | D6: 0.7701522 | E6: 0.78259648 | F6: 0.84818651 | G6: 0.9332284 | H6: 0.74541139 | I6: 0.67947202 | J6: 0.38215304 | K6: 0.81897937 | L6: 1 | M6: 0.96007706 | N6: 0.88121498 | O6: 0.96636577 | P6: 0.84876616 | Q6: 0.63168355 | R6: 0.42017693 | S6: 0.76053243 | T6: 0.73676892 | U6: 0.48657226 | V6: 0.36773243 | W6: 0.40584291 | X6: 0.32035273 | Y6: 0.30073584 | Z6: 0.29826497 | AA6: 0.44239601
A7: 1 | B7: Spring | C7: 3 | D7: 0.60923039 | E7: 0.59627255 | F7: 0.62897506 | G7: 0.65618132 | H7: 0.56622204 | I7: 0.54704726 | J7: 0.41244991 | K7: 0.7768809 | L7: 1 | M7: 0.9449307 | N7: 0.8883239 | O7: 0.97149179 | P7: 0.90122719 | Q7: 0.70824183 | R7: 0.48254546 | S7: 0.71510458 | T7: 0.71512329 | U7: 0.56540427 | V7: 0.42967033 | W7: 0.43624988 | X7: 0.4421498 | Y7: 0.38640235 | Z7: 0.30270268 | AA7: 0.40179872
A8: 1 | B8: Summer | C8: 1 | D8: 0.39645849 | E8: 0.37931893 | F8: 0.30928095 | G8: 0.31697806 | H8: 0.37566766 | I8: 0.38865711 | J8: 0.33357416 | K8: 0.50160313 | L8: 0.57807452 | M8: 0.83503858 | N8: 0.79076848 | O8: 0.82867689 | P8: 0.83718581 | Q8: 0.77158285 | R8: 0.68165151 | S8: 0.85097417 | T8: 0.97481994 | U8: 0.66473894 | V8: 0.62288916 | W8: 0.62327802 | X8: 0.59730333 | Y8: 0.5535507 | Z8: 0.56360201 | AA8: 0.46678786
A9: 1 | B9: Summer | C9: 2 | D9: 0.40270902 | E9: 0.40460051 | F9: 0.35011423 | G9: 0.35499114 | H9: 0.39125518 | I9: 0.40805339 | J9: 0.37510969 | K9: 0.62092948 | L9: 0.71855599 | M9: 0.87798213 | N9: 0.84010998 | O9: 0.86607225 | P9: 0.8914572 | Q9: 0.83677626 | R9: 0.68088251 | S9: 0.86342656 | T9: 0.94963989 | U9: 0.72465717 | V9: 0.63767471 | W9: 0.61724367 | X9: 0.60971613 | Y9: 0.5817983 | Z9: 0.52258669 | AA9: 0.45620922
A10: 1 | B10: Summer | C10: 3 | D10: 0.39020797 | E10: 0.35403736 | F10: 0.26844766 | G10: 0.27896497 | H10: 0.36008013 | I10: 0.36926083 | J10: 0.29203863 | K10: 0.38227677 | L10: 0.43759305 | M10: 0.79209503 | N10: 0.74142697 | O10: 0.79128152 | P10: 0.78291441 | Q10: 0.70638944 | R10: 0.68242051 | S10: 0.83852178 | T10: 1 | U10: 0.60482071 | V10: 0.60810361 | W10: 0.62931237 | X10: 0.58489054 | Y10: 0.5253031 | Z10: 0.60461733 | AA10: 0.47736651
A11: 1 | B11: Autumn | C11: 1 | D11: 0.058755511 | E11: 0.065859926 | F11: -0.00016976811 | G11: 0.03528724 | H11: 0.041085742 | I11: 0.073290938 | J11: 0.044559653 | K11: 0.66567571 | L11: 0.89610975 | M11: 0.65387414 | N11: 0.87889574 | O11: 0.84772375 | P11: 1 | Q11: 0.71519901 | R11: 0.31044165 | S11: 0.45867027 | T11: 0.43640405 | U11: 0.54847111 | V11: 0.57977043 | W11: 0.36949748 | X11: 0.35676429 | Y11: 0.22265451 | Z11: 0.18280152 | AA11: 0.085786378
A12: 1 | B12: Autumn | C12: 2 | D12: 0.027264013 | E12: 0.06948438 | F12: 0.0085471926 | G12: 0.057879395 | H12: 0.10492518 | I12: 0.026490841 | J12: 0.11935882 | K12: 0.56750725 | L12: 0.82047436 | M12: 0.54096132 | N12: 0.71338304 | O12: 0.70251425 | P12: 0.95309423 | Q12: 0.74482144 | R12: 0.37864439 | S12: 0.51436135 | T12: 0.50685355 | U12: 0.54732144 | V12: 0.53434158 | W12: 0.35219433 | X12: 0.36607649 | Y12: 0.21109152 | Z12: 0.21369158 | AA12: 0.10909758
A13: 1 | B13: Autumn | C13: 3 | D13: -0.0042274856 | E13: 0.073108834 | F13: 0.017264153 | G13: 0.08047155 | H13: 0.16876461 | I13: -0.020309257 | J13: 0.19415798 | K13: 0.46933879 | L13: 0.74483896 | M13: 0.42804851 | N13: 0.54787034 | O13: 0.55730475 | P13: 0.90618846 | Q13: 0.77444387 | R13: 0.44684713 | S13: 0.57005244 | T13: 0.57730304 | U13: 0.54617176 | V13: 0.48891272 | W13: 0.33489119 | X13: 0.37538868 | Y13: 0.19952853 | Z13: 0.24458165 | AA13: 0.13240878
... A169: 14 | B169: Autumn | C169: 3 | D169: 0.34409052 | E169: 0.36286936 | F169: 0.36389518 | G169: 0.44312492 | H169: 0.39810683 | I169: 0.34230616 | J169: 0.093808594 | K169: -0.34651506 | L169: -0.54758785 | M169: -0.83028498 | N169: -0.87214145 | O169: -0.88730607 | P169: -0.91192054 | Q169: -0.84038973 | R169: -0.79702082 | S169: -0.49424764 | T169: -0.44582168 | U169: -0.43932427 | V169: -0.36016773 | W169: -0.35472962 | X169: -0.20560832 | Y169: -0.027556835 | Z169: 0.12946109 | AA169: 0.17783273

Sheet Pg
A1: GenType | B1: Season | C1: Scenario | D1: 0 | E1: 1 | F1: 2 | G1: 3 | H1: 4 | I1: 5 | J1: 6 | K1: 7 | L1: 8 | M1: 9 | N1: 10 | O1: 11 | P1: 12 | Q1: 13 | R1: 14 | S1: 15 | T1: 16 | U1: 17 | V1: 18 | W1: 19 | X1: 20 | Y1: 21 | Z1: 22 | AA1: 23
A2: PV | B2: Winter | C2: 1 | D2: 0 | E2: 0 | F2: 0 | G2: 0 | H2: 0 | I2: 0 | J2: 0 | K2: 0.00037907506 | L2: 0.044351782 | M2: 0.18726308 | N2: 0.32941622 | O2: 0.39196361 | P2: 0.37717968 | Q2: 0.38021228 | R2: 0.35898408 | S2: 0.26876422 | T2: 0.10121304 | U2: 0.0045489007 | V2: 0 | W2: 0 | X2: 0 | Y2: 0 | Z2: 0 | AA2: 0
A3: PV | B3: Winter | C3: 2 | D3: 0 | E3: 0 | F3: 0 | G3: 0 | H3: 0 | I3: 0 | J3: 0 | K3: 0.00075815011 | L3: 0.064821835 | M3: 0.22289613 | N3: 0.34230478 | O3: 0.33965125 | P3: 0.37755876 | Q3: 0.36921911 | R3: 0.31235785 | S3: 0.20090978 | T3: 0.064063685 | U3: 0.0037907506 | V3: 0 | W3: 0 | X3: 0 | Y3: 0 | Z3: 0 | AA3: 0
A4: PV | B4: Winter | C4: 3 | D4: 0 | E4: 0 | F4: 0 | G4: 0 | H4: 0 | I4: 0 | J4: 0 | K4: 0.00037907506 | L4: 0.03373768 | M4: 0.14480667 | N4: 0.23881729 | O4: 0.27141774 | P4: 0.25928734 | Q4: 0.26421531 | R4: 0.28582259 | S4: 0.26042456 | T4: 0.11865049 | U4: 0.0060652009 | V4: 0 | W4: 0 | X4: 0 | Y4: 0 | Z4: 0 | AA4: 0
A5: Wind | B5: Winter | C5: 1 | D5: 0.54215175 | E5: 0.58329988 | F5: 0.58028904 | G5: 0.58149338 | H5: 0.60196708 | I5: 0.63548776 | J5: 0.67703733 | K5: 0.67824167 | L5: 0.67221999 | M5: 0.63087114 | N5: 0.55018065 | O5: 0.5062224 | P5: 0.48635086 | Q5: 0.45323163 | R5: 0.41429145 | S5: 0.41790446 | T5: 0.43356082 | U5: 0.49959855 | V5: 0.54094741 | W5: 0.55439582 | X5: 0.53613007 | Y5: 0.50702529 | Z5: 0.5124448 | AA5: 0.53352067
A6: Wind | B6: Winter | C6: 2 | D6: 0.52468888 | E6: 0.53271778 | F6: 0.53452429 | G6: 0.48875953 | H6: 0.5044159 | I6: 0.53251706 | J6: 0.54516259 | K6: 0.51926937 | L6: 0.49417904 | M6: 0.46547571 | N6: 0.43737455 | O6: 0.41328784 | P6: 0.3809715 | Q6: 0.29506222 | R6: 0.2886391 | S6: 0.29365717 | T6: 0.37254115 | U6: 0.43657166 | V6: 0.46507427 | W6: 0.4857487 | X6: 0.50200723 | Y6: 0.52107587 | Z6: 0.51124047 | AA6: 0.49739061
A7: Wind | B7: Winter | C7: 3 | D7: 0.50240867 | E7: 0.50020072 | F7: 0.4875552 | G7: 0.49959855 | H7: 0.48554797 | I7: 0.48293858 | J7: 0.50040145 | K7: 0.47029305 | L7: 0.43295865 | M7: 0.40545965 | N7: 0.36672019 | O7: 0.31593737 | P7: 0.28482537 | Q7: 0.28301887 | R7: 0.32115616 | S7: 0.33239663 | T7: 0.36752308 | U7: 0.42593336 | V7: 0.46326776 | W7: 0.49096748 | X7: 0.49498193 | Y7: 0.45624247 | Z7: 0.42071457 | AA7: 0.4040546
A8: PV | B8: Spring | C8: 1 | D8: 0 | E8: 0 | F8: 0 | G8: 0 | H8: 0 | I8: 0.0094768764 | J8: 0.095147839 | K8: 0.26573161 | L8: 0.41053829 | M8: 0.4802881 | N8: 0.54890068 | O8: 0.57846854 | P8: 0.62395754 | Q8: 0.62736922 | R8: 0.63078089 | S8: 0.57695224 | T8: 0.45905989 | U8: 0.3025019 | V8: 0.11144807 | W8: 0.0098559515 | X8: 0 | Y8: 0 | Z8: 0 | AA8: 0
A9: PV | B9: Spring | C9: 2 | D9: 0 | E9: 0 | F9: 0 | G9: 0 | H9: 0 | I9: 0.011372252 | J9: 0.09969674 | K9: 0.23995451 | L9: 0.36201668 | M9: 0.50416983 | N9: 0.59666414 | O9: 0.61068992 | P9: 0.62509477 | Q9: 0.60310842 | R9: 0.64101592 | S9: 0.56899166 | T9: 0.4772555 | U9: 0.31197877 | V9: 0.11372252 | W9: 0.010235027 | X9: 0 | Y9: 0 | Z9: 0 | AA9: 0
A10: PV | B10: Spring | C10: 3 | D10: 0 | E10: 0 | F10: 0 | G10: 0 | H10: 0 | I10: 0.010993177 | J10: 0.10538287 | K10: 0.29264594 | L10: 0.469674 | M10: 0.55686126 | N10: 0.61561789 | O10: 0.68460955 | P10: 0.66830933 | Q10: 0.66489765 | R10: 0.66944655 | S10: 0.61865049 | T10: 0.5030326 | U10: 0.3297953 | V10: 0.11713419 | W10: 0.012130402 | X10: 0 | Y10: 0 | Z10: 0 | AA10: 0
A11: Wind | B11: Spring | C11: 1 | D11: 0.25812927 | E11: 0.23966279 | F11: 0.24086712 | G11: 0.23123244 | H11: 0.22902449 | I11: 0.23303894 | J11: 0.20915295 | K11: 0.16780409 | L11: 0.13227619 | M11: 0.099959855 | N11: 0.09494179 | O11: 0.11561622 | P11: 0.1527499 | Q11: 0.21116018 | R11: 0.27559213 | S11: 0.34383782 | T11: 0.42814131 | U11: 0.47531112 | V11: 0.4769169 | W11: 0.4644721 | X11: 0.42111602 | Y11: 0.38920112 | Z11: 0.38859896 | AA11: 0.3685267
A12: Wind | B12: Spring | C12: 2 | D12: 0.33841831 | E12: 0.30710558 | F12: 0.26796467 | G12: 0.24126857 | H12: 0.23584906 | I12: 0.23845845 | J12: 0.20353272 | K12: 0.15315134 | L12: 0.13950221 | M12: 0.14532316 | N12: 0.16278603 | O12: 0.18667202 | P12: 0.24267363 | Q12: 0.30128462 | R12: 0.34223204 | S12: 0.3765556 | T12: 0.41268567 | U12: 0.39482136 | V12: 0.34925733 | W12: 0.33600963 | X12: 0.31252509 | Y12: 0.29646728 | Z12: 0.26876756 | AA12: 0.23966279
A13: Wind | B13: Spring | C13: 3 | D13: 0.24769169 | E13: 0.23484544 | F13: 0.22842232 | G13: 0.24046568 | H13: 0.24106784 | I13: 0.21437174 | J13: 0.18245684 | K13: 0.13749498 | L13: 0.11581694 | M13: 0.12585307 | N13: 0.14873545 | O13: 0.14712967 | P13: 0.16900843 | Q13: 0.21557607 | R13: 0.25170614 | S13: 0.28362104 | T13: 0.31874749 | U13: 0.33179446 | V13: 0.33199518 | W13: 0.29686873 | X13: 0.28342031 | Y13: 0.28181453 | Z13: 0.28643115 | AA13: 0.30931353
... A25: Wind | B25: Autumn | C25: 3 | D25: 0.48715375 | E25: 0.46969089 | F25: 0.42773986 | G25: 0.39702931 | H25: 0.38057005 | I25: 0.3809715 | J25: 0.382778 | K25: 0.41268567 | L25: 0.4369731 | M25: 0.41810518 | N25: 0.3685267 | O25: 0.31573665 | P25: 0.2974709 | Q25: 0.30750703 | R25: 0.2948615 | S25: 0.30670413 | T25: 0.30650341 | U25: 0.31312726 | V25: 0.33681253 | W25: 0.33982336 | X25: 0.30790847 | Y25: 0.31433159 | Z25: 0.2974709 | AA25: 0.34765155

Sheet Qg
A1: GenType | B1: Season | C1: Scenario | D1: 0 | E1: 1 | F1: 2 | G1: 3 | H1: 4 | I1: 5 | J1: 6 | K1: 7 | L1: 8 | M1: 9 | N1: 10 | O1: 11 | P1: 12 | Q1: 13 | R1: 14 | S1: 15 | T1: 16 | U1: 17 | V1: 18 | W1: 19 | X1: 20 | Y1: 21 | Z1: 22 | AA1: 23
A2: PV | B2: Winter | C2: 1 | D2: 0 | E2: 0 | F2: 0 | G2: 0 | H2: 0 | I2: 0 | J2: 0 | K2: 0 | L2: 0 | M2: 0 | N2: 0 | O2: 0 | P2: 0 | Q2: 0 | R2: 0 | S2: 0 | T2: 0 | U2: 0 | V2: 0 | W2: 0 | X2: 0 | Y2: 0 | Z2: 0 | AA2: 0
A3: PV | B3: Winter | C3: 2 | D3: 0 | E3: 0 | F3: 0 | G3: 0 | H3: 0 | I3: 0 | J3: 0 | K3: 0 | L3: 0 | M3: 0 | N3: 0 | O3: 0 | P3: 0 | Q3: 0 | R3: 0 | S3: 0 | T3: 0 | U3: 0 | V3: 0 | W3: 0 | X3: 0 | Y3: 0 | Z3: 0 | AA3: 0
A4: PV | B4: Winter | C4: 3 | D4: 0 | E4: 0 | F4: 0 | G4: 0 | H4: 0 | I4: 0 | J4: 0 | K4: 0 | L4: 0 | M4: 0 | N4: 0 | O4: 0 | P4: 0 | Q4: 0 | R4: 0 | S4: 0 | T4: 0 | U4: 0 | V4: 0 | W4: 0 | X4: 0 | Y4: 0 | Z4: 0 | AA4: 0
A5: Wind | B5: Winter | C5: 1 | D5: 0 | E5: 0 | F5: 0 | G5: 0 | H5: 0 | I5: 0 | J5: 0 | K5: 0 | L5: 0 | M5: 0 | N5: 0 | O5: 0 | P5: 0 | Q5: 0 | R5: 0 | S5: 0 | T5: 0 | U5: 0 | V5: 0 | W5: 0 | X5: 0 | Y5: 0 | Z5: 0 | AA5: 0
A6: Wind | B6: Winter | C6: 2 | D6: 0 | E6: 0 | F6: 0 | G6: 0 | H6: 0 | I6: 0 | J6: 0 | K6: 0 | L6: 0 | M6: 0 | N6: 0 | O6: 0 | P6: 0 | Q6: 0 | R6: 0 | S6: 0 | T6: 0 | U6: 0 | V6: 0 | W6: 0 | X6: 0 | Y6: 0 | Z6: 0 | AA6: 0
A7: Wind | B7: Winter | C7: 3 | D7: 0 | E7: 0 | F7: 0 | G7: 0 | H7: 0 | I7: 0 | J7: 0 | K7: 0 | L7: 0 | M7: 0 | N7: 0 | O7: 0 | P7: 0 | Q7: 0 | R7: 0 | S7: 0 | T7: 0 | U7: 0 | V7: 0 | W7: 0 | X7: 0 | Y7: 0 | Z7: 0 | AA7: 0
A8: PV | B8: Spring | C8: 1 | D8: 0 | E8: 0 | F8: 0 | G8: 0 | H8: 0 | I8: 0 | J8: 0 | K8: 0 | L8: 0 | M8: 0 | N8: 0 | O8: 0 | P8: 0 | Q8: 0 | R8: 0 | S8: 0 | T8: 0 | U8: 0 | V8: 0 | W8: 0 | X8: 0 | Y8: 0 | Z8: 0 | AA8: 0
A9: PV | B9: Spring | C9: 2 | D9: 0 | E9: 0 | F9: 0 | G9: 0 | H9: 0 | I9: 0 | J9: 0 | K9: 0 | L9: 0 | M9: 0 | N9: 0 | O9: 0 | P9: 0 | Q9: 0 | R9: 0 | S9: 0 | T9: 0 | U9: 0 | V9: 0 | W9: 0 | X9: 0 | Y9: 0 | Z9: 0 | AA9: 0
A10: PV | B10: Spring | C10: 3 | D10: 0 | E10: 0 | F10: 0 | G10: 0 | H10: 0 | I10: 0 | J10: 0 | K10: 0 | L10: 0 | M10: 0 | N10: 0 | O10: 0 | P10: 0 | Q10: 0 | R10: 0 | S10: 0 | T10: 0 | U10: 0 | V10: 0 | W10: 0 | X10: 0 | Y10: 0 | Z10: 0 | AA10: 0
A11: Wind | B11: Spring | C11: 1 | D11: 0 | E11: 0 | F11: 0 | G11: 0 | H11: 0 | I11: 0 | J11: 0 | K11: 0 | L11: 0 | M11: 0 | N11: 0 | O11: 0 | P11: 0 | Q11: 0 | R11: 0 | S11: 0 | T11: 0 | U11: 0 | V11: 0 | W11: 0 | X11: 0 | Y11: 0 | Z11: 0 | AA11: 0
A12: Wind | B12: Spring | C12: 2 | D12: 0 | E12: 0 | F12: 0 | G12: 0 | H12: 0 | I12: 0 | J12: 0 | K12: 0 | L12: 0 | M12: 0 | N12: 0 | O12: 0 | P12: 0 | Q12: 0 | R12: 0 | S12: 0 | T12: 0 | U12: 0 | V12: 0 | W12: 0 | X12: 0 | Y12: 0 | Z12: 0 | AA12: 0
A13: Wind | B13: Spring | C13: 3 | D13: 0 | E13: 0 | F13: 0 | G13: 0 | H13: 0 | I13: 0 | J13: 0 | K13: 0 | L13: 0 | M13: 0 | N13: 0 | O13: 0 | P13: 0 | Q13: 0 | R13: 0 | S13: 0 | T13: 0 | U13: 0 | V13: 0 | W13: 0 | X13: 0 | Y13: 0 | Z13: 0 | AA13: 0
... A25: Wind | B25: Autumn | C25: 3 | D25: 0 | E25: 0 | F25: 0 | G25: 0 | H25: 0 | I25: 0 | J25: 0 | K25: 0 | L25: 0 | M25: 0 | N25: 0 | O25: 0 | P25: 0 | Q25: 0 | R25: 0 | S25: 0 | T25: 0 | U25: 0 | V25: 0 | W25: 0 | X25: 0 | Y25: 0 | Z25: 0 | AA25: 0

Sheet Flex
A1: Type | B1: Season | C1: Scenario | D1: 0 | E1: 1 | F1: 2 | G1: 3 | H1: 4 | I1: 5 | J1: 6 | K1: 7 | L1: 8 | M1: 9 | N1: 10 | O1: 11 | P1: 12 | Q1: 13 | R1: 14 | S1: 15 | T1: 16 | U1: 17 | V1: 18 | W1: 19 | X1: 20 | Y1: 21 | Z1: 22 | AA1: 23
A2: Flexible Load, [MW] | B2: Winter | C2: 1 | D2: 4.9164 | E2: 5.0804 | F2: 4.5492 | G2: 4.312 | H2: 3.5328 | I2: 2.9984 | J2: 3.6668 | K2: 0.6368 | L2: 0.56 | M2: 0.8164 | N2: 0.4808 | O2: 0.6008 | P2: 0.9572 | Q2: 1.7636 | R2: 1.8816 | S2: 1.8504 | T2: 1.038 | U2: 2.1144 | V2: 1.2408 | W2: 0.8724 | X2: 1.3248 | Y2: 0.8188 | Z2: 3.7372 | AA2: 4.5052
A3: Minimum Flexible Load, [MW] | B3: Winter | C3: 1 | D3: -11.1 | E3: -11.8696 | F3: -13.3496 | G3: -14.4004 | H3: -15.392 | I3: -16.798 | J3: -16.0284 | K3: -17.97976 | L3: -16.30736 | M3: -23.95284 | N3: -23.70736 | O3: -21.67216 | P3: -20.77456 | Q3: -20.05748 | R3: -18.90568 | S3: -17.20424 | T3: -16.08696 | U3: -14.39624 | V3: -9.13772 | W3: -10.22648 | X3: -10.80984 | Y3: -11.6054 | Z3: -9.2204 | AA3: -9.7976
A4: Maximum Flexible Load, [MW] | B4: Winter | C4: 1 | D4: 10.69356 | E4: 11.44032 | F4: 12.82724 | G4: 13.80244 | H4: 14.6914 | I4: 16.042 | J4: 15.294 | K4: 17.25916 | L4: 15.80916 | M4: 18.03944 | N4: 18.18148 | O4: 17.01964 | P4: 16.446 | Q4: 16.02328 | R4: 15.01632 | S4: 13.67148 | T4: 12.73604 | U4: 11.38288 | V4: 8.90936 | W4: 9.97216 | X4: 10.59656 | Y4: 11.41456 | Z4: 8.882 | AA4: 9.4448
A5: Flexible Load, [MW] | B5: Winter | C5: 2 | D5: 4.9164 | E5: 5.0804 | F5: 4.5492 | G5: 4.312 | H5: 3.5328 | I5: 2.9984 | J5: 3.6668 | K5: 0.6368 | L5: 0.56 | M5: 0.8164 | N5: 0.4808 | O5: 0.6008 | P5: 0.9572 | Q5: 1.7636 | R5: 1.8816 | S5: 1.8504 | T5: 1.038 | U5: 2.1144 | V5: 1.2408 | W5: 0.8724 | X5: 1.3248 | Y5: 0.8188 | Z5: 3.7372 | AA5: 4.5052
A6: Minimum Flexible Load, [MW] | B6: Winter | C6: 2 | D6: -11.1 | E6: -11.8696 | F6: -13.3496 | G6: -14.4004 | H6: -15.392 | I6: -16.798 | J6: -16.0284 | K6: -17.97976 | L6: -16.30736 | M6: -23.95284 | N6: -23.70736 | O6: -21.67216 | P6: -20.77456 | Q6: -20.05748 | R6: -18.90568 | S6: -17.20424 | T6: -16.08696 | U6: -14.39624 | V6: -9.13772 | W6: -10.22648 | X6: -10.80984 | Y6: -11.6054 | Z6: -9.2204 | AA6: -9.7976
A7: Maximum Flexible Load, [MW] | B7: Winter | C7: 2 | D7: 10.69356 | E7: 11.44032 | F7: 12.82724 | G7: 13.80244 | H7: 14.6914 | I7: 16.042 | J7: 15.294 | K7: 17.25916 | L7: 15.80916 | M7: 18.03944 | N7: 18.18148 | O7: 17.01964 | P7: 16.446 | Q7: 16.02328 | R7: 15.01632 | S7: 13.67148 | T7: 12.73604 | U7: 11.38288 | V7: 8.90936 | W7: 9.97216 | X7: 10.59656 | Y7: 11.41456 | Z7: 8.882 | AA7: 9.4448
A8: Flexible Load, [MW] | B8: Winter | C8: 3 | D8: 4.92 | E8: 5.08 | F8: 4.55 | G8: 4.31 | H8: 3.53 | I8: 3 | J8: 3.67 | K8: 0.64 | L8: 0.56 | M8: 0.82 | N8: 0.48 | O8: 0.6 | P8: 0.96 | Q8: 1.76 | R8: 1.88 | S8: 1.85 | T8: 1.04 | U8: 2.11 | V8: 1.24 | W8: 0.87 | X8: 1.32 | Y8: 0.82 | Z8: 3.74 | AA8: 4.51
A9: Minimum Flexible Load, [MW] | B9: Winter | C9: 3 | D9: -11.1 | E9: -11.87 | F9: -13.35 | G9: -14.4 | H9: -15.39 | I9: -16.8 | J9: -16.03 | K9: -17.98 | L9: -16.31 | M9: -23.95 | N9: -23.71 | O9: -21.67 | P9: -20.77 | Q9: -20.06 | R9: -18.91 | S9: -17.2 | T9: -16.09 | U9: -14.4 | V9: -9.14 | W9: -10.23 | X9: -10.81 | Y9: -11.61 | Z9: -9.22 | AA9: -9.8
A10: Maximum Flexible Load, [MW] | B10: Winter | C10: 3 | D10: 10.69 | E10: 11.44 | F10: 12.83 | G10: 13.8 | H10: 14.69 | I10: 16.04 | J10: 15.29 | K10: 17.26 | L10: 15.81 | M10: 18.04 | N10: 18.18 | O10: 17.02 | P10: 16.45 | Q10: 16.02 | R10: 15.02 | S10: 13.67 | T10: 12.74 | U10: 11.38 | V10: 8.91 | W10: 9.97 | X10: 10.6 | Y10: 11.41 | Z10: 8.88 | AA10: 9.44
A11: Flexible Load, [MW] | B11: Summer | C11: 1 | D11: 4.92 | E11: 5.08 | F11: 4.55 | G11: 4.31 | H11: 3.53 | I11: 3 | J11: 3.67 | K11: 0.64 | L11: 0.56 | M11: 0.82 | N11: 0.48 | O11: 0.6 | P11: 0.96 | Q11: 1.76 | R11: 1.88 | S11: 1.85 | T11: 1.04 | U11: 2.11 | V11: 1.24 | W11: 0.87 | X11: 1.32 | Y11: 0.82 | Z11: 3.74 | AA11: 4.51
A12: Minimum Flexible Load, [MW] | B12: Summer | C12: 1 | D12: -11.1 | E12: -11.87 | F12: -13.35 | G12: -14.4 | H12: -15.39 | I12: -16.8 | J12: -16.03 | K12: -17.98 | L12: -16.31 | M12: -23.95 | N12: -23.71 | O12: -21.67 | P12: -20.77 | Q12: -20.06 | R12: -18.91 | S12: -17.2 | T12: -16.09 | U12: -14.4 | V12: -9.14 | W12: -10.23 | X12: -10.81 | Y12: -11.61 | Z12: -9.22 | AA12: -9.8
A13: Maximum Flexible Load, [MW] | B13: Summer | C13: 1 | D13: 10.69 | E13: 11.44 | F13: 12.83 | G13: 13.8 | H13: 14.69 | I13: 16.04 | J13: 15.29 | K13: 17.26 | L13: 15.81 | M13: 18.04 | N13: 18.18 | O13: 17.02 | P13: 16.45 | Q13: 16.02 | R13: 15.02 | S13: 13.67 | T13: 12.74 | U13: 11.38 | V13: 8.91 | W13: 9.97 | X13: 10.6 | Y13: 11.41 | Z13: 8.88 | AA13: 9.44
... A37: Maximum Flexible Load, [MW] | B37: Autumn | C37: 3 | D37: 10.69 | E37: 11.44 | F37: 12.83 | G37: 13.8 | H37: 14.69 | I37: 16.04 | J37: 15.29 | K37: 17.26 | L37: 15.81 | M37: 18.04 | N37: 18.18 | O37: 17.02 | P37: 16.45 | Q37: 16.02 | R37: 15.02 | S37: 13.67 | T37: 12.74 | U37: 11.38 | V37: 8.91 | W37: 9.97 | X37: 10.6 | Y37: 11.41 | Z37: 8.88 | AA37: 9.44
