Workbook

Sheet Main
A1: numScenarios | B1: 1 | C1: =1/$B$1 -> 1 | D1: =1/$B$1 -> 1 | E1: =1/$B$1 -> 1 | F1: =1/$B$1 -> 1 | G1: =1/$B$1 -> 1 | H1: =1/$B$1 -> 1 | I1: =1/$B$1 -> 1 | J1: =1/$B$1 -> 1 | K1: =1/$B$1 -> 1
A3: Year | B3: 2043
A4: Load Scale Factor | B4: 1
A5: Load Growth (cumul.) | B5: =((1+[1]Main!$B$2)^($B$3-2020))*$B$4 -> 1.257163
A6: Flex. Load Growth | B6: =((1+[1]Main!$B$3)^($B$3-2020))*$B$4 -> 1.7646107
A7: RES Installed, [MW] | B7: =SUM('RES installed'!$C$2:$C$7) -> 335
A8: ESS Installed, [MWh] | B8: =SUM('ES installed'!$C$2:$C$4) -> 0

Sheet RES installed
A1: GenID | B1: NodeID | C1: Pinst, [MW]
A2: 4 | B2: 4 | C2: 45
A3: 5 | B3: 6 | C3: 60
A4: 6 | B4: 8 | C4: 45
A5: 7 | B5: 4 | C5: 75
A6: 8 | B6: 6 | C6: 50
A7: 9 | B7: 8 | C7: 60

Sheet ES installed
A1: ESS ID | B1: Node ID | C1: Pinst, [MW]
A2: 1 | B2: N/A | C2: 0
A3: 2 | B3: N/A | C3: 0
A4: 3 | B4: N/A | C4: 0

Sheet FL Ratio
A1: LoadID | B1: Ratio, [%]
A2: 1 | B2: =1/COUNT($A$2:$A$21) -> 0.33333333
A3: 2 | B3: =1/COUNT($A$2:$A$21) -> 0.33333333
A4: 3 | B4: =1/COUNT($A$2:$A$21) -> 0.33333333

Sheet FL Characterization
A1: Time | B1: 0 | C1: 1 | D1: 2 | E1: 3 | F1: 4 | G1: 5 | H1: 6 | I1: 7 | J1: 8 | K1: 9 | L1: 10 | M1: 11 | N1: 12 | O1: 13 | P1: 14 | Q1: 15 | R1: 16 | S1: 17 | T1: 18 | U1: 19 | V1: 20 | W1: 21 | X1: 22 | Y1: 23
A2: FL, [MW] | B2: ='[1]EV Profiles'!B2*Main!$B$6 -> 8.675532 | C2: ='[1]EV Profiles'!C2*Main!$B$6 -> 8.9649281 | D2: ='[1]EV Profiles'!D2*Main!$B$6 -> 8.0275669 | E2: ='[1]EV Profiles'!E2*Main!$B$6 -> 7.6090013 | F2: ='[1]EV Profiles'!F2*Main!$B$6 -> 6.2340166 | G2: ='[1]EV Profiles'!G2*Main!$B$6 -> 5.2910087 | H2: ='[1]EV Profiles'!H2*Main!$B$6 -> 6.4704745 | I2: ='[1]EV Profiles'!I2*Main!$B$6 -> 1.1237041 | ... Y2: ='[1]EV Profiles'!Y2*Main!$B$6 -> 7.949924
A3: Minimum FL, [MW] | B3: ='[1]EV Profiles'!B3*Main!$B$6 -> -19.587179 | C3: ='[1]EV Profiles'!C3*Main!$B$6 -> -20.945223 | D3: ='[1]EV Profiles'!D3*Main!$B$6 -> -23.556847 | E3: ='[1]EV Profiles'!E3*Main!$B$6 -> -25.4111 | F3: ='[1]EV Profiles'!F3*Main!$B$6 -> -27.160888 | G3: ='[1]EV Profiles'!G3*Main!$B$6 -> -29.64193 | H3: ='[1]EV Profiles'!H3*Main!$B$6 -> -28.283886 | I3: ='[1]EV Profiles'!I3*Main!$B$6 -> -31.727277 | ... Y3: ='[1]EV Profiles'!Y3*Main!$B$6 -> -17.28895
A4: Maximum FL, [MW] | B4: ='[1]EV Profiles'!B4*Main!$B$6 -> 18.86997 | C4: ='[1]EV Profiles'!C4*Main!$B$6 -> 20.187711 | D4: ='[1]EV Profiles'!D4*Main!$B$6 -> 22.635085 | E4: ='[1]EV Profiles'!E4*Main!$B$6 -> 24.355933 | F4: ='[1]EV Profiles'!F4*Main!$B$6 -> 25.924601 | G4: ='[1]EV Profiles'!G4*Main!$B$6 -> 28.307885 | H4: ='[1]EV Profiles'!H4*Main!$B$6 -> 26.987956 | I4: ='[1]EV Profiles'!I4*Main!$B$6 -> 30.455698 | ... Y4: ='[1]EV Profiles'!Y4*Main!$B$6 -> 16.666395

Sheet Pc, Winter, S1
A1: LoadID | B1: 0 | C1: 1 | D1: 2 | E1: 3 | F1: 4 | G1: 5 | H1: 6 | I1: 7 | J1: 8 | K1: 9 | L1: 10 | M1: 11 | N1: 12 | O1: 13 | P1: 14 | Q1: 15 | R1: 16 | S1: 17 | T1: 18 | U1: 19 | V1: 20 | W1: 21 | X1: 22 | Y1: 23
A2: 1 | B2: =('[1]Pc, Winter, S1'!B2*Main!$B$5)+(_xlfn.IFNA(VLOOKUP($A2,'FL Ratio'!$A$3:$B$10,2,FALSE),0)*'FL Characterization'!B$2) -> 36.006041 | C2: =('[1]Pc, Winter, S1'!C2*Main!$B$5)+(_xlfn.IFNA(VLOOKUP($A2,'FL Ratio'!$A$3:$B$10,2,FALSE),0)*'FL Characterization'!C$2) -> 33.584574 | D2: =('[1]Pc, Winter, S1'!D2*Main!$B$5)+(_xlfn.IFNA(VLOOKUP($A2,'FL Ratio'!$A$3:$B$10,2,FALSE),0)*'FL Characterization'!D$2) -> 31.822416 | E2: =('[1]Pc, Winter, S1'!E2*Main!$B$5)+(_xlfn.IFNA(VLOOKUP($A2,'FL Ratio'!$A$3:$B$10,2,FALSE),0)*'FL Characterization'!E$2) -> 31.597254 | F2: =('[1]Pc, Winter, S1'!F2*Main!$B$5)+(_xlfn.IFNA(VLOOKUP($A2,'FL Ratio'!$A$3:$B$10,2,FALSE),0)*'FL Characterization'!F$2) -> 31.978389 | G2: =('[1]Pc, Winter, S1'!G2*Main!$B$5)+(_xlfn.IFNA(VLOOKUP($A2,'FL Ratio'!$A$3:$B$10,2,FALSE),0)*'FL Characterization'!G$2) -> 35.151154 | H2: =('[1]Pc, Winter, S1'!H2*Main!$B$5)+(_xlfn.IFNA(VLOOKUP($A2,'FL Ratio'!$A$3:$B$10,2,FALSE),0)*'FL Characterization'!H$2) -> 41.943893 | I2: =('[1]Pc, Winter, S1'!I2*Main!$B$5)+(_xlfn.IFNA(VLOOKUP($A2,'FL Ratio'!$A$3:$B$10,2,FALSE),0)*'FL Characterization'!I$2) -> 50.48766 | ... Y2: =('[1]Pc, Winter, S1'!Y2*Main!$B$5)+(_xlfn.IFNA(VLOOKUP($A2,'FL Ratio'!$A$3:$B$10,2,FALSE),0)*'FL Characterization'!Y$2) -> 40.356746
A3: 2 | B3: =('[1]Pc, Winter, S1'!B3*Main!$B$5)+(_xlfn.IFNA(VLOOKUP($A3,'FL Ratio'!$A$3:$B$10,2,FALSE),0)*'FL Characterization'!B$2) -> 38.49308 | C3: =('[1]Pc, Winter, S1'!C3*Main!$B$5)+(_xlfn.IFNA(VLOOKUP($A3,'FL Ratio'!$A$3:$B$10,2,FALSE),0)*'FL Characterization'!C$2) -> 36.070811 | D3: =('[1]Pc, Winter, S1'!D3*Main!$B$5)+(_xlfn.IFNA(VLOOKUP($A3,'FL Ratio'!$A$3:$B$10,2,FALSE),0)*'FL Characterization'!D$2) -> 32.613953 | E3: =('[1]Pc, Winter, S1'!E3*Main!$B$5)+(_xlfn.IFNA(VLOOKUP($A3,'FL Ratio'!$A$3:$B$10,2,FALSE),0)*'FL Characterization'!E$2) -> 34.736476 | F3: =('[1]Pc, Winter, S1'!F3*Main!$B$5)+(_xlfn.IFNA(VLOOKUP($A3,'FL Ratio'!$A$3:$B$10,2,FALSE),0)*'FL Characterization'!F$2) -> 34.165846 | G3: =('[1]Pc, Winter, S1'!G3*Main!$B$5)+(_xlfn.IFNA(VLOOKUP($A3,'FL Ratio'!$A$3:$B$10,2,FALSE),0)*'FL Characterization'!G$2) -> 35.215148 | H3: =('[1]Pc, Winter, S1'!H3*Main!$B$5)+(_xlfn.IFNA(VLOOKUP($A3,'FL Ratio'!$A$3:$B$10,2,FALSE),0)*'FL Characterization'!H$2) -> 51.940001 | I3: =('[1]Pc, Winter, S1'!I3*Main!$B$5)+(_xlfn.IFNA(VLOOKUP($A3,'FL Ratio'!$A$3:$B$10,2,FALSE),0)*'FL Characterization'!I$2) -> 55.820894 | ... Y3: =('[1]Pc, Winter, S1'!Y3*Main!$B$5)+(_xlfn.IFNA(VLOOKUP($A3,'FL Ratio'!$A$3:$B$10,2,FALSE),0)*'FL Characterization'!Y$2) -> 41.556051
A4: 3 | B4: =('[1]Pc, Winter, S1'!B4*Main!$B$5)+(_xlfn.IFNA(VLOOKUP($A4,'FL Ratio'!$A$3:$B$10,2,FALSE),0)*'FL Characterization'!B$2) -> 54.639092 | C4: =('[1]Pc, Winter, S1'!C4*Main!$B$5)+(_xlfn.IFNA(VLOOKUP($A4,'FL Ratio'!$A$3:$B$10,2,FALSE),0)*'FL Characterization'!C$2) -> 48.518888 | D4: =('[1]Pc, Winter, S1'!D4*Main!$B$5)+(_xlfn.IFNA(VLOOKUP($A4,'FL Ratio'!$A$3:$B$10,2,FALSE),0)*'FL Characterization'!D$2) -> 45.540791 | E4: =('[1]Pc, Winter, S1'!E4*Main!$B$5)+(_xlfn.IFNA(VLOOKUP($A4,'FL Ratio'!$A$3:$B$10,2,FALSE),0)*'FL Characterization'!E$2) -> 44.892228 | F4: =('[1]Pc, Winter, S1'!F4*Main!$B$5)+(_xlfn.IFNA(VLOOKUP($A4,'FL Ratio'!$A$3:$B$10,2,FALSE),0)*'FL Characterization'!F$2) -> 46.412069 | G4: =('[1]Pc, Winter, S1'!G4*Main!$B$5)+(_xlfn.IFNA(VLOOKUP($A4,'FL Ratio'!$A$3:$B$10,2,FALSE),0)*'FL Characterization'!G$2) -> 49.631324 | H4: =('[1]Pc, Winter, S1'!H4*Main!$B$5)+(_xlfn.IFNA(VLOOKUP($A4,'FL Ratio'!$A$3:$B$10,2,FALSE),0)*'FL Characterization'!H$2) -> 59.917525 | I4: =('[1]Pc, Winter, S1'!I4*Main!$B$5)+(_xlfn.IFNA(VLOOKUP($A4,'FL Ratio'!$A$3:$B$10,2,FALSE),0)*'FL Characterization'!I$2) -> 64.947311 | ... Y4: =('[1]Pc, Winter, S1'!Y4*Main!$B$5)+(_xlfn.IFNA(VLOOKUP($A4,'FL Ratio'!$A$3:$B$10,2,FALSE),0)*'FL Characterization'!Y$2) -> 61.287062

Sheet Pc, Winter, S2
A1: LoadID | B1: 0 | C1: 1 | D1: 2 | E1: 3 | F1: 4 | G1: 5 | H1: 6 | I1: 7 | J1: 8 | K1: 9 | L1: 10 | M1: 11 | N1: 12 | O1: 13 | P1: 14 | Q1: 15 | R1: 16 | S1: 17 | T1: 18 | U1: 19 | V1: 20 | W1: 21 | X1: 22 | Y1: 23
A2: 1 | B2: =('[1]Pc, Winter, S1'!B2*Main!$B$5)+(_xlfn.IFNA(VLOOKUP($A2,'FL Ratio'!$A$3:$B$10,2,FALSE),0)*'FL Characterization'!B$2) -> 36.006041 | C2: =('[1]Pc, Winter, S1'!C2*Main!$B$5)+(_xlfn.IFNA(VLOOKUP($A2,'FL Ratio'!$A$3:$B$10,2,FALSE),0)*'FL Characterization'!C$2) -> 33.584574 | D2: =('[1]Pc, Winter, S1'!D2*Main!$B$5)+(_xlfn.IFNA(VLOOKUP($A2,'FL Ratio'!$A$3:$B$10,2,FALSE),0)*'FL Characterization'!D$2) -> 31.822416 | E2: =('[1]Pc, Winter, S1'!E2*Main!$B$5)+(_xlfn.IFNA(VLOOKUP($A2,'FL Ratio'!$A$3:$B$10,2,FALSE),0)*'FL Characterization'!E$2) -> 31.597254 | F2: =('[1]Pc, Winter, S1'!F2*Main!$B$5)+(_xlfn.IFNA(VLOOKUP($A2,'FL Ratio'!$A$3:$B$10,2,FALSE),0)*'FL Characterization'!F$2) -> 31.978389 | G2: =('[1]Pc, Winter, S1'!G2*Main!$B$5)+(_xlfn.IFNA(VLOOKUP($A2,'FL Ratio'!$A$3:$B$10,2,FALSE),0)*'FL Characterization'!G$2) -> 35.151154 | H2: =('[1]Pc, Winter, S1'!H2*Main!$B$5)+(_xlfn.IFNA(VLOOKUP($A2,'FL Ratio'!$A$3:$B$10,2,FALSE),0)*'FL Characterization'!H$2) -> 41.943893 | I2: =('[1]Pc, Winter, S1'!I2*Main!$B$5)+(_xlfn.IFNA(VLOOKUP($A2,'FL Ratio'!$A$3:$B$10,2,FALSE),0)*'FL Characterization'!I$2) -> 50.48766 | ... Y2: =('[1]Pc, Winter, S1'!Y2*Main!$B$5)+(_xlfn.IFNA(VLOOKUP($A2,'FL Ratio'!$A$3:$B$10,2,FALSE),0)*'FL Characterization'!Y$2) -> 40.356746
A3: 2 | B3: =('[1]Pc, Winter, S1'!B3*Main!$B$5)+(_xlfn.IFNA(VLOOKUP($A3,'FL Ratio'!$A$3:$B$10,2,FALSE),0)*'FL Characterization'!B$2) -> 38.49308 | C3: =('[1]Pc, Winter, S1'!C3*Main!$B$5)+(_xlfn.IFNA(VLOOKUP($A3,'FL Ratio'!$A$3:$B$10,2,FALSE),0)*'FL Characterization'!C$2) -> 36.070811 | D3: =('[1]Pc, Winter, S1'!D3*Main!$B$5)+(_xlfn.IFNA(VLOOKUP($A3,'FL Ratio'!$A$3:$B$10,2,FALSE),0)*'FL Characterization'!D$2) -> 32.613953 | E3: =('[1]Pc, Winter, S1'!E3*Main!$B$5)+(_xlfn.IFNA(VLOOKUP($A3,'FL Ratio'!$A$3:$B$10,2,FALSE),0)*'FL Characterization'!E$2) -> 34.736476 | F3: =('[1]Pc, Winter, S1'!F3*Main!$B$5)+(_xlfn.IFNA(VLOOKUP($A3,'FL Ratio'!$A$3:$B$10,2,FALSE),0)*'FL Characterization'!F$2) -> 34.165846 | G3: =('[1]Pc, Winter, S1'!G3*Main!$B$5)+(_xlfn.IFNA(VLOOKUP($A3,'FL Ratio'!$A$3:$B$10,2,FALSE),0)*'FL Characterization'!G$2) -> 35.215148 | H3: =('[1]Pc, Winter, S1'!H3*Main!$B$5)+(_xlfn.IFNA(VLOOKUP($A3,'FL Ratio'!$A$3:$B$10,2,FALSE),0)*'FL Characterization'!H$2) -> 51.940001 | I3: =('[1]Pc, Winter, S1'!I3*Main!$B$5)+(_xlfn.IFNA(VLOOKUP($A3,'FL Ratio'!$A$3:$B$10,2,FALSE),0)*'FL Characterization'!I$2) -> 55.820894 | ... Y3: =('[1]Pc, Winter, S1'!Y3*Main!$B$5)+(_xlfn.IFNA(VLOOKUP($A3,'FL Ratio'!$A$3:$B$10,2,FALSE),0)*'FL Characterization'!Y$2) -> 41.556051
A4: 3 | B4: =('[1]Pc, Winter, S1'!B4*Main!$B$5)+(_xlfn.IFNA(VLOOKUP($A4,'FL Ratio'!$A$3:$B$10,2,FALSE),0)*'FL Characterization'!B$2) -> 54.639092 | C4: =('[1]Pc, Winter, S1'!C4*Main!$B$5)+(_xlfn.IFNA(VLOOKUP($A4,'FL Ratio'!$A$3:$B$10,2,FALSE),0)*'FL Characterization'!C$2) -> 48.518888 | D4: =('[1]Pc, Winter, S1'!D4*Main!$B$5)+(_xlfn.IFNA(VLOOKUP($A4,'FL Ratio'!$A$3:$B$10,2,FALSE),0)*'FL Characterization'!D$2) -> 45.540791 | E4: =('[1]Pc, Winter, S1'!E4*Main!$B$5)+(_xlfn.IFNA(VLOOKUP($A4,'FL Ratio'!$A$3:$B$10,2,FALSE),0)*'FL Characterization'!E$2) -> 44.892228 | F4: =('[1]Pc, Winter, S1'!F4*Main!$B$5)+(_xlfn.IFNA(VLOOKUP($A4,'FL Ratio'!$A$3:$B$10,2,FALSE),0)*'FL Characterization'!F$2) -> 46.412069 | G4: =('[1]Pc, Winter, S1'!G4*Main!$B$5)+(_xlfn.IFNA(VLOOKUP($A4,'FL Ratio'!$A$3:$B$10,2,FALSE),0)*'FL Characterization'!G$2) -> 49.631324 | H4: =('[1]Pc, Winter, S1'!H4*Main!$B$5)+(_xlfn.IFNA(VLOOKUP($A4,'FL Ratio'!$A$3:$B$10,2,FALSE),0)*'FL Characterization'!H$2) -> 59.917525 | I4: =('[1]Pc, Winter, S1'!I4*Main!$B$5)+(_xlfn.IFNA(VLOOKUP($A4,'FL Ratio'!$A$3:$B$10,2,FALSE),0)*'FL Characterization'!I$2) -> 64.947311 | ... Y4: =('[1]Pc, Winter, S1'!Y4*Main!$B$5)+(_xlfn.IFNA(VLOOKUP($A4,'FL Ratio'!$A$3:$B$10,2,FALSE),0)*'FL Characterization'!Y$2) -> 61.287062

Sheet Pc, Winter, S3
A1: LoadID | B1: 0 | C1: 1 | D1: 2 | E1: 3 | F1: 4 | G1: 5 | H1: 6 | I1: 7 | J1: 8 | K1: 9 | L1: 10 | M1: 11 | N1: 12 | O1: 13 | P1: 14 | Q1: 15 | R1: 16 | S1: 17 | T1: 18 | U1: 19 | V1: 20 | W1: 21 | X1: 22 | Y1: 23
A2: 1 | B2: =('[1]Pc, Winter, S1'!B2*Main!$B$5)+(_xlfn.IFNA(VLOOKUP($A2,'FL Ratio'!$A$3:$B$10,2,FALSE),0)*'FL Characterization'!B$2) -> 36.006041 | C2: =('[1]Pc, Winter, S1'!C2*Main!$B$5)+(_xlfn.IFNA(VLOOKUP($A2,'FL Ratio'!$A$3:$B$10,2,FALSE),0)*'FL Characterization'!C$2) -> 33.584574 | D2: =('[1]Pc, Winter, S1'!D2*Main!$B$5)+(_xlfn.IFNA(VLOOKUP($A2,'FL Ratio'!$A$3:$B$10,2,FALSE),0)*'FL Characterization'!D$2) -> 31.822416 | E2: =('[1]Pc, Winter, S1'!E2*Main!$B$5)+(_xlfn.IFNA(VLOOKUP($A2,'FL Ratio'!$A$3:$B$10,2,FALSE),0)*'FL Characterization'!E$2) -> 31.597254 | F2: =('[1]Pc, Winter, S1'!F2*Main!$B$5)+(_xlfn.IFNA(VLOOKUP($A2,'FL Ratio'!$A$3:$B$10,2,FALSE),0)*'FL Characterization'!F$2) -> 31.978389 | G2: =('[1]Pc, Winter, S1'!G2*Main!$B$5)+(_xlfn.IFNA(VLOOKUP($A2,'FL Ratio'!$A$3:$B$10,2,FALSE),0)*'FL Characterization'!G$2) -> 35.151154 | H2: =('[1]Pc, Winter, S1'!H2*Main!$B$5)+(_xlfn.IFNA(VLOOKUP($A2,'FL Ratio'!$A$3:$B$10,2,FALSE),0)*'FL Characterization'!H$2) -> 41.943893 | I2: =('[1]Pc, Winter, S1'!I2*Main!$B$5)+(_xlfn.IFNA(VLOOKUP($A2,'FL Ratio'!$A$3:$B$10,2,FALSE),0)*'FL Characterization'!I$2) -> 50.48766 | ... Y2: =('[1]Pc, Winter, S1'!Y2*Main!$B$5)+(_xlfn.IFNA(VLOOKUP($A2,'FL Ratio'!$A$3:$B$10,2,FALSE),0)*'FL Characterization'!Y$2) -> 40.356746
A3: 2 | B3: =('[1]Pc, Winter, S1'!B3*Main!$B$5)+(_xlfn.IFNA(VLOOKUP($A3,'FL Ratio'!$A$3:$B$10,2,FALSE),0)*'FL Characterization'!B$2) -> 38.49308 | C3: =('[1]Pc, Winter, S1'!C3*Main!$B$5)+(_xlfn.IFNA(VLOOKUP($A3,'FL Ratio'!$A$3:$B$10,2,FALSE),0)*'FL Characterization'!C$2) -> 36.070811 | D3: =('[1]Pc, Winter, S1'!D3*Main!$B$5)+(_xlfn.IFNA(VLOOKUP($A3,'FL Ratio'!$A$3:$B$10,2,FALSE),0)*'FL Characterization'!D$2) -> 32.613953 | E3: =('[1]Pc, Winter, S1'!E3*Main!$B$5)+(_xlfn.IFNA(VLOOKUP($A3,'FL Ratio'!$A$3:$B$10,2,FALSE),0)*'FL Characterization'!E$2) -> 34.736476 | F3: =('[1]Pc, Winter, S1'!F3*Main!$B$5)+(_xlfn.IFNA(VLOOKUP($A3,'FL Ratio'!$A$3:$B$10,2,FALSE),0)*'FL Characterization'!F$2) -> 34.165846 | G3: =('[1]Pc, Winter, S1'!G3*Main!$B$5)+(_xlfn.IFNA(VLOOKUP($A3,'FL Ratio'!$A$3:$B$10,2,FALSE),0)*'FL Characterization'!G$2) -> 35.215148 | H3: =('[1]Pc, Winter, S1'!H3*Main!$B$5)+(_xlfn.IFNA(VLOOKUP($A3,'FL Ratio'!$A$3:$B$10,2,FALSE),0)*'FL Characterization'!H$2) -> 51.940001 | I3: =('[1]Pc, Winter, S1'!I3*Main!$B$5)+(_xlfn.IFNA(VLOOKUP($A3,'FL Ratio'!$A$3:$B$10,2,FALSE),0)*'FL Characterization'!I$2) -> 55.820894 | ... Y3: =('[1]Pc, Winter, S1'!Y3*Main!$B$5)+(_xlfn.IFNA(VLOOKUP($A3,'FL Ratio'!$A$3:$B$10,2,FALSE),0)*'FL Characterization'!Y$2) -> 41.556051
A4: 3 | B4: =('[1]Pc, Winter, S1'!B4*Main!$B$5)+(_xlfn.IFNA(VLOOKUP($A4,'FL Ratio'!$A$3:$B$10,2,FALSE),0)*'FL Characterization'!B$2) -> 54.639092 | C4: =('[1]Pc, Winter, S1'!C4*Main!$B$5)+(_xlfn.IFNA(VLOOKUP($A4,'FL Ratio'!$A$3:$B$10,2,FALSE),0)*'FL Characterization'!C$2) -> 48.518888 | D4: =('[1]Pc, Winter, S1'!D4*Main!$B$5)+(_xlfn.IFNA(VLOOKUP($A4,'FL Ratio'!$A$3:$B$10,2,FALSE),0)*'FL Characterization'!D$2) -> 45.540791 | E4: =('[1]Pc, Winter, S1'!E4*Main!$B$5)+(_xlfn.IFNA(VLOOKUP($A4,'FL Ratio'!$A$3:$B$10,2,FALSE),0)*'FL Characterization'!E$2) -> 44.892228 | F4: =('[1]Pc, Winter, S1'!F4*Main!$B$5)+(_xlfn.IFNA(VLOOKUP($A4,'FL Ratio'!$A$3:$B$10,2,FALSE),0)*'FL Characterization'!F$2) -> 46.412069 | G4: =('[1]Pc, Winter, S1'!G4*Main!$B$5)+(_xlfn.IFNA(VLOOKUP($A4,'FL Ratio'!$A$3:$B$10,2,FALSE),0)*'FL Characterization'!G$2) -> 49.631324 | H4: =('[1]Pc, Winter, S1'!H4*Main!$B$5)+(_xlfn.IFNA(VLOOKUP($A4,'FL Ratio'!$A$3:$B$10,2,FALSE),0)*'FL Characterization'!H$2) -> 59.917525 | I4: =('[1]Pc, Winter, S1'!I4*Main!$B$5)+(_xlfn.IFNA(VLOOKUP($A4,'FL Ratio'!$A$3:$B$10,2,FALSE),0)*'FL Characterization'!I$2) -> 64.947311 | ... Y4: =('[1]Pc, Winter, S1'!Y4*Main!$B$5)+(_xlfn.IFNA(VLOOKUP($A4,'FL Ratio'!$A$3:$B$10,2,FALSE),0)*'FL Characterization'!Y$2) -> 61.287062

Sheet Pc, Winter, S4
A1: LoadID | B1: 0 | C1: 1 | D1: 2 | E1: 3 | F1: 4 | G1: 5 | H1: 6 | I1: 7 | J1: 8 | K1: 9 | L1: 10 | M1: 11 | N1: 12 | O1: 13 | P1: 14 | Q1: 15 | R1: 16 | S1: 17 | T1: 18 | U1: 19 | V1: 20 | W1: 21 | X1: 22 | Y1: 23
A2: 1 | B2: =('[1]Pc, Winter, S2'!B2*Main!$B$5)+(_xlfn.IFNA(VLOOKUP($A2,'FL Ratio'!$A$3:$B$10,2,FALSE),0)*'FL Characterization'!B$2) -> 37.086223 | C2: =('[1]Pc, Winter, S2'!C2*Main!$B$5)+(_xlfn.IFNA(VLOOKUP($A2,'FL Ratio'!$A$3:$B$10,2,FALSE),0)*'FL Characterization'!C$2) -> 34.592111 | D2: =('[1]Pc, Winter, S2'!D2*Main!$B$5)+(_xlfn.IFNA(VLOOKUP($A2,'FL Ratio'!$A$3:$B$10,2,FALSE),0)*'FL Characterization'!D$2) -> 32.777088 | E2: =('[1]Pc, Winter, S2'!E2*Main!$B$5)+(_xlfn.IFNA(VLOOKUP($A2,'FL Ratio'!$A$3:$B$10,2,FALSE),0)*'FL Characterization'!E$2) -> 32.545172 | F2: =('[1]Pc, Winter, S2'!F2*Main!$B$5)+(_xlfn.IFNA(VLOOKUP($A2,'FL Ratio'!$A$3:$B$10,2,FALSE),0)*'FL Characterization'!F$2) -> 32.937741 | G2: =('[1]Pc, Winter, S2'!G2*Main!$B$5)+(_xlfn.IFNA(VLOOKUP($A2,'FL Ratio'!$A$3:$B$10,2,FALSE),0)*'FL Characterization'!G$2) -> 36.205689 | H2: =('[1]Pc, Winter, S2'!H2*Main!$B$5)+(_xlfn.IFNA(VLOOKUP($A2,'FL Ratio'!$A$3:$B$10,2,FALSE),0)*'FL Characterization'!H$2) -> 43.20221 | I2: =('[1]Pc, Winter, S2'!I2*Main!$B$5)+(_xlfn.IFNA(VLOOKUP($A2,'FL Ratio'!$A$3:$B$10,2,FALSE),0)*'FL Characterization'!I$2) -> 52.002289 | ... Y2: =('[1]Pc, Winter, S2'!Y2*Main!$B$5)+(_xlfn.IFNA(VLOOKUP($A2,'FL Ratio'!$A$3:$B$10,2,FALSE),0)*'FL Characterization'!Y$2) -> 41.567448
A3: 2 | B3: =('[1]Pc, Winter, S2'!B3*Main!$B$5)+(_xlfn.IFNA(VLOOKUP($A3,'FL Ratio'!$A$3:$B$10,2,FALSE),0)*'FL Characterization'!B$2) -> 39.561117 | C3: =('[1]Pc, Winter, S2'!C3*Main!$B$5)+(_xlfn.IFNA(VLOOKUP($A3,'FL Ratio'!$A$3:$B$10,2,FALSE),0)*'FL Characterization'!C$2) -> 37.063286 | D3: =('[1]Pc, Winter, S2'!D3*Main!$B$5)+(_xlfn.IFNA(VLOOKUP($A3,'FL Ratio'!$A$3:$B$10,2,FALSE),0)*'FL Characterization'!D$2) -> 33.512096 | E3: =('[1]Pc, Winter, S2'!E3*Main!$B$5)+(_xlfn.IFNA(VLOOKUP($A3,'FL Ratio'!$A$3:$B$10,2,FALSE),0)*'FL Characterization'!E$2) -> 35.70248 | F3: =('[1]Pc, Winter, S2'!F3*Main!$B$5)+(_xlfn.IFNA(VLOOKUP($A3,'FL Ratio'!$A$3:$B$10,2,FALSE),0)*'FL Characterization'!F$2) -> 35.128481 | G3: =('[1]Pc, Winter, S2'!G3*Main!$B$5)+(_xlfn.IFNA(VLOOKUP($A3,'FL Ratio'!$A$3:$B$10,2,FALSE),0)*'FL Characterization'!G$2) -> 36.218693 | H3: =('[1]Pc, Winter, S2'!H3*Main!$B$5)+(_xlfn.IFNA(VLOOKUP($A3,'FL Ratio'!$A$3:$B$10,2,FALSE),0)*'FL Characterization'!H$2) -> 53.433496 | I3: =('[1]Pc, Winter, S2'!I3*Main!$B$5)+(_xlfn.IFNA(VLOOKUP($A3,'FL Ratio'!$A$3:$B$10,2,FALSE),0)*'FL Characterization'!I$2) -> 57.484283 | ... Y3: =('[1]Pc, Winter, S2'!Y3*Main!$B$5)+(_xlfn.IFNA(VLOOKUP($A3,'FL Ratio'!$A$3:$B$10,2,FALSE),0)*'FL Characterization'!Y$2) -> 42.723233
A4: 3 | B4: =('[1]Pc, Winter, S2'!B4*Main!$B$5)+(_xlfn.IFNA(VLOOKUP($A4,'FL Ratio'!$A$3:$B$10,2,FALSE),0)*'FL Characterization'!B$2) -> 56.191509 | C4: =('[1]Pc, Winter, S2'!C4*Main!$B$5)+(_xlfn.IFNA(VLOOKUP($A4,'FL Ratio'!$A$3:$B$10,2,FALSE),0)*'FL Characterization'!C$2) -> 49.884805 | D4: =('[1]Pc, Winter, S2'!D4*Main!$B$5)+(_xlfn.IFNA(VLOOKUP($A4,'FL Ratio'!$A$3:$B$10,2,FALSE),0)*'FL Characterization'!D$2) -> 46.826739 | E4: =('[1]Pc, Winter, S2'!E4*Main!$B$5)+(_xlfn.IFNA(VLOOKUP($A4,'FL Ratio'!$A$3:$B$10,2,FALSE),0)*'FL Characterization'!E$2) -> 46.162905 | F4: =('[1]Pc, Winter, S2'!F4*Main!$B$5)+(_xlfn.IFNA(VLOOKUP($A4,'FL Ratio'!$A$3:$B$10,2,FALSE),0)*'FL Characterization'!F$2) -> 47.742091 | G4: =('[1]Pc, Winter, S2'!G4*Main!$B$5)+(_xlfn.IFNA(VLOOKUP($A4,'FL Ratio'!$A$3:$B$10,2,FALSE),0)*'FL Characterization'!G$2) -> 51.067354 | H4: =('[1]Pc, Winter, S2'!H4*Main!$B$5)+(_xlfn.IFNA(VLOOKUP($A4,'FL Ratio'!$A$3:$B$10,2,FALSE),0)*'FL Characterization'!H$2) -> 61.650346 | I4: =('[1]Pc, Winter, S2'!I4*Main!$B$5)+(_xlfn.IFNA(VLOOKUP($A4,'FL Ratio'!$A$3:$B$10,2,FALSE),0)*'FL Characterization'!I$2) -> 66.884493 | ... Y4: =('[1]Pc, Winter, S2'!Y4*Main!$B$5)+(_xlfn.IFNA(VLOOKUP($A4,'FL Ratio'!$A$3:$B$10,2,FALSE),0)*'FL Characterization'!Y$2) -> 63.046174

Sheet Pc, Winter, S5
A1: LoadID | B1: 0 | C1: 1 | D1: 2 | E1: 3 | F1: 4 | G1: 5 | H1: 6 | I1: 7 | J1: 8 | K1: 9 | L1: 10 | M1: 11 | N1: 12 | O1: 13 | P1: 14 | Q1: 15 | R1: 16 | S1: 17 | T1: 18 | U1: 19 | V1: 20 | W1: 21 | X1: 22 | Y1: 23
A2: 1 | B2: =('[1]Pc, Winter, S2'!B2*Main!$B$5)+(_xlfn.IFNA(VLOOKUP($A2,'FL Ratio'!$A$3:$B$10,2,FALSE),0)*'FL Characterization'!B$2) -> 37.086223 | C2: =('[1]Pc, Winter, S2'!C2*Main!$B$5)+(_xlfn.IFNA(VLOOKUP($A2,'FL Ratio'!$A$3:$B$10,2,FALSE),0)*'FL Characterization'!C$2) -> 34.592111 | D2: =('[1]Pc, Winter, S2'!D2*Main!$B$5)+(_xlfn.IFNA(VLOOKUP($A2,'FL Ratio'!$A$3:$B$10,2,FALSE),0)*'FL Characterization'!D$2) -> 32.777088 | E2: =('[1]Pc, Winter, S2'!E2*Main!$B$5)+(_xlfn.IFNA(VLOOKUP($A2,'FL Ratio'!$A$3:$B$10,2,FALSE),0)*'FL Characterization'!E$2) -> 32.545172 | F2: =('[1]Pc, Winter, S2'!F2*Main!$B$5)+(_xlfn.IFNA(VLOOKUP($A2,'FL Ratio'!$A$3:$B$10,2,FALSE),0)*'FL Characterization'!F$2) -> 32.937741 | G2: =('[1]Pc, Winter, S2'!G2*Main!$B$5)+(_xlfn.IFNA(VLOOKUP($A2,'FL Ratio'!$A$3:$B$10,2,FALSE),0)*'FL Characterization'!G$2) -> 36.205689 | H2: =('[1]Pc, Winter, S2'!H2*Main!$B$5)+(_xlfn.IFNA(VLOOKUP($A2,'FL Ratio'!$A$3:$B$10,2,FALSE),0)*'FL Characterization'!H$2) -> 43.20221 | I2: =('[1]Pc, Winter, S2'!I2*Main!$B$5)+(_xlfn.IFNA(VLOOKUP($A2,'FL Ratio'!$A$3:$B$10,2,FALSE),0)*'FL Characterization'!I$2) -> 52.002289 | ... Y2: =('[1]Pc, Winter, S2'!Y2*Main!$B$5)+(_xlfn.IFNA(VLOOKUP($A2,'FL Ratio'!$A$3:$B$10,2,FALSE),0)*'FL Characterization'!Y$2) -> 41.567448
A3: 2 | B3: =('[1]Pc, Winter, S2'!B3*Main!$B$5)+(_xlfn.IFNA(VLOOKUP($A3,'FL Ratio'!$A$3:$B$10,2,FALSE),0)*'FL Characterization'!B$2) -> 39.561117 | C3: =('[1]Pc, Winter, S2'!C3*Main!$B$5)+(_xlfn.IFNA(VLOOKUP($A3,'FL Ratio'!$A$3:$B$10,2,FALSE),0)*'FL Characterization'!C$2) -> 37.063286 | D3: =('[1]Pc, Winter, S2'!D3*Main!$B$5)+(_xlfn.IFNA(VLOOKUP($A3,'FL Ratio'!$A$3:$B$10,2,FALSE),0)*'FL Characterization'!D$2) -> 33.512096 | E3: =('[1]Pc, Winter, S2'!E3*Main!$B$5)+(_xlfn.IFNA(VLOOKUP($A3,'FL Ratio'!$A$3:$B$10,2,FALSE),0)*'FL Characterization'!E$2) -> 35.70248 | F3: =('[1]Pc, Winter, S2'!F3*Main!$B$5)+(_xlfn.IFNA(VLOOKUP($A3,'FL Ratio'!$A$3:$B$10,2,FALSE),0)*'FL Characterization'!F$2) -> 35.128481 | G3: =('[1]Pc, Winter, S2'!G3*Main!$B$5)+(_xlfn.IFNA(VLOOKUP($A3,'FL Ratio'!$A$3:$B$10,2,FALSE),0)*'FL Characterization'!G$2) -> 36.218693 | H3: =('[1]Pc, Winter, S2'!H3*Main!$B$5)+(_xlfn.IFNA(VLOOKUP($A3,'FL Ratio'!$A$3:$B$10,2,FALSE),0)*'FL Characterization'!H$2) -> 53.433496 | I3: =('[1]Pc, Winter, S2'!I3*Main!$B$5)+(_xlfn.IFNA(VLOOKUP($A3,'FL Ratio'!$A$3:$B$10,2,FALSE),0)*'FL Characterization'!I$2) -> 57.484283 | ... Y3: =('[1]Pc, Winter, S2'!Y3*Main!$B$5)+(_xlfn.IFNA(VLOOKUP($A3,'FL Ratio'!$A$3:$B$10,2,FALSE),0)*'FL Characterization'!Y$2) -> 42.723233
A4: 3 | B4: =('[1]Pc, Winter, S2'!B4*Main!$B$5)+(_xlfn.IFNA(VLOOKUP($A4,'FL Ratio'!$A$3:$B$10,2,FALSE),0)*'FL Characterization'!B$2) -> 56.191509 | C4: =('[1]Pc, Winter, S2'!C4*Main!$B$5)+(_xlfn.IFNA(VLOOKUP($A4,'FL Ratio'!$A$3:$B$10,2,FALSE),0)*'FL Characterization'!C$2) -> 49.884805 | D4: =('[1]Pc, Winter, S2'!D4*Main!$B$5)+(_xlfn.IFNA(VLOOKUP($A4,'FL Ratio'!$A$3:$B$10,2,FALSE),0)*'FL Characterization'!D$2) -> 46.826739 | E4: =('[1]Pc, Winter, S2'!E4*Main!$B$5)+(_xlfn.IFNA(VLOOKUP($A4,'FL Ratio'!$A$3:$B$10,2,FALSE),0)*'FL Characterization'!E$2) -> 46.162905 | F4: =('[1]Pc, Winter, S2'!F4*Main!$B$5)+(_xlfn.IFNA(VLOOKUP($A4,'FL Ratio'!$A$3:$B$10,2,FALSE),0)*'FL Characterization'!F$2) -> 47.742091 | G4: =('[1]Pc, Winter, S2'!G4*Main!$B$5)+(_xlfn.IFNA(VLOOKUP($A4,'FL Ratio'!$A$3:$B$10,2,FALSE),0)*'FL Characterization'!G$2) -> 51.067354 | H4: =('[1]Pc, Winter, S2'!H4*Main!$B$5)+(_xlfn.IFNA(VLOOKUP($A4,'FL Ratio'!$A$3:$B$10,2,FALSE),0)*'FL Characterization'!H$2) -> 61.650346 | I4: =('[1]Pc, Winter, S2'!I4*Main!$B$5)+(_xlfn.IFNA(VLOOKUP($A4,'FL Ratio'!$A$3:$B$10,2,FALSE),0)*'FL Characterization'!I$2) -> 66.884493 | ... Y4: =('[1]Pc, Winter, S2'!Y4*Main!$B$5)+(_xlfn.IFNA(VLOOKUP($A4,'FL Ratio'!$A$3:$B$10,2,FALSE),0)*'FL Characterization'!Y$2) -> 63.046174

Sheet Pc, Winter, S6
A1: LoadID | B1: 0 | C1: 1 | D1: 2 | E1: 3 | F1: 4 | G1: 5 | H1: 6 | I1: 7 | J1: 8 | K1: 9 | L1: 10 | M1: 11 | N1: 12 | O1: 13 | P1: 14 | Q1: 15 | R1: 16 | S1: 17 | T1: 18 | U1: 19 | V1: 20 | W1: 21 | X1: 22 | Y1: 23
A2: 1 | B2: =('[1]Pc, Winter, S2'!B2*Main!$B$5)+(_xlfn.IFNA(VLOOKUP($A2,'FL Ratio'!$A$3:$B$10,2,FALSE),0)*'FL Characterization'!B$2) -> 37.086223 | C2: =('[1]Pc, Winter, S2'!C2*Main!$B$5)+(_xlfn.IFNA(VLOOKUP($A2,'FL Ratio'!$A$3:$B$10,2,FALSE),0)*'FL Characterization'!C$2) -> 34.592111 | D2: =('[1]Pc, Winter, S2'!D2*Main!$B$5)+(_xlfn.IFNA(VLOOKUP($A2,'FL Ratio'!$A$3:$B$10,2,FALSE),0)*'FL Characterization'!D$2) -> 32.777088 | E2: =('[1]Pc, Winter, S2'!E2*Main!$B$5)+(_xlfn.IFNA(VLOOKUP($A2,'FL Ratio'!$A$3:$B$10,2,FALSE),0)*'FL Characterization'!E$2) -> 32.545172 | F2: =('[1]Pc, Winter, S2'!F2*Main!$B$5)+(_xlfn.IFNA(VLOOKUP($A2,'FL Ratio'!$A$3:$B$10,2,FALSE),0)*'FL Characterization'!F$2) -> 32.937741 | G2: =('[1]Pc, Winter, S2'!G2*Main!$B$5)+(_xlfn.IFNA(VLOOKUP($A2,'FL Ratio'!$A$3:$B$10,2,FALSE),0)*'FL Characterization'!G$2) -> 36.205689 | H2: =('[1]Pc, Winter, S2'!H2*Main!$B$5)+(_xlfn.IFNA(VLOOKUP($A2,'FL Ratio'!$A$3:$B$10,2,FALSE),0)*'FL Characterization'!H$2) -> 43.20221 | I2: =('[1]Pc, Winter, S2'!I2*Main!$B$5)+(_xlfn.IFNA(VLOOKUP($A2,'FL Ratio'!$A$3:$B$10,2,FALSE),0)*'FL Characterization'!I$2) -> 52.002289 | ... Y2: =('[1]Pc, Winter, S2'!Y2*Main!$B$5)+(_xlfn.IFNA(VLOOKUP($A2,'FL Ratio'!$A$3:$B$10,2,FALSE),0)*'FL Characterization'!Y$2) -> 41.567448
A3: 2 | B3: =('[1]Pc, Winter, S2'!B3*Main!$B$5)+(_xlfn.IFNA(VLOOKUP($A3,'FL Ratio'!$A$3:$B$10,2,FALSE),0)*'FL Characterization'!B$2) -> 39.561117 | C3: =('[1]Pc, Winter, S2'!C3*Main!$B$5)+(_xlfn.IFNA(VLOOKUP($A3,'FL Ratio'!$A$3:$B$10,2,FALSE),0)*'FL Characterization'!C$2) -> 37.063286 | D3: =('[1]Pc, Winter, S2'!D3*Main!$B$5)+(_xlfn.IFNA(VLOOKUP($A3,'FL Ratio'!$A$3:$B$10,2,FALSE),0)*'FL Characterization'!D$2) -> 33.512096 | E3: =('[1]Pc, Winter, S2'!E3*Main!$B$5)+(_xlfn.IFNA(VLOOKUP($A3,'FL Ratio'!$A$3:$B$10,2,FALSE),0)*'FL Characterization'!E$2) -> 35.70248 | F3: =('[1]Pc, Winter, S2'!F3*Main!$B$5)+(_xlfn.IFNA(VLOOKUP($A3,'FL Ratio'!$A$3:$B$10,2,FALSE),0)*'FL Characterization'!F$2) -> 35.128481 | G3: =('[1]Pc, Winter, S2'!G3*Main!$B$5)+(_xlfn.IFNA(VLOOKUP($A3,'FL Ratio'!$A$3:$B$10,2,FALSE),0)*'FL Characterization'!G$2) -> 36.218693 | H3: =('[1]Pc, Winter, S2'!H3*Main!$B$5)+(_xlfn.IFNA(VLOOKUP($A3,'FL Ratio'!$A$3:$B$10,2,FALSE),0)*'FL Characterization'!H$2) -> 53.433496 | I3: =('[1]Pc, Winter, S2'!I3*Main!$B$5)+(_xlfn.IFNA(VLOOKUP($A3,'FL Ratio'!$A$3:$B$10,2,FALSE),0)*'FL Characterization'!I$2) -> 57.484283 | ... Y3: =('[1]Pc, Winter, S2'!Y3*Main!$B$5)+(_xlfn.IFNA(VLOOKUP($A3,'FL Ratio'!$A$3:$B$10,2,FALSE),0)*'FL Characterization'!Y$2) -> 42.723233
A4: 3 | B4: =('[1]Pc, Winter, S2'!B4*Main!$B$5)+(_xlfn.IFNA(VLOOKUP($A4,'FL Ratio'!$A$3:$B$10,2,FALSE),0)*'FL Characterization'!B$2) -> 56.191509 | C4: =('[1]Pc, Winter, S2'!C4*Main!$B$5)+(_xlfn.IFNA(VLOOKUP($A4,'FL Ratio'!$A$3:$B$10,2,FALSE),0)*'FL Characterization'!C$2) -> 49.884805 | D4: =('[1]Pc, Winter, S2'!D4*Main!$B$5)+(_xlfn.IFNA(VLOOKUP($A4,'FL Ratio'!$A$3:$B$10,2,FALSE),0)*'FL Characterization'!D$2) -> 46.826739 | E4: =('[1]Pc, Winter, S2'!E4*Main!$B$5)+(_xlfn.IFNA(VLOOKUP($A4,'FL Ratio'!$A$3:$B$10,2,FALSE),0)*'FL Characterization'!E$2) -> 46.162905 | F4: =('[1]Pc, Winter, S2'!F4*Main!$B$5)+(_xlfn.IFNA(VLOOKUP($A4,'FL Ratio'!$A$3:$B$10,2,FALSE),0)*'FL Characterization'!F$2) -> 47.742091 | G4: =('[1]Pc, Winter, S2'!G4*Main!$B$5)+(_xlfn.IFNA(VLOOKUP($A4,'FL Ratio'!$A$3:$B$10,2,FALSE),0)*'FL Characterization'!G$2) -> 51.067354 | H4: =('[1]Pc, Winter, S2'!H4*Main!$B$5)+(_xlfn.IFNA(VLOOKUP($A4,'FL Ratio'!$A$3:$B$10,2,FALSE),0)*'FL Characterization'!H$2) -> 61.650346 | I4: =('[1]Pc, Winter, S2'!I4*Main!$B$5)+(_xlfn.IFNA(VLOOKUP($A4,'FL Ratio'!$A$3:$B$10,2,FALSE),0)*'FL Characterization'!I$2) -> 66.884493 | ... Y4: =('[1]Pc, Winter, S2'!Y4*Main!$B$5)+(_xlfn.IFNA(VLOOKUP($A4,'FL Ratio'!$A$3:$B$10,2,FALSE),0)*'FL Characterization'!Y$2) -> 63.046174

Sheet Pc, Winter, S7
A1: LoadID | B1: 0 | C1: 1 | D1: 2 | E1: 3 | F1: 4 | G1: 5 | H1: 6 | I1: 7 | J1: 8 | K1: 9 | L1: 10 | M1: 11 | N1: 12 | O1: 13 | P1: 14 | Q1: 15 | R1: 16 | S1: 17 | T1: 18 | U1: 19 | V1: 20 | W1: 21 | X1: 22 | Y1: 23
A2: 1 | B2: =('[1]Pc, Winter, S3'!B2*Main!$B$5)+(_xlfn.IFNA(VLOOKUP($A2,'FL Ratio'!$A$3:$B$10,2,FALSE),0)*'FL Characterization'!B$2) -> 35.28592 | C2: =('[1]Pc, Winter, S3'!C2*Main!$B$5)+(_xlfn.IFNA(VLOOKUP($A2,'FL Ratio'!$A$3:$B$10,2,FALSE),0)*'FL Characterization'!C$2) -> 32.912882 | D2: =('[1]Pc, Winter, S3'!D2*Main!$B$5)+(_xlfn.IFNA(VLOOKUP($A2,'FL Ratio'!$A$3:$B$10,2,FALSE),0)*'FL Characterization'!D$2) -> 31.185967 | E2: =('[1]Pc, Winter, S3'!E2*Main!$B$5)+(_xlfn.IFNA(VLOOKUP($A2,'FL Ratio'!$A$3:$B$10,2,FALSE),0)*'FL Characterization'!E$2) -> 30.965309 | F2: =('[1]Pc, Winter, S3'!F2*Main!$B$5)+(_xlfn.IFNA(VLOOKUP($A2,'FL Ratio'!$A$3:$B$10,2,FALSE),0)*'FL Characterization'!F$2) -> 31.338821 | G2: =('[1]Pc, Winter, S3'!G2*Main!$B$5)+(_xlfn.IFNA(VLOOKUP($A2,'FL Ratio'!$A$3:$B$10,2,FALSE),0)*'FL Characterization'!G$2) -> 34.448131 | H2: =('[1]Pc, Winter, S3'!H2*Main!$B$5)+(_xlfn.IFNA(VLOOKUP($A2,'FL Ratio'!$A$3:$B$10,2,FALSE),0)*'FL Characterization'!H$2) -> 41.105015 | I2: =('[1]Pc, Winter, S3'!I2*Main!$B$5)+(_xlfn.IFNA(VLOOKUP($A2,'FL Ratio'!$A$3:$B$10,2,FALSE),0)*'FL Characterization'!I$2) -> 49.477906 | ... Y2: =('[1]Pc, Winter, S3'!Y2*Main!$B$5)+(_xlfn.IFNA(VLOOKUP($A2,'FL Ratio'!$A$3:$B$10,2,FALSE),0)*'FL Characterization'!Y$2) -> 39.549611
A3: 2 | B3: =('[1]Pc, Winter, S3'!B3*Main!$B$5)+(_xlfn.IFNA(VLOOKUP($A3,'FL Ratio'!$A$3:$B$10,2,FALSE),0)*'FL Characterization'!B$2) -> 37.781055 | C3: =('[1]Pc, Winter, S3'!C3*Main!$B$5)+(_xlfn.IFNA(VLOOKUP($A3,'FL Ratio'!$A$3:$B$10,2,FALSE),0)*'FL Characterization'!C$2) -> 35.409161 | D3: =('[1]Pc, Winter, S3'!D3*Main!$B$5)+(_xlfn.IFNA(VLOOKUP($A3,'FL Ratio'!$A$3:$B$10,2,FALSE),0)*'FL Characterization'!D$2) -> 32.015191 | E3: =('[1]Pc, Winter, S3'!E3*Main!$B$5)+(_xlfn.IFNA(VLOOKUP($A3,'FL Ratio'!$A$3:$B$10,2,FALSE),0)*'FL Characterization'!E$2) -> 34.092473 | F3: =('[1]Pc, Winter, S3'!F3*Main!$B$5)+(_xlfn.IFNA(VLOOKUP($A3,'FL Ratio'!$A$3:$B$10,2,FALSE),0)*'FL Characterization'!F$2) -> 33.524089 | G3: =('[1]Pc, Winter, S3'!G3*Main!$B$5)+(_xlfn.IFNA(VLOOKUP($A3,'FL Ratio'!$A$3:$B$10,2,FALSE),0)*'FL Characterization'!G$2) -> 34.546119 | H3: =('[1]Pc, Winter, S3'!H3*Main!$B$5)+(_xlfn.IFNA(VLOOKUP($A3,'FL Ratio'!$A$3:$B$10,2,FALSE),0)*'FL Characterization'!H$2) -> 50.944338 | I3: =('[1]Pc, Winter, S3'!I3*Main!$B$5)+(_xlfn.IFNA(VLOOKUP($A3,'FL Ratio'!$A$3:$B$10,2,FALSE),0)*'FL Characterization'!I$2) -> 54.711967 | ... Y3: =('[1]Pc, Winter, S3'!Y3*Main!$B$5)+(_xlfn.IFNA(VLOOKUP($A3,'FL Ratio'!$A$3:$B$10,2,FALSE),0)*'FL Characterization'!Y$2) -> 40.777929
A4: 3 | B4: =('[1]Pc, Winter, S3'!B4*Main!$B$5)+(_xlfn.IFNA(VLOOKUP($A4,'FL Ratio'!$A$3:$B$10,2,FALSE),0)*'FL Characterization'!B$2) -> 53.604147 | C4: =('[1]Pc, Winter, S3'!C4*Main!$B$5)+(_xlfn.IFNA(VLOOKUP($A4,'FL Ratio'!$A$3:$B$10,2,FALSE),0)*'FL Characterization'!C$2) -> 47.608276 | D4: =('[1]Pc, Winter, S3'!D4*Main!$B$5)+(_xlfn.IFNA(VLOOKUP($A4,'FL Ratio'!$A$3:$B$10,2,FALSE),0)*'FL Characterization'!D$2) -> 44.683493 | E4: =('[1]Pc, Winter, S3'!E4*Main!$B$5)+(_xlfn.IFNA(VLOOKUP($A4,'FL Ratio'!$A$3:$B$10,2,FALSE),0)*'FL Characterization'!E$2) -> 44.04511 | F4: =('[1]Pc, Winter, S3'!F4*Main!$B$5)+(_xlfn.IFNA(VLOOKUP($A4,'FL Ratio'!$A$3:$B$10,2,FALSE),0)*'FL Characterization'!F$2) -> 45.525388 | G4: =('[1]Pc, Winter, S3'!G4*Main!$B$5)+(_xlfn.IFNA(VLOOKUP($A4,'FL Ratio'!$A$3:$B$10,2,FALSE),0)*'FL Characterization'!G$2) -> 48.673971 | H4: =('[1]Pc, Winter, S3'!H4*Main!$B$5)+(_xlfn.IFNA(VLOOKUP($A4,'FL Ratio'!$A$3:$B$10,2,FALSE),0)*'FL Characterization'!H$2) -> 58.762311 | I4: =('[1]Pc, Winter, S3'!I4*Main!$B$5)+(_xlfn.IFNA(VLOOKUP($A4,'FL Ratio'!$A$3:$B$10,2,FALSE),0)*'FL Characterization'!I$2) -> 63.655856 | ... Y4: =('[1]Pc, Winter, S3'!Y4*Main!$B$5)+(_xlfn.IFNA(VLOOKUP($A4,'FL Ratio'!$A$3:$B$10,2,FALSE),0)*'FL Characterization'!Y$2) -> 60.11432

Sheet Pc, Winter, S8
A1: LoadID | B1: 0 | C1: 1 | D1: 2 | E1: 3 | F1: 4 | G1: 5 | H1: 6 | I1: 7 | J1: 8 | K1: 9 | L1: 10 | M1: 11 | N1: 12 | O1: 13 | P1: 14 | Q1: 15 | R1: 16 | S1: 17 | T1: 18 | U1: 19 | V1: 20 | W1: 21 | X1: 22 | Y1: 23
A2: 1 | B2: =('[1]Pc, Winter, S3'!B2*Main!$B$5)+(_xlfn.IFNA(VLOOKUP($A2,'FL Ratio'!$A$3:$B$10,2,FALSE),0)*'FL Characterization'!B$2) -> 35.28592 | C2: =('[1]Pc, Winter, S3'!C2*Main!$B$5)+(_xlfn.IFNA(VLOOKUP($A2,'FL Ratio'!$A$3:$B$10,2,FALSE),0)*'FL Characterization'!C$2) -> 32.912882 | D2: =('[1]Pc, Winter, S3'!D2*Main!$B$5)+(_xlfn.IFNA(VLOOKUP($A2,'FL Ratio'!$A$3:$B$10,2,FALSE),0)*'FL Characterization'!D$2) -> 31.185967 | E2: =('[1]Pc, Winter, S3'!E2*Main!$B$5)+(_xlfn.IFNA(VLOOKUP($A2,'FL Ratio'!$A$3:$B$10,2,FALSE),0)*'FL Characterization'!E$2) -> 30.965309 | F2: =('[1]Pc, Winter, S3'!F2*Main!$B$5)+(_xlfn.IFNA(VLOOKUP($A2,'FL Ratio'!$A$3:$B$10,2,FALSE),0)*'FL Characterization'!F$2) -> 31.338821 | G2: =('[1]Pc, Winter, S3'!G2*Main!$B$5)+(_xlfn.IFNA(VLOOKUP($A2,'FL Ratio'!$A$3:$B$10,2,FALSE),0)*'FL Characterization'!G$2) -> 34.448131 | H2: =('[1]Pc, Winter, S3'!H2*Main!$B$5)+(_xlfn.IFNA(VLOOKUP($A2,'FL Ratio'!$A$3:$B$10,2,FALSE),0)*'FL Characterization'!H$2) -> 41.105015 | I2: =('[1]Pc, Winter, S3'!I2*Main!$B$5)+(_xlfn.IFNA(VLOOKUP($A2,'FL Ratio'!$A$3:$B$10,2,FALSE),0)*'FL Characterization'!I$2) -> 49.477906 | ... Y2: =('[1]Pc, Winter, S3'!Y2*Main!$B$5)+(_xlfn.IFNA(VLOOKUP($A2,'FL Ratio'!$A$3:$B$10,2,FALSE),0)*'FL Characterization'!Y$2) -> 39.549611
A3: 2 | B3: =('[1]Pc, Winter, S3'!B3*Main!$B$5)+(_xlfn.IFNA(VLOOKUP($A3,'FL Ratio'!$A$3:$B$10,2,FALSE),0)*'FL Characterization'!B$2) -> 37.781055 | C3: =('[1]Pc, Winter, S3'!C3*Main!$B$5)+(_xlfn.IFNA(VLOOKUP($A3,'FL Ratio'!$A$3:$B$10,2,FALSE),0)*'FL Characterization'!C$2) -> 35.409161 | D3: =('[1]Pc, Winter, S3'!D3*Main!$B$5)+(_xlfn.IFNA(VLOOKUP($A3,'FL Ratio'!$A$3:$B$10,2,FALSE),0)*'FL Characterization'!D$2) -> 32.015191 | E3: =('[1]Pc, Winter, S3'!E3*Main!$B$5)+(_xlfn.IFNA(VLOOKUP($A3,'FL Ratio'!$A$3:$B$10,2,FALSE),0)*'FL Characterization'!E$2) -> 34.092473 | F3: =('[1]Pc, Winter, S3'!F3*Main!$B$5)+(_xlfn.IFNA(VLOOKUP($A3,'FL Ratio'!$A$3:$B$10,2,FALSE),0)*'FL Characterization'!F$2) -> 33.524089 | G3: =('[1]Pc, Winter, S3'!G3*Main!$B$5)+(_xlfn.IFNA(VLOOKUP($A3,'FL Ratio'!$A$3:$B$10,2,FALSE),0)*'FL Characterization'!G$2) -> 34.546119 | H3: =('[1]Pc, Winter, S3'!H3*Main!$B$5)+(_xlfn.IFNA(VLOOKUP($A3,'FL Ratio'!$A$3:$B$10,2,FALSE),0)*'FL Characterization'!H$2) -> 50.944338 | I3: =('[1]Pc, Winter, S3'!I3*Main!$B$5)+(_xlfn.IFNA(VLOOKUP($A3,'FL Ratio'!$A$3:$B$10,2,FALSE),0)*'FL Characterization'!I$2) -> 54.711967 | ... Y3: =('[1]Pc, Winter, S3'!Y3*Main!$B$5)+(_xlfn.IFNA(VLOOKUP($A3,'FL Ratio'!$A$3:$B$10,2,FALSE),0)*'FL Characterization'!Y$2) -> 40.777929
A4: 3 | B4: =('[1]Pc, Winter, S3'!B4*Main!$B$5)+(_xlfn.IFNA(VLOOKUP($A4,'FL Ratio'!$A$3:$B$10,2,FALSE),0)*'FL Characterization'!B$2) -> 53.604147 | C4: =('[1]Pc, Winter, S3'!C4*Main!$B$5)+(_xlfn.IFNA(VLOOKUP($A4,'FL Ratio'!$A$3:$B$10,2,FALSE),0)*'FL Characterization'!C$2) -> 47.608276 | D4: =('[1]Pc, Winter, S3'!D4*Main!$B$5)+(_xlfn.IFNA(VLOOKUP($A4,'FL Ratio'!$A$3:$B$10,2,FALSE),0)*'FL Characterization'!D$2) -> 44.683493 | E4: =('[1]Pc, Winter, S3'!E4*Main!$B$5)+(_xlfn.IFNA(VLOOKUP($A4,'FL Ratio'!$A$3:$B$10,2,FALSE),0)*'FL Characterization'!E$2) -> 44.04511 | F4: =('[1]Pc, Winter, S3'!F4*Main!$B$5)+(_xlfn.IFNA(VLOOKUP($A4,'FL Ratio'!$A$3:$B$10,2,FALSE),0)*'FL Characterization'!F$2) -> 45.525388 | G4: =('[1]Pc, Winter, S3'!G4*Main!$B$5)+(_xlfn.IFNA(VLOOKUP($A4,'FL Ratio'!$A$3:$B$10,2,FALSE),0)*'FL Characterization'!G$2) -> 48.673971 | H4: =('[1]Pc, Winter, S3'!H4*Main!$B$5)+(_xlfn.IFNA(VLOOKUP($A4,'FL Ratio'!$A$3:$B$10,2,FALSE),0)*'FL Characterization'!H$2) -> 58.762311 | I4: =('[1]Pc, Winter, S3'!I4*Main!$B$5)+(_xlfn.IFNA(VLOOKUP($A4,'FL Ratio'!$A$3:$B$10,2,FALSE),0)*'FL Characterization'!I$2) -> 63.655856 | ... Y4: =('[1]Pc, Winter, S3'!Y4*Main!$B$5)+(_xlfn.IFNA(VLOOKUP($A4,'FL Ratio'!$A$3:$B$10,2,FALSE),0)*'FL Characterization'!Y$2) -> 60.11432

Sheet Pc, Winter, S9
A1: LoadID | B1: 0 | C1: 1 | D1: 2 | E1: 3 | F1: 4 | G1: 5 | H1: 6 | I1: 7 | J1: 8 | K1: 9 | L1: 10 | M1: 11 | N1: 12 | O1: 13 | P1: 14 | Q1: 15 | R1: 16 | S1: 17 | T1: 18 | U1: 19 | V1: 20 | W1: 21 | X1: 22 | Y1: 23
A2: 1 | B2: =('[1]Pc, Winter, S3'!B2*Main!$B$5)+(_xlfn.IFNA(VLOOKUP($A2,'FL Ratio'!$A$3:$B$10,2,FALSE),0)*'FL Characterization'!B$2) -> 35.28592 | C2: =('[1]Pc, Winter, S3'!C2*Main!$B$5)+(_xlfn.IFNA(VLOOKUP($A2,'FL Ratio'!$A$3:$B$10,2,FALSE),0)*'FL Characterization'!C$2) -> 32.912882 | D2: =('[1]Pc, Winter, S3'!D2*Main!$B$5)+(_xlfn.IFNA(VLOOKUP($A2,'FL Ratio'!$A$3:$B$10,2,FALSE),0)*'FL Characterization'!D$2) -> 31.185967 | E2: =('[1]Pc, Winter, S3'!E2*Main!$B$5)+(_xlfn.IFNA(VLOOKUP($A2,'FL Ratio'!$A$3:$B$10,2,FALSE),0)*'FL Characterization'!E$2) -> 30.965309 | F2: =('[1]Pc, Winter, S3'!F2*Main!$B$5)+(_xlfn.IFNA(VLOOKUP($A2,'FL Ratio'!$A$3:$B$10,2,FALSE),0)*'FL Characterization'!F$2) -> 31.338821 | G2: =('[1]Pc, Winter, S3'!G2*Main!$B$5)+(_xlfn.IFNA(VLOOKUP($A2,'FL Ratio'!$A$3:$B$10,2,FALSE),0)*'FL Characterization'!G$2) -> 34.448131 | H2: =('[1]Pc, Winter, S3'!H2*Main!$B$5)+(_xlfn.IFNA(VLOOKUP($A2,'FL Ratio'!$A$3:$B$10,2,FALSE),0)*'FL Characterization'!H$2) -> 41.105015 | I2: =('[1]Pc, Winter, S3'!I2*Main!$B$5)+(_xlfn.IFNA(VLOOKUP($A2,'FL Ratio'!$A$3:$B$10,2,FALSE),0)*'FL Characterization'!I$2) -> 49.477906 | ... Y2: =('[1]Pc, Winter, S3'!Y2*Main!$B$5)+(_xlfn.IFNA(VLOOKUP($A2,'FL Ratio'!$A$3:$B$10,2,FALSE),0)*'FL Characterization'!Y$2) -> 39.549611
A3: 2 | B3: =('[1]Pc, Winter, S3'!B3*Main!$B$5)+(_xlfn.IFNA(VLOOKUP($A3,'FL Ratio'!$A$3:$B$10,2,FALSE),0)*'FL Characterization'!B$2) -> 37.781055 | C3: =('[1]Pc, Winter, S3'!C3*Main!$B$5)+(_xlfn.IFNA(VLOOKUP($A3,'FL Ratio'!$A$3:$B$10,2,FALSE),0)*'FL Characterization'!C$2) -> 35.409161 | D3: =('[1]Pc, Winter, S3'!D3*Main!$B$5)+(_xlfn.IFNA(VLOOKUP($A3,'FL Ratio'!$A$3:$B$10,2,FALSE),0)*'FL Characterization'!D$2) -> 32.015191 | E3: =('[1]Pc, Winter, S3'!E3*Main!$B$5)+(_xlfn.IFNA(VLOOKUP($A3,'FL Ratio'!$A$3:$B$10,2,FALSE),0)*'FL Characterization'!E$2) -> 34.092473 | F3: =('[1]Pc, Winter, S3'!F3*Main!$B$5)+(_xlfn.IFNA(VLOOKUP($A3,'FL Ratio'!$A$3:$B$10,2,FALSE),0)*'FL Characterization'!F$2) -> 33.524089 | G3: =('[1]Pc, Winter, S3'!G3*Main!$B$5)+(_xlfn.IFNA(VLOOKUP($A3,'FL Ratio'!$A$3:$B$10,2,FALSE),0)*'FL Characterization'!G$2) -> 34.546119 | H3: =('[1]Pc, Winter, S3'!H3*Main!$B$5)+(_xlfn.IFNA(VLOOKUP($A3,'FL Ratio'!$A$3:$B$10,2,FALSE),0)*'FL Characterization'!H$2) -> 50.944338 | I3: =('[1]Pc, Winter, S3'!I3*Main!$B$5)+(_xlfn.IFNA(VLOOKUP($A3,'FL Ratio'!$A$3:$B$10,2,FALSE),0)*'FL Characterization'!I$2) -> 54.711967 | ... Y3: =('[1]Pc, Winter, S3'!Y3*Main!$B$5)+(_xlfn.IFNA(VLOOKUP($A3,'FL Ratio'!$A$3:$B$10,2,FALSE),0)*'FL Characterization'!Y$2) -> 40.777929
A4: 3 | B4: =('[1]Pc, Winter, S3'!B4*Main!$B$5)+(_xlfn.IFNA(VLOOKUP($A4,'FL Ratio'!$A$3:$B$10,2,FALSE),0)*'FL Characterization'!B$2) -> 53.604147 | C4: =('[1]Pc, Winter, S3'!C4*Main!$B$5)+(_xlfn.IFNA(VLOOKUP($A4,'FL Ratio'!$A$3:$B$10,2,FALSE),0)*'FL Characterization'!C$2) -> 47.608276 | D4: =('[1]Pc, Winter, S3'!D4*Main!$B$5)+(_xlfn.IFNA(VLOOKUP($A4,'FL Ratio'!$A$3:$B$10,2,FALSE),0)*'FL Characterization'!D$2) -> 44.683493 | E4: =('[1]Pc, Winter, S3'!E4*Main!$B$5)+(_xlfn.IFNA(VLOOKUP($A4,'FL Ratio'!$A$3:$B$10,2,FALSE),0)*'FL Characterization'!E$2) -> 44.04511 | F4: =('[1]Pc, Winter, S3'!F4*Main!$B$5)+(_xlfn.IFNA(VLOOKUP($A4,'FL Ratio'!$A$3:$B$10,2,FALSE),0)*'FL Characterization'!F$2) -> 45.525388 | G4: =('[1]Pc, Winter, S3'!G4*Main!$B$5)+(_xlfn.IFNA(VLOOKUP($A4,'FL Ratio'!$A$3:$B$10,2,FALSE),0)*'FL Characterization'!G$2) -> 48.673971 | H4: =('[1]Pc, Winter, S3'!H4*Main!$B$5)+(_xlfn.IFNA(VLOOKUP($A4,'FL Ratio'!$A$3:$B$10,2,FALSE),0)*'FL Characterization'!H$2) -> 58.762311 | I4: =('[1]Pc, Winter, S3'!I4*Main!$B$5)+(_xlfn.IFNA(VLOOKUP($A4,'FL Ratio'!$A$3:$B$10,2,FALSE),0)*'FL Characterization'!I$2) -> 63.655856 | ... Y4: =('[1]Pc, Winter, S3'!Y4*Main!$B$5)+(_xlfn.IFNA(VLOOKUP($A4,'FL Ratio'!$A$3:$B$10,2,FALSE),0)*'FL Characterization'!Y$2) -> 60.11432

Sheet Qc, Winter, S1
A1: LoadID | B1: 0 | C1: 1 | D1: 2 | E1: 3 | F1: 4 | G1: 5 | H1: 6 | I1: 7 | J1: 8 | K1: 9 | L1: 10 | M1: 11 | N1: 12 | O1: 13 | P1: 14 | Q1: 15 | R1: 16 | S1: 17 | T1: 18 | U1: 19 | V1: 20 | W1: 21 | X1: 22 | Y1: 23
A2: 1 | B2: =('[1]Qc, Winter, S1'!B2*Main!$B$5) -> -15.676553 | C2: =('[1]Qc, Winter, S1'!C2*Main!$B$5) -> -17.038261 | D2: =('[1]Qc, Winter, S1'!D2*Main!$B$5) -> -18.352559 | E2: =('[1]Qc, Winter, S1'!E2*Main!$B$5) -> -18.218958 | F2: =('[1]Qc, Winter, S1'!F2*Main!$B$5) -> -18.857445 | G2: =('[1]Qc, Winter, S1'!G2*Main!$B$5) -> -16.786676 | H2: =('[1]Qc, Winter, S1'!H2*Main!$B$5) -> -12.500796 | I2: =('[1]Qc, Winter, S1'!I2*Main!$B$5) -> -5.1455762 | ... Y2: =('[1]Qc, Winter, S1'!Y2*Main!$B$5) -> -13.594183
A3: 2 | B3: =('[1]Qc, Winter, S1'!B3*Main!$B$5) -> 17.760628 | C3: =('[1]Qc, Winter, S1'!C3*Main!$B$5) -> 22.000353 | D3: =('[1]Qc, Winter, S1'!D3*Main!$B$5) -> 22.000353 | E3: =('[1]Qc, Winter, S1'!E3*Main!$B$5) -> 22.000353 | F3: =('[1]Qc, Winter, S1'!F3*Main!$B$5) -> 22.000353 | G3: =('[1]Qc, Winter, S1'!G3*Main!$B$5) -> 17.825857 | H3: =('[1]Qc, Winter, S1'!H3*Main!$B$5) -> 8.0853672 | I3: =('[1]Qc, Winter, S1'!I3*Main!$B$5) -> 1.0409072 | ... Y3: =('[1]Qc, Winter, S1'!Y3*Main!$B$5) -> 16.347387
A4: 3 | B4: =('[1]Qc, Winter, S1'!B4*Main!$B$5) -> 12.051448 | C4: =('[1]Qc, Winter, S1'!C4*Main!$B$5) -> 9.2961559 | D4: =('[1]Qc, Winter, S1'!D4*Main!$B$5) -> 7.9579852 | E4: =('[1]Qc, Winter, S1'!E4*Main!$B$5) -> 7.7874174 | F4: =('[1]Qc, Winter, S1'!F4*Main!$B$5) -> 8.8508731 | G4: =('[1]Qc, Winter, S1'!G4*Main!$B$5) -> 10.989579 | H4: =('[1]Qc, Winter, S1'!H4*Main!$B$5) -> 17.050421 | I4: =('[1]Qc, Winter, S1'!I4*Main!$B$5) -> 20.815302 | ... Y4: =('[1]Qc, Winter, S1'!Y4*Main!$B$5) -> 15.672062

Sheet Qc, Winter, S2
A1: LoadID | B1: 0 | C1: 1 | D1: 2 | E1: 3 | F1: 4 | G1: 5 | H1: 6 | I1: 7 | J1: 8 | K1: 9 | L1: 10 | M1: 11 | N1: 12 | O1: 13 | P1: 14 | Q1: 15 | R1: 16 | S1: 17 | T1: 18 | U1: 19 | V1: 20 | W1: 21 | X1: 22 | Y1: 23
A2: 1 | B2: =('[1]Qc, Winter, S1'!B2*Main!$B$5) -> -15.676553 | C2: =('[1]Qc, Winter, S1'!C2*Main!$B$5) -> -17.038261 | D2: =('[1]Qc, Winter, S1'!D2*Main!$B$5) -> -18.352559 | E2: =('[1]Qc, Winter, S1'!E2*Main!$B$5) -> -18.218958 | F2: =('[1]Qc, Winter, S1'!F2*Main!$B$5) -> -18.857445 | G2: =('[1]Qc, Winter, S1'!G2*Main!$B$5) -> -16.786676 | H2: =('[1]Qc, Winter, S1'!H2*Main!$B$5) -> -12.500796 | I2: =('[1]Qc, Winter, S1'!I2*Main!$B$5) -> -5.1455762 | ... Y2: =('[1]Qc, Winter, S1'!Y2*Main!$B$5) -> -13.594183
A3: 2 | B3: =('[1]Qc, Winter, S1'!B3*Main!$B$5) -> 17.760628 | C3: =('[1]Qc, Winter, S1'!C3*Main!$B$5) -> 22.000353 | D3: =('[1]Qc, Winter, S1'!D3*Main!$B$5) -> 22.000353 | E3: =('[1]Qc, Winter, S1'!E3*Main!$B$5) -> 22.000353 | F3: =('[1]Qc, Winter, S1'!F3*Main!$B$5) -> 22.000353 | G3: =('[1]Qc, Winter, S1'!G3*Main!$B$5) -> 17.825857 | H3: =('[1]Qc, Winter, S1'!H3*Main!$B$5) -> 8.0853672 | I3: =('[1]Qc, Winter, S1'!I3*Main!$B$5) -> 1.0409072 | ... Y3: =('[1]Qc, Winter, S1'!Y3*Main!$B$5) -> 16.347387
A4: 3 | B4: =('[1]Qc, Winter, S1'!B4*Main!$B$5) -> 12.051448 | C4: =('[1]Qc, Winter, S1'!C4*Main!$B$5) -> 9.2961559 | D4: =('[1]Qc, Winter, S1'!D4*Main!$B$5) -> 7.9579852 | E4: =('[1]Qc, Winter, S1'!E4*Main!$B$5) -> 7.7874174 | F4: =('[1]Qc, Winter, S1'!F4*Main!$B$5) -> 8.8508731 | G4: =('[1]Qc, Winter, S1'!G4*Main!$B$5) -> 10.989579 | H4: =('[1]Qc, Winter, S1'!H4*Main!$B$5) -> 17.050421 | I4: =('[1]Qc, Winter, S1'!I4*Main!$B$5) -> 20.815302 | ... Y4: =('[1]Qc, Winter, S1'!Y4*Main!$B$5) -> 15.672062

Sheet Qc, Winter, S3
A1: LoadID | B1: 0 | C1: 1 | D1: 2 | E1: 3 | F1: 4 | G1: 5 | H1: 6 | I1: 7 | J1: 8 | K1: 9 | L1: 10 | M1: 11 | N1: 12 | O1: 13 | P1: 14 | Q1: 15 | R1: 16 | S1: 17 | T1: 18 | U1: 19 | V1: 20 | W1: 21 | X1: 22 | Y1: 23
A2: 1 | B2: =('[1]Qc, Winter, S1'!B2*Main!$B$5) -> -15.676553 | C2: =('[1]Qc, Winter, S1'!C2*Main!$B$5) -> -17.038261 | D2: =('[1]Qc, Winter, S1'!D2*Main!$B$5) -> -18.352559 | E2: =('[1]Qc, Winter, S1'!E2*Main!$B$5) -> -18.218958 | F2: =('[1]Qc, Winter, S1'!F2*Main!$B$5) -> -18.857445 | G2: =('[1]Qc, Winter, S1'!G2*Main!$B$5) -> -16.786676 | H2: =('[1]Qc, Winter, S1'!H2*Main!$B$5) -> -12.500796 | I2: =('[1]Qc, Winter, S1'!I2*Main!$B$5) -> -5.1455762 | ... Y2: =('[1]Qc, Winter, S1'!Y2*Main!$B$5) -> -13.594183
A3: 2 | B3: =('[1]Qc, Winter, S1'!B3*Main!$B$5) -> 17.760628 | C3: =('[1]Qc, Winter, S1'!C3*Main!$B$5) -> 22.000353 | D3: =('[1]Qc, Winter, S1'!D3*Main!$B$5) -> 22.000353 | E3: =('[1]Qc, Winter, S1'!E3*Main!$B$5) -> 22.000353 | F3: =('[1]Qc, Winter, S1'!F3*Main!$B$5) -> 22.000353 | G3: =('[1]Qc, Winter, S1'!G3*Main!$B$5) -> 17.825857 | H3: =('[1]Qc, Winter, S1'!H3*Main!$B$5) -> 8.0853672 | I3: =('[1]Qc, Winter, S1'!I3*Main!$B$5) -> 1.0409072 | ... Y3: =('[1]Qc, Winter, S1'!Y3*Main!$B$5) -> 16.347387
A4: 3 | B4: =('[1]Qc, Winter, S1'!B4*Main!$B$5) -> 12.051448 | C4: =('[1]Qc, Winter, S1'!C4*Main!$B$5) -> 9.2961559 | D4: =('[1]Qc, Winter, S1'!D4*Main!$B$5) -> 7.9579852 | E4: =('[1]Qc, Winter, S1'!E4*Main!$B$5) -> 7.7874174 | F4: =('[1]Qc, Winter, S1'!F4*Main!$B$5) -> 8.8508731 | G4: =('[1]Qc, Winter, S1'!G4*Main!$B$5) -> 10.989579 | H4: =('[1]Qc, Winter, S1'!H4*Main!$B$5) -> 17.050421 | I4: =('[1]Qc, Winter, S1'!I4*Main!$B$5) -> 20.815302 | ... Y4: =('[1]Qc, Winter, S1'!Y4*Main!$B$5) -> 15.672062

Sheet Qc, Winter, S4
A1: LoadID | B1: 0 | C1: 1 | D1: 2 | E1: 3 | F1: 4 | G1: 5 | H1: 6 | I1: 7 | J1: 8 | K1: 9 | L1: 10 | M1: 11 | N1: 12 | O1: 13 | P1: 14 | Q1: 15 | R1: 16 | S1: 17 | T1: 18 | U1: 19 | V1: 20 | W1: 21 | X1: 22 | Y1: 23
A2: 1 | B2: =('[1]Qc, Winter, S2'!B2*Main!$B$5) -> -16.14685 | C2: =('[1]Qc, Winter, S2'!C2*Main!$B$5) -> -17.549408 | D2: =('[1]Qc, Winter, S2'!D2*Main!$B$5) -> -18.903136 | E2: =('[1]Qc, Winter, S2'!E2*Main!$B$5) -> -18.765526 | F2: =('[1]Qc, Winter, S2'!F2*Main!$B$5) -> -19.423169 | G2: =('[1]Qc, Winter, S2'!G2*Main!$B$5) -> -17.290276 | H2: =('[1]Qc, Winter, S2'!H2*Main!$B$5) -> -12.875819 | I2: =('[1]Qc, Winter, S2'!I2*Main!$B$5) -> -5.2999435 | ... Y2: =('[1]Qc, Winter, S2'!Y2*Main!$B$5) -> -14.002008
A3: 2 | B3: =('[1]Qc, Winter, S2'!B3*Main!$B$5) -> 18.293447 | C3: =('[1]Qc, Winter, S2'!C3*Main!$B$5) -> 22.660363 | D3: =('[1]Qc, Winter, S2'!D3*Main!$B$5) -> 22.660363 | E3: =('[1]Qc, Winter, S2'!E3*Main!$B$5) -> 22.660363 | F3: =('[1]Qc, Winter, S2'!F3*Main!$B$5) -> 22.660363 | G3: =('[1]Qc, Winter, S2'!G3*Main!$B$5) -> 18.360633 | H3: =('[1]Qc, Winter, S2'!H3*Main!$B$5) -> 8.3279282 | I3: =('[1]Qc, Winter, S2'!I3*Main!$B$5) -> 1.0721344 | ... Y3: =('[1]Qc, Winter, S2'!Y3*Main!$B$5) -> 16.837808
A4: 3 | B4: =('[1]Qc, Winter, S2'!B4*Main!$B$5) -> 12.412991 | C4: =('[1]Qc, Winter, S2'!C4*Main!$B$5) -> 9.5750406 | D4: =('[1]Qc, Winter, S2'!D4*Main!$B$5) -> 8.1967248 | E4: =('[1]Qc, Winter, S2'!E4*Main!$B$5) -> 8.0210399 | F4: =('[1]Qc, Winter, S2'!F4*Main!$B$5) -> 9.1163993 | G4: =('[1]Qc, Winter, S2'!G4*Main!$B$5) -> 11.319266 | H4: =('[1]Qc, Winter, S2'!H4*Main!$B$5) -> 17.561934 | I4: =('[1]Qc, Winter, S2'!I4*Main!$B$5) -> 21.439761 | ... Y4: =('[1]Qc, Winter, S2'!Y4*Main!$B$5) -> 16.142224

Sheet Qc, Winter, S5
A1: LoadID | B1: 0 | C1: 1 | D1: 2 | E1: 3 | F1: 4 | G1: 5 | H1: 6 | I1: 7 | J1: 8 | K1: 9 | L1: 10 | M1: 11 | N1: 12 | O1: 13 | P1: 14 | Q1: 15 | R1: 16 | S1: 17 | T1: 18 | U1: 19 | V1: 20 | W1: 21 | X1: 22 | Y1: 23
A2: 1 | B2: =('[1]Qc, Winter, S2'!B2*Main!$B$5) -> -16.14685 | C2: =('[1]Qc, Winter, S2'!C2*Main!$B$5) -> -17.549408 | D2: =('[1]Qc, Winter, S2'!D2*Main!$B$5) -> -18.903136 | E2: =('[1]Qc, Winter, S2'!E2*Main!$B$5) -> -18.765526 | F2: =('[1]Qc, Winter, S2'!F2*Main!$B$5) -> -19.423169 | G2: =('[1]Qc, Winter, S2'!G2*Main!$B$5) -> -17.290276 | H2: =('[1]Qc, Winter, S2'!H2*Main!$B$5) -> -12.875819 | I2: =('[1]Qc, Winter, S2'!I2*Main!$B$5) -> -5.2999435 | ... Y2: =('[1]Qc, Winter, S2'!Y2*Main!$B$5) -> -14.002008
A3: 2 | B3: =('[1]Qc, Winter, S2'!B3*Main!$B$5) -> 18.293447 | C3: =('[1]Qc, Winter, S2'!C3*Main!$B$5) -> 22.660363 | D3: =('[1]Qc, Winter, S2'!D3*Main!$B$5) -> 22.660363 | E3: =('[1]Qc, Winter, S2'!E3*Main!$B$5) -> 22.660363 | F3: =('[1]Qc, Winter, S2'!F3*Main!$B$5) -> 22.660363 | G3: =('[1]Qc, Winter, S2'!G3*Main!$B$5) -> 18.360633 | H3: =('[1]Qc, Winter, S2'!H3*Main!$B$5) -> 8.3279282 | I3: =('[1]Qc, Winter, S2'!I3*Main!$B$5) -> 1.0721344 | ... Y3: =('[1]Qc, Winter, S2'!Y3*Main!$B$5) -> 16.837808
A4: 3 | B4: =('[1]Qc, Winter, S2'!B4*Main!$B$5) -> 12.412991 | C4: =('[1]Qc, Winter, S2'!C4*Main!$B$5) -> 9.5750406 | D4: =('[1]Qc, Winter, S2'!D4*Main!$B$5) -> 8.1967248 | E4: =('[1]Qc, Winter, S2'!E4*Main!$B$5) -> 8.0210399 | F4: =('[1]Qc, Winter, S2'!F4*Main!$B$5) -> 9.1163993 | G4: =('[1]Qc, Winter, S2'!G4*Main!$B$5) -> 11.319266 | H4: =('[1]Qc, Winter, S2'!H4*Main!$B$5) -> 17.561934 | I4: =('[1]Qc, Winter, S2'!I4*Main!$B$5) -> 21.439761 | ... Y4: =('[1]Qc, Winter, S2'!Y4*Main!$B$5) -> 16.142224

Sheet Qc, Winter, S6
A1: LoadID | B1: 0 | C1: 1 | D1: 2 | E1: 3 | F1: 4 | G1: 5 | H1: 6 | I1: 7 | J1: 8 | K1: 9 | L1: 10 | M1: 11 | N1: 12 | O1: 13 | P1: 14 | Q1: 15 | R1: 16 | S1: 17 | T1: 18 | U1: 19 | V1: 20 | W1: 21 | X1: 22 | Y1: 23
A2: 1 | B2: =('[1]Qc, Winter, S2'!B2*Main!$B$5) -> -16.14685 | C2: =('[1]Qc, Winter, S2'!C2*Main!$B$5) -> -17.549408 | D2: =('[1]Qc, Winter, S2'!D2*Main!$B$5) -> -18.903136 | E2: =('[1]Qc, Winter, S2'!E2*Main!$B$5) -> -18.765526 | F2: =('[1]Qc, Winter, S2'!F2*Main!$B$5) -> -19.423169 | G2: =('[1]Qc, Winter, S2'!G2*Main!$B$5) -> -17.290276 | H2: =('[1]Qc, Winter, S2'!H2*Main!$B$5) -> -12.875819 | I2: =('[1]Qc, Winter, S2'!I2*Main!$B$5) -> -5.2999435 | ... Y2: =('[1]Qc, Winter, S2'!Y2*Main!$B$5) -> -14.002008
A3: 2 | B3: =('[1]Qc, Winter, S2'!B3*Main!$B$5) -> 18.293447 | C3: =('[1]Qc, Winter, S2'!C3*Main!$B$5) -> 22.660363 | D3: =('[1]Qc, Winter, S2'!D3*Main!$B$5) -> 22.660363 | E3: =('[1]Qc, Winter, S2'!E3*Main!$B$5) -> 22.660363 | F3: =('[1]Qc, Winter, S2'!F3*Main!$B$5) -> 22.660363 | G3: =('[1]Qc, Winter, S2'!G3*Main!$B$5) -> 18.360633 | H3: =('[1]Qc, Winter, S2'!H3*Main!$B$5) -> 8.3279282 | I3: =('[1]Qc, Winter, S2'!I3*Main!$B$5) -> 1.0721344 | ... Y3: =('[1]Qc, Winter, S2'!Y3*Main!$B$5) -> 16.837808
A4: 3 | B4: =('[1]Qc, Winter, S2'!B4*Main!$B$5) -> 12.412991 | C4: =('[1]Qc, Winter, S2'!C4*Main!$B$5) -> 9.5750406 | D4: =('[1]Qc, Winter, S2'!D4*Main!$B$5) -> 8.1967248 | E4: =('[1]Qc, Winter, S2'!E4*Main!$B$5) -> 8.0210399 | F4: =('[1]Qc, Winter, S2'!F4*Main!$B$5) -> 9.1163993 | G4: =('[1]Qc, Winter, S2'!G4*Main!$B$5) -> 11.319266 | H4: =('[1]Qc, Winter, S2'!H4*Main!$B$5) -> 17.561934 | I4: =('[1]Qc, Winter, S2'!I4*Main!$B$5) -> 21.439761 | ... Y4: =('[1]Qc, Winter, S2'!Y4*Main!$B$5) -> 16.142224

Sheet Qc, Winter, S7
A1: LoadID | B1: 0 | C1: 1 | D1: 2 | E1: 3 | F1: 4 | G1: 5 | H1: 6 | I1: 7 | J1: 8 | K1: 9 | L1: 10 | M1: 11 | N1: 12 | O1: 13 | P1: 14 | Q1: 15 | R1: 16 | S1: 17 | T1: 18 | U1: 19 | V1: 20 | W1: 21 | X1: 22 | Y1: 23
A2: 1 | B2: =('[1]Qc, Winter, S3'!B2*Main!$B$5) -> -15.363022 | C2: =('[1]Qc, Winter, S3'!C2*Main!$B$5) -> -16.697495 | D2: =('[1]Qc, Winter, S3'!D2*Main!$B$5) -> -17.985508 | E2: =('[1]Qc, Winter, S3'!E2*Main!$B$5) -> -17.854578 | F2: =('[1]Qc, Winter, S3'!F2*Main!$B$5) -> -18.480296 | G2: =('[1]Qc, Winter, S3'!G2*Main!$B$5) -> -16.450942 | H2: =('[1]Qc, Winter, S3'!H2*Main!$B$5) -> -12.25078 | I2: =('[1]Qc, Winter, S3'!I2*Main!$B$5) -> -5.0426646 | ... Y2: =('[1]Qc, Winter, S3'!Y2*Main!$B$5) -> -13.322299
A3: 2 | B3: =('[1]Qc, Winter, S3'!B3*Main!$B$5) -> 17.405416 | C3: =('[1]Qc, Winter, S3'!C3*Main!$B$5) -> 21.560346 | D3: =('[1]Qc, Winter, S3'!D3*Main!$B$5) -> 21.560346 | E3: =('[1]Qc, Winter, S3'!E3*Main!$B$5) -> 21.560346 | F3: =('[1]Qc, Winter, S3'!F3*Main!$B$5) -> 21.560346 | G3: =('[1]Qc, Winter, S3'!G3*Main!$B$5) -> 17.46934 | H3: =('[1]Qc, Winter, S3'!H3*Main!$B$5) -> 7.9236599 | I3: =('[1]Qc, Winter, S3'!I3*Main!$B$5) -> 1.0200891 | ... Y3: =('[1]Qc, Winter, S3'!Y3*Main!$B$5) -> 16.020439
A4: 3 | B4: =('[1]Qc, Winter, S3'!B4*Main!$B$5) -> 11.810419 | C4: =('[1]Qc, Winter, S3'!C4*Main!$B$5) -> 9.1102328 | D4: =('[1]Qc, Winter, S3'!D4*Main!$B$5) -> 7.7988255 | E4: =('[1]Qc, Winter, S3'!E4*Main!$B$5) -> 7.631669 | F4: =('[1]Qc, Winter, S3'!F4*Main!$B$5) -> 8.6738556 | G4: =('[1]Qc, Winter, S3'!G4*Main!$B$5) -> 10.769787 | H4: =('[1]Qc, Winter, S3'!H4*Main!$B$5) -> 16.709413 | I4: =('[1]Qc, Winter, S3'!I4*Main!$B$5) -> 20.398996 | ... Y4: =('[1]Qc, Winter, S3'!Y4*Main!$B$5) -> 15.358621

Sheet Qc, Winter, S8
A1: LoadID | B1: 0 | C1: 1 | D1: 2 | E1: 3 | F1: 4 | G1: 5 | H1: 6 | I1: 7 | J1: 8 | K1: 9 | L1: 10 | M1: 11 | N1: 12 | O1: 13 | P1: 14 | Q1: 15 | R1: 16 | S1: 17 | T1: 18 | U1: 19 | V1: 20 | W1: 21 | X1: 22 | Y1: 23
A2: 1 | B2: =('[1]Qc, Winter, S3'!B2*Main!$B$5) -> -15.363022 | C2: =('[1]Qc, Winter, S3'!C2*Main!$B$5) -> -16.697495 | D2: =('[1]Qc, Winter, S3'!D2*Main!$B$5) -> -17.985508 | E2: =('[1]Qc, Winter, S3'!E2*Main!$B$5) -> -17.854578 | F2: =('[1]Qc, Winter, S3'!F2*Main!$B$5) -> -18.480296 | G2: =('[1]Qc, Winter, S3'!G2*Main!$B$5) -> -16.450942 | H2: =('[1]Qc, Winter, S3'!H2*Main!$B$5) -> -12.25078 | I2: =('[1]Qc, Winter, S3'!I2*Main!$B$5) -> -5.0426646 | ... Y2: =('[1]Qc, Winter, S3'!Y2*Main!$B$5) -> -13.322299
A3: 2 | B3: =('[1]Qc, Winter, S3'!B3*Main!$B$5) -> 17.405416 | C3: =('[1]Qc, Winter, S3'!C3*Main!$B$5) -> 21.560346 | D3: =('[1]Qc, Winter, S3'!D3*Main!$B$5) -> 21.560346 | E3: =('[1]Qc, Winter, S3'!E3*Main!$B$5) -> 21.560346 | F3: =('[1]Qc, Winter, S3'!F3*Main!$B$5) -> 21.560346 | G3: =('[1]Qc, Winter, S3'!G3*Main!$B$5) -> 17.46934 | H3: =('[1]Qc, Winter, S3'!H3*Main!$B$5) -> 7.9236599 | I3: =('[1]Qc, Winter, S3'!I3*Main!$B$5) -> 1.0200891 | ... Y3: =('[1]Qc, Winter, S3'!Y3*Main!$B$5) -> 16.020439
A4: 3 | B4: =('[1]Qc, Winter, S3'!B4*Main!$B$5) -> 11.810419 | C4: =('[1]Qc, Winter, S3'!C4*Main!$B$5) -> 9.1102328 | D4: =('[1]Qc, Winter, S3'!D4*Main!$B$5) -> 7.7988255 | E4: =('[1]Qc, Winter, S3'!E4*Main!$B$5) -> 7.631669 | F4: =('[1]Qc, Winter, S3'!F4*Main!$B$5) -> 8.6738556 | G4: =('[1]Qc, Winter, S3'!G4*Main!$B$5) -> 10.769787 | H4: =('[1]Qc, Winter, S3'!H4*Main!$B$5) -> 16.709413 | I4: =('[1]Qc, Winter, S3'!I4*Main!$B$5) -> 20.398996 | ... Y4: =('[1]Qc, Winter, S3'!Y4*Main!$B$5) -> 15.358621

Sheet Qc, Winter, S9
A1: LoadID | B1: 0 | C1: 1 | D1: 2 | E1: 3 | F1: 4 | G1: 5 | H1: 6 | I1: 7 | J1: 8 | K1: 9 | L1: 10 | M1: 11 | N1: 12 | O1: 13 | P1: 14 | Q1: 15 | R1: 16 | S1: 17 | T1: 18 | U1: 19 | V1: 20 | W1: 21 | X1: 22 | Y1: 23
A2: 1 | B2: =('[1]Qc, Winter, S3'!B2*Main!$B$5) -> -15.363022 | C2: =('[1]Qc, Winter, S3'!C2*Main!$B$5) -> -16.697495 | D2: =('[1]Qc, Winter, S3'!D2*Main!$B$5) -> -17.985508 | E2: =('[1]Qc, Winter, S3'!E2*Main!$B$5) -> -17.854578 | F2: =('[1]Qc, Winter, S3'!F2*Main!$B$5) -> -18.480296 | G2: =('[1]Qc, Winter, S3'!G2*Main!$B$5) -> -16.450942 | H2: =('[1]Qc, Winter, S3'!H2*Main!$B$5) -> -12.25078 | I2: =('[1]Qc, Winter, S3'!I2*Main!$B$5) -> -5.0426646 | ... Y2: =('[1]Qc, Winter, S3'!Y2*Main!$B$5) -> -13.322299
A3: 2 | B3: =('[1]Qc, Winter, S3'!B3*Main!$B$5) -> 17.405416 | C3: =('[1]Qc, Winter, S3'!C3*Main!$B$5) -> 21.560346 | D3: =('[1]Qc, Winter, S3'!D3*Main!$B$5) -> 21.560346 | E3: =('[1]Qc, Winter, S3'!E3*Main!$B$5) -> 21.560346 | F3: =('[1]Qc, Winter, S3'!F3*Main!$B$5) -> 21.560346 | G3: =('[1]Qc, Winter, S3'!G3*Main!$B$5) -> 17.46934 | H3: =('[1]Qc, Winter, S3'!H3*Main!$B$5) -> 7.9236599 | I3: =('[1]Qc, Winter, S3'!I3*Main!$B$5) -> 1.0200891 | ... Y3: =('[1]Qc, Winter, S3'!Y3*Main!$B$5) -> 16.020439
A4: 3 | B4: =('[1]Qc, Winter, S3'!B4*Main!$B$5) -> 11.810419 | C4: =('[1]Qc, Winter, S3'!C4*Main!$B$5) -> 9.1102328 | D4: =('[1]Qc, Winter, S3'!D4*Main!$B$5) -> 7.7988255 | E4: =('[1]Qc, Winter, S3'!E4*Main!$B$5) -> 7.631669 | F4: =('[1]Qc, Winter, S3'!F4*Main!$B$5) -> 8.6738556 | G4: =('[1]Qc, Winter, S3'!G4*Main!$B$5) -> 10.769787 | H4: =('[1]Qc, Winter, S3'!H4*Main!$B$5) -> 16.709413 | I4: =('[1]Qc, Winter, S3'!I4*Main!$B$5) -> 20.398996 | ... Y4: =('[1]Qc, Winter, S3'!Y4*Main!$B$5) -> 15.358621

Sheet UpFlex, Winter
A1: LoadID | B1: 0 | C1: 1 | D1: 2 | E1: 3 | F1: 4 | G1: 5 | H1: 6 | I1: 7 | J1: 8 | K1: 9 | L1: 10 | M1: 11 | N1: 12 | O1: 13 | P1: 14 | Q1: 15 | R1: 16 | S1: 17 | T1: 18 | U1: 19 | V1: 20 | W1: 21 | X1: 22 | Y1: 23
A2: 1 | B2: =('FL Characterization'!B$4-'FL Characterization'!B$2)*VLOOKUP($A2,'FL Ratio'!$A$2:$B$21,2,FALSE) -> 3.3981461 | C2: =('FL Characterization'!C$4-'FL Characterization'!C$2)*VLOOKUP($A2,'FL Ratio'!$A$2:$B$21,2,FALSE) -> 3.7409276 | D2: =('FL Characterization'!D$4-'FL Characterization'!D$2)*VLOOKUP($A2,'FL Ratio'!$A$2:$B$21,2,FALSE) -> 4.8691726 | E2: =('FL Characterization'!E$4-'FL Characterization'!E$2)*VLOOKUP($A2,'FL Ratio'!$A$2:$B$21,2,FALSE) -> 5.5823106 | F2: =('FL Characterization'!F$4-'FL Characterization'!F$2)*VLOOKUP($A2,'FL Ratio'!$A$2:$B$21,2,FALSE) -> 6.5635283 | G2: =('FL Characterization'!G$4-'FL Characterization'!G$2)*VLOOKUP($A2,'FL Ratio'!$A$2:$B$21,2,FALSE) -> 7.672292 | H2: =('FL Characterization'!H$4-'FL Characterization'!H$2)*VLOOKUP($A2,'FL Ratio'!$A$2:$B$21,2,FALSE) -> 6.8391604 | I2: =('FL Characterization'!I$4-'FL Characterization'!I$2)*VLOOKUP($A2,'FL Ratio'!$A$2:$B$21,2,FALSE) -> 9.7773313 | ... Y2: =('FL Characterization'!Y$4-'FL Characterization'!Y$2)*VLOOKUP($A2,'FL Ratio'!$A$2:$B$21,2,FALSE) -> 2.9054903
A3: 2 | B3: =('FL Characterization'!B$4-'FL Characterization'!B$2)*VLOOKUP($A3,'FL Ratio'!$A$2:$B$21,2,FALSE) -> 3.3981461 | C3: =('FL Characterization'!C$4-'FL Characterization'!C$2)*VLOOKUP($A3,'FL Ratio'!$A$2:$B$21,2,FALSE) -> 3.7409276 | D3: =('FL Characterization'!D$4-'FL Characterization'!D$2)*VLOOKUP($A3,'FL Ratio'!$A$2:$B$21,2,FALSE) -> 4.8691726 | E3: =('FL Characterization'!E$4-'FL Characterization'!E$2)*VLOOKUP($A3,'FL Ratio'!$A$2:$B$21,2,FALSE) -> 5.5823106 | F3: =('FL Characterization'!F$4-'FL Characterization'!F$2)*VLOOKUP($A3,'FL Ratio'!$A$2:$B$21,2,FALSE) -> 6.5635283 | G3: =('FL Characterization'!G$4-'FL Characterization'!G$2)*VLOOKUP($A3,'FL Ratio'!$A$2:$B$21,2,FALSE) -> 7.672292 | H3: =('FL Characterization'!H$4-'FL Characterization'!H$2)*VLOOKUP($A3,'FL Ratio'!$A$2:$B$21,2,FALSE) -> 6.8391604 | I3: =('FL Characterization'!I$4-'FL Characterization'!I$2)*VLOOKUP($A3,'FL Ratio'!$A$2:$B$21,2,FALSE) -> 9.7773313 | ... Y3: =('FL Characterization'!Y$4-'FL Characterization'!Y$2)*VLOOKUP($A3,'FL Ratio'!$A$2:$B$21,2,FALSE) -> 2.9054903
A4: 3 | B4: =('FL Characterization'!B$4-'FL Characterization'!B$2)*VLOOKUP($A4,'FL Ratio'!$A$2:$B$21,2,FALSE) -> 3.3981461 | C4: =('FL Characterization'!C$4-'FL Characterization'!C$2)*VLOOKUP($A4,'FL Ratio'!$A$2:$B$21,2,FALSE) -> 3.7409276 | D4: =('FL Characterization'!D$4-'FL Characterization'!D$2)*VLOOKUP($A4,'FL Ratio'!$A$2:$B$21,2,FALSE) -> 4.8691726 | E4: =('FL Characterization'!E$4-'FL Characterization'!E$2)*VLOOKUP($A4,'FL Ratio'!$A$2:$B$21,2,FALSE) -> 5.5823106 | F4: =('FL Characterization'!F$4-'FL Characterization'!F$2)*VLOOKUP($A4,'FL Ratio'!$A$2:$B$21,2,FALSE) -> 6.5635283 | G4: =('FL Characterization'!G$4-'FL Characterization'!G$2)*VLOOKUP($A4,'FL Ratio'!$A$2:$B$21,2,FALSE) -> 7.672292 | H4: =('FL Characterization'!H$4-'FL Characterization'!H$2)*VLOOKUP($A4,'FL Ratio'!$A$2:$B$21,2,FALSE) -> 6.8391604 | I4: =('FL Characterization'!I$4-'FL Characterization'!I$2)*VLOOKUP($A4,'FL Ratio'!$A$2:$B$21,2,FALSE) -> 9.7773313 | ... Y4: =('FL Characterization'!Y$4-'FL Characterization'!Y$2)*VLOOKUP($A4,'FL Ratio'!$A$2:$B$21,2,FALSE) -> 2.9054903

Sheet DownFlex, Winter
A1: LoadID | B1: 0 | C1: 1 | D1: 2 | E1: 3 | F1: 4 | G1: 5 | H1: 6 | I1: 7 | J1: 8 | K1: 9 | L1: 10 | M1: 11 | N1: 12 | O1: 13 | P1: 14 | Q1: 15 | R1: 16 | S1: 17 | T1: 18 | U1: 19 | V1: 20 | W1: 21 | X1: 22 | Y1: 23
A2: 1 | B2: =('FL Characterization'!B$2-'FL Characterization'!B$3)*VLOOKUP($A2,'FL Ratio'!$A$2:$B$21,2,FALSE) -> 9.4209035 | C2: =('FL Characterization'!C$2-'FL Characterization'!C$3)*VLOOKUP($A2,'FL Ratio'!$A$2:$B$21,2,FALSE) -> 9.9700504 | D2: =('FL Characterization'!D$2-'FL Characterization'!D$3)*VLOOKUP($A2,'FL Ratio'!$A$2:$B$21,2,FALSE) -> 10.528138 | E2: =('FL Characterization'!E$2-'FL Characterization'!E$3)*VLOOKUP($A2,'FL Ratio'!$A$2:$B$21,2,FALSE) -> 11.0067 | F2: =('FL Characterization'!F$2-'FL Characterization'!F$3)*VLOOKUP($A2,'FL Ratio'!$A$2:$B$21,2,FALSE) -> 11.131635 | G2: =('FL Characterization'!G$2-'FL Characterization'!G$3)*VLOOKUP($A2,'FL Ratio'!$A$2:$B$21,2,FALSE) -> 11.644313 | H2: =('FL Characterization'!H$2-'FL Characterization'!H$3)*VLOOKUP($A2,'FL Ratio'!$A$2:$B$21,2,FALSE) -> 11.584787 | I2: =('FL Characterization'!I$2-'FL Characterization'!I$3)*VLOOKUP($A2,'FL Ratio'!$A$2:$B$21,2,FALSE) -> 10.950327 | ... Y2: =('FL Characterization'!Y$2-'FL Characterization'!Y$3)*VLOOKUP($A2,'FL Ratio'!$A$2:$B$21,2,FALSE) -> 8.4129579
A3: 2 | B3: =('FL Characterization'!B$2-'FL Characterization'!B$3)*VLOOKUP($A3,'FL Ratio'!$A$2:$B$21,2,FALSE) -> 9.4209035 | C3: =('FL Characterization'!C$2-'FL Characterization'!C$3)*VLOOKUP($A3,'FL Ratio'!$A$2:$B$21,2,FALSE) -> 9.9700504 | D3: =('FL Characterization'!D$2-'FL Characterization'!D$3)*VLOOKUP($A3,'FL Ratio'!$A$2:$B$21,2,FALSE) -> 10.528138 | E3: =('FL Characterization'!E$2-'FL Characterization'!E$3)*VLOOKUP($A3,'FL Ratio'!$A$2:$B$21,2,FALSE) -> 11.0067 | F3: =('FL Characterization'!F$2-'FL Characterization'!F$3)*VLOOKUP($A3,'FL Ratio'!$A$2:$B$21,2,FALSE) -> 11.131635 | G3: =('FL Characterization'!G$2-'FL Characterization'!G$3)*VLOOKUP($A3,'FL Ratio'!$A$2:$B$21,2,FALSE) -> 11.644313 | H3: =('FL Characterization'!H$2-'FL Characterization'!H$3)*VLOOKUP($A3,'FL Ratio'!$A$2:$B$21,2,FALSE) -> 11.584787 | I3: =('FL Characterization'!I$2-'FL Characterization'!I$3)*VLOOKUP($A3,'FL Ratio'!$A$2:$B$21,2,FALSE) -> 10.950327 | ... Y3: =('FL Characterization'!Y$2-'FL Characterization'!Y$3)*VLOOKUP($A3,'FL Ratio'!$A$2:$B$21,2,FALSE) -> 8.4129579
A4: 3 | B4: =('FL Characterization'!B$2-'FL Characterization'!B$3)*VLOOKUP($A4,'FL Ratio'!$A$2:$B$21,2,FALSE) -> 9.4209035 | C4: =('FL Characterization'!C$2-'FL Characterization'!C$3)*VLOOKUP($A4,'FL Ratio'!$A$2:$B$21,2,FALSE) -> 9.9700504 | D4: =('FL Characterization'!D$2-'FL Characterization'!D$3)*VLOOKUP($A4,'FL Ratio'!$A$2:$B$21,2,FALSE) -> 10.528138 | E4: =('FL Characterization'!E$2-'FL Characterization'!E$3)*VLOOKUP($A4,'FL Ratio'!$A$2:$B$21,2,FALSE) -> 11.0067 | F4: =('FL Characterization'!F$2-'FL Characterization'!F$3)*VLOOKUP($A4,'FL Ratio'!$A$2:$B$21,2,FALSE) -> 11.131635 | G4: =('FL Characterization'!G$2-'FL Characterization'!G$3)*VLOOKUP($A4,'FL Ratio'!$A$2:$B$21,2,FALSE) -> 11.644313 | H4: =('FL Characterization'!H$2-'FL Characterization'!H$3)*VLOOKUP($A4,'FL Ratio'!$A$2:$B$21,2,FALSE) -> 11.584787 | I4: =('FL Characterization'!I$2-'FL Characterization'!I$3)*VLOOKUP($A4,'FL Ratio'!$A$2:$B$21,2,FALSE) -> 10.950327 | ... Y4: =('FL Characterization'!Y$2-'FL Characterization'!Y$3)*VLOOKUP($A4,'FL Ratio'!$A$2:$B$21,2,FALSE) -> 8.4129579

Sheet Pg, Winter, S1
A1: GenID | B1: 0 | C1: 1 | D1: 2 | E1: 3 | F1: 4 | G1: 5 | H1: 6 | I1: 7 | J1: 8 | K1: 9 | L1: 10 | M1: 11 | N1: 12 | O1: 13 | P1: 14 | Q1: 15 | R1: 16 | S1: 17 | T1: 18 | U1: 19 | V1: 20 | W1: 21 | X1: 22 | Y1: 23
A2: 1 | B2: 0 | C2: 0 | D2: 0 | E2: 0 | F2: 0 | G2: 0 | H2: 0 | I2: 0 | J2: 0 | K2: 0 | L2: 0 | M2: 0 | N2: 0 | O2: 0 | P2: 0 | Q2: 0 | R2: 0 | S2: 0 | T2: 0 | U2: 0 | V2: 0 | W2: 0 | X2: 0 | Y2: 0
A3: 2 | B3: 0 | C3: 0 | D3: 0 | E3: 0 | F3: 0 | G3: 0 | H3: 0 | I3: 0 | J3: 0 | K3: 0 | L3: 0 | M3: 0 | N3: 0 | O3: 0 | P3: 0 | Q3: 0 | R3: 0 | S3: 0 | T3: 0 | U3: 0 | V3: 0 | W3: 0 | X3: 0 | Y3: 0
A4: 3 | B4: 0 | C4: 0 | D4: 0 | E4: 0 | F4: 0 | G4: 0 | H4: 0 | I4: 0 | J4: 0 | K4: 0 | L4: 0 | M4: 0 | N4: 0 | O4: 0 | P4: 0 | Q4: 0 | R4: 0 | S4: 0 | T4: 0 | U4: 0 | V4: 0 | W4: 0 | X4: 0 | Y4: 0
A5: 4 | B5: =VLOOKUP($A5,'RES installed'!$A$2:$C$7,3,FALSE)*'[1]Profiles, RES, Winter'!B$5 -> 24.396829 | C5: =VLOOKUP($A5,'RES installed'!$A$2:$C$7,3,FALSE)*'[1]Profiles, RES, Winter'!C$5 -> 26.248495 | D5: =VLOOKUP($A5,'RES installed'!$A$2:$C$7,3,FALSE)*'[1]Profiles, RES, Winter'!D$5 -> 26.113007 | E5: =VLOOKUP($A5,'RES installed'!$A$2:$C$7,3,FALSE)*'[1]Profiles, RES, Winter'!E$5 -> 26.167202 | F5: =VLOOKUP($A5,'RES installed'!$A$2:$C$7,3,FALSE)*'[1]Profiles, RES, Winter'!F$5 -> 27.088519 | G5: =VLOOKUP($A5,'RES installed'!$A$2:$C$7,3,FALSE)*'[1]Profiles, RES, Winter'!G$5 -> 28.596949 | H5: =VLOOKUP($A5,'RES installed'!$A$2:$C$7,3,FALSE)*'[1]Profiles, RES, Winter'!H$5 -> 30.46668 | I5: =VLOOKUP($A5,'RES installed'!$A$2:$C$7,3,FALSE)*'[1]Profiles, RES, Winter'!I$5 -> 30.520875 | ... Y5: =VLOOKUP($A5,'RES installed'!$A$2:$C$7,3,FALSE)*'[1]Profiles, RES, Winter'!Y$5 -> 24.00843
A6: 5 | B6: =VLOOKUP($A6,'RES installed'!$A$2:$C$7,3,FALSE)*'[1]Profiles, RES, Winter'!B$5 -> 32.529105 | C6: =VLOOKUP($A6,'RES installed'!$A$2:$C$7,3,FALSE)*'[1]Profiles, RES, Winter'!C$5 -> 34.997993 | D6: =VLOOKUP($A6,'RES installed'!$A$2:$C$7,3,FALSE)*'[1]Profiles, RES, Winter'!D$5 -> 34.817342 | E6: =VLOOKUP($A6,'RES installed'!$A$2:$C$7,3,FALSE)*'[1]Profiles, RES, Winter'!E$5 -> 34.889603 | F6: =VLOOKUP($A6,'RES installed'!$A$2:$C$7,3,FALSE)*'[1]Profiles, RES, Winter'!F$5 -> 36.118025 | G6: =VLOOKUP($A6,'RES installed'!$A$2:$C$7,3,FALSE)*'[1]Profiles, RES, Winter'!G$5 -> 38.129265 | H6: =VLOOKUP($A6,'RES installed'!$A$2:$C$7,3,FALSE)*'[1]Profiles, RES, Winter'!H$5 -> 40.62224 | I6: =VLOOKUP($A6,'RES installed'!$A$2:$C$7,3,FALSE)*'[1]Profiles, RES, Winter'!I$5 -> 40.6945 | ... Y6: =VLOOKUP($A6,'RES installed'!$A$2:$C$7,3,FALSE)*'[1]Profiles, RES, Winter'!Y$5 -> 32.01124
A7: 6 | B7: =VLOOKUP($A7,'RES installed'!$A$2:$C$7,3,FALSE)*'[1]Profiles, RES, Winter'!B$5 -> 24.396829 | C7: =VLOOKUP($A7,'RES installed'!$A$2:$C$7,3,FALSE)*'[1]Profiles, RES, Winter'!C$5 -> 26.248495 | D7: =VLOOKUP($A7,'RES installed'!$A$2:$C$7,3,FALSE)*'[1]Profiles, RES, Winter'!D$5 -> 26.113007 | E7: =VLOOKUP($A7,'RES installed'!$A$2:$C$7,3,FALSE)*'[1]Profiles, RES, Winter'!E$5 -> 26.167202 | F7: =VLOOKUP($A7,'RES installed'!$A$2:$C$7,3,FALSE)*'[1]Profiles, RES, Winter'!F$5 -> 27.088519 | G7: =VLOOKUP($A7,'RES installed'!$A$2:$C$7,3,FALSE)*'[1]Profiles, RES, Winter'!G$5 -> 28.596949 | H7: =VLOOKUP($A7,'RES installed'!$A$2:$C$7,3,FALSE)*'[1]Profiles, RES, Winter'!H$5 -> 30.46668 | I7: =VLOOKUP($A7,'RES installed'!$A$2:$C$7,3,FALSE)*'[1]Profiles, RES, Winter'!I$5 -> 30.520875 | ... Y7: =VLOOKUP($A7,'RES installed'!$A$2:$C$7,3,FALSE)*'[1]Profiles, RES, Winter'!Y$5 -> 24.00843
A8: 7 | B8: =VLOOKUP($A8,'RES installed'!$A$2:$C$7,3,FALSE)*'[1]Profiles, RES, Winter'!B$2 -> 0 | C8: =VLOOKUP($A8,'RES installed'!$A$2:$C$7,3,FALSE)*'[1]Profiles, RES, Winter'!C$2 -> 0 | D8: =VLOOKUP($A8,'RES installed'!$A$2:$C$7,3,FALSE)*'[1]Profiles, RES, Winter'!D$2 -> 0 | E8: =VLOOKUP($A8,'RES installed'!$A$2:$C$7,3,FALSE)*'[1]Profiles, RES, Winter'!E$2 -> 0 | F8: =VLOOKUP($A8,'RES installed'!$A$2:$C$7,3,FALSE)*'[1]Profiles, RES, Winter'!F$2 -> 0 | G8: =VLOOKUP($A8,'RES installed'!$A$2:$C$7,3,FALSE)*'[1]Profiles, RES, Winter'!G$2 -> 0 | H8: =VLOOKUP($A8,'RES installed'!$A$2:$C$7,3,FALSE)*'[1]Profiles, RES, Winter'!H$2 -> 0 | I8: =VLOOKUP($A8,'RES installed'!$A$2:$C$7,3,FALSE)*'[1]Profiles, RES, Winter'!I$2 -> 0.028430629 | ... Y8: =VLOOKUP($A8,'RES installed'!$A$2:$C$7,3,FALSE)*'[1]Profiles, RES, Winter'!Y$2 -> 0
A9: 8 | B9: =VLOOKUP($A9,'RES installed'!$A$2:$C$7,3,FALSE)*'[1]Profiles, RES, Winter'!B$2 -> 0 | C9: =VLOOKUP($A9,'RES installed'!$A$2:$C$7,3,FALSE)*'[1]Profiles, RES, Winter'!C$2 -> 0 | D9: =VLOOKUP($A9,'RES installed'!$A$2:$C$7,3,FALSE)*'[1]Profiles, RES, Winter'!D$2 -> 0 | E9: =VLOOKUP($A9,'RES installed'!$A$2:$C$7,3,FALSE)*'[1]Profiles, RES, Winter'!E$2 -> 0 | F9: =VLOOKUP($A9,'RES installed'!$A$2:$C$7,3,FALSE)*'[1]Profiles, RES, Winter'!F$2 -> 0 | G9: =VLOOKUP($A9,'RES installed'!$A$2:$C$7,3,FALSE)*'[1]Profiles, RES, Winter'!G$2 -> 0 | H9: =VLOOKUP($A9,'RES installed'!$A$2:$C$7,3,FALSE)*'[1]Profiles, RES, Winter'!H$2 -> 0 | I9: =VLOOKUP($A9,'RES installed'!$A$2:$C$7,3,FALSE)*'[1]Profiles, RES, Winter'!I$2 -> 0.018953753 | ... Y9: =VLOOKUP($A9,'RES installed'!$A$2:$C$7,3,FALSE)*'[1]Profiles, RES, Winter'!Y$2 -> 0
A10: 9 | B10: =VLOOKUP($A10,'RES installed'!$A$2:$C$7,3,FALSE)*'[1]Profiles, RES, Winter'!B$2 -> 0 | C10: =VLOOKUP($A10,'RES installed'!$A$2:$C$7,3,FALSE)*'[1]Profiles, RES, Winter'!C$2 -> 0 | D10: =VLOOKUP($A10,'RES installed'!$A$2:$C$7,3,FALSE)*'[1]Profiles, RES, Winter'!D$2 -> 0 | E10: =VLOOKUP($A10,'RES installed'!$A$2:$C$7,3,FALSE)*'[1]Profiles, RES, Winter'!E$2 -> 0 | F10: =VLOOKUP($A10,'RES installed'!$A$2:$C$7,3,FALSE)*'[1]Profiles, RES, Winter'!F$2 -> 0 | G10: =VLOOKUP($A10,'RES installed'!$A$2:$C$7,3,FALSE)*'[1]Profiles, RES, Winter'!G$2 -> 0 | H10: =VLOOKUP($A10,'RES installed'!$A$2:$C$7,3,FALSE)*'[1]Profiles, RES, Winter'!H$2 -> 0 | I10: =VLOOKUP($A10,'RES installed'!$A$2:$C$7,3,FALSE)*'[1]Profiles, RES, Winter'!I$2 -> 0.022744503 | ... Y10: =VLOOKUP($A10,'RES installed'!$A$2:$C$7,3,FALSE)*'[1]Profiles, RES, Winter'!Y$2 -> 0

Sheet Pg, Winter, S2
A1: GenID | B1: 0 | C1: 1 | D1: 2 | E1: 3 | F1: 4 | G1: 5 | H1: 6 | I1: 7 | J1: 8 | K1: 9 | L1: 10 | M1: 11 | N1: 12 | O1: 13 | P1: 14 | Q1: 15 | R1: 16 | S1: 17 | T1: 18 | U1: 19 | V1: 20 | W1: 21 | X1: 22 | Y1: 23
A2: 1 | B2: 0 | C2: 0 | D2: 0 | E2: 0 | F2: 0 | G2: 0 | H2: 0 | I2: 0 | J2: 0 | K2: 0 | L2: 0 | M2: 0 | N2: 0 | O2: 0 | P2: 0 | Q2: 0 | R2: 0 | S2: 0 | T2: 0 | U2: 0 | V2: 0 | W2: 0 | X2: 0 | Y2: 0
A3: 2 | B3: 0 | C3: 0 | D3: 0 | E3: 0 | F3: 0 | G3: 0 | H3: 0 | I3: 0 | J3: 0 | K3: 0 | L3: 0 | M3: 0 | N3: 0 | O3: 0 | P3: 0 | Q3: 0 | R3: 0 | S3: 0 | T3: 0 | U3: 0 | V3: 0 | W3: 0 | X3: 0 | Y3: 0
A4: 3 | B4: 0 | C4: 0 | D4: 0 | E4: 0 | F4: 0 | G4: 0 | H4: 0 | I4: 0 | J4: 0 | K4: 0 | L4: 0 | M4: 0 | N4: 0 | O4: 0 | P4: 0 | Q4: 0 | R4: 0 | S4: 0 | T4: 0 | U4: 0 | V4: 0 | W4: 0 | X4: 0 | Y4: 0
A5: 4 | B5: =VLOOKUP($A5,'RES installed'!$A$2:$C$7,3,FALSE)*'[1]Profiles, RES, Winter'!B$6 -> 23.611 | C5: =VLOOKUP($A5,'RES installed'!$A$2:$C$7,3,FALSE)*'[1]Profiles, RES, Winter'!C$6 -> 23.9723 | D5: =VLOOKUP($A5,'RES installed'!$A$2:$C$7,3,FALSE)*'[1]Profiles, RES, Winter'!D$6 -> 24.053593 | E5: =VLOOKUP($A5,'RES installed'!$A$2:$C$7,3,FALSE)*'[1]Profiles, RES, Winter'!E$6 -> 21.994179 | F5: =VLOOKUP($A5,'RES installed'!$A$2:$C$7,3,FALSE)*'[1]Profiles, RES, Winter'!F$6 -> 22.698715 | G5: =VLOOKUP($A5,'RES installed'!$A$2:$C$7,3,FALSE)*'[1]Profiles, RES, Winter'!G$6 -> 23.963268 | H5: =VLOOKUP($A5,'RES installed'!$A$2:$C$7,3,FALSE)*'[1]Profiles, RES, Winter'!H$6 -> 24.532316 | I5: =VLOOKUP($A5,'RES installed'!$A$2:$C$7,3,FALSE)*'[1]Profiles, RES, Winter'!I$6 -> 23.367122 | ... Y5: =VLOOKUP($A5,'RES installed'!$A$2:$C$7,3,FALSE)*'[1]Profiles, RES, Winter'!Y$6 -> 22.382577
A6: 5 | B6: =VLOOKUP($A6,'RES installed'!$A$2:$C$7,3,FALSE)*'[1]Profiles, RES, Winter'!B$6 -> 31.481333 | C6: =VLOOKUP($A6,'RES installed'!$A$2:$C$7,3,FALSE)*'[1]Profiles, RES, Winter'!C$6 -> 31.963067 | D6: =VLOOKUP($A6,'RES installed'!$A$2:$C$7,3,FALSE)*'[1]Profiles, RES, Winter'!D$6 -> 32.071457 | E6: =VLOOKUP($A6,'RES installed'!$A$2:$C$7,3,FALSE)*'[1]Profiles, RES, Winter'!E$6 -> 29.325572 | F6: =VLOOKUP($A6,'RES installed'!$A$2:$C$7,3,FALSE)*'[1]Profiles, RES, Winter'!F$6 -> 30.264954 | G6: =VLOOKUP($A6,'RES installed'!$A$2:$C$7,3,FALSE)*'[1]Profiles, RES, Winter'!G$6 -> 31.951024 | H6: =VLOOKUP($A6,'RES installed'!$A$2:$C$7,3,FALSE)*'[1]Profiles, RES, Winter'!H$6 -> 32.709755 | I6: =VLOOKUP($A6,'RES installed'!$A$2:$C$7,3,FALSE)*'[1]Profiles, RES, Winter'!I$6 -> 31.156162 | ... Y6: =VLOOKUP($A6,'RES installed'!$A$2:$C$7,3,FALSE)*'[1]Profiles, RES, Winter'!Y$6 -> 29.843436
A7: 6 | B7: =VLOOKUP($A7,'RES installed'!$A$2:$C$7,3,FALSE)*'[1]Profiles, RES, Winter'!B$6 -> 23.611 | C7: =VLOOKUP($A7,'RES installed'!$A$2:$C$7,3,FALSE)*'[1]Profiles, RES, Winter'!C$6 -> 23.9723 | D7: =VLOOKUP($A7,'RES installed'!$A$2:$C$7,3,FALSE)*'[1]Profiles, RES, Winter'!D$6 -> 24.053593 | E7: =VLOOKUP($A7,'RES installed'!$A$2:$C$7,3,FALSE)*'[1]Profiles, RES, Winter'!E$6 -> 21.994179 | F7: =VLOOKUP($A7,'RES installed'!$A$2:$C$7,3,FALSE)*'[1]Profiles, RES, Winter'!F$6 -> 22.698715 | G7: =VLOOKUP($A7,'RES installed'!$A$2:$C$7,3,FALSE)*'[1]Profiles, RES, Winter'!G$6 -> 23.963268 | H7: =VLOOKUP($A7,'RES installed'!$A$2:$C$7,3,FALSE)*'[1]Profiles, RES, Winter'!H$6 -> 24.532316 | I7: =VLOOKUP($A7,'RES installed'!$A$2:$C$7,3,FALSE)*'[1]Profiles, RES, Winter'!I$6 -> 23.367122 | ... Y7: =VLOOKUP($A7,'RES installed'!$A$2:$C$7,3,FALSE)*'[1]Profiles, RES, Winter'!Y$6 -> 22.382577
A8: 7 | B8: =VLOOKUP($A8,'RES installed'!$A$2:$C$7,3,FALSE)*'[1]Profiles, RES, Winter'!B$3 -> 0 | C8: =VLOOKUP($A8,'RES installed'!$A$2:$C$7,3,FALSE)*'[1]Profiles, RES, Winter'!C$3 -> 0 | D8: =VLOOKUP($A8,'RES installed'!$A$2:$C$7,3,FALSE)*'[1]Profiles, RES, Winter'!D$3 -> 0 | E8: =VLOOKUP($A8,'RES installed'!$A$2:$C$7,3,FALSE)*'[1]Profiles, RES, Winter'!E$3 -> 0 | F8: =VLOOKUP($A8,'RES installed'!$A$2:$C$7,3,FALSE)*'[1]Profiles, RES, Winter'!F$3 -> 0 | G8: =VLOOKUP($A8,'RES installed'!$A$2:$C$7,3,FALSE)*'[1]Profiles, RES, Winter'!G$3 -> 0 | H8: =VLOOKUP($A8,'RES installed'!$A$2:$C$7,3,FALSE)*'[1]Profiles, RES, Winter'!H$3 -> 0 | I8: =VLOOKUP($A8,'RES installed'!$A$2:$C$7,3,FALSE)*'[1]Profiles, RES, Winter'!I$3 -> 0.056861259 | ... Y8: =VLOOKUP($A8,'RES installed'!$A$2:$C$7,3,FALSE)*'[1]Profiles, RES, Winter'!Y$3 -> 0
A9: 8 | B9: =VLOOKUP($A9,'RES installed'!$A$2:$C$7,3,FALSE)*'[1]Profiles, RES, Winter'!B$3 -> 0 | C9: =VLOOKUP($A9,'RES installed'!$A$2:$C$7,3,FALSE)*'[1]Profiles, RES, Winter'!C$3 -> 0 | D9: =VLOOKUP($A9,'RES installed'!$A$2:$C$7,3,FALSE)*'[1]Profiles, RES, Winter'!D$3 -> 0 | E9: =VLOOKUP($A9,'RES installed'!$A$2:$C$7,3,FALSE)*'[1]Profiles, RES, Winter'!E$3 -> 0 | F9: =VLOOKUP($A9,'RES installed'!$A$2:$C$7,3,FALSE)*'[1]Profiles, RES, Winter'!F$3 -> 0 | G9: =VLOOKUP($A9,'RES installed'!$A$2:$C$7,3,FALSE)*'[1]Profiles, RES, Winter'!G$3 -> 0 | H9: =VLOOKUP($A9,'RES installed'!$A$2:$C$7,3,FALSE)*'[1]Profiles, RES, Winter'!H$3 -> 0 | I9: =VLOOKUP($A9,'RES installed'!$A$2:$C$7,3,FALSE)*'[1]Profiles, RES, Winter'!I$3 -> 0.037907506 | ... Y9: =VLOOKUP($A9,'RES installed'!$A$2:$C$7,3,FALSE)*'[1]Profiles, RES, Winter'!Y$3 -> 0
A10: 9 | B10: =VLOOKUP($A10,'RES installed'!$A$2:$C$7,3,FALSE)*'[1]Profiles, RES, Winter'!B$3 -> 0 | C10: =VLOOKUP($A10,'RES installed'!$A$2:$C$7,3,FALSE)*'[1]Profiles, RES, Winter'!C$3 -> 0 | D10: =VLOOKUP($A10,'RES installed'!$A$2:$C$7,3,FALSE)*'[1]Profiles, RES, Winter'!D$3 -> 0 | E10: =VLOOKUP($A10,'RES installed'!$A$2:$C$7,3,FALSE)*'[1]Profiles, RES, Winter'!E$3 -> 0 | F10: =VLOOKUP($A10,'RES installed'!$A$2:$C$7,3,FALSE)*'[1]Profiles, RES, Winter'!F$3 -> 0 | G10: =VLOOKUP($A10,'RES installed'!$A$2:$C$7,3,FALSE)*'[1]Profiles, RES, Winter'!G$3 -> 0 | H10: =VLOOKUP($A10,'RES installed'!$A$2:$C$7,3,FALSE)*'[1]Profiles, RES, Winter'!H$3 -> 0 | I10: =VLOOKUP($A10,'RES installed'!$A$2:$C$7,3,FALSE)*'[1]Profiles, RES, Winter'!I$3 -> 0.045489007 | ... Y10: =VLOOKUP($A10,'RES installed'!$A$2:$C$7,3,FALSE)*'[1]Profiles, RES, Winter'!Y$3 -> 0

Sheet Pg, Winter, S3
A1: GenID | B1: 0 | C1: 1 | D1: 2 | E1: 3 | F1: 4 | G1: 5 | H1: 6 | I1: 7 | J1: 8 | K1: 9 | L1: 10 | M1: 11 | N1: 12 | O1: 13 | P1: 14 | Q1: 15 | R1: 16 | S1: 17 | T1: 18 | U1: 19 | V1: 20 | W1: 21 | X1: 22 | Y1: 23
A2: 1 | B2: 0 | C2: 0 | D2: 0 | E2: 0 | F2: 0 | G2: 0 | H2: 0 | I2: 0 | J2: 0 | K2: 0 | L2: 0 | M2: 0 | N2: 0 | O2: 0 | P2: 0 | Q2: 0 | R2: 0 | S2: 0 | T2: 0 | U2: 0 | V2: 0 | W2: 0 | X2: 0 | Y2: 0
A3: 2 | B3: 0 | C3: 0 | D3: 0 | E3: 0 | F3: 0 | G3: 0 | H3: 0 | I3: 0 | J3: 0 | K3: 0 | L3: 0 | M3: 0 | N3: 0 | O3: 0 | P3: 0 | Q3: 0 | R3: 0 | S3: 0 | T3: 0 | U3: 0 | V3: 0 | W3: 0 | X3: 0 | Y3: 0
A4: 3 | B4: 0 | C4: 0 | D4: 0 | E4: 0 | F4: 0 | G4: 0 | H4: 0 | I4: 0 | J4: 0 | K4: 0 | L4: 0 | M4: 0 | N4: 0 | O4: 0 | P4: 0 | Q4: 0 | R4: 0 | S4: 0 | T4: 0 | U4: 0 | V4: 0 | W4: 0 | X4: 0 | Y4: 0
A5: 4 | B5: =VLOOKUP($A5,'RES installed'!$A$2:$C$7,3,FALSE)*'[1]Profiles, RES, Winter'!B$7 -> 22.60839 | C5: =VLOOKUP($A5,'RES installed'!$A$2:$C$7,3,FALSE)*'[1]Profiles, RES, Winter'!C$7 -> 22.509033 | D5: =VLOOKUP($A5,'RES installed'!$A$2:$C$7,3,FALSE)*'[1]Profiles, RES, Winter'!D$7 -> 21.939984 | E5: =VLOOKUP($A5,'RES installed'!$A$2:$C$7,3,FALSE)*'[1]Profiles, RES, Winter'!E$7 -> 22.481935 | F5: =VLOOKUP($A5,'RES installed'!$A$2:$C$7,3,FALSE)*'[1]Profiles, RES, Winter'!F$7 -> 21.849659 | G5: =VLOOKUP($A5,'RES installed'!$A$2:$C$7,3,FALSE)*'[1]Profiles, RES, Winter'!G$7 -> 21.732236 | H5: =VLOOKUP($A5,'RES installed'!$A$2:$C$7,3,FALSE)*'[1]Profiles, RES, Winter'!H$7 -> 22.518065 | I5: =VLOOKUP($A5,'RES installed'!$A$2:$C$7,3,FALSE)*'[1]Profiles, RES, Winter'!I$7 -> 21.163187 | ... Y5: =VLOOKUP($A5,'RES installed'!$A$2:$C$7,3,FALSE)*'[1]Profiles, RES, Winter'!Y$7 -> 18.182457
A6: 5 | B6: =VLOOKUP($A6,'RES installed'!$A$2:$C$7,3,FALSE)*'[1]Profiles, RES, Winter'!B$7 -> 30.14452 | C6: =VLOOKUP($A6,'RES installed'!$A$2:$C$7,3,FALSE)*'[1]Profiles, RES, Winter'!C$7 -> 30.012043 | D6: =VLOOKUP($A6,'RES installed'!$A$2:$C$7,3,FALSE)*'[1]Profiles, RES, Winter'!D$7 -> 29.253312 | E6: =VLOOKUP($A6,'RES installed'!$A$2:$C$7,3,FALSE)*'[1]Profiles, RES, Winter'!E$7 -> 29.975913 | F6: =VLOOKUP($A6,'RES installed'!$A$2:$C$7,3,FALSE)*'[1]Profiles, RES, Winter'!F$7 -> 29.132878 | G6: =VLOOKUP($A6,'RES installed'!$A$2:$C$7,3,FALSE)*'[1]Profiles, RES, Winter'!G$7 -> 28.976315 | H6: =VLOOKUP($A6,'RES installed'!$A$2:$C$7,3,FALSE)*'[1]Profiles, RES, Winter'!H$7 -> 30.024087 | I6: =VLOOKUP($A6,'RES installed'!$A$2:$C$7,3,FALSE)*'[1]Profiles, RES, Winter'!I$7 -> 28.217583 | ... Y6: =VLOOKUP($A6,'RES installed'!$A$2:$C$7,3,FALSE)*'[1]Profiles, RES, Winter'!Y$7 -> 24.243276
A7: 6 | B7: =VLOOKUP($A7,'RES installed'!$A$2:$C$7,3,FALSE)*'[1]Profiles, RES, Winter'!B$7 -> 22.60839 | C7: =VLOOKUP($A7,'RES installed'!$A$2:$C$7,3,FALSE)*'[1]Profiles, RES, Winter'!C$7 -> 22.509033 | D7: =VLOOKUP($A7,'RES installed'!$A$2:$C$7,3,FALSE)*'[1]Profiles, RES, Winter'!D$7 -> 21.939984 | E7: =VLOOKUP($A7,'RES installed'!$A$2:$C$7,3,FALSE)*'[1]Profiles, RES, Winter'!E$7 -> 22.481935 | F7: =VLOOKUP($A7,'RES installed'!$A$2:$C$7,3,FALSE)*'[1]Profiles, RES, Winter'!F$7 -> 21.849659 | G7: =VLOOKUP($A7,'RES installed'!$A$2:$C$7,3,FALSE)*'[1]Profiles, RES, Winter'!G$7 -> 21.732236 | H7: =VLOOKUP($A7,'RES installed'!$A$2:$C$7,3,FALSE)*'[1]Profiles, RES, Winter'!H$7 -> 22.518065 | I7: =VLOOKUP($A7,'RES installed'!$A$2:$C$7,3,FALSE)*'[1]Profiles, RES, Winter'!I$7 -> 21.163187 | ... Y7: =VLOOKUP($A7,'RES installed'!$A$2:$C$7,3,FALSE)*'[1]Profiles, RES, Winter'!Y$7 -> 18.182457
A8: 7 | B8: =VLOOKUP($A8,'RES installed'!$A$2:$C$7,3,FALSE)*'[1]Profiles, RES, Winter'!B$4 -> 0 | C8: =VLOOKUP($A8,'RES installed'!$A$2:$C$7,3,FALSE)*'[1]Profiles, RES, Winter'!C$4 -> 0 | D8: =VLOOKUP($A8,'RES installed'!$A$2:$C$7,3,FALSE)*'[1]Profiles, RES, Winter'!D$4 -> 0 | E8: =VLOOKUP($A8,'RES installed'!$A$2:$C$7,3,FALSE)*'[1]Profiles, RES, Winter'!E$4 -> 0 | F8: =VLOOKUP($A8,'RES installed'!$A$2:$C$7,3,FALSE)*'[1]Profiles, RES, Winter'!F$4 -> 0 | G8: =VLOOKUP($A8,'RES installed'!$A$2:$C$7,3,FALSE)*'[1]Profiles, RES, Winter'!G$4 -> 0 | H8: =VLOOKUP($A8,'RES installed'!$A$2:$C$7,3,FALSE)*'[1]Profiles, RES, Winter'!H$4 -> 0 | I8: =VLOOKUP($A8,'RES installed'!$A$2:$C$7,3,FALSE)*'[1]Profiles, RES, Winter'!I$4 -> 0.028430629 | ... Y8: =VLOOKUP($A8,'RES installed'!$A$2:$C$7,3,FALSE)*'[1]Profiles, RES, Winter'!Y$4 -> 0
A9: 8 | B9: =VLOOKUP($A9,'RES installed'!$A$2:$C$7,3,FALSE)*'[1]Profiles, RES, Winter'!B$4 -> 0 | C9: =VLOOKUP($A9,'RES installed'!$A$2:$C$7,3,FALSE)*'[1]Profiles, RES, Winter'!C$4 -> 0 | D9: =VLOOKUP($A9,'RES installed'!$A$2:$C$7,3,FALSE)*'[1]Profiles, RES, Winter'!D$4 -> 0 | E9: =VLOOKUP($A9,'RES installed'!$A$2:$C$7,3,FALSE)*'[1]Profiles, RES, Winter'!E$4 -> 0 | F9: =VLOOKUP($A9,'RES installed'!$A$2:$C$7,3,FALSE)*'[1]Profiles, RES, Winter'!F$4 -> 0 | G9: =VLOOKUP($A9,'RES installed'!$A$2:$C$7,3,FALSE)*'[1]Profiles, RES, Winter'!G$4 -> 0 | H9: =VLOOKUP($A9,'RES installed'!$A$2:$C$7,3,FALSE)*'[1]Profiles, RES, Winter'!H$4 -> 0 | I9: =VLOOKUP($A9,'RES installed'!$A$2:$C$7,3,FALSE)*'[1]Profiles, RES, Winter'!I$4 -> 0.018953753 | ... Y9: =VLOOKUP($A9,'RES installed'!$A$2:$C$7,3,FALSE)*'[1]Profiles, RES, Winter'!Y$4 -> 0
A10: 9 | B10: =VLOOKUP($A10,'RES installed'!$A$2:$C$7,3,FALSE)*'[1]Profiles, RES, Winter'!B$4 -> 0 | C10: =VLOOKUP($A10,'RES installed'!$A$2:$C$7,3,FALSE)*'[1]Profiles, RES, Winter'!C$4 -> 0 | D10: =VLOOKUP($A10,'RES installed'!$A$2:$C$7,3,FALSE)*'[1]Profiles, RES, Winter'!D$4 -> 0 | E10: =VLOOKUP($A10,'RES installed'!$A$2:$C$7,3,FALSE)*'[1]Profiles, RES, Winter'!E$4 -> 0 | F10: =VLOOKUP($A10,'RES installed'!$A$2:$C$7,3,FALSE)*'[1]Profiles, RES, Winter'!F$4 -> 0 | G10: =VLOOKUP($A10,'RES installed'!$A$2:$C$7,3,FALSE)*'[1]Profiles, RES, Winter'!G$4 -> 0 | H10: =VLOOKUP($A10,'RES installed'!$A$2:$C$7,3,FALSE)*'[1]Profiles, RES, Winter'!H$4 -> 0 | I10: =VLOOKUP($A10,'RES installed'!$A$2:$C$7,3,FALSE)*'[1]Profiles, RES, Winter'!I$4 -> 0.022744503 | ... Y10: =VLOOKUP($A10,'RES installed'!$A$2:$C$7,3,FALSE)*'[1]Profiles, RES, Winter'!Y$4 -> 0

Sheet Pg, Winter, S4
A1: GenID | B1: 0 | C1: 1 | D1: 2 | E1: 3 | F1: 4 | G1: 5 | H1: 6 | I1: 7 | J1: 8 | K1: 9 | L1: 10 | M1: 11 | N1: 12 | O1: 13 | P1: 14 | Q1: 15 | R1: 16 | S1: 17 | T1: 18 | U1: 19 | V1: 20 | W1: 21 | X1: 22 | Y1: 23
A2: 1 | B2: 0 | C2: 0 | D2: 0 | E2: 0 | F2: 0 | G2: 0 | H2: 0 | I2: 0 | J2: 0 | K2: 0 | L2: 0 | M2: 0 | N2: 0 | O2: 0 | P2: 0 | Q2: 0 | R2: 0 | S2: 0 | T2: 0 | U2: 0 | V2: 0 | W2: 0 | X2: 0 | Y2: 0
A3: 2 | B3: 0 | C3: 0 | D3: 0 | E3: 0 | F3: 0 | G3: 0 | H3: 0 | I3: 0 | J3: 0 | K3: 0 | L3: 0 | M3: 0 | N3: 0 | O3: 0 | P3: 0 | Q3: 0 | R3: 0 | S3: 0 | T3: 0 | U3: 0 | V3: 0 | W3: 0 | X3: 0 | Y3: 0
A4: 3 | B4: 0 | C4: 0 | D4: 0 | E4: 0 | F4: 0 | G4: 0 | H4: 0 | I4: 0 | J4: 0 | K4: 0 | L4: 0 | M4: 0 | N4: 0 | O4: 0 | P4: 0 | Q4: 0 | R4: 0 | S4: 0 | T4: 0 | U4: 0 | V4: 0 | W4: 0 | X4: 0 | Y4: 0
A5: 4 | B5: =VLOOKUP($A5,'RES installed'!$A$2:$C$7,3,FALSE)*'[1]Profiles, RES, Winter'!B$5 -> 24.396829 | C5: =VLOOKUP($A5,'RES installed'!$A$2:$C$7,3,FALSE)*'[1]Profiles, RES, Winter'!C$5 -> 26.248495 | D5: =VLOOKUP($A5,'RES installed'!$A$2:$C$7,3,FALSE)*'[1]Profiles, RES, Winter'!D$5 -> 26.113007 | E5: =VLOOKUP($A5,'RES installed'!$A$2:$C$7,3,FALSE)*'[1]Profiles, RES, Winter'!E$5 -> 26.167202 | F5: =VLOOKUP($A5,'RES installed'!$A$2:$C$7,3,FALSE)*'[1]Profiles, RES, Winter'!F$5 -> 27.088519 | G5: =VLOOKUP($A5,'RES installed'!$A$2:$C$7,3,FALSE)*'[1]Profiles, RES, Winter'!G$5 -> 28.596949 | H5: =VLOOKUP($A5,'RES installed'!$A$2:$C$7,3,FALSE)*'[1]Profiles, RES, Winter'!H$5 -> 30.46668 | I5: =VLOOKUP($A5,'RES installed'!$A$2:$C$7,3,FALSE)*'[1]Profiles, RES, Winter'!I$5 -> 30.520875 | ... Y5: =VLOOKUP($A5,'RES installed'!$A$2:$C$7,3,FALSE)*'[1]Profiles, RES, Winter'!Y$5 -> 24.00843
A6: 5 | B6: =VLOOKUP($A6,'RES installed'!$A$2:$C$7,3,FALSE)*'[1]Profiles, RES, Winter'!B$5 -> 32.529105 | C6: =VLOOKUP($A6,'RES installed'!$A$2:$C$7,3,FALSE)*'[1]Profiles, RES, Winter'!C$5 -> 34.997993 | D6: =VLOOKUP($A6,'RES installed'!$A$2:$C$7,3,FALSE)*'[1]Profiles, RES, Winter'!D$5 -> 34.817342 | E6: =VLOOKUP($A6,'RES installed'!$A$2:$C$7,3,FALSE)*'[1]Profiles, RES, Winter'!E$5 -> 34.889603 | F6: =VLOOKUP($A6,'RES installed'!$A$2:$C$7,3,FALSE)*'[1]Profiles, RES, Winter'!F$5 -> 36.118025 | G6: =VLOOKUP($A6,'RES installed'!$A$2:$C$7,3,FALSE)*'[1]Profiles, RES, Winter'!G$5 -> 38.129265 | H6: =VLOOKUP($A6,'RES installed'!$A$2:$C$7,3,FALSE)*'[1]Profiles, RES, Winter'!H$5 -> 40.62224 | I6: =VLOOKUP($A6,'RES installed'!$A$2:$C$7,3,FALSE)*'[1]Profiles, RES, Winter'!I$5 -> 40.6945 | ... Y6: =VLOOKUP($A6,'RES installed'!$A$2:$C$7,3,FALSE)*'[1]Profiles, RES, Winter'!Y$5 -> 32.01124
A7: 6 | B7: =VLOOKUP($A7,'RES installed'!$A$2:$C$7,3,FALSE)*'[1]Profiles, RES, Winter'!B$5 -> 24.396829 | C7: =VLOOKUP($A7,'RES installed'!$A$2:$C$7,3,FALSE)*'[1]Profiles, RES, Winter'!C$5 -> 26.248495 | D7: =VLOOKUP($A7,'RES installed'!$A$2:$C$7,3,FALSE)*'[1]Profiles, RES, Winter'!D$5 -> 26.113007 | E7: =VLOOKUP($A7,'RES installed'!$A$2:$C$7,3,FALSE)*'[1]Profiles, RES, Winter'!E$5 -> 26.167202 | F7: =VLOOKUP($A7,'RES installed'!$A$2:$C$7,3,FALSE)*'[1]Profiles, RES, Winter'!F$5 -> 27.088519 | G7: =VLOOKUP($A7,'RES installed'!$A$2:$C$7,3,FALSE)*'[1]Profiles, RES, Winter'!G$5 -> 28.596949 | H7: =VLOOKUP($A7,'RES installed'!$A$2:$C$7,3,FALSE)*'[1]Profiles, RES, Winter'!H$5 -> 30.46668 | I7: =VLOOKUP($A7,'RES installed'!$A$2:$C$7,3,FALSE)*'[1]Profiles, RES, Winter'!I$5 -> 30.520875 | ... Y7: =VLOOKUP($A7,'RES installed'!$A$2:$C$7,3,FALSE)*'[1]Profiles, RES, Winter'!Y$5 -> 24.00843
A8: 7 | B8: =VLOOKUP($A8,'RES installed'!$A$2:$C$7,3,FALSE)*'[1]Profiles, RES, Winter'!B$2 -> 0 | C8: =VLOOKUP($A8,'RES installed'!$A$2:$C$7,3,FALSE)*'[1]Profiles, RES, Winter'!C$2 -> 0 | D8: =VLOOKUP($A8,'RES installed'!$A$2:$C$7,3,FALSE)*'[1]Profiles, RES, Winter'!D$2 -> 0 | E8: =VLOOKUP($A8,'RES installed'!$A$2:$C$7,3,FALSE)*'[1]Profiles, RES, Winter'!E$2 -> 0 | F8: =VLOOKUP($A8,'RES installed'!$A$2:$C$7,3,FALSE)*'[1]Profiles, RES, Winter'!F$2 -> 0 | G8: =VLOOKUP($A8,'RES installed'!$A$2:$C$7,3,FALSE)*'[1]Profiles, RES, Winter'!G$2 -> 0 | H8: =VLOOKUP($A8,'RES installed'!$A$2:$C$7,3,FALSE)*'[1]Profiles, RES, Winter'!H$2 -> 0 | I8: =VLOOKUP($A8,'RES installed'!$A$2:$C$7,3,FALSE)*'[1]Profiles, RES, Winter'!I$2 -> 0.028430629 | ... Y8: =VLOOKUP($A8,'RES installed'!$A$2:$C$7,3,FALSE)*'[1]Profiles, RES, Winter'!Y$2 -> 0
A9: 8 | B9: =VLOOKUP($A9,'RES installed'!$A$2:$C$7,3,FALSE)*'[1]Profiles, RES, Winter'!B$2 -> 0 | C9: =VLOOKUP($A9,'RES installed'!$A$2:$C$7,3,FALSE)*'[1]Profiles, RES, Winter'!C$2 -> 0 | D9: =VLOOKUP($A9,'RES installed'!$A$2:$C$7,3,FALSE)*'[1]Profiles, RES, Winter'!D$2 -> 0 | E9: =VLOOKUP($A9,'RES installed'!$A$2:$C$7,3,FALSE)*'[1]Profiles, RES, Winter'!E$2 -> 0 | F9: =VLOOKUP($A9,'RES installed'!$A$2:$C$7,3,FALSE)*'[1]Profiles, RES, Winter'!F$2 -> 0 | G9: =VLOOKUP($A9,'RES installed'!$A$2:$C$7,3,FALSE)*'[1]Profiles, RES, Winter'!G$2 -> 0 | H9: =VLOOKUP($A9,'RES installed'!$A$2:$C$7,3,FALSE)*'[1]Profiles, RES, Winter'!H$2 -> 0 | I9: =VLOOKUP($A9,'RES installed'!$A$2:$C$7,3,FALSE)*'[1]Profiles, RES, Winter'!I$2 -> 0.018953753 | ... Y9: =VLOOKUP($A9,'RES installed'!$A$2:$C$7,3,FALSE)*'[1]Profiles, RES, Winter'!Y$2 -> 0
A10: 9 | B10: =VLOOKUP($A10,'RES installed'!$A$2:$C$7,3,FALSE)*'[1]Profiles, RES, Winter'!B$2 -> 0 | C10: =VLOOKUP($A10,'RES installed'!$A$2:$C$7,3,FALSE)*'[1]Profiles, RES, Winter'!C$2 -> 0 | D10: =VLOOKUP($A10,'RES installed'!$A$2:$C$7,3,FALSE)*'[1]Profiles, RES, Winter'!D$2 -> 0 | E10: =VLOOKUP($A10,'RES installed'!$A$2:$C$7,3,FALSE)*'[1]Profiles, RES, Winter'!E$2 -> 0 | F10: =VLOOKUP($A10,'RES installed'!$A$2:$C$7,3,FALSE)*'[1]Profiles, RES, Winter'!F$2 -> 0 | G10: =VLOOKUP($A10,'RES installed'!$A$2:$C$7,3,FALSE)*'[1]Profiles, RES, Winter'!G$2 -> 0 | H10: =VLOOKUP($A10,'RES installed'!$A$2:$C$7,3,FALSE)*'[1]Profiles, RES, Winter'!H$2 -> 0 | I10: =VLOOKUP($A10,'RES installed'!$A$2:$C$7,3,FALSE)*'[1]Profiles, RES, Winter'!I$2 -> 0.022744503 | ... Y10: =VLOOKUP($A10,'RES installed'!$A$2:$C$7,3,FALSE)*'[1]Profiles, RES, Winter'!Y$2 -> 0

Sheet Pg, Winter, S5
A1: GenID | B1: 0 | C1: 1 | D1: 2 | E1: 3 | F1: 4 | G1: 5 | H1: 6 | I1: 7 | J1: 8 | K1: 9 | L1: 10 | M1: 11 | N1: 12 | O1: 13 | P1: 14 | Q1: 15 | R1: 16 | S1: 17 | T1: 18 | U1: 19 | V1: 20 | W1: 21 | X1: 22 | Y1: 23
A2: 1 | B2: 0 | C2: 0 | D2: 0 | E2: 0 | F2: 0 | G2: 0 | H2: 0 | I2: 0 | J2: 0 | K2: 0 | L2: 0 | M2: 0 | N2: 0 | O2: 0 | P2: 0 | Q2: 0 | R2: 0 | S2: 0 | T2: 0 | U2: 0 | V2: 0 | W2: 0 | X2: 0 | Y2: 0
A3: 2 | B3: 0 | C3: 0 | D3: 0 | E3: 0 | F3: 0 | G3: 0 | H3: 0 | I3: 0 | J3: 0 | K3: 0 | L3: 0 | M3: 0 | N3: 0 | O3: 0 | P3: 0 | Q3: 0 | R3: 0 | S3: 0 | T3: 0 | U3: 0 | V3: 0 | W3: 0 | X3: 0 | Y3: 0
A4: 3 | B4: 0 | C4: 0 | D4: 0 | E4: 0 | F4: 0 | G4: 0 | H4: 0 | I4: 0 | J4: 0 | K4: 0 | L4: 0 | M4: 0 | N4: 0 | O4: 0 | P4: 0 | Q4: 0 | R4: 0 | S4: 0 | T4: 0 | U4: 0 | V4: 0 | W4: 0 | X4: 0 | Y4: 0
A5: 4 | B5: =VLOOKUP($A5,'RES installed'!$A$2:$C$7,3,FALSE)*'[1]Profiles, RES, Winter'!B$6 -> 23.611 | C5: =VLOOKUP($A5,'RES installed'!$A$2:$C$7,3,FALSE)*'[1]Profiles, RES, Winter'!C$6 -> 23.9723 | D5: =VLOOKUP($A5,'RES installed'!$A$2:$C$7,3,FALSE)*'[1]Profiles, RES, Winter'!D$6 -> 24.053593 | E5: =VLOOKUP($A5,'RES installed'!$A$2:$C$7,3,FALSE)*'[1]Profiles, RES, Winter'!E$6 -> 21.994179 | F5: =VLOOKUP($A5,'RES installed'!$A$2:$C$7,3,FALSE)*'[1]Profiles, RES, Winter'!F$6 -> 22.698715 | G5: =VLOOKUP($A5,'RES installed'!$A$2:$C$7,3,FALSE)*'[1]Profiles, RES, Winter'!G$6 -> 23.963268 | H5: =VLOOKUP($A5,'RES installed'!$A$2:$C$7,3,FALSE)*'[1]Profiles, RES, Winter'!H$6 -> 24.532316 | I5: =VLOOKUP($A5,'RES installed'!$A$2:$C$7,3,FALSE)*'[1]Profiles, RES, Winter'!I$6 -> 23.367122 | ... Y5: =VLOOKUP($A5,'RES installed'!$A$2:$C$7,3,FALSE)*'[1]Profiles, RES, Winter'!Y$6 -> 22.382577
A6: 5 | B6: =VLOOKUP($A6,'RES installed'!$A$2:$C$7,3,FALSE)*'[1]Profiles, RES, Winter'!B$6 -> 31.481333 | C6: =VLOOKUP($A6,'RES installed'!$A$2:$C$7,3,FALSE)*'[1]Profiles, RES, Winter'!C$6 -> 31.963067 | D6: =VLOOKUP($A6,'RES installed'!$A$2:$C$7,3,FALSE)*'[1]Profiles, RES, Winter'!D$6 -> 32.071457 | E6: =VLOOKUP($A6,'RES installed'!$A$2:$C$7,3,FALSE)*'[1]Profiles, RES, Winter'!E$6 -> 29.325572 | F6: =VLOOKUP($A6,'RES installed'!$A$2:$C$7,3,FALSE)*'[1]Profiles, RES, Winter'!F$6 -> 30.264954 | G6: =VLOOKUP($A6,'RES installed'!$A$2:$C$7,3,FALSE)*'[1]Profiles, RES, Winter'!G$6 -> 31.951024 | H6: =VLOOKUP($A6,'RES installed'!$A$2:$C$7,3,FALSE)*'[1]Profiles, RES, Winter'!H$6 -> 32.709755 | I6: =VLOOKUP($A6,'RES installed'!$A$2:$C$7,3,FALSE)*'[1]Profiles, RES, Winter'!I$6 -> 31.156162 | ... Y6: =VLOOKUP($A6,'RES installed'!$A$2:$C$7,3,FALSE)*'[1]Profiles, RES, Winter'!Y$6 -> 29.843436
A7: 6 | B7: =VLOOKUP($A7,'RES installed'!$A$2:$C$7,3,FALSE)*'[1]Profiles, RES, Winter'!B$6 -> 23.611 | C7: =VLOOKUP($A7,'RES installed'!$A$2:$C$7,3,FALSE)*'[1]Profiles, RES, Winter'!C$6 -> 23.9723 | D7: =VLOOKUP($A7,'RES installed'!$A$2:$C$7,3,FALSE)*'[1]Profiles, RES, Winter'!D$6 -> 24.053593 | E7: =VLOOKUP($A7,'RES installed'!$A$2:$C$7,3,FALSE)*'[1]Profiles, RES, Winter'!E$6 -> 21.994179 | F7: =VLOOKUP($A7,'RES installed'!$A$2:$C$7,3,FALSE)*'[1]Profiles, RES, Winter'!F$6 -> 22.698715 | G7: =VLOOKUP($A7,'RES installed'!$A$2:$C$7,3,FALSE)*'[1]Profiles, RES, Winter'!G$6 -> 23.963268 | H7: =VLOOKUP($A7,'RES installed'!$A$2:$C$7,3,FALSE)*'[1]Profiles, RES, Winter'!H$6 -> 24.532316 | I7: =VLOOKUP($A7,'RES installed'!$A$2:$C$7,3,FALSE)*'[1]Profiles, RES, Winter'!I$6 -> 23.367122 | ... Y7: =VLOOKUP($A7,'RES installed'!$A$2:$C$7,3,FALSE)*'[1]Profiles, RES, Winter'!Y$6 -> 22.382577
A8: 7 | B8: =VLOOKUP($A8,'RES installed'!$A$2:$C$7,3,FALSE)*'[1]Profiles, RES, Winter'!B$3 -> 0 | C8: =VLOOKUP($A8,'RES installed'!$A$2:$C$7,3,FALSE)*'[1]Profiles, RES, Winter'!C$3 -> 0 | D8: =VLOOKUP($A8,'RES installed'!$A$2:$C$7,3,FALSE)*'[1]Profiles, RES, Winter'!D$3 -> 0 | E8: =VLOOKUP($A8,'RES installed'!$A$2:$C$7,3,FALSE)*'[1]Profiles, RES, Winter'!E$3 -> 0 | F8: =VLOOKUP($A8,'RES installed'!$A$2:$C$7,3,FALSE)*'[1]Profiles, RES, Winter'!F$3 -> 0 | G8: =VLOOKUP($A8,'RES installed'!$A$2:$C$7,3,FALSE)*'[1]Profiles, RES, Winter'!G$3 -> 0 | H8: =VLOOKUP($A8,'RES installed'!$A$2:$C$7,3,FALSE)*'[1]Profiles, RES, Winter'!H$3 -> 0 | I8: =VLOOKUP($A8,'RES installed'!$A$2:$C$7,3,FALSE)*'[1]Profiles, RES, Winter'!I$3 -> 0.056861259 | ... Y8: =VLOOKUP($A8,'RES installed'!$A$2:$C$7,3,FALSE)*'[1]Profiles, RES, Winter'!Y$3 -> 0
A9: 8 | B9: =VLOOKUP($A9,'RES installed'!$A$2:$C$7,3,FALSE)*'[1]Profiles, RES, Winter'!B$3 -> 0 | C9: =VLOOKUP($A9,'RES installed'!$A$2:$C$7,3,FALSE)*'[1]Profiles, RES, Winter'!C$3 -> 0 | D9: =VLOOKUP($A9,'RES installed'!$A$2:$C$7,3,FALSE)*'[1]Profiles, RES, Winter'!D$3 -> 0 | E9: =VLOOKUP($A9,'RES installed'!$A$2:$C$7,3,FALSE)*'[1]Profiles, RES, Winter'!E$3 -> 0 | F9: =VLOOKUP($A9,'RES installed'!$A$2:$C$7,3,FALSE)*'[1]Profiles, RES, Winter'!F$3 -> 0 | G9: =VLOOKUP($A9,'RES installed'!$A$2:$C$7,3,FALSE)*'[1]Profiles, RES, Winter'!G$3 -> 0 | H9: =VLOOKUP($A9,'RES installed'!$A$2:$C$7,3,FALSE)*'[1]Profiles, RES, Winter'!H$3 -> 0 | I9: =VLOOKUP($A9,'RES installed'!$A$2:$C$7,3,FALSE)*'[1]Profiles, RES, Winter'!I$3 -> 0.037907506 | ... Y9: =VLOOKUP($A9,'RES installed'!$A$2:$C$7,3,FALSE)*'[1]Profiles, RES, Winter'!Y$3 -> 0
A10: 9 | B10: =VLOOKUP($A10,'RES installed'!$A$2:$C$7,3,FALSE)*'[1]Profiles, RES, Winter'!B$3 -> 0 | C10: =VLOOKUP($A10,'RES installed'!$A$2:$C$7,3,FALSE)*'[1]Profiles, RES, Winter'!C$3 -> 0 | D10: =VLOOKUP($A10,'RES installed'!$A$2:$C$7,3,FALSE)*'[1]Profiles, RES, Winter'!D$3 -> 0 | E10: =VLOOKUP($A10,'RES installed'!$A$2:$C$7,3,FALSE)*'[1]Profiles, RES, Winter'!E$3 -> 0 | F10: =VLOOKUP($A10,'RES installed'!$A$2:$C$7,3,FALSE)*'[1]Profiles, RES, Winter'!F$3 -> 0 | G10: =VLOOKUP($A10,'RES installed'!$A$2:$C$7,3,FALSE)*'[1]Profiles, RES, Winter'!G$3 -> 0 | H10: =VLOOKUP($A10,'RES installed'!$A$2:$C$7,3,FALSE)*'[1]Profiles, RES, Winter'!H$3 -> 0 | I10: =VLOOKUP($A10,'RES installed'!$A$2:$C$7,3,FALSE)*'[1]Profiles, RES, Winter'!I$3 -> 0.045489007 | ... Y10: =VLOOKUP($A10,'RES installed'!$A$2:$C$7,3,FALSE)*'[1]Profiles, RES, Winter'!Y$3 -> 0

Sheet Pg, Winter, S6
A1: GenID | B1: 0 | C1: 1 | D1: 2 | E1: 3 | F1: 4 | G1: 5 | H1: 6 | I1: 7 | J1: 8 | K1: 9 | L1: 10 | M1: 11 | N1: 12 | O1: 13 | P1: 14 | Q1: 15 | R1: 16 | S1: 17 | T1: 18 | U1: 19 | V1: 20 | W1: 21 | X1: 22 | Y1: 23
A2: 1 | B2: 0 | C2: 0 | D2: 0 | E2: 0 | F2: 0 | G2: 0 | H2: 0 | I2: 0 | J2: 0 | K2: 0 | L2: 0 | M2: 0 | N2: 0 | O2: 0 | P2: 0 | Q2: 0 | R2: 0 | S2: 0 | T2: 0 | U2: 0 | V2: 0 | W2: 0 | X2: 0 | Y2: 0
A3: 2 | B3: 0 | C3: 0 | D3: 0 | E3: 0 | F3: 0 | G3: 0 | H3: 0 | I3: 0 | J3: 0 | K3: 0 | L3: 0 | M3: 0 | N3: 0 | O3: 0 | P3: 0 | Q3: 0 | R3: 0 | S3: 0 | T3: 0 | U3: 0 | V3: 0 | W3: 0 | X3: 0 | Y3: 0
A4: 3 | B4: 0 | C4: 0 | D4: 0 | E4: 0 | F4: 0 | G4: 0 | H4: 0 | I4: 0 | J4: 0 | K4: 0 | L4: 0 | M4: 0 | N4: 0 | O4: 0 | P4: 0 | Q4: 0 | R4: 0 | S4: 0 | T4: 0 | U4: 0 | V4: 0 | W4: 0 | X4: 0 | Y4: 0
A5: 4 | B5: =VLOOKUP($A5,'RES installed'!$A$2:$C$7,3,FALSE)*'[1]Profiles, RES, Winter'!B$7 -> 22.60839 | C5: =VLOOKUP($A5,'RES installed'!$A$2:$C$7,3,FALSE)*'[1]Profiles, RES, Winter'!C$7 -> 22.509033 | D5: =VLOOKUP($A5,'RES installed'!$A$2:$C$7,3,FALSE)*'[1]Profiles, RES, Winter'!D$7 -> 21.939984 | E5: =VLOOKUP($A5,'RES installed'!$A$2:$C$7,3,FALSE)*'[1]Profiles, RES, Winter'!E$7 -> 22.481935 | F5: =VLOOKUP($A5,'RES installed'!$A$2:$C$7,3,FALSE)*'[1]Profiles, RES, Winter'!F$7 -> 21.849659 | G5: =VLOOKUP($A5,'RES installed'!$A$2:$C$7,3,FALSE)*'[1]Profiles, RES, Winter'!G$7 -> 21.732236 | H5: =VLOOKUP($A5,'RES installed'!$A$2:$C$7,3,FALSE)*'[1]Profiles, RES, Winter'!H$7 -> 22.518065 | I5: =VLOOKUP($A5,'RES installed'!$A$2:$C$7,3,FALSE)*'[1]Profiles, RES, Winter'!I$7 -> 21.163187 | ... Y5: =VLOOKUP($A5,'RES installed'!$A$2:$C$7,3,FALSE)*'[1]Profiles, RES, Winter'!Y$7 -> 18.182457
A6: 5 | B6: =VLOOKUP($A6,'RES installed'!$A$2:$C$7,3,FALSE)*'[1]Profiles, RES, Winter'!B$7 -> 30.14452 | C6: =VLOOKUP($A6,'RES installed'!$A$2:$C$7,3,FALSE)*'[1]Profiles, RES, Winter'!C$7 -> 30.012043 | D6: =VLOOKUP($A6,'RES installed'!$A$2:$C$7,3,FALSE)*'[1]Profiles, RES, Winter'!D$7 -> 29.253312 | E6: =VLOOKUP($A6,'RES installed'!$A$2:$C$7,3,FALSE)*'[1]Profiles, RES, Winter'!E$7 -> 29.975913 | F6: =VLOOKUP($A6,'RES installed'!$A$2:$C$7,3,FALSE)*'[1]Profiles, RES, Winter'!F$7 -> 29.132878 | G6: =VLOOKUP($A6,'RES installed'!$A$2:$C$7,3,FALSE)*'[1]Profiles, RES, Winter'!G$7 -> 28.976315 | H6: =VLOOKUP($A6,'RES installed'!$A$2:$C$7,3,FALSE)*'[1]Profiles, RES, Winter'!H$7 -> 30.024087 | I6: =VLOOKUP($A6,'RES installed'!$A$2:$C$7,3,FALSE)*'[1]Profiles, RES, Winter'!I$7 -> 28.217583 | ... Y6: =VLOOKUP($A6,'RES installed'!$A$2:$C$7,3,FALSE)*'[1]Profiles, RES, Winter'!Y$7 -> 24.243276
A7: 6 | B7: =VLOOKUP($A7,'RES installed'!$A$2:$C$7,3,FALSE)*'[1]Profiles, RES, Winter'!B$7 -> 22.60839 | C7: =VLOOKUP($A7,'RES installed'!$A$2:$C$7,3,FALSE)*'[1]Profiles, RES, Winter'!C$7 -> 22.509033 | D7: =VLOOKUP($A7,'RES installed'!$A$2:$C$7,3,FALSE)*'[1]Profiles, RES, Winter'!D$7 -> 21.939984 | E7: =VLOOKUP($A7,'RES installed'!$A$2:$C$7,3,FALSE)*'[1]Profiles, RES, Winter'!E$7 -> 22.481935 | F7: =VLOOKUP($A7,'RES installed'!$A$2:$C$7,3,FALSE)*'[1]Profiles, RES, Winter'!F$7 -> 21.849659 | G7: =VLOOKUP($A7,'RES installed'!$A$2:$C$7,3,FALSE)*'[1]Profiles, RES, Winter'!G$7 -> 21.732236 | H7: =VLOOKUP($A7,'RES installed'!$A$2:$C$7,3,FALSE)*'[1]Profiles, RES, Winter'!H$7 -> 22.518065 | I7: =VLOOKUP($A7,'RES installed'!$A$2:$C$7,3,FALSE)*'[1]Profiles, RES, Winter'!I$7 -> 21.163187 | ... Y7: =VLOOKUP($A7,'RES installed'!$A$2:$C$7,3,FALSE)*'[1]Profiles, RES, Winter'!Y$7 -> 18.182457
A8: 7 | B8: =VLOOKUP($A8,'RES installed'!$A$2:$C$7,3,FALSE)*'[1]Profiles, RES, Winter'!B$4 -> 0 | C8: =VLOOKUP($A8,'RES installed'!$A$2:$C$7,3,FALSE)*'[1]Profiles, RES, Winter'!C$4 -> 0 | D8: =VLOOKUP($A8,'RES installed'!$A$2:$C$7,3,FALSE)*'[1]Profiles, RES, Winter'!D$4 -> 0 | E8: =VLOOKUP($A8,'RES installed'!$A$2:$C$7,3,FALSE)*'[1]Profiles, RES, Winter'!E$4 -> 0 | F8: =VLOOKUP($A8,'RES installed'!$A$2:$C$7,3,FALSE)*'[1]Profiles, RES, Winter'!F$4 -> 0 | G8: =VLOOKUP($A8,'RES installed'!$A$2:$C$7,3,FALSE)*'[1]Profiles, RES, Winter'!G$4 -> 0 | H8: =VLOOKUP($A8,'RES installed'!$A$2:$C$7,3,FALSE)*'[1]Profiles, RES, Winter'!H$4 -> 0 | I8: =VLOOKUP($A8,'RES installed'!$A$2:$C$7,3,FALSE)*'[1]Profiles, RES, Winter'!I$4 -> 0.028430629 | ... Y8: =VLOOKUP($A8,'RES installed'!$A$2:$C$7,3,FALSE)*'[1]Profiles, RES, Winter'!Y$4 -> 0
A9: 8 | B9: =VLOOKUP($A9,'RES installed'!$A$2:$C$7,3,FALSE)*'[1]Profiles, RES, Winter'!B$4 -> 0 | C9: =VLOOKUP($A9,'RES installed'!$A$2:$C$7,3,FALSE)*'[1]Profiles, RES, Winter'!C$4 -> 0 | D9: =VLOOKUP($A9,'RES installed'!$A$2:$C$7,3,FALSE)*'[1]Profiles, RES, Winter'!D$4 -> 0 | E9: =VLOOKUP($A9,'RES installed'!$A$2:$C$7,3,FALSE)*'[1]Profiles, RES, Winter'!E$4 -> 0 | F9: =VLOOKUP($A9,'RES installed'!$A$2:$C$7,3,FALSE)*'[1]Profiles, RES, Winter'!F$4 -> 0 | G9: =VLOOKUP($A9,'RES installed'!$A$2:$C$7,3,FALSE)*'[1]Profiles, RES, Winter'!G$4 -> 0 | H9: =VLOOKUP($A9,'RES installed'!$A$2:$C$7,3,FALSE)*'[1]Profiles, RES, Winter'!H$4 -> 0 | I9: =VLOOKUP($A9,'RES installed'!$A$2:$C$7,3,FALSE)*'[1]Profiles, RES, Winter'!I$4 -> 0.018953753 | ... Y9: =VLOOKUP($A9,'RES installed'!$A$2:$C$7,3,FALSE)*'[1]Profiles, RES, Winter'!Y$4 -> 0
A10: 9 | B10: =VLOOKUP($A10,'RES installed'!$A$2:$C$7,3,FALSE)*'[1]Profiles, RES, Winter'!B$4 -> 0 | C10: =VLOOKUP($A10,'RES installed'!$A$2:$C$7,3,FALSE)*'[1]Profiles, RES, Winter'!C$4 -> 0 | D10: =VLOOKUP($A10,'RES installed'!$A$2:$C$7,3,FALSE)*'[1]Profiles, RES, Winter'!D$4 -> 0 | E10: =VLOOKUP($A10,'RES installed'!$A$2:$C$7,3,FALSE)*'[1]Profiles, RES, Winter'!E$4 -> 0 | F10: =VLOOKUP($A10,'RES installed'!$A$2:$C$7,3,FALSE)*'[1]Profiles, RES, Winter'!F$4 -> 0 | G10: =VLOOKUP($A10,'RES installed'!$A$2:$C$7,3,FALSE)*'[1]Profiles, RES, Winter'!G$4 -> 0 | H10: =VLOOKUP($A10,'RES installed'!$A$2:$C$7,3,FALSE)*'[1]Profiles, RES, Winter'!H$4 -> 0 | I10: =VLOOKUP($A10,'RES installed'!$A$2:$C$7,3,FALSE)*'[1]Profiles, RES, Winter'!I$4 -> 0.022744503 | ... Y10: =VLOOKUP($A10,'RES installed'!$A$2:$C$7,3,FALSE)*'[1]Profiles, RES, Winter'!Y$4 -> 0

Sheet Pg, Winter, S7
A1: GenID | B1: 0 | C1: 1 | D1: 2 | E1: 3 | F1: 4 | G1: 5 | H1: 6 | I1: 7 | J1: 8 | K1: 9 | L1: 10 | M1: 11 | N1: 12 | O1: 13 | P1: 14 | Q1: 15 | R1: 16 | S1: 17 | T1: 18 | U1: 19 | V1: 20 | W1: 21 | X1: 22 | Y1: 23
A2: 1 | B2: 0 | C2: 0 | D2: 0 | E2: 0 | F2: 0 | G2: 0 | H2: 0 | I2: 0 | J2: 0 | K2: 0 | L2: 0 | M2: 0 | N2: 0 | O2: 0 | P2: 0 | Q2: 0 | R2: 0 | S2: 0 | T2: 0 | U2: 0 | V2: 0 | W2: 0 | X2: 0 | Y2: 0
A3: 2 | B3: 0 | C3: 0 | D3: 0 | E3: 0 | F3: 0 | G3: 0 | H3: 0 | I3: 0 | J3: 0 | K3: 0 | L3: 0 | M3: 0 | N3: 0 | O3: 0 | P3: 0 | Q3: 0 | R3: 0 | S3: 0 | T3: 0 | U3: 0 | V3: 0 | W3: 0 | X3: 0 | Y3: 0
A4: 3 | B4: 0 | C4: 0 | D4: 0 | E4: 0 | F4: 0 | G4: 0 | H4: 0 | I4: 0 | J4: 0 | K4: 0 | L4: 0 | M4: 0 | N4: 0 | O4: 0 | P4: 0 | Q4: 0 | R4: 0 | S4: 0 | T4: 0 | U4: 0 | V4: 0 | W4: 0 | X4: 0 | Y4: 0
A5: 4 | B5: =VLOOKUP($A5,'RES installed'!$A$2:$C$7,3,FALSE)*'[1]Profiles, RES, Winter'!B$5 -> 24.396829 | C5: =VLOOKUP($A5,'RES installed'!$A$2:$C$7,3,FALSE)*'[1]Profiles, RES, Winter'!C$5 -> 26.248495 | D5: =VLOOKUP($A5,'RES installed'!$A$2:$C$7,3,FALSE)*'[1]Profiles, RES, Winter'!D$5 -> 26.113007 | E5: =VLOOKUP($A5,'RES installed'!$A$2:$C$7,3,FALSE)*'[1]Profiles, RES, Winter'!E$5 -> 26.167202 | F5: =VLOOKUP($A5,'RES installed'!$A$2:$C$7,3,FALSE)*'[1]Profiles, RES, Winter'!F$5 -> 27.088519 | G5: =VLOOKUP($A5,'RES installed'!$A$2:$C$7,3,FALSE)*'[1]Profiles, RES, Winter'!G$5 -> 28.596949 | H5: =VLOOKUP($A5,'RES installed'!$A$2:$C$7,3,FALSE)*'[1]Profiles, RES, Winter'!H$5 -> 30.46668 | I5: =VLOOKUP($A5,'RES installed'!$A$2:$C$7,3,FALSE)*'[1]Profiles, RES, Winter'!I$5 -> 30.520875 | ... Y5: =VLOOKUP($A5,'RES installed'!$A$2:$C$7,3,FALSE)*'[1]Profiles, RES, Winter'!Y$5 -> 24.00843
A6: 5 | B6: =VLOOKUP($A6,'RES installed'!$A$2:$C$7,3,FALSE)*'[1]Profiles, RES, Winter'!B$5 -> 32.529105 | C6: =VLOOKUP($A6,'RES installed'!$A$2:$C$7,3,FALSE)*'[1]Profiles, RES, Winter'!C$5 -> 34.997993 | D6: =VLOOKUP($A6,'RES installed'!$A$2:$C$7,3,FALSE)*'[1]Profiles, RES, Winter'!D$5 -> 34.817342 | E6: =VLOOKUP($A6,'RES installed'!$A$2:$C$7,3,FALSE)*'[1]Profiles, RES, Winter'!E$5 -> 34.889603 | F6: =VLOOKUP($A6,'RES installed'!$A$2:$C$7,3,FALSE)*'[1]Profiles, RES, Winter'!F$5 -> 36.118025 | G6: =VLOOKUP($A6,'RES installed'!$A$2:$C$7,3,FALSE)*'[1]Profiles, RES, Winter'!G$5 -> 38.129265 | H6: =VLOOKUP($A6,'RES installed'!$A$2:$C$7,3,FALSE)*'[1]Profiles, RES, Winter'!H$5 -> 40.62224 | I6: =VLOOKUP($A6,'RES installed'!$A$2:$C$7,3,FALSE)*'[1]Profiles, RES, Winter'!I$5 -> 40.6945 | ... Y6: =VLOOKUP($A6,'RES installed'!$A$2:$C$7,3,FALSE)*'[1]Profiles, RES, Winter'!Y$5 -> 32.01124
A7: 6 | B7: =VLOOKUP($A7,'RES installed'!$A$2:$C$7,3,FALSE)*'[1]Profiles, RES, Winter'!B$5 -> 24.396829 | C7: =VLOOKUP($A7,'RES installed'!$A$2:$C$7,3,FALSE)*'[1]Profiles, RES, Winter'!C$5 -> 26.248495 | D7: =VLOOKUP($A7,'RES installed'!$A$2:$C$7,3,FALSE)*'[1]Profiles, RES, Winter'!D$5 -> 26.113007 | E7: =VLOOKUP($A7,'RES installed'!$A$2:$C$7,3,FALSE)*'[1]Profiles, RES, Winter'!E$5 -> 26.167202 | F7: =VLOOKUP($A7,'RES installed'!$A$2:$C$7,3,FALSE)*'[1]Profiles, RES, Winter'!F$5 -> 27.088519 | G7: =VLOOKUP($A7,'RES installed'!$A$2:$C$7,3,FALSE)*'[1]Profiles, RES, Winter'!G$5 -> 28.596949 | H7: =VLOOKUP($A7,'RES installed'!$A$2:$C$7,3,FALSE)*'[1]Profiles, RES, Winter'!H$5 -> 30.46668 | I7: =VLOOKUP($A7,'RES installed'!$A$2:$C$7,3,FALSE)*'[1]Profiles, RES, Winter'!I$5 -> 30.520875 | ... Y7: =VLOOKUP($A7,'RES installed'!$A$2:$C$7,3,FALSE)*'[1]Profiles, RES, Winter'!Y$5 -> 24.00843
A8: 7 | B8: =VLOOKUP($A8,'RES installed'!$A$2:$C$7,3,FALSE)*'[1]Profiles, RES, Winter'!B$2 -> 0 | C8: =VLOOKUP($A8,'RES installed'!$A$2:$C$7,3,FALSE)*'[1]Profiles, RES, Winter'!C$2 -> 0 | D8: =VLOOKUP($A8,'RES installed'!$A$2:$C$7,3,FALSE)*'[1]Profiles, RES, Winter'!D$2 -> 0 | E8: =VLOOKUP($A8,'RES installed'!$A$2:$C$7,3,FALSE)*'[1]Profiles, RES, Winter'!E$2 -> 0 | F8: =VLOOKUP($A8,'RES installed'!$A$2:$C$7,3,FALSE)*'[1]Profiles, RES, Winter'!F$2 -> 0 | G8: =VLOOKUP($A8,'RES installed'!$A$2:$C$7,3,FALSE)*'[1]Profiles, RES, Winter'!G$2 -> 0 | H8: =VLOOKUP($A8,'RES installed'!$A$2:$C$7,3,FALSE)*'[1]Profiles, RES, Winter'!H$2 -> 0 | I8: =VLOOKUP($A8,'RES installed'!$A$2:$C$7,3,FALSE)*'[1]Profiles, RES, Winter'!I$2 -> 0.028430629 | ... Y8: =VLOOKUP($A8,'RES installed'!$A$2:$C$7,3,FALSE)*'[1]Profiles, RES, Winter'!Y$2 -> 0
A9: 8 | B9: =VLOOKUP($A9,'RES installed'!$A$2:$C$7,3,FALSE)*'[1]Profiles, RES, Winter'!B$2 -> 0 | C9: =VLOOKUP($A9,'RES installed'!$A$2:$C$7,3,FALSE)*'[1]Profiles, RES, Winter'!C$2 -> 0 | D9: =VLOOKUP($A9,'RES installed'!$A$2:$C$7,3,FALSE)*'[1]Profiles, RES, Winter'!D$2 -> 0 | E9: =VLOOKUP($A9,'RES installed'!$A$2:$C$7,3,FALSE)*'[1]Profiles, RES, Winter'!E$2 -> 0 | F9: =VLOOKUP($A9,'RES installed'!$A$2:$C$7,3,FALSE)*'[1]Profiles, RES, Winter'!F$2 -> 0 | G9: =VLOOKUP($A9,'RES installed'!$A$2:$C$7,3,FALSE)*'[1]Profiles, RES, Winter'!G$2 -> 0 | H9: =VLOOKUP($A9,'RES installed'!$A$2:$C$7,3,FALSE)*'[1]Profiles, RES, Winter'!H$2 -> 0 | I9: =VLOOKUP($A9,'RES installed'!$A$2:$C$7,3,FALSE)*'[1]Profiles, RES, Winter'!I$2 -> 0.018953753 | ... Y9: =VLOOKUP($A9,'RES installed'!$A$2:$C$7,3,FALSE)*'[1]Profiles, RES, Winter'!Y$2 -> 0
A10: 9 | B10: =VLOOKUP($A10,'RES installed'!$A$2:$C$7,3,FALSE)*'[1]Profiles, RES, Winter'!B$2 -> 0 | C10: =VLOOKUP($A10,'RES installed'!$A$2:$C$7,3,FALSE)*'[1]Profiles, RES, Winter'!C$2 -> 0 | D10: =VLOOKUP($A10,'RES installed'!$A$2:$C$7,3,FALSE)*'[1]Profiles, RES, Winter'!D$2 -> 0 | E10: =VLOOKUP($A10,'RES installed'!$A$2:$C$7,3,FALSE)*'[1]Profiles, RES, Winter'!E$2 -> 0 | F10: =VLOOKUP($A10,'RES installed'!$A$2:$C$7,3,FALSE)*'[1]Profiles, RES, Winter'!F$2 -> 0 | G10: =VLOOKUP($A10,'RES installed'!$A$2:$C$7,3,FALSE)*'[1]Profiles, RES, Winter'!G$2 -> 0 | H10: =VLOOKUP($A10,'RES installed'!$A$2:$C$7,3,FALSE)*'[1]Profiles, RES, Winter'!H$2 -> 0 | I10: =VLOOKUP($A10,'RES installed'!$A$2:$C$7,3,FALSE)*'[1]Profiles, RES, Winter'!I$2 -> 0.022744503 | ... Y10: =VLOOKUP($A10,'RES installed'!$A$2:$C$7,3,FALSE)*'[1]Profiles, RES, Winter'!Y$2 -> 0

Sheet Pg, Winter, S8
A1: GenID | B1: 0 | C1: 1 | D1: 2 | E1: 3 | F1: 4 | G1: 5 | H1: 6 | I1: 7 | J1: 8 | K1: 9 | L1: 10 | M1: 11 | N1: 12 | O1: 13 | P1: 14 | Q1: 15 | R1: 16 | S1: 17 | T1: 18 | U1: 19 | V1: 20 | W1: 21 | X1: 22 | Y1: 23
A2: 1 | B2: 0 | C2: 0 | D2: 0 | E2: 0 | F2: 0 | G2: 0 | H2: 0 | I2: 0 | J2: 0 | K2: 0 | L2: 0 | M2: 0 | N2: 0 | O2: 0 | P2: 0 | Q2: 0 | R2: 0 | S2: 0 | T2: 0 | U2: 0 | V2: 0 | W2: 0 | X2: 0 | Y2: 0
A3: 2 | B3: 0 | C3: 0 | D3: 0 | E3: 0 | F3: 0 | G3: 0 | H3: 0 | I3: 0 | J3: 0 | K3: 0 | L3: 0 | M3: 0 | N3: 0 | O3: 0 | P3: 0 | Q3: 0 | R3: 0 | S3: 0 | T3: 0 | U3: 0 | V3: 0 | W3: 0 | X3: 0 | Y3: 0
A4: 3 | B4: 0 | C4: 0 | D4: 0 | E4: 0 | F4: 0 | G4: 0 | H4: 0 | I4: 0 | J4: 0 | K4: 0 | L4: 0 | M4: 0 | N4: 0 | O4: 0 | P4: 0 | Q4: 0 | R4: 0 | S4: 0 | T4: 0 | U4: 0 | V4: 0 | W4: 0 | X4: 0 | Y4: 0
A5: 4 | B5: =VLOOKUP($A5,'RES installed'!$A$2:$C$7,3,FALSE)*'[1]Profiles, RES, Winter'!B$6 -> 23.611 | C5: =VLOOKUP($A5,'RES installed'!$A$2:$C$7,3,FALSE)*'[1]Profiles, RES, Winter'!C$6 -> 23.9723 | D5: =VLOOKUP($A5,'RES installed'!$A$2:$C$7,3,FALSE)*'[1]Profiles, RES, Winter'!D$6 -> 24.053593 | E5: =VLOOKUP($A5,'RES installed'!$A$2:$C$7,3,FALSE)*'[1]Profiles, RES, Winter'!E$6 -> 21.994179 | F5: =VLOOKUP($A5,'RES installed'!$A$2:$C$7,3,FALSE)*'[1]Profiles, RES, Winter'!F$6 -> 22.698715 | G5: =VLOOKUP($A5,'RES installed'!$A$2:$C$7,3,FALSE)*'[1]Profiles, RES, Winter'!G$6 -> 23.963268 | H5: =VLOOKUP($A5,'RES installed'!$A$2:$C$7,3,FALSE)*'[1]Profiles, RES, Winter'!H$6 -> 24.532316 | I5: =VLOOKUP($A5,'RES installed'!$A$2:$C$7,3,FALSE)*'[1]Profiles, RES, Winter'!I$6 -> 23.367122 | ... Y5: =VLOOKUP($A5,'RES installed'!$A$2:$C$7,3,FALSE)*'[1]Profiles, RES, Winter'!Y$6 -> 22.382577
A6: 5 | B6: =VLOOKUP($A6,'RES installed'!$A$2:$C$7,3,FALSE)*'[1]Profiles, RES, Winter'!B$6 -> 31.481333 | C6: =VLOOKUP($A6,'RES installed'!$A$2:$C$7,3,FALSE)*'[1]Profiles, RES, Winter'!C$6 -> 31.963067 | D6: =VLOOKUP($A6,'RES installed'!$A$2:$C$7,3,FALSE)*'[1]Profiles, RES, Winter'!D$6 -> 32.071457 | E6: =VLOOKUP($A6,'RES installed'!$A$2:$C$7,3,FALSE)*'[1]Profiles, RES, Winter'!E$6 -> 29.325572 | F6: =VLOOKUP($A6,'RES installed'!$A$2:$C$7,3,FALSE)*'[1]Profiles, RES, Winter'!F$6 -> 30.264954 | G6: =VLOOKUP($A6,'RES installed'!$A$2:$C$7,3,FALSE)*'[1]Profiles, RES, Winter'!G$6 -> 31.951024 | H6: =VLOOKUP($A6,'RES installed'!$A$2:$C$7,3,FALSE)*'[1]Profiles, RES, Winter'!H$6 -> 32.709755 | I6: =VLOOKUP($A6,'RES installed'!$A$2:$C$7,3,FALSE)*'[1]Profiles, RES, Winter'!I$6 -> 31.156162 | ... Y6: =VLOOKUP($A6,'RES installed'!$A$2:$C$7,3,FALSE)*'[1]Profiles, RES, Winter'!Y$6 -> 29.843436
A7: 6 | B7: =VLOOKUP($A7,'RES installed'!$A$2:$C$7,3,FALSE)*'[1]Profiles, RES, Winter'!B$6 -> 23.611 | C7: =VLOOKUP($A7,'RES installed'!$A$2:$C$7,3,FALSE)*'[1]Profiles, RES, Winter'!C$6 -> 23.9723 | D7: =VLOOKUP($A7,'RES installed'!$A$2:$C$7,3,FALSE)*'[1]Profiles, RES, Winter'!D$6 -> 24.053593 | E7: =VLOOKUP($A7,'RES installed'!$A$2:$C$7,3,FALSE)*'[1]Profiles, RES, Winter'!E$6 -> 21.994179 | F7: =VLOOKUP($A7,'RES installed'!$A$2:$C$7,3,FALSE)*'[1]Profiles, RES, Winter'!F$6 -> 22.698715 | G7: =VLOOKUP($A7,'RES installed'!$A$2:$C$7,3,FALSE)*'[1]Profiles, RES, Winter'!G$6 -> 23.963268 | H7: =VLOOKUP($A7,'RES installed'!$A$2:$C$7,3,FALSE)*'[1]Profiles, RES, Winter'!H$6 -> 24.532316 | I7: =VLOOKUP($A7,'RES installed'!$A$2:$C$7,3,FALSE)*'[1]Profiles, RES, Winter'!I$6 -> 23.367122 | ... Y7: =VLOOKUP($A7,'RES installed'!$A$2:$C$7,3,FALSE)*'[1]Profiles, RES, Winter'!Y$6 -> 22.382577
A8: 7 | B8: =VLOOKUP($A8,'RES installed'!$A$2:$C$7,3,FALSE)*'[1]Profiles, RES, Winter'!B$3 -> 0 | C8: =VLOOKUP($A8,'RES installed'!$A$2:$C$7,3,FALSE)*'[1]Profiles, RES, Winter'!C$3 -> 0 | D8: =VLOOKUP($A8,'RES installed'!$A$2:$C$7,3,FALSE)*'[1]Profiles, RES, Winter'!D$3 -> 0 | E8: =VLOOKUP($A8,'RES installed'!$A$2:$C$7,3,FALSE)*'[1]Profiles, RES, Winter'!E$3 -> 0 | F8: =VLOOKUP($A8,'RES installed'!$A$2:$C$7,3,FALSE)*'[1]Profiles, RES, Winter'!F$3 -> 0 | G8: =VLOOKUP($A8,'RES installed'!$A$2:$C$7,3,FALSE)*'[1]Profiles, RES, Winter'!G$3 -> 0 | H8: =VLOOKUP($A8,'RES installed'!$A$2:$C$7,3,FALSE)*'[1]Profiles, RES, Winter'!H$3 -> 0 | I8: =VLOOKUP($A8,'RES installed'!$A$2:$C$7,3,FALSE)*'[1]Profiles, RES, Winter'!I$3 -> 0.056861259 | ... Y8: =VLOOKUP($A8,'RES installed'!$A$2:$C$7,3,FALSE)*'[1]Profiles, RES, Winter'!Y$3 -> 0
A9: 8 | B9: =VLOOKUP($A9,'RES installed'!$A$2:$C$7,3,FALSE)*'[1]Profiles, RES, Winter'!B$3 -> 0 | C9: =VLOOKUP($A9,'RES installed'!$A$2:$C$7,3,FALSE)*'[1]Profiles, RES, Winter'!C$3 -> 0 | D9: =VLOOKUP($A9,'RES installed'!$A$2:$C$7,3,FALSE)*'[1]Profiles, RES, Winter'!D$3 -> 0 | E9: =VLOOKUP($A9,'RES installed'!$A$2:$C$7,3,FALSE)*'[1]Profiles, RES, Winter'!E$3 -> 0 | F9: =VLOOKUP($A9,'RES installed'!$A$2:$C$7,3,FALSE)*'[1]Profiles, RES, Winter'!F$3 -> 0 | G9: =VLOOKUP($A9,'RES installed'!$A$2:$C$7,3,FALSE)*'[1]Profiles, RES, Winter'!G$3 -> 0 | H9: =VLOOKUP($A9,'RES installed'!$A$2:$C$7,3,FALSE)*'[1]Profiles, RES, Winter'!H$3 -> 0 | I9: =VLOOKUP($A9,'RES installed'!$A$2:$C$7,3,FALSE)*'[1]Profiles, RES, Winter'!I$3 -> 0.037907506 | ... Y9: =VLOOKUP($A9,'RES installed'!$A$2:$C$7,3,FALSE)*'[1]Profiles, RES, Winter'!Y$3 -> 0
A10: 9 | B10: =VLOOKUP($A10,'RES installed'!$A$2:$C$7,3,FALSE)*'[1]Profiles, RES, Winter'!B$3 -> 0 | C10: =VLOOKUP($A10,'RES installed'!$A$2:$C$7,3,FALSE)*'[1]Profiles, RES, Winter'!C$3 -> 0 | D10: =VLOOKUP($A10,'RES installed'!$A$2:$C$7,3,FALSE)*'[1]Profiles, RES, Winter'!D$3 -> 0 | E10: =VLOOKUP($A10,'RES installed'!$A$2:$C$7,3,FALSE)*'[1]Profiles, RES, Winter'!E$3 -> 0 | F10: =VLOOKUP($A10,'RES installed'!$A$2:$C$7,3,FALSE)*'[1]Profiles, RES, Winter'!F$3 -> 0 | G10: =VLOOKUP($A10,'RES installed'!$A$2:$C$7,3,FALSE)*'[1]Profiles, RES, Winter'!G$3 -> 0 | H10: =VLOOKUP($A10,'RES installed'!$A$2:$C$7,3,FALSE)*'[1]Profiles, RES, Winter'!H$3 -> 0 | I10: =VLOOKUP($A10,'RES installed'!$A$2:$C$7,3,FALSE)*'[1]Profiles, RES, Winter'!I$3 -> 0.045489007 | ... Y10: =VLOOKUP($A10,'RES installed'!$A$2:$C$7,3,FALSE)*'[1]Profiles, RES, Winter'!Y$3 -> 0

Sheet Pg, Winter, S9
A1: GenID | B1: 0 | C1: 1 | D1: 2 | E1: 3 | F1: 4 | G1: 5 | H1: 6 | I1: 7 | J1: 8 | K1: 9 | L1: 10 | M1: 11 | N1: 12 | O1: 13 | P1: 14 | Q1: 15 | R1: 16 | S1: 17 | T1: 18 | U1: 19 | V1: 20 | W1: 21 | X1: 22 | Y1: 23
A2: 1 | B2: 0 | C2: 0 | D2: 0 | E2: 0 | F2: 0 | G2: 0 | H2: 0 | I2: 0 | J2: 0 | K2: 0 | L2: 0 | M2: 0 | N2: 0 | O2: 0 | P2: 0 | Q2: 0 | R2: 0 | S2: 0 | T2: 0 | U2: 0 | V2: 0 | W2: 0 | X2: 0 | Y2: 0
A3: 2 | B3: 0 | C3: 0 | D3: 0 | E3: 0 | F3: 0 | G3: 0 | H3: 0 | I3: 0 | J3: 0 | K3: 0 | L3: 0 | M3: 0 | N3: 0 | O3: 0 | P3: 0 | Q3: 0 | R3: 0 | S3: 0 | T3: 0 | U3: 0 | V3: 0 | W3: 0 | X3: 0 | Y3: 0
A4: 3 | B4: 0 | C4: 0 | D4: 0 | E4: 0 | F4: 0 | G4: 0 | H4: 0 | I4: 0 | J4: 0 | K4: 0 | L4: 0 | M4: 0 | N4: 0 | O4: 0 | P4: 0 | Q4: 0 | R4: 0 | S4: 0 | T4: 0 | U4: 0 | V4: 0 | W4: 0 | X4: 0 | Y4: 0
A5: 4 | B5: =VLOOKUP($A5,'RES installed'!$A$2:$C$7,3,FALSE)*'[1]Profiles, RES, Winter'!B$7 -> 22.60839 | C5: =VLOOKUP($A5,'RES installed'!$A$2:$C$7,3,FALSE)*'[1]Profiles, RES, Winter'!C$7 -> 22.509033 | D5: =VLOOKUP($A5,'RES installed'!$A$2:$C$7,3,FALSE)*'[1]Profiles, RES, Winter'!D$7 -> 21.939984 | E5: =VLOOKUP($A5,'RES installed'!$A$2:$C$7,3,FALSE)*'[1]Profiles, RES, Winter'!E$7 -> 22.481935 | F5: =VLOOKUP($A5,'RES installed'!$A$2:$C$7,3,FALSE)*'[1]Profiles, RES, Winter'!F$7 -> 21.849659 | G5: =VLOOKUP($A5,'RES installed'!$A$2:$C$7,3,FALSE)*'[1]Profiles, RES, Winter'!G$7 -> 21.732236 | H5: =VLOOKUP($A5,'RES installed'!$A$2:$C$7,3,FALSE)*'[1]Profiles, RES, Winter'!H$7 -> 22.518065 | I5: =VLOOKUP($A5,'RES installed'!$A$2:$C$7,3,FALSE)*'[1]Profiles, RES, Winter'!I$7 -> 21.163187 | ... Y5: =VLOOKUP($A5,'RES installed'!$A$2:$C$7,3,FALSE)*'[1]Profiles, RES, Winter'!Y$7 -> 18.182457
A6: 5 | B6: =VLOOKUP($A6,'RES installed'!$A$2:$C$7,3,FALSE)*'[1]Profiles, RES, Winter'!B$7 -> 30.14452 | C6: =VLOOKUP($A6,'RES installed'!$A$2:$C$7,3,FALSE)*'[1]Profiles, RES, Winter'!C$7 -> 30.012043 | D6: =VLOOKUP($A6,'RES installed'!$A$2:$C$7,3,FALSE)*'[1]Profiles, RES, Winter'!D$7 -> 29.253312 | E6: =VLOOKUP($A6,'RES installed'!$A$2:$C$7,3,FALSE)*'[1]Profiles, RES, Winter'!E$7 -> 29.975913 | F6: =VLOOKUP($A6,'RES installed'!$A$2:$C$7,3,FALSE)*'[1]Profiles, RES, Winter'!F$7 -> 29.132878 | G6: =VLOOKUP($A6,'RES installed'!$A$2:$C$7,3,FALSE)*'[1]Profiles, RES, Winter'!G$7 -> 28.976315 | H6: =VLOOKUP($A6,'RES installed'!$A$2:$C$7,3,FALSE)*'[1]Profiles, RES, Winter'!H$7 -> 30.024087 | I6: =VLOOKUP($A6,'RES installed'!$A$2:$C$7,3,FALSE)*'[1]Profiles, RES, Winter'!I$7 -> 28.217583 | ... Y6: =VLOOKUP($A6,'RES installed'!$A$2:$C$7,3,FALSE)*'[1]Profiles, RES, Winter'!Y$7 -> 24.243276
A7: 6 | B7: =VLOOKUP($A7,'RES installed'!$A$2:$C$7,3,FALSE)*'[1]Profiles, RES, Winter'!B$7 -> 22.60839 | C7: =VLOOKUP($A7,'RES installed'!$A$2:$C$7,3,FALSE)*'[1]Profiles, RES, Winter'!C$7 -> 22.509033 | D7: =VLOOKUP($A7,'RES installed'!$A$2:$C$7,3,FALSE)*'[1]Profiles, RES, Winter'!D$7 -> 21.939984 | E7: =VLOOKUP($A7,'RES installed'!$A$2:$C$7,3,FALSE)*'[1]Profiles, RES, Winter'!E$7 -> 22.481935 | F7: =VLOOKUP($A7,'RES installed'!$A$2:$C$7,3,FALSE)*'[1]Profiles, RES, Winter'!F$7 -> 21.849659 | G7: =VLOOKUP($A7,'RES installed'!$A$2:$C$7,3,FALSE)*'[1]Profiles, RES, Winter'!G$7 -> 21.732236 | H7: =VLOOKUP($A7,'RES installed'!$A$2:$C$7,3,FALSE)*'[1]Profiles, RES, Winter'!H$7 -> 22.518065 | I7: =VLOOKUP($A7,'RES installed'!$A$2:$C$7,3,FALSE)*'[1]Profiles, RES, Winter'!I$7 -> 21.163187 | ... Y7: =VLOOKUP($A7,'RES installed'!$A$2:$C$7,3,FALSE)*'[1]Profiles, RES, Winter'!Y$7 -> 18.182457
A8: 7 | B8: =VLOOKUP($A8,'RES installed'!$A$2:$C$7,3,FALSE)*'[1]Profiles, RES, Winter'!B$4 -> 0 | C8: =VLOOKUP($A8,'RES installed'!$A$2:$C$7,3,FALSE)*'[1]Profiles, RES, Winter'!C$4 -> 0 | D8: =VLOOKUP($A8,'RES installed'!$A$2:$C$7,3,FALSE)*'[1]Profiles, RES, Winter'!D$4 -> 0 | E8: =VLOOKUP($A8,'RES installed'!$A$2:$C$7,3,FALSE)*'[1]Profiles, RES, Winter'!E$4 -> 0 | F8: =VLOOKUP($A8,'RES installed'!$A$2:$C$7,3,FALSE)*'[1]Profiles, RES, Winter'!F$4 -> 0 | G8: =VLOOKUP($A8,'RES installed'!$A$2:$C$7,3,FALSE)*'[1]Profiles, RES, Winter'!G$4 -> 0 | H8: =VLOOKUP($A8,'RES installed'!$A$2:$C$7,3,FALSE)*'[1]Profiles, RES, Winter'!H$4 -> 0 | I8: =VLOOKUP($A8,'RES installed'!$A$2:$C$7,3,FALSE)*'[1]Profiles, RES, Winter'!I$4 -> 0.028430629 | ... Y8: =VLOOKUP($A8,'RES installed'!$A$2:$C$7,3,FALSE)*'[1]Profiles, RES, Winter'!Y$4 -> 0
A9: 8 | B9: =VLOOKUP($A9,'RES installed'!$A$2:$C$7,3,FALSE)*'[1]Profiles, RES, Winter'!B$4 -> 0 | C9: =VLOOKUP($A9,'RES installed'!$A$2:$C$7,3,FALSE)*'[1]Profiles, RES, Winter'!C$4 -> 0 | D9: =VLOOKUP($A9,'RES installed'!$A$2:$C$7,3,FALSE)*'[1]Profiles, RES, Winter'!D$4 -> 0 | E9: =VLOOKUP($A9,'RES installed'!$A$2:$C$7,3,FALSE)*'[1]Profiles, RES, Winter'!E$4 -> 0 | F9: =VLOOKUP($A9,'RES installed'!$A$2:$C$7,3,FALSE)*'[1]Profiles, RES, Winter'!F$4 -> 0 | G9: =VLOOKUP($A9,'RES installed'!$A$2:$C$7,3,FALSE)*'[1]Profiles, RES, Winter'!G$4 -> 0 | H9: =VLOOKUP($A9,'RES installed'!$A$2:$C$7,3,FALSE)*'[1]Profiles, RES, Winter'!H$4 -> 0 | I9: =VLOOKUP($A9,'RES installed'!$A$2:$C$7,3,FALSE)*'[1]Profiles, RES, Winter'!I$4 -> 0.018953753 | ... Y9: =VLOOKUP($A9,'RES installed'!$A$2:$C$7,3,FALSE)*'[1]Profiles, RES, Winter'!Y$4 -> 0
A10: 9 | B10: =VLOOKUP($A10,'RES installed'!$A$2:$C$7,3,FALSE)*'[1]Profiles, RES, Winter'!B$4 -> 0 | C10: =VLOOKUP($A10,'RES installed'!$A$2:$C$7,3,FALSE)*'[1]Profiles, RES, Winter'!C$4 -> 0 | D10: =VLOOKUP($A10,'RES installed'!$A$2:$C$7,3,FALSE)*'[1]Profiles, RES, Winter'!D$4 -> 0 | E10: =VLOOKUP($A10,'RES installed'!$A$2:$C$7,3,FALSE)*'[1]Profiles, RES, Winter'!E$4 -> 0 | F10: =VLOOKUP($A10,'RES installed'!$A$2:$C$7,3,FALSE)*'[1]Profiles, RES, Winter'!F$4 -> 0 | G10: =VLOOKUP($A10,'RES installed'!$A$2:$C$7,3,FALSE)*'[1]Profiles, RES, Winter'!G$4 -> 0 | H10: =VLOOKUP($A10,'RES installed'!$A$2:$C$7,3,FALSE)*'[1]Profiles, RES, Winter'!H$4 -> 0 | I10: =VLOOKUP($A10,'RES installed'!$A$2:$C$7,3,FALSE)*'[1]Profiles, RES, Winter'!I$4 -> 0.022744503 | ... Y10: =VLOOKUP($A10,'RES installed'!$A$2:$C$7,3,FALSE)*'[1]Profiles, RES, Winter'!Y$4 -> 0

Sheet Qg, Winter, S1
A1: GenID | B1: 0 | C1: 1 | D1: 2 | E1: 3 | F1: 4 | G1: 5 | H1: 6 | I1: 7 | J1: 8 | K1: 9 | L1: 10 | M1: 11 | N1: 12 | O1: 13 | P1: 14 | Q1: 15 | R1: 16 | S1: 17 | T1: 18 | U1: 19 | V1: 20 | W1: 21 | X1: 22 | Y1: 23
A2: 1 | B2: 0 | C2: 0 | D2: 0 | E2: 0 | F2: 0 | G2: 0 | H2: 0 | I2: 0 | J2: 0 | K2: 0 | L2: 0 | M2: 0 | N2: 0 | O2: 0 | P2: 0 | Q2: 0 | R2: 0 | S2: 0 | T2: 0 | U2: 0 | V2: 0 | W2: 0 | X2: 0 | Y2: 0
A3: 2 | B3: 0 | C3: 0 | D3: 0 | E3: 0 | F3: 0 | G3: 0 | H3: 0 | I3: 0 | J3: 0 | K3: 0 | L3: 0 | M3: 0 | N3: 0 | O3: 0 | P3: 0 | Q3: 0 | R3: 0 | S3: 0 | T3: 0 | U3: 0 | V3: 0 | W3: 0 | X3: 0 | Y3: 0
A4: 3 | B4: 0 | C4: 0 | D4: 0 | E4: 0 | F4: 0 | G4: 0 | H4: 0 | I4: 0 | J4: 0 | K4: 0 | L4: 0 | M4: 0 | N4: 0 | O4: 0 | P4: 0 | Q4: 0 | R4: 0 | S4: 0 | T4: 0 | U4: 0 | V4: 0 | W4: 0 | X4: 0 | Y4: 0
A5: 4 | B5: 0 | C5: 0 | D5: 0 | E5: 0 | F5: 0 | G5: 0 | H5: 0 | I5: 0 | J5: 0 | K5: 0 | L5: 0 | M5: 0 | N5: 0 | O5: 0 | P5: 0 | Q5: 0 | R5: 0 | S5: 0 | T5: 0 | U5: 0 | V5: 0 | W5: 0 | X5: 0 | Y5: 0
A6: 5 | B6: 0 | C6: 0 | D6: 0 | E6: 0 | F6: 0 | G6: 0 | H6: 0 | I6: 0 | J6: 0 | K6: 0 | L6: 0 | M6: 0 | N6: 0 | O6: 0 | P6: 0 | Q6: 0 | R6: 0 | S6: 0 | T6: 0 | U6: 0 | V6: 0 | W6: 0 | X6: 0 | Y6: 0
A7: 6 | B7: 0 | C7: 0 | D7: 0 | E7: 0 | F7: 0 | G7: 0 | H7: 0 | I7: 0 | J7: 0 | K7: 0 | L7: 0 | M7: 0 | N7: 0 | O7: 0 | P7: 0 | Q7: 0 | R7: 0 | S7: 0 | T7: 0 | U7: 0 | V7: 0 | W7: 0 | X7: 0 | Y7: 0
A8: 7 | B8: 0 | C8: 0 | D8: 0 | E8: 0 | F8: 0 | G8: 0 | H8: 0 | I8: 0 | J8: 0 | K8: 0 | L8: 0 | M8: 0 | N8: 0 | O8: 0 | P8: 0 | Q8: 0 | R8: 0 | S8: 0 | T8: 0 | U8: 0 | V8: 0 | W8: 0 | X8: 0 | Y8: 0
A9: 8 | B9: 0 | C9: 0 | D9: 0 | E9: 0 | F9: 0 | G9: 0 | H9: 0 | I9: 0 | J9: 0 | K9: 0 | L9: 0 | M9: 0 | N9: 0 | O9: 0 | P9: 0 | Q9: 0 | R9: 0 | S9: 0 | T9: 0 | U9: 0 | V9: 0 | W9: 0 | X9: 0 | Y9: 0
A10: 9 | B10: 0 | C10: 0 | D10: 0 | E10: 0 | F10: 0 | G10: 0 | H10: 0 | I10: 0 | J10: 0 | K10: 0 | L10: 0 | M10: 0 | N10: 0 | O10: 0 | P10: 0 | Q10: 0 | R10: 0 | S10: 0 | T10: 0 | U10: 0 | V10: 0 | W10: 0 | X10: 0 | Y10: 0

Sheet Qg, Winter, S2
A1: GenID | B1: 0 | C1: 1 | D1: 2 | E1: 3 | F1: 4 | G1: 5 | H1: 6 | I1: 7 | J1: 8 | K1: 9 | L1: 10 | M1: 11 | N1: 12 | O1: 13 | P1: 14 | Q1: 15 | R1: 16 | S1: 17 | T1: 18 | U1: 19 | V1: 20 | W1: 21 | X1: 22 | Y1: 23
A2: 1 | B2: 0 | C2: 0 | D2: 0 | E2: 0 | F2: 0 | G2: 0 | H2: 0 | I2: 0 | J2: 0 | K2: 0 | L2: 0 | M2: 0 | N2: 0 | O2: 0 | P2: 0 | Q2: 0 | R2: 0 | S2: 0 | T2: 0 | U2: 0 | V2: 0 | W2: 0 | X2: 0 | Y2: 0
A3: 2 | B3: 0 | C3: 0 | D3: 0 | E3: 0 | F3: 0 | G3: 0 | H3: 0 | I3: 0 | J3: 0 | K3: 0 | L3: 0 | M3: 0 | N3: 0 | O3: 0 | P3: 0 | Q3: 0 | R3: 0 | S3: 0 | T3: 0 | U3: 0 | V3: 0 | W3: 0 | X3: 0 | Y3: 0
A4: 3 | B4: 0 | C4: 0 | D4: 0 | E4: 0 | F4: 0 | G4: 0 | H4: 0 | I4: 0 | J4: 0 | K4: 0 | L4: 0 | M4: 0 | N4: 0 | O4: 0 | P4: 0 | Q4: 0 | R4: 0 | S4: 0 | T4: 0 | U4: 0 | V4: 0 | W4: 0 | X4: 0 | Y4: 0
A5: 4 | B5: 0 | C5: 0 | D5: 0 | E5: 0 | F5: 0 | G5: 0 | H5: 0 | I5: 0 | J5: 0 | K5: 0 | L5: 0 | M5: 0 | N5: 0 | O5: 0 | P5: 0 | Q5: 0 | R5: 0 | S5: 0 | T5: 0 | U5: 0 | V5: 0 | W5: 0 | X5: 0 | Y5: 0
A6: 5 | B6: 0 | C6: 0 | D6: 0 | E6: 0 | F6: 0 | G6: 0 | H6: 0 | I6: 0 | J6: 0 | K6: 0 | L6: 0 | M6: 0 | N6: 0 | O6: 0 | P6: 0 | Q6: 0 | R6: 0 | S6: 0 | T6: 0 | U6: 0 | V6: 0 | W6: 0 | X6: 0 | Y6: 0
A7: 6 | B7: 0 | C7: 0 | D7: 0 | E7: 0 | F7: 0 | G7: 0 | H7: 0 | I7: 0 | J7: 0 | K7: 0 | L7: 0 | M7: 0 | N7: 0 | O7: 0 | P7: 0 | Q7: 0 | R7: 0 | S7: 0 | T7: 0 | U7: 0 | V7: 0 | W7: 0 | X7: 0 | Y7: 0
A8: 7 | B8: 0 | C8: 0 | D8: 0 | E8: 0 | F8: 0 | G8: 0 | H8: 0 | I8: 0 | J8: 0 | K8: 0 | L8: 0 | M8: 0 | N8: 0 | O8: 0 | P8: 0 | Q8: 0 | R8: 0 | S8: 0 | T8: 0 | U8: 0 | V8: 0 | W8: 0 | X8: 0 | Y8: 0
A9: 8 | B9: 0 | C9: 0 | D9: 0 | E9: 0 | F9: 0 | G9: 0 | H9: 0 | I9: 0 | J9: 0 | K9: 0 | L9: 0 | M9: 0 | N9: 0 | O9: 0 | P9: 0 | Q9: 0 | R9: 0 | S9: 0 | T9: 0 | U9: 0 | V9: 0 | W9: 0 | X9: 0 | Y9: 0
A10: 9 | B10: 0 | C10: 0 | D10: 0 | E10: 0 | F10: 0 | G10: 0 | H10: 0 | I10: 0 | J10: 0 | K10: 0 | L10: 0 | M10: 0 | N10: 0 | O10: 0 | P10: 0 | Q10: 0 | R10: 0 | S10: 0 | T10: 0 | U10: 0 | V10: 0 | W10: 0 | X10: 0 | Y10: 0

Sheet Qg, Winter, S3
A1: GenID | B1: 0 | C1: 1 | D1: 2 | E1: 3 | F1: 4 | G1: 5 | H1: 6 | I1: 7 | J1: 8 | K1: 9 | L1: 10 | M1: 11 | N1: 12 | O1: 13 | P1: 14 | Q1: 15 | R1: 16 | S1: 17 | T1: 18 | U1: 19 | V1: 20 | W1: 21 | X1: 22 | Y1: 23
A2: 1 | B2: 0 | C2: 0 | D2: 0 | E2: 0 | F2: 0 | G2: 0 | H2: 0 | I2: 0 | J2: 0 | K2: 0 | L2: 0 | M2: 0 | N2: 0 | O2: 0 | P2: 0 | Q2: 0 | R2: 0 | S2: 0 | T2: 0 | U2: 0 | V2: 0 | W2: 0 | X2: 0 | Y2: 0
A3: 2 | B3: 0 | C3: 0 | D3: 0 | E3: 0 | F3: 0 | G3: 0 | H3: 0 | I3: 0 | J3: 0 | K3: 0 | L3: 0 | M3: 0 | N3: 0 | O3: 0 | P3: 0 | Q3: 0 | R3: 0 | S3: 0 | T3: 0 | U3: 0 | V3: 0 | W3: 0 | X3: 0 | Y3: 0
A4: 3 | B4: 0 | C4: 0 | D4: 0 | E4: 0 | F4: 0 | G4: 0 | H4: 0 | I4: 0 | J4: 0 | K4: 0 | L4: 0 | M4: 0 | N4: 0 | O4: 0 | P4: 0 | Q4: 0 | R4: 0 | S4: 0 | T4: 0 | U4: 0 | V4: 0 | W4: 0 | X4: 0 | Y4: 0
A5: 4 | B5: 0 | C5: 0 | D5: 0 | E5: 0 | F5: 0 | G5: 0 | H5: 0 | I5: 0 | J5: 0 | K5: 0 | L5: 0 | M5: 0 | N5: 0 | O5: 0 | P5: 0 | Q5: 0 | R5: 0 | S5: 0 | T5: 0 | U5: 0 | V5: 0 | W5: 0 | X5: 0 | Y5: 0
A6: 5 | B6: 0 | C6: 0 | D6: 0 | E6: 0 | F6: 0 | G6: 0 | H6: 0 | I6: 0 | J6: 0 | K6: 0 | L6: 0 | M6: 0 | N6: 0 | O6: 0 | P6: 0 | Q6: 0 | R6: 0 | S6: 0 | T6: 0 | U6: 0 | V6: 0 | W6: 0 | X6: 0 | Y6: 0
A7: 6 | B7: 0 | C7: 0 | D7: 0 | E7: 0 | F7: 0 | G7: 0 | H7: 0 | I7: 0 | J7: 0 | K7: 0 | L7: 0 | M7: 0 | N7: 0 | O7: 0 | P7: 0 | Q7: 0 | R7: 0 | S7: 0 | T7: 0 | U7: 0 | V7: 0 | W7: 0 | X7: 0 | Y7: 0
A8: 7 | B8: 0 | C8: 0 | D8: 0 | E8: 0 | F8: 0 | G8: 0 | H8: 0 | I8: 0 | J8: 0 | K8: 0 | L8: 0 | M8: 0 | N8: 0 | O8: 0 | P8: 0 | Q8: 0 | R8: 0 | S8: 0 | T8: 0 | U8: 0 | V8: 0 | W8: 0 | X8: 0 | Y8: 0
A9: 8 | B9: 0 | C9: 0 | D9: 0 | E9: 0 | F9: 0 | G9: 0 | H9: 0 | I9: 0 | J9: 0 | K9: 0 | L9: 0 | M9: 0 | N9: 0 | O9: 0 | P9: 0 | Q9: 0 | R9: 0 | S9: 0 | T9: 0 | U9: 0 | V9: 0 | W9: 0 | X9: 0 | Y9: 0
A10: 9 | B10: 0 | C10: 0 | D10: 0 | E10: 0 | F10: 0 | G10: 0 | H10: 0 | I10: 0 | J10: 0 | K10: 0 | L10: 0 | M10: 0 | N10: 0 | O10: 0 | P10: 0 | Q10: 0 | R10: 0 | S10: 0 | T10: 0 | U10: 0 | V10: 0 | W10: 0 | X10: 0 | Y10: 0

Sheet Qg, Winter, S4
A1: GenID | B1: 0 | C1: 1 | D1: 2 | E1: 3 | F1: 4 | G1: 5 | H1: 6 | I1: 7 | J1: 8 | K1: 9 | L1: 10 | M1: 11 | N1: 12 | O1: 13 | P1: 14 | Q1: 15 | R1: 16 | S1: 17 | T1: 18 | U1: 19 | V1: 20 | W1: 21 | X1: 22 | Y1: 23
A2: 1 | B2: 0 | C2: 0 | D2: 0 | E2: 0 | F2: 0 | G2: 0 | H2: 0 | I2: 0 | J2: 0 | K2: 0 | L2: 0 | M2: 0 | N2: 0 | O2: 0 | P2: 0 | Q2: 0 | R2: 0 | S2: 0 | T2: 0 | U2: 0 | V2: 0 | W2: 0 | X2: 0 | Y2: 0
A3: 2 | B3: 0 | C3: 0 | D3: 0 | E3: 0 | F3: 0 | G3: 0 | H3: 0 | I3: 0 | J3: 0 | K3: 0 | L3: 0 | M3: 0 | N3: 0 | O3: 0 | P3: 0 | Q3: 0 | R3: 0 | S3: 0 | T3: 0 | U3: 0 | V3: 0 | W3: 0 | X3: 0 | Y3: 0
A4: 3 | B4: 0 | C4: 0 | D4: 0 | E4: 0 | F4: 0 | G4: 0 | H4: 0 | I4: 0 | J4: 0 | K4: 0 | L4: 0 | M4: 0 | N4: 0 | O4: 0 | P4: 0 | Q4: 0 | R4: 0 | S4: 0 | T4: 0 | U4: 0 | V4: 0 | W4: 0 | X4: 0 | Y4: 0
A5: 4 | B5: 0 | C5: 0 | D5: 0 | E5: 0 | F5: 0 | G5: 0 | H5: 0 | I5: 0 | J5: 0 | K5: 0 | L5: 0 | M5: 0 | N5: 0 | O5: 0 | P5: 0 | Q5: 0 | R5: 0 | S5: 0 | T5: 0 | U5: 0 | V5: 0 | W5: 0 | X5: 0 | Y5: 0
A6: 5 | B6: 0 | C6: 0 | D6: 0 | E6: 0 | F6: 0 | G6: 0 | H6: 0 | I6: 0 | J6: 0 | K6: 0 | L6: 0 | M6: 0 | N6: 0 | O6: 0 | P6: 0 | Q6: 0 | R6: 0 | S6: 0 | T6: 0 | U6: 0 | V6: 0 | W6: 0 | X6: 0 | Y6: 0
A7: 6 | B7: 0 | C7: 0 | D7: 0 | E7: 0 | F7: 0 | G7: 0 | H7: 0 | I7: 0 | J7: 0 | K7: 0 | L7: 0 | M7: 0 | N7: 0 | O7: 0 | P7: 0 | Q7: 0 | R7: 0 | S7: 0 | T7: 0 | U7: 0 | V7: 0 | W7: 0 | X7: 0 | Y7: 0
A8: 7 | B8: 0 | C8: 0 | D8: 0 | E8: 0 | F8: 0 | G8: 0 | H8: 0 | I8: 0 | J8: 0 | K8: 0 | L8: 0 | M8: 0 | N8: 0 | O8: 0 | P8: 0 | Q8: 0 | R8: 0 | S8: 0 | T8: 0 | U8: 0 | V8: 0 | W8: 0 | X8: 0 | Y8: 0
A9: 8 | B9: 0 | C9: 0 | D9: 0 | E9: 0 | F9: 0 | G9: 0 | H9: 0 | I9: 0 | J9: 0 | K9: 0 | L9: 0 | M9: 0 | N9: 0 | O9: 0 | P9: 0 | Q9: 0 | R9: 0 | S9: 0 | T9: 0 | U9: 0 | V9: 0 | W9: 0 | X9: 0 | Y9: 0
A10: 9 | B10: 0 | C10: 0 | D10: 0 | E10: 0 | F10: 0 | G10: 0 | H10: 0 | I10: 0 | J10: 0 | K10: 0 | L10: 0 | M10: 0 | N10: 0 | O10: 0 | P10: 0 | Q10: 0 | R10: 0 | S10: 0 | T10: 0 | U10: 0 | V10: 0 | W10: 0 | X10: 0 | Y10: 0

Sheet Qg, Winter, S5
A1: GenID | B1: 0 | C1: 1 | D1: 2 | E1: 3 | F1: 4 | G1: 5 | H1: 6 | I1: 7 | J1: 8 | K1: 9 | L1: 10 | M1: 11 | N1: 12 | O1: 13 | P1: 14 | Q1: 15 | R1: 16 | S1: 17 | T1: 18 | U1: 19 | V1: 20 | W1: 21 | X1: 22 | Y1: 23
A2: 1 | B2: 0 | C2: 0 | D2: 0 | E2: 0 | F2: 0 | G2: 0 | H2: 0 | I2: 0 | J2: 0 | K2: 0 | L2: 0 | M2: 0 | N2: 0 | O2: 0 | P2: 0 | Q2: 0 | R2: 0 | S2: 0 | T2: 0 | U2: 0 | V2: 0 | W2: 0 | X2: 0 | Y2: 0
A3: 2 | B3: 0 | C3: 0 | D3: 0 | E3: 0 | F3: 0 | G3: 0 | H3: 0 | I3: 0 | J3: 0 | K3: 0 | L3: 0 | M3: 0 | N3: 0 | O3: 0 | P3: 0 | Q3: 0 | R3: 0 | S3: 0 | T3: 0 | U3: 0 | V3: 0 | W3: 0 | X3: 0 | Y3: 0
A4: 3 | B4: 0 | C4: 0 | D4: 0 | E4: 0 | F4: 0 | G4: 0 | H4: 0 | I4: 0 | J4: 0 | K4: 0 | L4: 0 | M4: 0 | N4: 0 | O4: 0 | P4: 0 | Q4: 0 | R4: 0 | S4: 0 | T4: 0 | U4: 0 | V4: 0 | W4: 0 | X4: 0 | Y4: 0
A5: 4 | B5: 0 | C5: 0 | D5: 0 | E5: 0 | F5: 0 | G5: 0 | H5: 0 | I5: 0 | J5: 0 | K5: 0 | L5: 0 | M5: 0 | N5: 0 | O5: 0 | P5: 0 | Q5: 0 | R5: 0 | S5: 0 | T5: 0 | U5: 0 | V5: 0 | W5: 0 | X5: 0 | Y5: 0
A6: 5 | B6: 0 | C6: 0 | D6: 0 | E6: 0 | F6: 0 | G6: 0 | H6: 0 | I6: 0 | J6: 0 | K6: 0 | L6: 0 | M6: 0 | N6: 0 | O6: 0 | P6: 0 | Q6: 0 | R6: 0 | S6: 0 | T6: 0 | U6: 0 | V6: 0 | W6: 0 | X6: 0 | Y6: 0
A7: 6 | B7: 0 | C7: 0 | D7: 0 | E7: 0 | F7: 0 | G7: 0 | H7: 0 | I7: 0 | J7: 0 | K7: 0 | L7: 0 | M7: 0 | N7: 0 | O7: 0 | P7: 0 | Q7: 0 | R7: 0 | S7: 0 | T7: 0 | U7: 0 | V7: 0 | W7: 0 | X7: 0 | Y7: 0
A8: 7 | B8: 0 | C8: 0 | D8: 0 | E8: 0 | F8: 0 | G8: 0 | H8: 0 | I8: 0 | J8: 0 | K8: 0 | L8: 0 | M8: 0 | N8: 0 | O8: 0 | P8: 0 | Q8: 0 | R8: 0 | S8: 0 | T8: 0 | U8: 0 | V8: 0 | W8: 0 | X8: 0 | Y8: 0
A9: 8 | B9: 0 | C9: 0 | D9: 0 | E9: 0 | F9: 0 | G9: 0 | H9: 0 | I9: 0 | J9: 0 | K9: 0 | L9: 0 | M9: 0 | N9: 0 | O9: 0 | P9: 0 | Q9: 0 | R9: 0 | S9: 0 | T9: 0 | U9: 0 | V9: 0 | W9: 0 | X9: 0 | Y9: 0
A10: 9 | B10: 0 | C10: 0 | D10: 0 | E10: 0 | F10: 0 | G10: 0 | H10: 0 | I10: 0 | J10: 0 | K10: 0 | L10: 0 | M10: 0 | N10: 0 | O10: 0 | P10: 0 | Q10: 0 | R10: 0 | S10: 0 | T10: 0 | U10: 0 | V10: 0 | W10: 0 | X10: 0 | Y10: 0

Sheet Qg, Winter, S6
A1: GenID | B1: 0 | C1: 1 | D1: 2 | E1: 3 | F1: 4 | G1: 5 | H1: 6 | I1: 7 | J1: 8 | K1: 9 | L1: 10 | M1: 11 | N1: 12 | O1: 13 | P1: 14 | Q1: 15 | R1: 16 | S1: 17 | T1: 18 | U1: 19 | V1: 20 | W1: 21 | X1: 22 | Y1: 23
A2: 1 | B2: 0 | C2: 0 | D2: 0 | E2: 0 | F2: 0 | G2: 0 | H2: 0 | I2: 0 | J2: 0 | K2: 0 | L2: 0 | M2: 0 | N2: 0 | O2: 0 | P2: 0 | Q2: 0 | R2: 0 | S2: 0 | T2: 0 | U2: 0 | V2: 0 | W2: 0 | X2: 0 | Y2: 0
A3: 2 | B3: 0 | C3: 0 | D3: 0 | E3: 0 | F3: 0 | G3: 0 | H3: 0 | I3: 0 | J3: 0 | K3: 0 | L3: 0 | M3: 0 | N3: 0 | O3: 0 | P3: 0 | Q3: 0 | R3: 0 | S3: 0 | T3: 0 | U3: 0 | V3: 0 | W3: 0 | X3: 0 | Y3: 0
A4: 3 | B4: 0 | C4: 0 | D4: 0 | E4: 0 | F4: 0 | G4: 0 | H4: 0 | I4: 0 | J4: 0 | K4: 0 | L4: 0 | M4: 0 | N4: 0 | O4: 0 | P4: 0 | Q4: 0 | R4: 0 | S4: 0 | T4: 0 | U4: 0 | V4: 0 | W4: 0 | X4: 0 | Y4: 0
A5: 4 | B5: 0 | C5: 0 | D5: 0 | E5: 0 | F5: 0 | G5: 0 | H5: 0 | I5: 0 | J5: 0 | K5: 0 | L5: 0 | M5: 0 | N5: 0 | O5: 0 | P5: 0 | Q5: 0 | R5: 0 | S5: 0 | T5: 0 | U5: 0 | V5: 0 | W5: 0 | X5: 0 | Y5: 0
A6: 5 | B6: 0 | C6: 0 | D6: 0 | E6: 0 | F6: 0 | G6: 0 | H6: 0 | I6: 0 | J6: 0 | K6: 0 | L6: 0 | M6: 0 | N6: 0 | O6: 0 | P6: 0 | Q6: 0 | R6: 0 | S6: 0 | T6: 0 | U6: 0 | V6: 0 | W6: 0 | X6: 0 | Y6: 0
A7: 6 | B7: 0 | C7: 0 | D7: 0 | E7: 0 | F7: 0 | G7: 0 | H7: 0 | I7: 0 | J7: 0 | K7: 0 | L7: 0 | M7: 0 | N7: 0 | O7: 0 | P7: 0 | Q7: 0 | R7: 0 | S7: 0 | T7: 0 | U7: 0 | V7: 0 | W7: 0 | X7: 0 | Y7: 0
A8: 7 | B8: 0 | C8: 0 | D8: 0 | E8: 0 | F8: 0 | G8: 0 | H8: 0 | I8: 0 | J8: 0 | K8: 0 | L8: 0 | M8: 0 | N8: 0 | O8: 0 | P8: 0 | Q8: 0 | R8: 0 | S8: 0 | T8: 0 | U8: 0 | V8: 0 | W8: 0 | X8: 0 | Y8: 0
A9: 8 | B9: 0 | C9: 0 | D9: 0 | E9: 0 | F9: 0 | G9: 0 | H9: 0 | I9: 0 | J9: 0 | K9: 0 | L9: 0 | M9: 0 | N9: 0 | O9: 0 | P9: 0 | Q9: 0 | R9: 0 | S9: 0 | T9: 0 | U9: 0 | V9: 0 | W9: 0 | X9: 0 | Y9: 0
A10: 9 | B10: 0 | C10: 0 | D10: 0 | E10: 0 | F10: 0 | G10: 0 | H10: 0 | I10: 0 | J10: 0 | K10: 0 | L10: 0 | M10: 0 | N10: 0 | O10: 0 | P10: 0 | Q10: 0 | R10: 0 | S10: 0 | T10: 0 | U10: 0 | V10: 0 | W10: 0 | X10: 0 | Y10: 0

Sheet Qg, Winter, S7
A1: GenID | B1: 0 | C1: 1 | D1: 2 | E1: 3 | F1: 4 | G1: 5 | H1: 6 | I1: 7 | J1: 8 | K1: 9 | L1: 10 | M1: 11 | N1: 12 | O1: 13 | P1: 14 | Q1: 15 | R1: 16 | S1: 17 | T1: 18 | U1: 19 | V1: 20 | W1: 21 | X1: 22 | Y1: 23
A2: 1 | B2: 0 | C2: 0 | D2: 0 | E2: 0 | F2: 0 | G2: 0 | H2: 0 | I2: 0 | J2: 0 | K2: 0 | L2: 0 | M2: 0 | N2: 0 | O2: 0 | P2: 0 | Q2: 0 | R2: 0 | S2: 0 | T2: 0 | U2: 0 | V2: 0 | W2: 0 | X2: 0 | Y2: 0
A3: 2 | B3: 0 | C3: 0 | D3: 0 | E3: 0 | F3: 0 | G3: 0 | H3: 0 | I3: 0 | J3: 0 | K3: 0 | L3: 0 | M3: 0 | N3: 0 | O3: 0 | P3: 0 | Q3: 0 | R3: 0 | S3: 0 | T3: 0 | U3: 0 | V3: 0 | W3: 0 | X3: 0 | Y3: 0
A4: 3 | B4: 0 | C4: 0 | D4: 0 | E4: 0 | F4: 0 | G4: 0 | H4: 0 | I4: 0 | J4: 0 | K4: 0 | L4: 0 | M4: 0 | N4: 0 | O4: 0 | P4: 0 | Q4: 0 | R4: 0 | S4: 0 | T4: 0 | U4: 0 | V4: 0 | W4: 0 | X4: 0 | Y4: 0
A5: 4 | B5: 0 | C5: 0 | D5: 0 | E5: 0 | F5: 0 | G5: 0 | H5: 0 | I5: 0 | J5: 0 | K5: 0 | L5: 0 | M5: 0 | N5: 0 | O5: 0 | P5: 0 | Q5: 0 | R5: 0 | S5: 0 | T5: 0 | U5: 0 | V5: 0 | W5: 0 | X5: 0 | Y5: 0
A6: 5 | B6: 0 | C6: 0 | D6: 0 | E6: 0 | F6: 0 | G6: 0 | H6: 0 | I6: 0 | J6: 0 | K6: 0 | L6: 0 | M6: 0 | N6: 0 | O6: 0 | P6: 0 | Q6: 0 | R6: 0 | S6: 0 | T6: 0 | U6: 0 | V6: 0 | W6: 0 | X6: 0 | Y6: 0
A7: 6 | B7: 0 | C7: 0 | D7: 0 | E7: 0 | F7: 0 | G7: 0 | H7: 0 | I7: 0 | J7: 0 | K7: 0 | L7: 0 | M7: 0 | N7: 0 | O7: 0 | P7: 0 | Q7: 0 | R7: 0 | S7: 0 | T7: 0 | U7: 0 | V7: 0 | W7: 0 | X7: 0 | Y7: 0
A8: 7 | B8: 0 | C8: 0 | D8: 0 | E8: 0 | F8: 0 | G8: 0 | H8: 0 | I8: 0 | J8: 0 | K8: 0 | L8: 0 | M8: 0 | N8: 0 | O8: 0 | P8: 0 | Q8: 0 | R8: 0 | S8: 0 | T8: 0 | U8: 0 | V8: 0 | W8: 0 | X8: 0 | Y8: 0
A9: 8 | B9: 0 | C9: 0 | D9: 0 | E9: 0 | F9: 0 | G9: 0 | H9: 0 | I9: 0 | J9: 0 | K9: 0 | L9: 0 | M9: 0 | N9: 0 | O9: 0 | P9: 0 | Q9: 0 | R9: 0 | S9: 0 | T9: 0 | U9: 0 | V9: 0 | W9: 0 | X9: 0 | Y9: 0
A10: 9 | B10: 0 | C10: 0 | D10: 0 | E10: 0 | F10: 0 | G10: 0 | H10: 0 | I10: 0 | J10: 0 | K10: 0 | L10: 0 | M10: 0 | N10: 0 | O10: 0 | P10: 0 | Q10: 0 | R10: 0 | S10: 0 | T10: 0 | U10: 0 | V10: 0 | W10: 0 | X10: 0 | Y10: 0

Sheet Qg, Winter, S8
A1: GenID | B1: 0 | C1: 1 | D1: 2 | E1: 3 | F1: 4 | G1: 5 | H1: 6 | I1: 7 | J1: 8 | K1: 9 | L1: 10 | M1: 11 | N1: 12 | O1: 13 | P1: 14 | Q1: 15 | R1: 16 | S1: 17 | T1: 18 | U1: 19 | V1: 20 | W1: 21 | X1: 22 | Y1: 23
A2: 1 | B2: 0 | C2: 0 | D2: 0 | E2: 0 | F2: 0 | G2: 0 | H2: 0 | I2: 0 | J2: 0 | K2: 0 | L2: 0 | M2: 0 | N2: 0 | O2: 0 | P2: 0 | Q2: 0 | R2: 0 | S2: 0 | T2: 0 | U2: 0 | V2: 0 | W2: 0 | X2: 0 | Y2: 0
A3: 2 | B3: 0 | C3: 0 | D3: 0 | E3: 0 | F3: 0 | G3: 0 | H3: 0 | I3: 0 | J3: 0 | K3: 0 | L3: 0 | M3: 0 | N3: 0 | O3: 0 | P3: 0 | Q3: 0 | R3: 0 | S3: 0 | T3: 0 | U3: 0 | V3: 0 | W3: 0 | X3: 0 | Y3: 0
A4: 3 | B4: 0 | C4: 0 | D4: 0 | E4: 0 | F4: 0 | G4: 0 | H4: 0 | I4: 0 | J4: 0 | K4: 0 | L4: 0 | M4: 0 | N4: 0 | O4: 0 | P4: 0 | Q4: 0 | R4: 0 | S4: 0 | T4: 0 | U4: 0 | V4: 0 | W4: 0 | X4: 0 | Y4: 0
A5: 4 | B5: 0 | C5: 0 | D5: 0 | E5: 0 | F5: 0 | G5: 0 | H5: 0 | I5: 0 | J5: 0 | K5: 0 | L5: 0 | M5: 0 | N5: 0 | O5: 0 | P5: 0 | Q5: 0 | R5: 0 | S5: 0 | T5: 0 | U5: 0 | V5: 0 | W5: 0 | X5: 0 | Y5: 0
A6: 5 | B6: 0 | C6: 0 | D6: 0 | E6: 0 | F6: 0 | G6: 0 | H6: 0 | I6: 0 | J6: 0 | K6: 0 | L6: 0 | M6: 0 | N6: 0 | O6: 0 | P6: 0 | Q6: 0 | R6: 0 | S6: 0 | T6: 0 | U6: 0 | V6: 0 | W6: 0 | X6: 0 | Y6: 0
A7: 6 | B7: 0 | C7: 0 | D7: 0 | E7: 0 | F7: 0 | G7: 0 | H7: 0 | I7: 0 | J7: 0 | K7: 0 | L7: 0 | M7: 0 | N7: 0 | O7: 0 | P7: 0 | Q7: 0 | R7: 0 | S7: 0 | T7: 0 | U7: 0 | V7: 0 | W7: 0 | X7: 0 | Y7: 0
A8: 7 | B8: 0 | C8: 0 | D8: 0 | E8: 0 | F8: 0 | G8: 0 | H8: 0 | I8: 0 | J8: 0 | K8: 0 | L8: 0 | M8: 0 | N8: 0 | O8: 0 | P8: 0 | Q8: 0 | R8: 0 | S8: 0 | T8: 0 | U8: 0 | V8: 0 | W8: 0 | X8: 0 | Y8: 0
A9: 8 | B9: 0 | C9: 0 | D9: 0 | E9: 0 | F9: 0 | G9: 0 | H9: 0 | I9: 0 | J9: 0 | K9: 0 | L9: 0 | M9: 0 | N9: 0 | O9: 0 | P9: 0 | Q9: 0 | R9: 0 | S9: 0 | T9: 0 | U9: 0 | V9: 0 | W9: 0 | X9: 0 | Y9: 0
A10: 9 | B10: 0 | C10: 0 | D10: 0 | E10: 0 | F10: 0 | G10: 0 | H10: 0 | I10: 0 | J10: 0 | K10: 0 | L10: 0 | M10: 0 | N10: 0 | O10: 0 | P10: 0 | Q10: 0 | R10: 0 | S10: 0 | T10: 0 | U10: 0 | V10: 0 | W10: 0 | X10: 0 | Y10: 0

Sheet Qg, Winter, S9
A1: GenID | B1: 0 | C1: 1 | D1: 2 | E1: 3 | F1: 4 | G1: 5 | H1: 6 | I1: 7 | J1: 8 | K1: 9 | L1: 10 | M1: 11 | N1: 12 | O1: 13 | P1: 14 | Q1: 15 | R1: 16 | S1: 17 | T1: 18 | U1: 19 | V1: 20 | W1: 21 | X1: 22 | Y1: 23
A2: 1 | B2: 0 | C2: 0 | D2: 0 | E2: 0 | F2: 0 | G2: 0 | H2: 0 | I2: 0 | J2: 0 | K2: 0 | L2: 0 | M2: 0 | N2: 0 | O2: 0 | P2: 0 | Q2: 0 | R2: 0 | S2: 0 | T2: 0 | U2: 0 | V2: 0 | W2: 0 | X2: 0 | Y2: 0
A3: 2 | B3: 0 | C3: 0 | D3: 0 | E3: 0 | F3: 0 | G3: 0 | H3: 0 | I3: 0 | J3: 0 | K3: 0 | L3: 0 | M3: 0 | N3: 0 | O3: 0 | P3: 0 | Q3: 0 | R3: 0 | S3: 0 | T3: 0 | U3: 0 | V3: 0 | W3: 0 | X3: 0 | Y3: 0
A4: 3 | B4: 0 | C4: 0 | D4: 0 | E4: 0 | F4: 0 | G4: 0 | H4: 0 | I4: 0 | J4: 0 | K4: 0 | L4: 0 | M4: 0 | N4: 0 | O4: 0 | P4: 0 | Q4: 0 | R4: 0 | S4: 0 | T4: 0 | U4: 0 | V4: 0 | W4: 0 | X4: 0 | Y4: 0
A5: 4 | B5: 0 | C5: 0 | D5: 0 | E5: 0 | F5: 0 | G5: 0 | H5: 0 | I5: 0 | J5: 0 | K5: 0 | L5: 0 | M5: 0 | N5: 0 | O5: 0 | P5: 0 | Q5: 0 | R5: 0 | S5: 0 | T5: 0 | U5: 0 | V5: 0 | W5: 0 | X5: 0 | Y5: 0
A6: 5 | B6: 0 | C6: 0 | D6: 0 | E6: 0 | F6: 0 | G6: 0 | H6: 0 | I6: 0 | J6: 0 | K6: 0 | L6: 0 | M6: 0 | N6: 0 | O6: 0 | P6: 0 | Q6: 0 | R6: 0 | S6: 0 | T6: 0 | U6: 0 | V6: 0 | W6: 0 | X6: 0 | Y6: 0
A7: 6 | B7: 0 | C7: 0 | D7: 0 | E7: 0 | F7: 0 | G7: 0 | H7: 0 | I7: 0 | J7: 0 | K7: 0 | L7: 0 | M7: 0 | N7: 0 | O7: 0 | P7: 0 | Q7: 0 | R7: 0 | S7: 0 | T7: 0 | U7: 0 | V7: 0 | W7: 0 | X7: 0 | Y7: 0
A8: 7 | B8: 0 | C8: 0 | D8: 0 | E8: 0 | F8: 0 | G8: 0 | H8: 0 | I8: 0 | J8: 0 | K8: 0 | L8: 0 | M8: 0 | N8: 0 | O8: 0 | P8: 0 | Q8: 0 | R8: 0 | S8: 0 | T8: 0 | U8: 0 | V8: 0 | W8: 0 | X8: 0 | Y8: 0
A9: 8 | B9: 0 | C9: 0 | D9: 0 | E9: 0 | F9: 0 | G9: 0 | H9: 0 | I9: 0 | J9: 0 | K9: 0 | L9: 0 | M9: 0 | N9: 0 | O9: 0 | P9: 0 | Q9: 0 | R9: 0 | S9: 0 | T9: 0 | U9: 0 | V9: 0 | W9: 0 | X9: 0 | Y9: 0
A10: 9 | B10: 0 | C10: 0 | D10: 0 | E10: 0 | F10: 0 | G10: 0 | H10: 0 | I10: 0 | J10: 0 | K10: 0 | L10: 0 | M10: 0 | N10: 0 | O10: 0 | P10: 0 | Q10: 0 | R10: 0 | S10: 0 | T10: 0 | U10: 0 | V10: 0 | W10: 0 | X10: 0 | Y10: 0

Sheet GenStatus, Winter
A1: GenID | B1: 0 | C1: 1 | D1: 2 | E1: 3 | F1: 4 | G1: 5 | H1: 6 | I1: 7 | J1: 8 | K1: 9 | L1: 10 | M1: 11 | N1: 12 | O1: 13 | P1: 14 | Q1: 15 | R1: 16 | S1: 17 | T1: 18 | U1: 19 | V1: 20 | W1: 21 | X1: 22 | Y1: 23
A2: 1 | B2: 1 | C2: 1 | D2: 1 | E2: 1 | F2: 1 | G2: 1 | H2: 1 | I2: 1 | J2: 1 | K2: 1 | L2: 0 | M2: 0 | N2: 0 | O2: 0 | P2: 1 | Q2: 1 | R2: 1 | S2: 1 | T2: 1 | U2: 1 | V2: 1 | W2: 1 | X2: 1 | Y2: 1
A3: 2 | B3: 1 | C3: 1 | D3: 1 | E3: 1 | F3: 1 | G3: 1 | H3: 1 | I3: 1 | J3: 1 | K3: 1 | L3: 1 | M3: 1 | N3: 1 | O3: 1 | P3: 1 | Q3: 1 | R3: 1 | S3: 1 | T3: 1 | U3: 1 | V3: 1 | W3: 1 | X3: 1 | Y3: 1
A4: 3 | B4: 1 | C4: 1 | D4: 1 | E4: 1 | F4: 1 | G4: 1 | H4: 1 | I4: 1 | J4: 1 | K4: 1 | L4: 1 | M4: 1 | N4: 1 | O4: 1 | P4: 1 | Q4: 1 | R4: 1 | S4: 1 | T4: 1 | U4: 1 | V4: 1 | W4: 1 | X4: 1 | Y4: 1
A5: 4 | B5: 1 | C5: 1 | D5: 1 | E5: 1 | F5: 1 | G5: 1 | H5: 1 | I5: 1 | J5: 1 | K5: 1 | L5: 1 | M5: 1 | N5: 1 | O5: 1 | P5: 1 | Q5: 1 | R5: 1 | S5: 1 | T5: 1 | U5: 1 | V5: 1 | W5: 1 | X5: 1 | Y5: 1
A6: 5 | B6: 1 | C6: 1 | D6: 1 | E6: 1 | F6: 1 | G6: 1 | H6: 1 | I6: 1 | J6: 1 | K6: 1 | L6: 1 | M6: 1 | N6: 1 | O6: 1 | P6: 1 | Q6: 1 | R6: 1 | S6: 1 | T6: 1 | U6: 1 | V6: 1 | W6: 1 | X6: 1 | Y6: 1
A7: 6 | B7: 1 | C7: 1 | D7: 1 | E7: 1 | F7: 1 | G7: 1 | H7: 1 | I7: 1 | J7: 1 | K7: 1 | L7: 1 | M7: 1 | N7: 1 | O7: 1 | P7: 1 | Q7: 1 | R7: 1 | S7: 1 | T7: 1 | U7: 1 | V7: 1 | W7: 1 | X7: 1 | Y7: 1
A8: 7 | B8: 1 | C8: 1 | D8: 1 | E8: 1 | F8: 1 | G8: 1 | H8: 1 | I8: 1 | J8: 1 | K8: 1 | L8: 1 | M8: 1 | N8: 1 | O8: 1 | P8: 1 | Q8: 1 | R8: 1 | S8: 1 | T8: 1 | U8: 1 | V8: 1 | W8: 1 | X8: 1 | Y8: 1
A9: 8 | B9: 1 | C9: 1 | D9: 1 | E9: 1 | F9: 1 | G9: 1 | H9: 1 | I9: 1 | J9: 1 | K9: 1 | L9: 1 | M9: 1 | N9: 1 | O9: 1 | P9: 1 | Q9: 1 | R9: 1 | S9: 1 | T9: 1 | U9: 1 | V9: 1 | W9: 1 | X9: 1 | Y9: 1
A10: 9 | B10: 1 | C10: 1 | D10: 1 | E10: 1 | F10: 1 | G10: 1 | H10: 1 | I10: 1 | J10: 1 | K10: 1 | L10: 1 | M10: 1 | N10: 1 | O10: 1 | P10: 1 | Q10: 1 | R10: 1 | S10: 1 | T10: 1 | U10: 1 | V10: 1 | W10: 1 | X10: 1 | Y10: 1

Sheet Pc, Spring, S1
A1: LoadID | B1: 0 | C1: 1 | D1: 2 | E1: 3 | F1: 4 | G1: 5 | H1: 6 | I1: 7 | J1: 8 | K1: 9 | L1: 10 | M1: 11 | N1: 12 | O1: 13 | P1: 14 | Q1: 15 | R1: 16 | S1: 17 | T1: 18 | U1: 19 | V1: 20 | W1: 21 | X1: 22 | Y1: 23
A2: 1 | B2: =('[1]Pc, Spring, S1'!B2*Main!$B$5)+(_xlfn.IFNA(VLOOKUP($A2,'FL Ratio'!$A$3:$B$10,2,FALSE),0)*'FL Characterization'!B$2) -> 37.468709 | C2: =('[1]Pc, Spring, S1'!C2*Main!$B$5)+(_xlfn.IFNA(VLOOKUP($A2,'FL Ratio'!$A$3:$B$10,2,FALSE),0)*'FL Characterization'!C$2) -> 33.496883 | D2: =('[1]Pc, Spring, S1'!D2*Main!$B$5)+(_xlfn.IFNA(VLOOKUP($A2,'FL Ratio'!$A$3:$B$10,2,FALSE),0)*'FL Characterization'!D$2) -> 31.946518 | E2: =('[1]Pc, Spring, S1'!E2*Main!$B$5)+(_xlfn.IFNA(VLOOKUP($A2,'FL Ratio'!$A$3:$B$10,2,FALSE),0)*'FL Characterization'!E$2) -> 31.87304 | F2: =('[1]Pc, Spring, S1'!F2*Main!$B$5)+(_xlfn.IFNA(VLOOKUP($A2,'FL Ratio'!$A$3:$B$10,2,FALSE),0)*'FL Characterization'!F$2) -> 31.478499 | G2: =('[1]Pc, Spring, S1'!G2*Main!$B$5)+(_xlfn.IFNA(VLOOKUP($A2,'FL Ratio'!$A$3:$B$10,2,FALSE),0)*'FL Characterization'!G$2) -> 32.894895 | H2: =('[1]Pc, Spring, S1'!H2*Main!$B$5)+(_xlfn.IFNA(VLOOKUP($A2,'FL Ratio'!$A$3:$B$10,2,FALSE),0)*'FL Characterization'!H$2) -> 36.998782 | I2: =('[1]Pc, Spring, S1'!I2*Main!$B$5)+(_xlfn.IFNA(VLOOKUP($A2,'FL Ratio'!$A$3:$B$10,2,FALSE),0)*'FL Characterization'!I$2) -> 46.178533 | ... Y2: =('[1]Pc, Spring, S1'!Y2*Main!$B$5)+(_xlfn.IFNA(VLOOKUP($A2,'FL Ratio'!$A$3:$B$10,2,FALSE),0)*'FL Characterization'!Y$2) -> 43.692976
A3: 2 | B3: =('[1]Pc, Spring, S1'!B3*Main!$B$5)+(_xlfn.IFNA(VLOOKUP($A3,'FL Ratio'!$A$3:$B$10,2,FALSE),0)*'FL Characterization'!B$2) -> 39.192867 | C3: =('[1]Pc, Spring, S1'!C3*Main!$B$5)+(_xlfn.IFNA(VLOOKUP($A3,'FL Ratio'!$A$3:$B$10,2,FALSE),0)*'FL Characterization'!C$2) -> 38.05229 | D3: =('[1]Pc, Spring, S1'!D3*Main!$B$5)+(_xlfn.IFNA(VLOOKUP($A3,'FL Ratio'!$A$3:$B$10,2,FALSE),0)*'FL Characterization'!D$2) -> 34.168187 | E3: =('[1]Pc, Spring, S1'!E3*Main!$B$5)+(_xlfn.IFNA(VLOOKUP($A3,'FL Ratio'!$A$3:$B$10,2,FALSE),0)*'FL Characterization'!E$2) -> 35.200662 | F3: =('[1]Pc, Spring, S1'!F3*Main!$B$5)+(_xlfn.IFNA(VLOOKUP($A3,'FL Ratio'!$A$3:$B$10,2,FALSE),0)*'FL Characterization'!F$2) -> 33.636883 | G3: =('[1]Pc, Spring, S1'!G3*Main!$B$5)+(_xlfn.IFNA(VLOOKUP($A3,'FL Ratio'!$A$3:$B$10,2,FALSE),0)*'FL Characterization'!G$2) -> 36.768366 | H3: =('[1]Pc, Spring, S1'!H3*Main!$B$5)+(_xlfn.IFNA(VLOOKUP($A3,'FL Ratio'!$A$3:$B$10,2,FALSE),0)*'FL Characterization'!H$2) -> 47.778658 | I3: =('[1]Pc, Spring, S1'!I3*Main!$B$5)+(_xlfn.IFNA(VLOOKUP($A3,'FL Ratio'!$A$3:$B$10,2,FALSE),0)*'FL Characterization'!I$2) -> 54.143165 | ... Y3: =('[1]Pc, Spring, S1'!Y3*Main!$B$5)+(_xlfn.IFNA(VLOOKUP($A3,'FL Ratio'!$A$3:$B$10,2,FALSE),0)*'FL Characterization'!Y$2) -> 43.313953
A4: 3 | B4: =('[1]Pc, Spring, S1'!B4*Main!$B$5)+(_xlfn.IFNA(VLOOKUP($A4,'FL Ratio'!$A$3:$B$10,2,FALSE),0)*'FL Characterization'!B$2) -> 53.352222 | C4: =('[1]Pc, Spring, S1'!C4*Main!$B$5)+(_xlfn.IFNA(VLOOKUP($A4,'FL Ratio'!$A$3:$B$10,2,FALSE),0)*'FL Characterization'!C$2) -> 46.920055 | D4: =('[1]Pc, Spring, S1'!D4*Main!$B$5)+(_xlfn.IFNA(VLOOKUP($A4,'FL Ratio'!$A$3:$B$10,2,FALSE),0)*'FL Characterization'!D$2) -> 46.976192 | E4: =('[1]Pc, Spring, S1'!E4*Main!$B$5)+(_xlfn.IFNA(VLOOKUP($A4,'FL Ratio'!$A$3:$B$10,2,FALSE),0)*'FL Characterization'!E$2) -> 43.321932 | F4: =('[1]Pc, Spring, S1'!F4*Main!$B$5)+(_xlfn.IFNA(VLOOKUP($A4,'FL Ratio'!$A$3:$B$10,2,FALSE),0)*'FL Characterization'!F$2) -> 45.593799 | G4: =('[1]Pc, Spring, S1'!G4*Main!$B$5)+(_xlfn.IFNA(VLOOKUP($A4,'FL Ratio'!$A$3:$B$10,2,FALSE),0)*'FL Characterization'!G$2) -> 44.658577 | H4: =('[1]Pc, Spring, S1'!H4*Main!$B$5)+(_xlfn.IFNA(VLOOKUP($A4,'FL Ratio'!$A$3:$B$10,2,FALSE),0)*'FL Characterization'!H$2) -> 52.301383 | I4: =('[1]Pc, Spring, S1'!I4*Main!$B$5)+(_xlfn.IFNA(VLOOKUP($A4,'FL Ratio'!$A$3:$B$10,2,FALSE),0)*'FL Characterization'!I$2) -> 56.069653 | ... Y4: =('[1]Pc, Spring, S1'!Y4*Main!$B$5)+(_xlfn.IFNA(VLOOKUP($A4,'FL Ratio'!$A$3:$B$10,2,FALSE),0)*'FL Characterization'!Y$2) -> 61.886867

Sheet Pc, Spring, S2
A1: LoadID | B1: 0 | C1: 1 | D1: 2 | E1: 3 | F1: 4 | G1: 5 | H1: 6 | I1: 7 | J1: 8 | K1: 9 | L1: 10 | M1: 11 | N1: 12 | O1: 13 | P1: 14 | Q1: 15 | R1: 16 | S1: 17 | T1: 18 | U1: 19 | V1: 20 | W1: 21 | X1: 22 | Y1: 23
A2: 1 | B2: =('[1]Pc, Spring, S1'!B2*Main!$B$5)+(_xlfn.IFNA(VLOOKUP($A2,'FL Ratio'!$A$3:$B$10,2,FALSE),0)*'FL Characterization'!B$2) -> 37.468709 | C2: =('[1]Pc, Spring, S1'!C2*Main!$B$5)+(_xlfn.IFNA(VLOOKUP($A2,'FL Ratio'!$A$3:$B$10,2,FALSE),0)*'FL Characterization'!C$2) -> 33.496883 | D2: =('[1]Pc, Spring, S1'!D2*Main!$B$5)+(_xlfn.IFNA(VLOOKUP($A2,'FL Ratio'!$A$3:$B$10,2,FALSE),0)*'FL Characterization'!D$2) -> 31.946518 | E2: =('[1]Pc, Spring, S1'!E2*Main!$B$5)+(_xlfn.IFNA(VLOOKUP($A2,'FL Ratio'!$A$3:$B$10,2,FALSE),0)*'FL Characterization'!E$2) -> 31.87304 | F2: =('[1]Pc, Spring, S1'!F2*Main!$B$5)+(_xlfn.IFNA(VLOOKUP($A2,'FL Ratio'!$A$3:$B$10,2,FALSE),0)*'FL Characterization'!F$2) -> 31.478499 | G2: =('[1]Pc, Spring, S1'!G2*Main!$B$5)+(_xlfn.IFNA(VLOOKUP($A2,'FL Ratio'!$A$3:$B$10,2,FALSE),0)*'FL Characterization'!G$2) -> 32.894895 | H2: =('[1]Pc, Spring, S1'!H2*Main!$B$5)+(_xlfn.IFNA(VLOOKUP($A2,'FL Ratio'!$A$3:$B$10,2,FALSE),0)*'FL Characterization'!H$2) -> 36.998782 | I2: =('[1]Pc, Spring, S1'!I2*Main!$B$5)+(_xlfn.IFNA(VLOOKUP($A2,'FL Ratio'!$A$3:$B$10,2,FALSE),0)*'FL Characterization'!I$2) -> 46.178533 | ... Y2: =('[1]Pc, Spring, S1'!Y2*Main!$B$5)+(_xlfn.IFNA(VLOOKUP($A2,'FL Ratio'!$A$3:$B$10,2,FALSE),0)*'FL Characterization'!Y$2) -> 43.692976
A3: 2 | B3: =('[1]Pc, Spring, S1'!B3*Main!$B$5)+(_xlfn.IFNA(VLOOKUP($A3,'FL Ratio'!$A$3:$B$10,2,FALSE),0)*'FL Characterization'!B$2) -> 39.192867 | C3: =('[1]Pc, Spring, S1'!C3*Main!$B$5)+(_xlfn.IFNA(VLOOKUP($A3,'FL Ratio'!$A$3:$B$10,2,FALSE),0)*'FL Characterization'!C$2) -> 38.05229 | D3: =('[1]Pc, Spring, S1'!D3*Main!$B$5)+(_xlfn.IFNA(VLOOKUP($A3,'FL Ratio'!$A$3:$B$10,2,FALSE),0)*'FL Characterization'!D$2) -> 34.168187 | E3: =('[1]Pc, Spring, S1'!E3*Main!$B$5)+(_xlfn.IFNA(VLOOKUP($A3,'FL Ratio'!$A$3:$B$10,2,FALSE),0)*'FL Characterization'!E$2) -> 35.200662 | F3: =('[1]Pc, Spring, S1'!F3*Main!$B$5)+(_xlfn.IFNA(VLOOKUP($A3,'FL Ratio'!$A$3:$B$10,2,FALSE),0)*'FL Characterization'!F$2) -> 33.636883 | G3: =('[1]Pc, Spring, S1'!G3*Main!$B$5)+(_xlfn.IFNA(VLOOKUP($A3,'FL Ratio'!$A$3:$B$10,2,FALSE),0)*'FL Characterization'!G$2) -> 36.768366 | H3: =('[1]Pc, Spring, S1'!H3*Main!$B$5)+(_xlfn.IFNA(VLOOKUP($A3,'FL Ratio'!$A$3:$B$10,2,FALSE),0)*'FL Characterization'!H$2) -> 47.778658 | I3: =('[1]Pc, Spring, S1'!I3*Main!$B$5)+(_xlfn.IFNA(VLOOKUP($A3,'FL Ratio'!$A$3:$B$10,2,FALSE),0)*'FL Characterization'!I$2) -> 54.143165 | ... Y3: =('[1]Pc, Spring, S1'!Y3*Main!$B$5)+(_xlfn.IFNA(VLOOKUP($A3,'FL Ratio'!$A$3:$B$10,2,FALSE),0)*'FL Characterization'!Y$2) -> 43.313953
A4: 3 | B4: =('[1]Pc, Spring, S1'!B4*Main!$B$5)+(_xlfn.IFNA(VLOOKUP($A4,'FL Ratio'!$A$3:$B$10,2,FALSE),0)*'FL Characterization'!B$2) -> 53.352222 | C4: =('[1]Pc, Spring, S1'!C4*Main!$B$5)+(_xlfn.IFNA(VLOOKUP($A4,'FL Ratio'!$A$3:$B$10,2,FALSE),0)*'FL Characterization'!C$2) -> 46.920055 | D4: =('[1]Pc, Spring, S1'!D4*Main!$B$5)+(_xlfn.IFNA(VLOOKUP($A4,'FL Ratio'!$A$3:$B$10,2,FALSE),0)*'FL Characterization'!D$2) -> 46.976192 | E4: =('[1]Pc, Spring, S1'!E4*Main!$B$5)+(_xlfn.IFNA(VLOOKUP($A4,'FL Ratio'!$A$3:$B$10,2,FALSE),0)*'FL Characterization'!E$2) -> 43.321932 | F4: =('[1]Pc, Spring, S1'!F4*Main!$B$5)+(_xlfn.IFNA(VLOOKUP($A4,'FL Ratio'!$A$3:$B$10,2,FALSE),0)*'FL Characterization'!F$2) -> 45.593799 | G4: =('[1]Pc, Spring, S1'!G4*Main!$B$5)+(_xlfn.IFNA(VLOOKUP($A4,'FL Ratio'!$A$3:$B$10,2,FALSE),0)*'FL Characterization'!G$2) -> 44.658577 | H4: =('[1]Pc, Spring, S1'!H4*Main!$B$5)+(_xlfn.IFNA(VLOOKUP($A4,'FL Ratio'!$A$3:$B$10,2,FALSE),0)*'FL Characterization'!H$2) -> 52.301383 | I4: =('[1]Pc, Spring, S1'!I4*Main!$B$5)+(_xlfn.IFNA(VLOOKUP($A4,'FL Ratio'!$A$3:$B$10,2,FALSE),0)*'FL Characterization'!I$2) -> 56.069653 | ... Y4: =('[1]Pc, Spring, S1'!Y4*Main!$B$5)+(_xlfn.IFNA(VLOOKUP($A4,'FL Ratio'!$A$3:$B$10,2,FALSE),0)*'FL Characterization'!Y$2) -> 61.886867

Sheet Pc, Spring, S3
A1: LoadID | B1: 0 | C1: 1 | D1: 2 | E1: 3 | F1: 4 | G1: 5 | H1: 6 | I1: 7 | J1: 8 | K1: 9 | L1: 10 | M1: 11 | N1: 12 | O1: 13 | P1: 14 | Q1: 15 | R1: 16 | S1: 17 | T1: 18 | U1: 19 | V1: 20 | W1: 21 | X1: 22 | Y1: 23
A2: 1 | B2: =('[1]Pc, Spring, S1'!B2*Main!$B$5)+(_xlfn.IFNA(VLOOKUP($A2,'FL Ratio'!$A$3:$B$10,2,FALSE),0)*'FL Characterization'!B$2) -> 37.468709 | C2: =('[1]Pc, Spring, S1'!C2*Main!$B$5)+(_xlfn.IFNA(VLOOKUP($A2,'FL Ratio'!$A$3:$B$10,2,FALSE),0)*'FL Characterization'!C$2) -> 33.496883 | D2: =('[1]Pc, Spring, S1'!D2*Main!$B$5)+(_xlfn.IFNA(VLOOKUP($A2,'FL Ratio'!$A$3:$B$10,2,FALSE),0)*'FL Characterization'!D$2) -> 31.946518 | E2: =('[1]Pc, Spring, S1'!E2*Main!$B$5)+(_xlfn.IFNA(VLOOKUP($A2,'FL Ratio'!$A$3:$B$10,2,FALSE),0)*'FL Characterization'!E$2) -> 31.87304 | F2: =('[1]Pc, Spring, S1'!F2*Main!$B$5)+(_xlfn.IFNA(VLOOKUP($A2,'FL Ratio'!$A$3:$B$10,2,FALSE),0)*'FL Characterization'!F$2) -> 31.478499 | G2: =('[1]Pc, Spring, S1'!G2*Main!$B$5)+(_xlfn.IFNA(VLOOKUP($A2,'FL Ratio'!$A$3:$B$10,2,FALSE),0)*'FL Characterization'!G$2) -> 32.894895 | H2: =('[1]Pc, Spring, S1'!H2*Main!$B$5)+(_xlfn.IFNA(VLOOKUP($A2,'FL Ratio'!$A$3:$B$10,2,FALSE),0)*'FL Characterization'!H$2) -> 36.998782 | I2: =('[1]Pc, Spring, S1'!I2*Main!$B$5)+(_xlfn.IFNA(VLOOKUP($A2,'FL Ratio'!$A$3:$B$10,2,FALSE),0)*'FL Characterization'!I$2) -> 46.178533 | ... Y2: =('[1]Pc, Spring, S1'!Y2*Main!$B$5)+(_xlfn.IFNA(VLOOKUP($A2,'FL Ratio'!$A$3:$B$10,2,FALSE),0)*'FL Characterization'!Y$2) -> 43.692976
A3: 2 | B3: =('[1]Pc, Spring, S1'!B3*Main!$B$5)+(_xlfn.IFNA(VLOOKUP($A3,'FL Ratio'!$A$3:$B$10,2,FALSE),0)*'FL Characterization'!B$2) -> 39.192867 | C3: =('[1]Pc, Spring, S1'!C3*Main!$B$5)+(_xlfn.IFNA(VLOOKUP($A3,'FL Ratio'!$A$3:$B$10,2,FALSE),0)*'FL Characterization'!C$2) -> 38.05229 | D3: =('[1]Pc, Spring, S1'!D3*Main!$B$5)+(_xlfn.IFNA(VLOOKUP($A3,'FL Ratio'!$A$3:$B$10,2,FALSE),0)*'FL Characterization'!D$2) -> 34.168187 | E3: =('[1]Pc, Spring, S1'!E3*Main!$B$5)+(_xlfn.IFNA(VLOOKUP($A3,'FL Ratio'!$A$3:$B$10,2,FALSE),0)*'FL Characterization'!E$2) -> 35.200662 | F3: =('[1]Pc, Spring, S1'!F3*Main!$B$5)+(_xlfn.IFNA(VLOOKUP($A3,'FL Ratio'!$A$3:$B$10,2,FALSE),0)*'FL Characterization'!F$2) -> 33.636883 | G3: =('[1]Pc, Spring, S1'!G3*Main!$B$5)+(_xlfn.IFNA(VLOOKUP($A3,'FL Ratio'!$A$3:$B$10,2,FALSE),0)*'FL Characterization'!G$2) -> 36.768366 | H3: =('[1]Pc, Spring, S1'!H3*Main!$B$5)+(_xlfn.IFNA(VLOOKUP($A3,'FL Ratio'!$A$3:$B$10,2,FALSE),0)*'FL Characterization'!H$2) -> 47.778658 | I3: =('[1]Pc, Spring, S1'!I3*Main!$B$5)+(_xlfn.IFNA(VLOOKUP($A3,'FL Ratio'!$A$3:$B$10,2,FALSE),0)*'FL Characterization'!I$2) -> 54.143165 | ... Y3: =('[1]Pc, Spring, S1'!Y3*Main!$B$5)+(_xlfn.IFNA(VLOOKUP($A3,'FL Ratio'!$A$3:$B$10,2,FALSE),0)*'FL Characterization'!Y$2) -> 43.313953
A4: 3 | B4: =('[1]Pc, Spring, S1'!B4*Main!$B$5)+(_xlfn.IFNA(VLOOKUP($A4,'FL Ratio'!$A$3:$B$10,2,FALSE),0)*'FL Characterization'!B$2) -> 53.352222 | C4: =('[1]Pc, Spring, S1'!C4*Main!$B$5)+(_xlfn.IFNA(VLOOKUP($A4,'FL Ratio'!$A$3:$B$10,2,FALSE),0)*'FL Characterization'!C$2) -> 46.920055 | D4: =('[1]Pc, Spring, S1'!D4*Main!$B$5)+(_xlfn.IFNA(VLOOKUP($A4,'FL Ratio'!$A$3:$B$10,2,FALSE),0)*'FL Characterization'!D$2) -> 46.976192 | E4: =('[1]Pc, Spring, S1'!E4*Main!$B$5)+(_xlfn.IFNA(VLOOKUP($A4,'FL Ratio'!$A$3:$B$10,2,FALSE),0)*'FL Characterization'!E$2) -> 43.321932 | F4: =('[1]Pc, Spring, S1'!F4*Main!$B$5)+(_xlfn.IFNA(VLOOKUP($A4,'FL Ratio'!$A$3:$B$10,2,FALSE),0)*'FL Characterization'!F$2) -> 45.593799 | G4: =('[1]Pc, Spring, S1'!G4*Main!$B$5)+(_xlfn.IFNA(VLOOKUP($A4,'FL Ratio'!$A$3:$B$10,2,FALSE),0)*'FL Characterization'!G$2) -> 44.658577 | H4: =('[1]Pc, Spring, S1'!H4*Main!$B$5)+(_xlfn.IFNA(VLOOKUP($A4,'FL Ratio'!$A$3:$B$10,2,FALSE),0)*'FL Characterization'!H$2) -> 52.301383 | I4: =('[1]Pc, Spring, S1'!I4*Main!$B$5)+(_xlfn.IFNA(VLOOKUP($A4,'FL Ratio'!$A$3:$B$10,2,FALSE),0)*'FL Characterization'!I$2) -> 56.069653 | ... Y4: =('[1]Pc, Spring, S1'!Y4*Main!$B$5)+(_xlfn.IFNA(VLOOKUP($A4,'FL Ratio'!$A$3:$B$10,2,FALSE),0)*'FL Characterization'!Y$2) -> 61.886867

Sheet Pc, Spring, S4
A1: LoadID | B1: 0 | C1: 1 | D1: 2 | E1: 3 | F1: 4 | G1: 5 | H1: 6 | I1: 7 | J1: 8 | K1: 9 | L1: 10 | M1: 11 | N1: 12 | O1: 13 | P1: 14 | Q1: 15 | R1: 16 | S1: 17 | T1: 18 | U1: 19 | V1: 20 | W1: 21 | X1: 22 | Y1: 23
A2: 1 | B2: =('[1]Pc, Spring, S2'!B2*Main!$B$5)+(_xlfn.IFNA(VLOOKUP($A2,'FL Ratio'!$A$3:$B$10,2,FALSE),0)*'FL Characterization'!B$2) -> 38.59277 | C2: =('[1]Pc, Spring, S2'!C2*Main!$B$5)+(_xlfn.IFNA(VLOOKUP($A2,'FL Ratio'!$A$3:$B$10,2,FALSE),0)*'FL Characterization'!C$2) -> 34.501789 | D2: =('[1]Pc, Spring, S2'!D2*Main!$B$5)+(_xlfn.IFNA(VLOOKUP($A2,'FL Ratio'!$A$3:$B$10,2,FALSE),0)*'FL Characterization'!D$2) -> 32.904913 | E2: =('[1]Pc, Spring, S2'!E2*Main!$B$5)+(_xlfn.IFNA(VLOOKUP($A2,'FL Ratio'!$A$3:$B$10,2,FALSE),0)*'FL Characterization'!E$2) -> 32.829231 | F2: =('[1]Pc, Spring, S2'!F2*Main!$B$5)+(_xlfn.IFNA(VLOOKUP($A2,'FL Ratio'!$A$3:$B$10,2,FALSE),0)*'FL Characterization'!F$2) -> 32.422854 | G2: =('[1]Pc, Spring, S2'!G2*Main!$B$5)+(_xlfn.IFNA(VLOOKUP($A2,'FL Ratio'!$A$3:$B$10,2,FALSE),0)*'FL Characterization'!G$2) -> 33.881741 | H2: =('[1]Pc, Spring, S2'!H2*Main!$B$5)+(_xlfn.IFNA(VLOOKUP($A2,'FL Ratio'!$A$3:$B$10,2,FALSE),0)*'FL Characterization'!H$2) -> 38.108746 | I2: =('[1]Pc, Spring, S2'!I2*Main!$B$5)+(_xlfn.IFNA(VLOOKUP($A2,'FL Ratio'!$A$3:$B$10,2,FALSE),0)*'FL Characterization'!I$2) -> 47.563889 | ... Y2: =('[1]Pc, Spring, S2'!Y2*Main!$B$5)+(_xlfn.IFNA(VLOOKUP($A2,'FL Ratio'!$A$3:$B$10,2,FALSE),0)*'FL Characterization'!Y$2) -> 45.003765
A3: 2 | B3: =('[1]Pc, Spring, S2'!B3*Main!$B$5)+(_xlfn.IFNA(VLOOKUP($A3,'FL Ratio'!$A$3:$B$10,2,FALSE),0)*'FL Characterization'!B$2) -> 40.281898 | C3: =('[1]Pc, Spring, S2'!C3*Main!$B$5)+(_xlfn.IFNA(VLOOKUP($A3,'FL Ratio'!$A$3:$B$10,2,FALSE),0)*'FL Characterization'!C$2) -> 39.104209 | D3: =('[1]Pc, Spring, S2'!D3*Main!$B$5)+(_xlfn.IFNA(VLOOKUP($A3,'FL Ratio'!$A$3:$B$10,2,FALSE),0)*'FL Characterization'!D$2) -> 35.112957 | E3: =('[1]Pc, Spring, S2'!E3*Main!$B$5)+(_xlfn.IFNA(VLOOKUP($A3,'FL Ratio'!$A$3:$B$10,2,FALSE),0)*'FL Characterization'!E$2) -> 36.180592 | F3: =('[1]Pc, Spring, S2'!F3*Main!$B$5)+(_xlfn.IFNA(VLOOKUP($A3,'FL Ratio'!$A$3:$B$10,2,FALSE),0)*'FL Characterization'!F$2) -> 34.58365 | G3: =('[1]Pc, Spring, S2'!G3*Main!$B$5)+(_xlfn.IFNA(VLOOKUP($A3,'FL Ratio'!$A$3:$B$10,2,FALSE),0)*'FL Characterization'!G$2) -> 37.818507 | H3: =('[1]Pc, Spring, S2'!H3*Main!$B$5)+(_xlfn.IFNA(VLOOKUP($A3,'FL Ratio'!$A$3:$B$10,2,FALSE),0)*'FL Characterization'!H$2) -> 49.147313 | I3: =('[1]Pc, Spring, S2'!I3*Main!$B$5)+(_xlfn.IFNA(VLOOKUP($A3,'FL Ratio'!$A$3:$B$10,2,FALSE),0)*'FL Characterization'!I$2) -> 55.756223 | ... Y3: =('[1]Pc, Spring, S2'!Y3*Main!$B$5)+(_xlfn.IFNA(VLOOKUP($A3,'FL Ratio'!$A$3:$B$10,2,FALSE),0)*'FL Characterization'!Y$2) -> 44.533873
A4: 3 | B4: =('[1]Pc, Spring, S2'!B4*Main!$B$5)+(_xlfn.IFNA(VLOOKUP($A4,'FL Ratio'!$A$3:$B$10,2,FALSE),0)*'FL Characterization'!B$2) -> 54.866033 | C4: =('[1]Pc, Spring, S2'!C4*Main!$B$5)+(_xlfn.IFNA(VLOOKUP($A4,'FL Ratio'!$A$3:$B$10,2,FALSE),0)*'FL Characterization'!C$2) -> 48.238007 | D4: =('[1]Pc, Spring, S2'!D4*Main!$B$5)+(_xlfn.IFNA(VLOOKUP($A4,'FL Ratio'!$A$3:$B$10,2,FALSE),0)*'FL Characterization'!D$2) -> 48.305202 | E4: =('[1]Pc, Spring, S2'!E4*Main!$B$5)+(_xlfn.IFNA(VLOOKUP($A4,'FL Ratio'!$A$3:$B$10,2,FALSE),0)*'FL Characterization'!E$2) -> 44.5455 | F4: =('[1]Pc, Spring, S2'!F4*Main!$B$5)+(_xlfn.IFNA(VLOOKUP($A4,'FL Ratio'!$A$3:$B$10,2,FALSE),0)*'FL Characterization'!F$2) -> 46.899273 | G4: =('[1]Pc, Spring, S2'!G4*Main!$B$5)+(_xlfn.IFNA(VLOOKUP($A4,'FL Ratio'!$A$3:$B$10,2,FALSE),0)*'FL Characterization'!G$2) -> 45.945425 | H4: =('[1]Pc, Spring, S2'!H4*Main!$B$5)+(_xlfn.IFNA(VLOOKUP($A4,'FL Ratio'!$A$3:$B$10,2,FALSE),0)*'FL Characterization'!H$2) -> 53.80572 | I4: =('[1]Pc, Spring, S2'!I4*Main!$B$5)+(_xlfn.IFNA(VLOOKUP($A4,'FL Ratio'!$A$3:$B$10,2,FALSE),0)*'FL Characterization'!I$2) -> 57.740506 | ... Y4: =('[1]Pc, Spring, S2'!Y4*Main!$B$5)+(_xlfn.IFNA(VLOOKUP($A4,'FL Ratio'!$A$3:$B$10,2,FALSE),0)*'FL Characterization'!Y$2) -> 63.663974

Sheet Pc, Spring, S5
A1: LoadID | B1: 0 | C1: 1 | D1: 2 | E1: 3 | F1: 4 | G1: 5 | H1: 6 | I1: 7 | J1: 8 | K1: 9 | L1: 10 | M1: 11 | N1: 12 | O1: 13 | P1: 14 | Q1: 15 | R1: 16 | S1: 17 | T1: 18 | U1: 19 | V1: 20 | W1: 21 | X1: 22 | Y1: 23
A2: 1 | B2: =('[1]Pc, Spring, S2'!B2*Main!$B$5)+(_xlfn.IFNA(VLOOKUP($A2,'FL Ratio'!$A$3:$B$10,2,FALSE),0)*'FL Characterization'!B$2) -> 38.59277 | C2: =('[1]Pc, Spring, S2'!C2*Main!$B$5)+(_xlfn.IFNA(VLOOKUP($A2,'FL Ratio'!$A$3:$B$10,2,FALSE),0)*'FL Characterization'!C$2) -> 34.501789 | D2: =('[1]Pc, Spring, S2'!D2*Main!$B$5)+(_xlfn.IFNA(VLOOKUP($A2,'FL Ratio'!$A$3:$B$10,2,FALSE),0)*'FL Characterization'!D$2) -> 32.904913 | E2: =('[1]Pc, Spring, S2'!E2*Main!$B$5)+(_xlfn.IFNA(VLOOKUP($A2,'FL Ratio'!$A$3:$B$10,2,FALSE),0)*'FL Characterization'!E$2) -> 32.829231 | F2: =('[1]Pc, Spring, S2'!F2*Main!$B$5)+(_xlfn.IFNA(VLOOKUP($A2,'FL Ratio'!$A$3:$B$10,2,FALSE),0)*'FL Characterization'!F$2) -> 32.422854 | G2: =('[1]Pc, Spring, S2'!G2*Main!$B$5)+(_xlfn.IFNA(VLOOKUP($A2,'FL Ratio'!$A$3:$B$10,2,FALSE),0)*'FL Characterization'!G$2) -> 33.881741 | H2: =('[1]Pc, Spring, S2'!H2*Main!$B$5)+(_xlfn.IFNA(VLOOKUP($A2,'FL Ratio'!$A$3:$B$10,2,FALSE),0)*'FL Characterization'!H$2) -> 38.108746 | I2: =('[1]Pc, Spring, S2'!I2*Main!$B$5)+(_xlfn.IFNA(VLOOKUP($A2,'FL Ratio'!$A$3:$B$10,2,FALSE),0)*'FL Characterization'!I$2) -> 47.563889 | ... Y2: =('[1]Pc, Spring, S2'!Y2*Main!$B$5)+(_xlfn.IFNA(VLOOKUP($A2,'FL Ratio'!$A$3:$B$10,2,FALSE),0)*'FL Characterization'!Y$2) -> 45.003765
A3: 2 | B3: =('[1]Pc, Spring, S2'!B3*Main!$B$5)+(_xlfn.IFNA(VLOOKUP($A3,'FL Ratio'!$A$3:$B$10,2,FALSE),0)*'FL Characterization'!B$2) -> 40.281898 | C3: =('[1]Pc, Spring, S2'!C3*Main!$B$5)+(_xlfn.IFNA(VLOOKUP($A3,'FL Ratio'!$A$3:$B$10,2,FALSE),0)*'FL Characterization'!C$2) -> 39.104209 | D3: =('[1]Pc, Spring, S2'!D3*Main!$B$5)+(_xlfn.IFNA(VLOOKUP($A3,'FL Ratio'!$A$3:$B$10,2,FALSE),0)*'FL Characterization'!D$2) -> 35.112957 | E3: =('[1]Pc, Spring, S2'!E3*Main!$B$5)+(_xlfn.IFNA(VLOOKUP($A3,'FL Ratio'!$A$3:$B$10,2,FALSE),0)*'FL Characterization'!E$2) -> 36.180592 | F3: =('[1]Pc, Spring, S2'!F3*Main!$B$5)+(_xlfn.IFNA(VLOOKUP($A3,'FL Ratio'!$A$3:$B$10,2,FALSE),0)*'FL Characterization'!F$2) -> 34.58365 | G3: =('[1]Pc, Spring, S2'!G3*Main!$B$5)+(_xlfn.IFNA(VLOOKUP($A3,'FL Ratio'!$A$3:$B$10,2,FALSE),0)*'FL Characterization'!G$2) -> 37.818507 | H3: =('[1]Pc, Spring, S2'!H3*Main!$B$5)+(_xlfn.IFNA(VLOOKUP($A3,'FL Ratio'!$A$3:$B$10,2,FALSE),0)*'FL Characterization'!H$2) -> 49.147313 | I3: =('[1]Pc, Spring, S2'!I3*Main!$B$5)+(_xlfn.IFNA(VLOOKUP($A3,'FL Ratio'!$A$3:$B$10,2,FALSE),0)*'FL Characterization'!I$2) -> 55.756223 | ... Y3: =('[1]Pc, Spring, S2'!Y3*Main!$B$5)+(_xlfn.IFNA(VLOOKUP($A3,'FL Ratio'!$A$3:$B$10,2,FALSE),0)*'FL Characterization'!Y$2) -> 44.533873
A4: 3 | B4: =('[1]Pc, Spring, S2'!B4*Main!$B$5)+(_xlfn.IFNA(VLOOKUP($A4,'FL Ratio'!$A$3:$B$10,2,FALSE),0)*'FL Characterization'!B$2) -> 54.866033 | C4: =('[1]Pc, Spring, S2'!C4*Main!$B$5)+(_xlfn.IFNA(VLOOKUP($A4,'FL Ratio'!$A$3:$B$10,2,FALSE),0)*'FL Characterization'!C$2) -> 48.238007 | D4: =('[1]Pc, Spring, S2'!D4*Main!$B$5)+(_xlfn.IFNA(VLOOKUP($A4,'FL Ratio'!$A$3:$B$10,2,FALSE),0)*'FL Characterization'!D$2) -> 48.305202 | E4: =('[1]Pc, Spring, S2'!E4*Main!$B$5)+(_xlfn.IFNA(VLOOKUP($A4,'FL Ratio'!$A$3:$B$10,2,FALSE),0)*'FL Characterization'!E$2) -> 44.5455 | F4: =('[1]Pc, Spring, S2'!F4*Main!$B$5)+(_xlfn.IFNA(VLOOKUP($A4,'FL Ratio'!$A$3:$B$10,2,FALSE),0)*'FL Characterization'!F$2) -> 46.899273 | G4: =('[1]Pc, Spring, S2'!G4*Main!$B$5)+(_xlfn.IFNA(VLOOKUP($A4,'FL Ratio'!$A$3:$B$10,2,FALSE),0)*'FL Characterization'!G$2) -> 45.945425 | H4: =('[1]Pc, Spring, S2'!H4*Main!$B$5)+(_xlfn.IFNA(VLOOKUP($A4,'FL Ratio'!$A$3:$B$10,2,FALSE),0)*'FL Characterization'!H$2) -> 53.80572 | I4: =('[1]Pc, Spring, S2'!I4*Main!$B$5)+(_xlfn.IFNA(VLOOKUP($A4,'FL Ratio'!$A$3:$B$10,2,FALSE),0)*'FL Characterization'!I$2) -> 57.740506 | ... Y4: =('[1]Pc, Spring, S2'!Y4*Main!$B$5)+(_xlfn.IFNA(VLOOKUP($A4,'FL Ratio'!$A$3:$B$10,2,FALSE),0)*'FL Characterization'!Y$2) -> 63.663974

Sheet Pc, Spring, S6
A1: LoadID | B1: 0 | C1: 1 | D1: 2 | E1: 3 | F1: 4 | G1: 5 | H1: 6 | I1: 7 | J1: 8 | K1: 9 | L1: 10 | M1: 11 | N1: 12 | O1: 13 | P1: 14 | Q1: 15 | R1: 16 | S1: 17 | T1: 18 | U1: 19 | V1: 20 | W1: 21 | X1: 22 | Y1: 23
A2: 1 | B2: =('[1]Pc, Spring, S2'!B2*Main!$B$5)+(_xlfn.IFNA(VLOOKUP($A2,'FL Ratio'!$A$3:$B$10,2,FALSE),0)*'FL Characterization'!B$2) -> 38.59277 | C2: =('[1]Pc, Spring, S2'!C2*Main!$B$5)+(_xlfn.IFNA(VLOOKUP($A2,'FL Ratio'!$A$3:$B$10,2,FALSE),0)*'FL Characterization'!C$2) -> 34.501789 | D2: =('[1]Pc, Spring, S2'!D2*Main!$B$5)+(_xlfn.IFNA(VLOOKUP($A2,'FL Ratio'!$A$3:$B$10,2,FALSE),0)*'FL Characterization'!D$2) -> 32.904913 | E2: =('[1]Pc, Spring, S2'!E2*Main!$B$5)+(_xlfn.IFNA(VLOOKUP($A2,'FL Ratio'!$A$3:$B$10,2,FALSE),0)*'FL Characterization'!E$2) -> 32.829231 | F2: =('[1]Pc, Spring, S2'!F2*Main!$B$5)+(_xlfn.IFNA(VLOOKUP($A2,'FL Ratio'!$A$3:$B$10,2,FALSE),0)*'FL Characterization'!F$2) -> 32.422854 | G2: =('[1]Pc, Spring, S2'!G2*Main!$B$5)+(_xlfn.IFNA(VLOOKUP($A2,'FL Ratio'!$A$3:$B$10,2,FALSE),0)*'FL Characterization'!G$2) -> 33.881741 | H2: =('[1]Pc, Spring, S2'!H2*Main!$B$5)+(_xlfn.IFNA(VLOOKUP($A2,'FL Ratio'!$A$3:$B$10,2,FALSE),0)*'FL Characterization'!H$2) -> 38.108746 | I2: =('[1]Pc, Spring, S2'!I2*Main!$B$5)+(_xlfn.IFNA(VLOOKUP($A2,'FL Ratio'!$A$3:$B$10,2,FALSE),0)*'FL Characterization'!I$2) -> 47.563889 | ... Y2: =('[1]Pc, Spring, S2'!Y2*Main!$B$5)+(_xlfn.IFNA(VLOOKUP($A2,'FL Ratio'!$A$3:$B$10,2,FALSE),0)*'FL Characterization'!Y$2) -> 45.003765
A3: 2 | B3: =('[1]Pc, Spring, S2'!B3*Main!$B$5)+(_xlfn.IFNA(VLOOKUP($A3,'FL Ratio'!$A$3:$B$10,2,FALSE),0)*'FL Characterization'!B$2) -> 40.281898 | C3: =('[1]Pc, Spring, S2'!C3*Main!$B$5)+(_xlfn.IFNA(VLOOKUP($A3,'FL Ratio'!$A$3:$B$10,2,FALSE),0)*'FL Characterization'!C$2) -> 39.104209 | D3: =('[1]Pc, Spring, S2'!D3*Main!$B$5)+(_xlfn.IFNA(VLOOKUP($A3,'FL Ratio'!$A$3:$B$10,2,FALSE),0)*'FL Characterization'!D$2) -> 35.112957 | E3: =('[1]Pc, Spring, S2'!E3*Main!$B$5)+(_xlfn.IFNA(VLOOKUP($A3,'FL Ratio'!$A$3:$B$10,2,FALSE),0)*'FL Characterization'!E$2) -> 36.180592 | F3: =('[1]Pc, Spring, S2'!F3*Main!$B$5)+(_xlfn.IFNA(VLOOKUP($A3,'FL Ratio'!$A$3:$B$10,2,FALSE),0)*'FL Characterization'!F$2) -> 34.58365 | G3: =('[1]Pc, Spring, S2'!G3*Main!$B$5)+(_xlfn.IFNA(VLOOKUP($A3,'FL Ratio'!$A$3:$B$10,2,FALSE),0)*'FL Characterization'!G$2) -> 37.818507 | H3: =('[1]Pc, Spring, S2'!H3*Main!$B$5)+(_xlfn.IFNA(VLOOKUP($A3,'FL Ratio'!$A$3:$B$10,2,FALSE),0)*'FL Characterization'!H$2) -> 49.147313 | I3: =('[1]Pc, Spring, S2'!I3*Main!$B$5)+(_xlfn.IFNA(VLOOKUP($A3,'FL Ratio'!$A$3:$B$10,2,FALSE),0)*'FL Characterization'!I$2) -> 55.756223 | ... Y3: =('[1]Pc, Spring, S2'!Y3*Main!$B$5)+(_xlfn.IFNA(VLOOKUP($A3,'FL Ratio'!$A$3:$B$10,2,FALSE),0)*'FL Characterization'!Y$2) -> 44.533873
A4: 3 | B4: =('[1]Pc, Spring, S2'!B4*Main!$B$5)+(_xlfn.IFNA(VLOOKUP($A4,'FL Ratio'!$A$3:$B$10,2,FALSE),0)*'FL Characterization'!B$2) -> 54.866033 | C4: =('[1]Pc, Spring, S2'!C4*Main!$B$5)+(_xlfn.IFNA(VLOOKUP($A4,'FL Ratio'!$A$3:$B$10,2,FALSE),0)*'FL Characterization'!C$2) -> 48.238007 | D4: =('[1]Pc, Spring, S2'!D4*Main!$B$5)+(_xlfn.IFNA(VLOOKUP($A4,'FL Ratio'!$A$3:$B$10,2,FALSE),0)*'FL Characterization'!D$2) -> 48.305202 | E4: =('[1]Pc, Spring, S2'!E4*Main!$B$5)+(_xlfn.IFNA(VLOOKUP($A4,'FL Ratio'!$A$3:$B$10,2,FALSE),0)*'FL Characterization'!E$2) -> 44.5455 | F4: =('[1]Pc, Spring, S2'!F4*Main!$B$5)+(_xlfn.IFNA(VLOOKUP($A4,'FL Ratio'!$A$3:$B$10,2,FALSE),0)*'FL Characterization'!F$2) -> 46.899273 | G4: =('[1]Pc, Spring, S2'!G4*Main!$B$5)+(_xlfn.IFNA(VLOOKUP($A4,'FL Ratio'!$A$3:$B$10,2,FALSE),0)*'FL Characterization'!G$2) -> 45.945425 | H4: =('[1]Pc, Spring, S2'!H4*Main!$B$5)+(_xlfn.IFNA(VLOOKUP($A4,'FL Ratio'!$A$3:$B$10,2,FALSE),0)*'FL Characterization'!H$2) -> 53.80572 | I4: =('[1]Pc, Spring, S2'!I4*Main!$B$5)+(_xlfn.IFNA(VLOOKUP($A4,'FL Ratio'!$A$3:$B$10,2,FALSE),0)*'FL Characterization'!I$2) -> 57.740506 | ... Y4: =('[1]Pc, Spring, S2'!Y4*Main!$B$5)+(_xlfn.IFNA(VLOOKUP($A4,'FL Ratio'!$A$3:$B$10,2,FALSE),0)*'FL Characterization'!Y$2) -> 63.663974

Sheet Pc, Spring, S7
A1: LoadID | B1: 0 | C1: 1 | D1: 2 | E1: 3 | F1: 4 | G1: 5 | H1: 6 | I1: 7 | J1: 8 | K1: 9 | L1: 10 | M1: 11 | N1: 12 | O1: 13 | P1: 14 | Q1: 15 | R1: 16 | S1: 17 | T1: 18 | U1: 19 | V1: 20 | W1: 21 | X1: 22 | Y1: 23
A2: 1 | B2: =('[1]Pc, Spring, S3'!B2*Main!$B$5)+(_xlfn.IFNA(VLOOKUP($A2,'FL Ratio'!$A$3:$B$10,2,FALSE),0)*'FL Characterization'!B$2) -> 36.719335 | C2: =('[1]Pc, Spring, S3'!C2*Main!$B$5)+(_xlfn.IFNA(VLOOKUP($A2,'FL Ratio'!$A$3:$B$10,2,FALSE),0)*'FL Characterization'!C$2) -> 32.826945 | D2: =('[1]Pc, Spring, S3'!D2*Main!$B$5)+(_xlfn.IFNA(VLOOKUP($A2,'FL Ratio'!$A$3:$B$10,2,FALSE),0)*'FL Characterization'!D$2) -> 31.307587 | E2: =('[1]Pc, Spring, S3'!E2*Main!$B$5)+(_xlfn.IFNA(VLOOKUP($A2,'FL Ratio'!$A$3:$B$10,2,FALSE),0)*'FL Characterization'!E$2) -> 31.235579 | F2: =('[1]Pc, Spring, S3'!F2*Main!$B$5)+(_xlfn.IFNA(VLOOKUP($A2,'FL Ratio'!$A$3:$B$10,2,FALSE),0)*'FL Characterization'!F$2) -> 30.848929 | G2: =('[1]Pc, Spring, S3'!G2*Main!$B$5)+(_xlfn.IFNA(VLOOKUP($A2,'FL Ratio'!$A$3:$B$10,2,FALSE),0)*'FL Characterization'!G$2) -> 32.236997 | H2: =('[1]Pc, Spring, S3'!H2*Main!$B$5)+(_xlfn.IFNA(VLOOKUP($A2,'FL Ratio'!$A$3:$B$10,2,FALSE),0)*'FL Characterization'!H$2) -> 36.258806 | I2: =('[1]Pc, Spring, S3'!I2*Main!$B$5)+(_xlfn.IFNA(VLOOKUP($A2,'FL Ratio'!$A$3:$B$10,2,FALSE),0)*'FL Characterization'!I$2) -> 45.254962 | ... Y2: =('[1]Pc, Spring, S3'!Y2*Main!$B$5)+(_xlfn.IFNA(VLOOKUP($A2,'FL Ratio'!$A$3:$B$10,2,FALSE),0)*'FL Characterization'!Y$2) -> 42.819116
A3: 2 | B3: =('[1]Pc, Spring, S3'!B3*Main!$B$5)+(_xlfn.IFNA(VLOOKUP($A3,'FL Ratio'!$A$3:$B$10,2,FALSE),0)*'FL Characterization'!B$2) -> 38.466847 | C3: =('[1]Pc, Spring, S3'!C3*Main!$B$5)+(_xlfn.IFNA(VLOOKUP($A3,'FL Ratio'!$A$3:$B$10,2,FALSE),0)*'FL Characterization'!C$2) -> 37.35101 | D3: =('[1]Pc, Spring, S3'!D3*Main!$B$5)+(_xlfn.IFNA(VLOOKUP($A3,'FL Ratio'!$A$3:$B$10,2,FALSE),0)*'FL Characterization'!D$2) -> 33.538341 | E3: =('[1]Pc, Spring, S3'!E3*Main!$B$5)+(_xlfn.IFNA(VLOOKUP($A3,'FL Ratio'!$A$3:$B$10,2,FALSE),0)*'FL Characterization'!E$2) -> 34.547376 | F3: =('[1]Pc, Spring, S3'!F3*Main!$B$5)+(_xlfn.IFNA(VLOOKUP($A3,'FL Ratio'!$A$3:$B$10,2,FALSE),0)*'FL Characterization'!F$2) -> 33.005706 | G3: =('[1]Pc, Spring, S3'!G3*Main!$B$5)+(_xlfn.IFNA(VLOOKUP($A3,'FL Ratio'!$A$3:$B$10,2,FALSE),0)*'FL Characterization'!G$2) -> 36.068272 | H3: =('[1]Pc, Spring, S3'!H3*Main!$B$5)+(_xlfn.IFNA(VLOOKUP($A3,'FL Ratio'!$A$3:$B$10,2,FALSE),0)*'FL Characterization'!H$2) -> 46.866221 | I3: =('[1]Pc, Spring, S3'!I3*Main!$B$5)+(_xlfn.IFNA(VLOOKUP($A3,'FL Ratio'!$A$3:$B$10,2,FALSE),0)*'FL Characterization'!I$2) -> 53.067793 | ... Y3: =('[1]Pc, Spring, S3'!Y3*Main!$B$5)+(_xlfn.IFNA(VLOOKUP($A3,'FL Ratio'!$A$3:$B$10,2,FALSE),0)*'FL Characterization'!Y$2) -> 42.500674
A4: 3 | B4: =('[1]Pc, Spring, S3'!B4*Main!$B$5)+(_xlfn.IFNA(VLOOKUP($A4,'FL Ratio'!$A$3:$B$10,2,FALSE),0)*'FL Characterization'!B$2) -> 52.343014 | C4: =('[1]Pc, Spring, S3'!C4*Main!$B$5)+(_xlfn.IFNA(VLOOKUP($A4,'FL Ratio'!$A$3:$B$10,2,FALSE),0)*'FL Characterization'!C$2) -> 46.04142 | D4: =('[1]Pc, Spring, S3'!D4*Main!$B$5)+(_xlfn.IFNA(VLOOKUP($A4,'FL Ratio'!$A$3:$B$10,2,FALSE),0)*'FL Characterization'!D$2) -> 46.090185 | E4: =('[1]Pc, Spring, S3'!E4*Main!$B$5)+(_xlfn.IFNA(VLOOKUP($A4,'FL Ratio'!$A$3:$B$10,2,FALSE),0)*'FL Characterization'!E$2) -> 42.50622 | F4: =('[1]Pc, Spring, S3'!F4*Main!$B$5)+(_xlfn.IFNA(VLOOKUP($A4,'FL Ratio'!$A$3:$B$10,2,FALSE),0)*'FL Characterization'!F$2) -> 44.723483 | G4: =('[1]Pc, Spring, S3'!G4*Main!$B$5)+(_xlfn.IFNA(VLOOKUP($A4,'FL Ratio'!$A$3:$B$10,2,FALSE),0)*'FL Characterization'!G$2) -> 43.800679 | H4: =('[1]Pc, Spring, S3'!H4*Main!$B$5)+(_xlfn.IFNA(VLOOKUP($A4,'FL Ratio'!$A$3:$B$10,2,FALSE),0)*'FL Characterization'!H$2) -> 51.298492 | I4: =('[1]Pc, Spring, S3'!I4*Main!$B$5)+(_xlfn.IFNA(VLOOKUP($A4,'FL Ratio'!$A$3:$B$10,2,FALSE),0)*'FL Characterization'!I$2) -> 54.955751 | ... Y4: =('[1]Pc, Spring, S3'!Y4*Main!$B$5)+(_xlfn.IFNA(VLOOKUP($A4,'FL Ratio'!$A$3:$B$10,2,FALSE),0)*'FL Characterization'!Y$2) -> 60.70213

Sheet Pc, Spring, S8
A1: LoadID | B1: 0 | C1: 1 | D1: 2 | E1: 3 | F1: 4 | G1: 5 | H1: 6 | I1: 7 | J1: 8 | K1: 9 | L1: 10 | M1: 11 | N1: 12 | O1: 13 | P1: 14 | Q1: 15 | R1: 16 | S1: 17 | T1: 18 | U1: 19 | V1: 20 | W1: 21 | X1: 22 | Y1: 23
A2: 1 | B2: =('[1]Pc, Spring, S3'!B2*Main!$B$5)+(_xlfn.IFNA(VLOOKUP($A2,'FL Ratio'!$A$3:$B$10,2,FALSE),0)*'FL Characterization'!B$2) -> 36.719335 | C2: =('[1]Pc, Spring, S3'!C2*Main!$B$5)+(_xlfn.IFNA(VLOOKUP($A2,'FL Ratio'!$A$3:$B$10,2,FALSE),0)*'FL Characterization'!C$2) -> 32.826945 | D2: =('[1]Pc, Spring, S3'!D2*Main!$B$5)+(_xlfn.IFNA(VLOOKUP($A2,'FL Ratio'!$A$3:$B$10,2,FALSE),0)*'FL Characterization'!D$2) -> 31.307587 | E2: =('[1]Pc, Spring, S3'!E2*Main!$B$5)+(_xlfn.IFNA(VLOOKUP($A2,'FL Ratio'!$A$3:$B$10,2,FALSE),0)*'FL Characterization'!E$2) -> 31.235579 | F2: =('[1]Pc, Spring, S3'!F2*Main!$B$5)+(_xlfn.IFNA(VLOOKUP($A2,'FL Ratio'!$A$3:$B$10,2,FALSE),0)*'FL Characterization'!F$2) -> 30.848929 | G2: =('[1]Pc, Spring, S3'!G2*Main!$B$5)+(_xlfn.IFNA(VLOOKUP($A2,'FL Ratio'!$A$3:$B$10,2,FALSE),0)*'FL Characterization'!G$2) -> 32.236997 | H2: =('[1]Pc, Spring, S3'!H2*Main!$B$5)+(_xlfn.IFNA(VLOOKUP($A2,'FL Ratio'!$A$3:$B$10,2,FALSE),0)*'FL Characterization'!H$2) -> 36.258806 | I2: =('[1]Pc, Spring, S3'!I2*Main!$B$5)+(_xlfn.IFNA(VLOOKUP($A2,'FL Ratio'!$A$3:$B$10,2,FALSE),0)*'FL Characterization'!I$2) -> 45.254962 | ... Y2: =('[1]Pc, Spring, S3'!Y2*Main!$B$5)+(_xlfn.IFNA(VLOOKUP($A2,'FL Ratio'!$A$3:$B$10,2,FALSE),0)*'FL Characterization'!Y$2) -> 42.819116
A3: 2 | B3: =('[1]Pc, Spring, S3'!B3*Main!$B$5)+(_xlfn.IFNA(VLOOKUP($A3,'FL Ratio'!$A$3:$B$10,2,FALSE),0)*'FL Characterization'!B$2) -> 38.466847 | C3: =('[1]Pc, Spring, S3'!C3*Main!$B$5)+(_xlfn.IFNA(VLOOKUP($A3,'FL Ratio'!$A$3:$B$10,2,FALSE),0)*'FL Characterization'!C$2) -> 37.35101 | D3: =('[1]Pc, Spring, S3'!D3*Main!$B$5)+(_xlfn.IFNA(VLOOKUP($A3,'FL Ratio'!$A$3:$B$10,2,FALSE),0)*'FL Characterization'!D$2) -> 33.538341 | E3: =('[1]Pc, Spring, S3'!E3*Main!$B$5)+(_xlfn.IFNA(VLOOKUP($A3,'FL Ratio'!$A$3:$B$10,2,FALSE),0)*'FL Characterization'!E$2) -> 34.547376 | F3: =('[1]Pc, Spring, S3'!F3*Main!$B$5)+(_xlfn.IFNA(VLOOKUP($A3,'FL Ratio'!$A$3:$B$10,2,FALSE),0)*'FL Characterization'!F$2) -> 33.005706 | G3: =('[1]Pc, Spring, S3'!G3*Main!$B$5)+(_xlfn.IFNA(VLOOKUP($A3,'FL Ratio'!$A$3:$B$10,2,FALSE),0)*'FL Characterization'!G$2) -> 36.068272 | H3: =('[1]Pc, Spring, S3'!H3*Main!$B$5)+(_xlfn.IFNA(VLOOKUP($A3,'FL Ratio'!$A$3:$B$10,2,FALSE),0)*'FL Characterization'!H$2) -> 46.866221 | I3: =('[1]Pc, Spring, S3'!I3*Main!$B$5)+(_xlfn.IFNA(VLOOKUP($A3,'FL Ratio'!$A$3:$B$10,2,FALSE),0)*'FL Characterization'!I$2) -> 53.067793 | ... Y3: =('[1]Pc, Spring, S3'!Y3*Main!$B$5)+(_xlfn.IFNA(VLOOKUP($A3,'FL Ratio'!$A$3:$B$10,2,FALSE),0)*'FL Characterization'!Y$2) -> 42.500674
A4: 3 | B4: =('[1]Pc, Spring, S3'!B4*Main!$B$5)+(_xlfn.IFNA(VLOOKUP($A4,'FL Ratio'!$A$3:$B$10,2,FALSE),0)*'FL Characterization'!B$2) -> 52.343014 | C4: =('[1]Pc, Spring, S3'!C4*Main!$B$5)+(_xlfn.IFNA(VLOOKUP($A4,'FL Ratio'!$A$3:$B$10,2,FALSE),0)*'FL Characterization'!C$2) -> 46.04142 | D4: =('[1]Pc, Spring, S3'!D4*Main!$B$5)+(_xlfn.IFNA(VLOOKUP($A4,'FL Ratio'!$A$3:$B$10,2,FALSE),0)*'FL Characterization'!D$2) -> 46.090185 | E4: =('[1]Pc, Spring, S3'!E4*Main!$B$5)+(_xlfn.IFNA(VLOOKUP($A4,'FL Ratio'!$A$3:$B$10,2,FALSE),0)*'FL Characterization'!E$2) -> 42.50622 | F4: =('[1]Pc, Spring, S3'!F4*Main!$B$5)+(_xlfn.IFNA(VLOOKUP($A4,'FL Ratio'!$A$3:$B$10,2,FALSE),0)*'FL Characterization'!F$2) -> 44.723483 | G4: =('[1]Pc, Spring, S3'!G4*Main!$B$5)+(_xlfn.IFNA(VLOOKUP($A4,'FL Ratio'!$A$3:$B$10,2,FALSE),0)*'FL Characterization'!G$2) -> 43.800679 | H4: =('[1]Pc, Spring, S3'!H4*Main!$B$5)+(_xlfn.IFNA(VLOOKUP($A4,'FL Ratio'!$A$3:$B$10,2,FALSE),0)*'FL Characterization'!H$2) -> 51.298492 | I4: =('[1]Pc, Spring, S3'!I4*Main!$B$5)+(_xlfn.IFNA(VLOOKUP($A4,'FL Ratio'!$A$3:$B$10,2,FALSE),0)*'FL Characterization'!I$2) -> 54.955751 | ... Y4: =('[1]Pc, Spring, S3'!Y4*Main!$B$5)+(_xlfn.IFNA(VLOOKUP($A4,'FL Ratio'!$A$3:$B$10,2,FALSE),0)*'FL Characterization'!Y$2) -> 60.70213

Sheet Pc, Spring, S9
A1: LoadID | B1: 0 | C1: 1 | D1: 2 | E1: 3 | F1: 4 | G1: 5 | H1: 6 | I1: 7 | J1: 8 | K1: 9 | L1: 10 | M1: 11 | N1: 12 | O1: 13 | P1: 14 | Q1: 15 | R1: 16 | S1: 17 | T1: 18 | U1: 19 | V1: 20 | W1: 21 | X1: 22 | Y1: 23
A2: 1 | B2: =('[1]Pc, Spring, S3'!B2*Main!$B$5)+(_xlfn.IFNA(VLOOKUP($A2,'FL Ratio'!$A$3:$B$10,2,FALSE),0)*'FL Characterization'!B$2) -> 36.719335 | C2: =('[1]Pc, Spring, S3'!C2*Main!$B$5)+(_xlfn.IFNA(VLOOKUP($A2,'FL Ratio'!$A$3:$B$10,2,FALSE),0)*'FL Characterization'!C$2) -> 32.826945 | D2: =('[1]Pc, Spring, S3'!D2*Main!$B$5)+(_xlfn.IFNA(VLOOKUP($A2,'FL Ratio'!$A$3:$B$10,2,FALSE),0)*'FL Characterization'!D$2) -> 31.307587 | E2: =('[1]Pc, Spring, S3'!E2*Main!$B$5)+(_xlfn.IFNA(VLOOKUP($A2,'FL Ratio'!$A$3:$B$10,2,FALSE),0)*'FL Characterization'!E$2) -> 31.235579 | F2: =('[1]Pc, Spring, S3'!F2*Main!$B$5)+(_xlfn.IFNA(VLOOKUP($A2,'FL Ratio'!$A$3:$B$10,2,FALSE),0)*'FL Characterization'!F$2) -> 30.848929 | G2: =('[1]Pc, Spring, S3'!G2*Main!$B$5)+(_xlfn.IFNA(VLOOKUP($A2,'FL Ratio'!$A$3:$B$10,2,FALSE),0)*'FL Characterization'!G$2) -> 32.236997 | H2: =('[1]Pc, Spring, S3'!H2*Main!$B$5)+(_xlfn.IFNA(VLOOKUP($A2,'FL Ratio'!$A$3:$B$10,2,FALSE),0)*'FL Characterization'!H$2) -> 36.258806 | I2: =('[1]Pc, Spring, S3'!I2*Main!$B$5)+(_xlfn.IFNA(VLOOKUP($A2,'FL Ratio'!$A$3:$B$10,2,FALSE),0)*'FL Characterization'!I$2) -> 45.254962 | ... Y2: =('[1]Pc, Spring, S3'!Y2*Main!$B$5)+(_xlfn.IFNA(VLOOKUP($A2,'FL Ratio'!$A$3:$B$10,2,FALSE),0)*'FL Characterization'!Y$2) -> 42.819116
A3: 2 | B3: =('[1]Pc, Spring, S3'!B3*Main!$B$5)+(_xlfn.IFNA(VLOOKUP($A3,'FL Ratio'!$A$3:$B$10,2,FALSE),0)*'FL Characterization'!B$2) -> 38.466847 | C3: =('[1]Pc, Spring, S3'!C3*Main!$B$5)+(_xlfn.IFNA(VLOOKUP($A3,'FL Ratio'!$A$3:$B$10,2,FALSE),0)*'FL Characterization'!C$2) -> 37.35101 | D3: =('[1]Pc, Spring, S3'!D3*Main!$B$5)+(_xlfn.IFNA(VLOOKUP($A3,'FL Ratio'!$A$3:$B$10,2,FALSE),0)*'FL Characterization'!D$2) -> 33.538341 | E3: =('[1]Pc, Spring, S3'!E3*Main!$B$5)+(_xlfn.IFNA(VLOOKUP($A3,'FL Ratio'!$A$3:$B$10,2,FALSE),0)*'FL Characterization'!E$2) -> 34.547376 | F3: =('[1]Pc, Spring, S3'!F3*Main!$B$5)+(_xlfn.IFNA(VLOOKUP($A3,'FL Ratio'!$A$3:$B$10,2,FALSE),0)*'FL Characterization'!F$2) -> 33.005706 | G3: =('[1]Pc, Spring, S3'!G3*Main!$B$5)+(_xlfn.IFNA(VLOOKUP($A3,'FL Ratio'!$A$3:$B$10,2,FALSE),0)*'FL Characterization'!G$2) -> 36.068272 | H3: =('[1]Pc, Spring, S3'!H3*Main!$B$5)+(_xlfn.IFNA(VLOOKUP($A3,'FL Ratio'!$A$3:$B$10,2,FALSE),0)*'FL Characterization'!H$2) -> 46.866221 | I3: =('[1]Pc, Spring, S3'!I3*Main!$B$5)+(_xlfn.IFNA(VLOOKUP($A3,'FL Ratio'!$A$3:$B$10,2,FALSE),0)*'FL Characterization'!I$2) -> 53.067793 | ... Y3: =('[1]Pc, Spring, S3'!Y3*Main!$B$5)+(_xlfn.IFNA(VLOOKUP($A3,'FL Ratio'!$A$3:$B$10,2,FALSE),0)*'FL Characterization'!Y$2) -> 42.500674
A4: 3 | B4: =('[1]Pc, Spring, S3'!B4*Main!$B$5)+(_xlfn.IFNA(VLOOKUP($A4,'FL Ratio'!$A$3:$B$10,2,FALSE),0)*'FL Characterization'!B$2) -> 52.343014 | C4: =('[1]Pc, Spring, S3'!C4*Main!$B$5)+(_xlfn.IFNA(VLOOKUP($A4,'FL Ratio'!$A$3:$B$10,2,FALSE),0)*'FL Characterization'!C$2) -> 46.04142 | D4: =('[1]Pc, Spring, S3'!D4*Main!$B$5)+(_xlfn.IFNA(VLOOKUP($A4,'FL Ratio'!$A$3:$B$10,2,FALSE),0)*'FL Characterization'!D$2) -> 46.090185 | E4: =('[1]Pc, Spring, S3'!E4*Main!$B$5)+(_xlfn.IFNA(VLOOKUP($A4,'FL Ratio'!$A$3:$B$10,2,FALSE),0)*'FL Characterization'!E$2) -> 42.50622 | F4: =('[1]Pc, Spring, S3'!F4*Main!$B$5)+(_xlfn.IFNA(VLOOKUP($A4,'FL Ratio'!$A$3:$B$10,2,FALSE),0)*'FL Characterization'!F$2) -> 44.723483 | G4: =('[1]Pc, Spring, S3'!G4*Main!$B$5)+(_xlfn.IFNA(VLOOKUP($A4,'FL Ratio'!$A$3:$B$10,2,FALSE),0)*'FL Characterization'!G$2) -> 43.800679 | H4: =('[1]Pc, Spring, S3'!H4*Main!$B$5)+(_xlfn.IFNA(VLOOKUP($A4,'FL Ratio'!$A$3:$B$10,2,FALSE),0)*'FL Characterization'!H$2) -> 51.298492 | I4: =('[1]Pc, Spring, S3'!I4*Main!$B$5)+(_xlfn.IFNA(VLOOKUP($A4,'FL Ratio'!$A$3:$B$10,2,FALSE),0)*'FL Characterization'!I$2) -> 54.955751 | ... Y4: =('[1]Pc, Spring, S3'!Y4*Main!$B$5)+(_xlfn.IFNA(VLOOKUP($A4,'FL Ratio'!$A$3:$B$10,2,FALSE),0)*'FL Characterization'!Y$2) -> 60.70213

Sheet Qc, Spring, S1
A1: LoadID | B1: 0 | C1: 1 | D1: 2 | E1: 3 | F1: 4 | G1: 5 | H1: 6 | I1: 7 | J1: 8 | K1: 9 | L1: 10 | M1: 11 | N1: 12 | O1: 13 | P1: 14 | Q1: 15 | R1: 16 | S1: 17 | T1: 18 | U1: 19 | V1: 20 | W1: 21 | X1: 22 | Y1: 23
A2: 1 | B2: =('[1]Qc, Spring, S1'!B2*Main!$B$5) -> -13.940482 | C2: =('[1]Qc, Spring, S1'!C2*Main!$B$5) -> -16.425241 | D2: =('[1]Qc, Spring, S1'!D2*Main!$B$5) -> -18.461343 | E2: =('[1]Qc, Spring, S1'!E2*Main!$B$5) -> -17.387001 | F2: =('[1]Qc, Spring, S1'!F2*Main!$B$5) -> -17.561812 | G2: =('[1]Qc, Spring, S1'!G2*Main!$B$5) -> -17.265675 | H2: =('[1]Qc, Spring, S1'!H2*Main!$B$5) -> -14.362263 | I2: =('[1]Qc, Spring, S1'!I2*Main!$B$5) -> -3.4412139 | ... Y2: =('[1]Qc, Spring, S1'!Y2*Main!$B$5) -> -9.9928351
A3: 2 | B3: =('[1]Qc, Spring, S1'!B3*Main!$B$5) -> -2.5666859 | C3: =('[1]Qc, Spring, S1'!C3*Main!$B$5) -> -0.78634443 | D3: =('[1]Qc, Spring, S1'!D3*Main!$B$5) -> -3.2930052 | E3: =('[1]Qc, Spring, S1'!E3*Main!$B$5) -> -4.7960769 | F3: =('[1]Qc, Spring, S1'!F3*Main!$B$5) -> -3.5200565 | G3: =('[1]Qc, Spring, S1'!G3*Main!$B$5) -> -5.3809738 | H3: =('[1]Qc, Spring, S1'!H3*Main!$B$5) -> -1.8428088 | I3: =('[1]Qc, Spring, S1'!I3*Main!$B$5) -> 1.4637316 | ... Y3: =('[1]Qc, Spring, S1'!Y3*Main!$B$5) -> -3.3331103
A4: 3 | B4: =('[1]Qc, Spring, S1'!B4*Main!$B$5) -> 11.866763 | C4: =('[1]Qc, Spring, S1'!C4*Main!$B$5) -> 9.4245171 | D4: =('[1]Qc, Spring, S1'!D4*Main!$B$5) -> 8.7495916 | E4: =('[1]Qc, Spring, S1'!E4*Main!$B$5) -> 8.0821575 | F4: =('[1]Qc, Spring, S1'!F4*Main!$B$5) -> 8.624108 | G4: =('[1]Qc, Spring, S1'!G4*Main!$B$5) -> 6.676738 | H4: =('[1]Qc, Spring, S1'!H4*Main!$B$5) -> 11.421889 | I4: =('[1]Qc, Spring, S1'!I4*Main!$B$5) -> 16.459008 | ... Y4: =('[1]Qc, Spring, S1'!Y4*Main!$B$5) -> 16.907896

Sheet Qc, Spring, S2
A1: LoadID | B1: 0 | C1: 1 | D1: 2 | E1: 3 | F1: 4 | G1: 5 | H1: 6 | I1: 7 | J1: 8 | K1: 9 | L1: 10 | M1: 11 | N1: 12 | O1: 13 | P1: 14 | Q1: 15 | R1: 16 | S1: 17 | T1: 18 | U1: 19 | V1: 20 | W1: 21 | X1: 22 | Y1: 23
A2: 1 | B2: =('[1]Qc, Spring, S1'!B2*Main!$B$5) -> -13.940482 | C2: =('[1]Qc, Spring, S1'!C2*Main!$B$5) -> -16.425241 | D2: =('[1]Qc, Spring, S1'!D2*Main!$B$5) -> -18.461343 | E2: =('[1]Qc, Spring, S1'!E2*Main!$B$5) -> -17.387001 | F2: =('[1]Qc, Spring, S1'!F2*Main!$B$5) -> -17.561812 | G2: =('[1]Qc, Spring, S1'!G2*Main!$B$5) -> -17.265675 | H2: =('[1]Qc, Spring, S1'!H2*Main!$B$5) -> -14.362263 | I2: =('[1]Qc, Spring, S1'!I2*Main!$B$5) -> -3.4412139 | ... Y2: =('[1]Qc, Spring, S1'!Y2*Main!$B$5) -> -9.9928351
A3: 2 | B3: =('[1]Qc, Spring, S1'!B3*Main!$B$5) -> -2.5666859 | C3: =('[1]Qc, Spring, S1'!C3*Main!$B$5) -> -0.78634443 | D3: =('[1]Qc, Spring, S1'!D3*Main!$B$5) -> -3.2930052 | E3: =('[1]Qc, Spring, S1'!E3*Main!$B$5) -> -4.7960769 | F3: =('[1]Qc, Spring, S1'!F3*Main!$B$5) -> -3.5200565 | G3: =('[1]Qc, Spring, S1'!G3*Main!$B$5) -> -5.3809738 | H3: =('[1]Qc, Spring, S1'!H3*Main!$B$5) -> -1.8428088 | I3: =('[1]Qc, Spring, S1'!I3*Main!$B$5) -> 1.4637316 | ... Y3: =('[1]Qc, Spring, S1'!Y3*Main!$B$5) -> -3.3331103
A4: 3 | B4: =('[1]Qc, Spring, S1'!B4*Main!$B$5) -> 11.866763 | C4: =('[1]Qc, Spring, S1'!C4*Main!$B$5) -> 9.4245171 | D4: =('[1]Qc, Spring, S1'!D4*Main!$B$5) -> 8.7495916 | E4: =('[1]Qc, Spring, S1'!E4*Main!$B$5) -> 8.0821575 | F4: =('[1]Qc, Spring, S1'!F4*Main!$B$5) -> 8.624108 | G4: =('[1]Qc, Spring, S1'!G4*Main!$B$5) -> 6.676738 | H4: =('[1]Qc, Spring, S1'!H4*Main!$B$5) -> 11.421889 | I4: =('[1]Qc, Spring, S1'!I4*Main!$B$5) -> 16.459008 | ... Y4: =('[1]Qc, Spring, S1'!Y4*Main!$B$5) -> 16.907896

Sheet Qc, Spring, S3
A1: LoadID | B1: 0 | C1: 1 | D1: 2 | E1: 3 | F1: 4 | G1: 5 | H1: 6 | I1: 7 | J1: 8 | K1: 9 | L1: 10 | M1: 11 | N1: 12 | O1: 13 | P1: 14 | Q1: 15 | R1: 16 | S1: 17 | T1: 18 | U1: 19 | V1: 20 | W1: 21 | X1: 22 | Y1: 23
A2: 1 | B2: =('[1]Qc, Spring, S1'!B2*Main!$B$5) -> -13.940482 | C2: =('[1]Qc, Spring, S1'!C2*Main!$B$5) -> -16.425241 | D2: =('[1]Qc, Spring, S1'!D2*Main!$B$5) -> -18.461343 | E2: =('[1]Qc, Spring, S1'!E2*Main!$B$5) -> -17.387001 | F2: =('[1]Qc, Spring, S1'!F2*Main!$B$5) -> -17.561812 | G2: =('[1]Qc, Spring, S1'!G2*Main!$B$5) -> -17.265675 | H2: =('[1]Qc, Spring, S1'!H2*Main!$B$5) -> -14.362263 | I2: =('[1]Qc, Spring, S1'!I2*Main!$B$5) -> -3.4412139 | ... Y2: =('[1]Qc, Spring, S1'!Y2*Main!$B$5) -> -9.9928351
A3: 2 | B3: =('[1]Qc, Spring, S1'!B3*Main!$B$5) -> -2.5666859 | C3: =('[1]Qc, Spring, S1'!C3*Main!$B$5) -> -0.78634443 | D3: =('[1]Qc, Spring, S1'!D3*Main!$B$5) -> -3.2930052 | E3: =('[1]Qc, Spring, S1'!E3*Main!$B$5) -> -4.7960769 | F3: =('[1]Qc, Spring, S1'!F3*Main!$B$5) -> -3.5200565 | G3: =('[1]Qc, Spring, S1'!G3*Main!$B$5) -> -5.3809738 | H3: =('[1]Qc, Spring, S1'!H3*Main!$B$5) -> -1.8428088 | I3: =('[1]Qc, Spring, S1'!I3*Main!$B$5) -> 1.4637316 | ... Y3: =('[1]Qc, Spring, S1'!Y3*Main!$B$5) -> -3.3331103
A4: 3 | B4: =('[1]Qc, Spring, S1'!B4*Main!$B$5) -> 11.866763 | C4: =('[1]Qc, Spring, S1'!C4*Main!$B$5) -> 9.4245171 | D4: =('[1]Qc, Spring, S1'!D4*Main!$B$5) -> 8.7495916 | E4: =('[1]Qc, Spring, S1'!E4*Main!$B$5) -> 8.0821575 | F4: =('[1]Qc, Spring, S1'!F4*Main!$B$5) -> 8.624108 | G4: =('[1]Qc, Spring, S1'!G4*Main!$B$5) -> 6.676738 | H4: =('[1]Qc, Spring, S1'!H4*Main!$B$5) -> 11.421889 | I4: =('[1]Qc, Spring, S1'!I4*Main!$B$5) -> 16.459008 | ... Y4: =('[1]Qc, Spring, S1'!Y4*Main!$B$5) -> 16.907896

Sheet Qc, Spring, S4
A1: LoadID | B1: 0 | C1: 1 | D1: 2 | E1: 3 | F1: 4 | G1: 5 | H1: 6 | I1: 7 | J1: 8 | K1: 9 | L1: 10 | M1: 11 | N1: 12 | O1: 13 | P1: 14 | Q1: 15 | R1: 16 | S1: 17 | T1: 18 | U1: 19 | V1: 20 | W1: 21 | X1: 22 | Y1: 23
A2: 1 | B2: =('[1]Qc, Spring, S2'!B2*Main!$B$5) -> -14.358696 | C2: =('[1]Qc, Spring, S2'!C2*Main!$B$5) -> -16.917998 | D2: =('[1]Qc, Spring, S2'!D2*Main!$B$5) -> -19.015184 | E2: =('[1]Qc, Spring, S2'!E2*Main!$B$5) -> -17.908611 | F2: =('[1]Qc, Spring, S2'!F2*Main!$B$5) -> -18.088667 | G2: =('[1]Qc, Spring, S2'!G2*Main!$B$5) -> -17.783645 | H2: =('[1]Qc, Spring, S2'!H2*Main!$B$5) -> -14.793131 | I2: =('[1]Qc, Spring, S2'!I2*Main!$B$5) -> -3.5444503 | ... Y2: =('[1]Qc, Spring, S2'!Y2*Main!$B$5) -> -10.29262
A3: 2 | B3: =('[1]Qc, Spring, S2'!B3*Main!$B$5) -> -2.6436864 | C3: =('[1]Qc, Spring, S2'!C3*Main!$B$5) -> -0.80993477 | D3: =('[1]Qc, Spring, S2'!D3*Main!$B$5) -> -3.3917953 | E3: =('[1]Qc, Spring, S2'!E3*Main!$B$5) -> -4.9399592 | F3: =('[1]Qc, Spring, S2'!F3*Main!$B$5) -> -3.6256581 | G3: =('[1]Qc, Spring, S2'!G3*Main!$B$5) -> -5.542403 | H3: =('[1]Qc, Spring, S2'!H3*Main!$B$5) -> -1.8980931 | I3: =('[1]Qc, Spring, S2'!I3*Main!$B$5) -> 1.5076436 | ... Y3: =('[1]Qc, Spring, S2'!Y3*Main!$B$5) -> -3.4331036
A4: 3 | B4: =('[1]Qc, Spring, S2'!B4*Main!$B$5) -> 12.222766 | C4: =('[1]Qc, Spring, S2'!C4*Main!$B$5) -> 9.7072527 | D4: =('[1]Qc, Spring, S2'!D4*Main!$B$5) -> 9.0120794 | E4: =('[1]Qc, Spring, S2'!E4*Main!$B$5) -> 8.3246222 | F4: =('[1]Qc, Spring, S2'!F4*Main!$B$5) -> 8.8828312 | G4: =('[1]Qc, Spring, S2'!G4*Main!$B$5) -> 6.8770402 | H4: =('[1]Qc, Spring, S2'!H4*Main!$B$5) -> 11.764546 | I4: =('[1]Qc, Spring, S2'!I4*Main!$B$5) -> 16.952778 | ... Y4: =('[1]Qc, Spring, S2'!Y4*Main!$B$5) -> 17.415133

Sheet Qc, Spring, S5
A1: LoadID | B1: 0 | C1: 1 | D1: 2 | E1: 3 | F1: 4 | G1: 5 | H1: 6 | I1: 7 | J1: 8 | K1: 9 | L1: 10 | M1: 11 | N1: 12 | O1: 13 | P1: 14 | Q1: 15 | R1: 16 | S1: 17 | T1: 18 | U1: 19 | V1: 20 | W1: 21 | X1: 22 | Y1: 23
A2: 1 | B2: =('[1]Qc, Spring, S2'!B2*Main!$B$5) -> -14.358696 | C2: =('[1]Qc, Spring, S2'!C2*Main!$B$5) -> -16.917998 | D2: =('[1]Qc, Spring, S2'!D2*Main!$B$5) -> -19.015184 | E2: =('[1]Qc, Spring, S2'!E2*Main!$B$5) -> -17.908611 | F2: =('[1]Qc, Spring, S2'!F2*Main!$B$5) -> -18.088667 | G2: =('[1]Qc, Spring, S2'!G2*Main!$B$5) -> -17.783645 | H2: =('[1]Qc, Spring, S2'!H2*Main!$B$5) -> -14.793131 | I2: =('[1]Qc, Spring, S2'!I2*Main!$B$5) -> -3.5444503 | ... Y2: =('[1]Qc, Spring, S2'!Y2*Main!$B$5) -> -10.29262
A3: 2 | B3: =('[1]Qc, Spring, S2'!B3*Main!$B$5) -> -2.6436864 | C3: =('[1]Qc, Spring, S2'!C3*Main!$B$5) -> -0.80993477 | D3: =('[1]Qc, Spring, S2'!D3*Main!$B$5) -> -3.3917953 | E3: =('[1]Qc, Spring, S2'!E3*Main!$B$5) -> -4.9399592 | F3: =('[1]Qc, Spring, S2'!F3*Main!$B$5) -> -3.6256581 | G3: =('[1]Qc, Spring, S2'!G3*Main!$B$5) -> -5.542403 | H3: =('[1]Qc, Spring, S2'!H3*Main!$B$5) -> -1.8980931 | I3: =('[1]Qc, Spring, S2'!I3*Main!$B$5) -> 1.5076436 | ... Y3: =('[1]Qc, Spring, S2'!Y3*Main!$B$5) -> -3.4331036
A4: 3 | B4: =('[1]Qc, Spring, S2'!B4*Main!$B$5) -> 12.222766 | C4: =('[1]Qc, Spring, S2'!C4*Main!$B$5) -> 9.7072527 | D4: =('[1]Qc, Spring, S2'!D4*Main!$B$5) -> 9.0120794 | E4: =('[1]Qc, Spring, S2'!E4*Main!$B$5) -> 8.3246222 | F4: =('[1]Qc, Spring, S2'!F4*Main!$B$5) -> 8.8828312 | G4: =('[1]Qc, Spring, S2'!G4*Main!$B$5) -> 6.8770402 | H4: =('[1]Qc, Spring, S2'!H4*Main!$B$5) -> 11.764546 | I4: =('[1]Qc, Spring, S2'!I4*Main!$B$5) -> 16.952778 | ... Y4: =('[1]Qc, Spring, S2'!Y4*Main!$B$5) -> 17.415133

Sheet Qc, Spring, S6
A1: LoadID | B1: 0 | C1: 1 | D1: 2 | E1: 3 | F1: 4 | G1: 5 | H1: 6 | I1: 7 | J1: 8 | K1: 9 | L1: 10 | M1: 11 | N1: 12 | O1: 13 | P1: 14 | Q1: 15 | R1: 16 | S1: 17 | T1: 18 | U1: 19 | V1: 20 | W1: 21 | X1: 22 | Y1: 23
A2: 1 | B2: =('[1]Qc, Spring, S2'!B2*Main!$B$5) -> -14.358696 | C2: =('[1]Qc, Spring, S2'!C2*Main!$B$5) -> -16.917998 | D2: =('[1]Qc, Spring, S2'!D2*Main!$B$5) -> -19.015184 | E2: =('[1]Qc, Spring, S2'!E2*Main!$B$5) -> -17.908611 | F2: =('[1]Qc, Spring, S2'!F2*Main!$B$5) -> -18.088667 | G2: =('[1]Qc, Spring, S2'!G2*Main!$B$5) -> -17.783645 | H2: =('[1]Qc, Spring, S2'!H2*Main!$B$5) -> -14.793131 | I2: =('[1]Qc, Spring, S2'!I2*Main!$B$5) -> -3.5444503 | ... Y2: =('[1]Qc, Spring, S2'!Y2*Main!$B$5) -> -10.29262
A3: 2 | B3: =('[1]Qc, Spring, S2'!B3*Main!$B$5) -> -2.6436864 | C3: =('[1]Qc, Spring, S2'!C3*Main!$B$5) -> -0.80993477 | D3: =('[1]Qc, Spring, S2'!D3*Main!$B$5) -> -3.3917953 | E3: =('[1]Qc, Spring, S2'!E3*Main!$B$5) -> -4.9399592 | F3: =('[1]Qc, Spring, S2'!F3*Main!$B$5) -> -3.6256581 | G3: =('[1]Qc, Spring, S2'!G3*Main!$B$5) -> -5.542403 | H3: =('[1]Qc, Spring, S2'!H3*Main!$B$5) -> -1.8980931 | I3: =('[1]Qc, Spring, S2'!I3*Main!$B$5) -> 1.5076436 | ... Y3: =('[1]Qc, Spring, S2'!Y3*Main!$B$5) -> -3.4331036
A4: 3 | B4: =('[1]Qc, Spring, S2'!B4*Main!$B$5) -> 12.222766 | C4: =('[1]Qc, Spring, S2'!C4*Main!$B$5) -> 9.7072527 | D4: =('[1]Qc, Spring, S2'!D4*Main!$B$5) -> 9.0120794 | E4: =('[1]Qc, Spring, S2'!E4*Main!$B$5) -> 8.3246222 | F4: =('[1]Qc, Spring, S2'!F4*Main!$B$5) -> 8.8828312 | G4: =('[1]Qc, Spring, S2'!G4*Main!$B$5) -> 6.8770402 | H4: =('[1]Qc, Spring, S2'!H4*Main!$B$5) -> 11.764546 | I4: =('[1]Qc, Spring, S2'!I4*Main!$B$5) -> 16.952778 | ... Y4: =('[1]Qc, Spring, S2'!Y4*Main!$B$5) -> 17.415133

Sheet Qc, Spring, S7
A1: LoadID | B1: 0 | C1: 1 | D1: 2 | E1: 3 | F1: 4 | G1: 5 | H1: 6 | I1: 7 | J1: 8 | K1: 9 | L1: 10 | M1: 11 | N1: 12 | O1: 13 | P1: 14 | Q1: 15 | R1: 16 | S1: 17 | T1: 18 | U1: 19 | V1: 20 | W1: 21 | X1: 22 | Y1: 23
A2: 1 | B2: =('[1]Qc, Spring, S3'!B2*Main!$B$5) -> -13.661672 | C2: =('[1]Qc, Spring, S3'!C2*Main!$B$5) -> -16.096736 | D2: =('[1]Qc, Spring, S3'!D2*Main!$B$5) -> -18.092117 | E2: =('[1]Qc, Spring, S3'!E2*Main!$B$5) -> -17.039261 | F2: =('[1]Qc, Spring, S3'!F2*Main!$B$5) -> -17.210576 | G2: =('[1]Qc, Spring, S3'!G2*Main!$B$5) -> -16.920361 | H2: =('[1]Qc, Spring, S3'!H2*Main!$B$5) -> -14.075018 | I2: =('[1]Qc, Spring, S3'!I2*Main!$B$5) -> -3.3723896 | ... Y2: =('[1]Qc, Spring, S3'!Y2*Main!$B$5) -> -9.7929784
A3: 2 | B3: =('[1]Qc, Spring, S3'!B3*Main!$B$5) -> -2.5153522 | C3: =('[1]Qc, Spring, S3'!C3*Main!$B$5) -> -0.77061755 | D3: =('[1]Qc, Spring, S3'!D3*Main!$B$5) -> -3.2271451 | E3: =('[1]Qc, Spring, S3'!E3*Main!$B$5) -> -4.7001554 | F3: =('[1]Qc, Spring, S3'!F3*Main!$B$5) -> -3.4496553 | G3: =('[1]Qc, Spring, S3'!G3*Main!$B$5) -> -5.2733543 | H3: =('[1]Qc, Spring, S3'!H3*Main!$B$5) -> -1.8059526 | I3: =('[1]Qc, Spring, S3'!I3*Main!$B$5) -> 1.434457 | ... Y3: =('[1]Qc, Spring, S3'!Y3*Main!$B$5) -> -3.266448
A4: 3 | B4: =('[1]Qc, Spring, S3'!B4*Main!$B$5) -> 11.629428 | C4: =('[1]Qc, Spring, S3'!C4*Main!$B$5) -> 9.2360268 | D4: =('[1]Qc, Spring, S3'!D4*Main!$B$5) -> 8.5745998 | E4: =('[1]Qc, Spring, S3'!E4*Main!$B$5) -> 7.9205143 | F4: =('[1]Qc, Spring, S3'!F4*Main!$B$5) -> 8.4516258 | G4: =('[1]Qc, Spring, S3'!G4*Main!$B$5) -> 6.5432033 | H4: =('[1]Qc, Spring, S3'!H4*Main!$B$5) -> 11.193451 | I4: =('[1]Qc, Spring, S3'!I4*Main!$B$5) -> 16.129828 | ... Y4: =('[1]Qc, Spring, S3'!Y4*Main!$B$5) -> 16.569738

Sheet Qc, Spring, S8
A1: LoadID | B1: 0 | C1: 1 | D1: 2 | E1: 3 | F1: 4 | G1: 5 | H1: 6 | I1: 7 | J1: 8 | K1: 9 | L1: 10 | M1: 11 | N1: 12 | O1: 13 | P1: 14 | Q1: 15 | R1: 16 | S1: 17 | T1: 18 | U1: 19 | V1: 20 | W1: 21 | X1: 22 | Y1: 23
A2: 1 | B2: =('[1]Qc, Spring, S3'!B2*Main!$B$5) -> -13.661672 | C2: =('[1]Qc, Spring, S3'!C2*Main!$B$5) -> -16.096736 | D2: =('[1]Qc, Spring, S3'!D2*Main!$B$5) -> -18.092117 | E2: =('[1]Qc, Spring, S3'!E2*Main!$B$5) -> -17.039261 | F2: =('[1]Qc, Spring, S3'!F2*Main!$B$5) -> -17.210576 | G2: =('[1]Qc, Spring, S3'!G2*Main!$B$5) -> -16.920361 | H2: =('[1]Qc, Spring, S3'!H2*Main!$B$5) -> -14.075018 | I2: =('[1]Qc, Spring, S3'!I2*Main!$B$5) -> -3.3723896 | ... Y2: =('[1]Qc, Spring, S3'!Y2*Main!$B$5) -> -9.7929784
A3: 2 | B3: =('[1]Qc, Spring, S3'!B3*Main!$B$5) -> -2.5153522 | C3: =('[1]Qc, Spring, S3'!C3*Main!$B$5) -> -0.77061755 | D3: =('[1]Qc, Spring, S3'!D3*Main!$B$5) -> -3.2271451 | E3: =('[1]Qc, Spring, S3'!E3*Main!$B$5) -> -4.7001554 | F3: =('[1]Qc, Spring, S3'!F3*Main!$B$5) -> -3.4496553 | G3: =('[1]Qc, Spring, S3'!G3*Main!$B$5) -> -5.2733543 | H3: =('[1]Qc, Spring, S3'!H3*Main!$B$5) -> -1.8059526 | I3: =('[1]Qc, Spring, S3'!I3*Main!$B$5) -> 1.434457 | ... Y3: =('[1]Qc, Spring, S3'!Y3*Main!$B$5) -> -3.266448
A4: 3 | B4: =('[1]Qc, Spring, S3'!B4*Main!$B$5) -> 11.629428 | C4: =('[1]Qc, Spring, S3'!C4*Main!$B$5) -> 9.2360268 | D4: =('[1]Qc, Spring, S3'!D4*Main!$B$5) -> 8.5745998 | E4: =('[1]Qc, Spring, S3'!E4*Main!$B$5) -> 7.9205143 | F4: =('[1]Qc, Spring, S3'!F4*Main!$B$5) -> 8.4516258 | G4: =('[1]Qc, Spring, S3'!G4*Main!$B$5) -> 6.5432033 | H4: =('[1]Qc, Spring, S3'!H4*Main!$B$5) -> 11.193451 | I4: =('[1]Qc, Spring, S3'!I4*Main!$B$5) -> 16.129828 | ... Y4: =('[1]Qc, Spring, S3'!Y4*Main!$B$5) -> 16.569738

Sheet Qc, Spring, S9
A1: LoadID | B1: 0 | C1: 1 | D1: 2 | E1: 3 | F1: 4 | G1: 5 | H1: 6 | I1: 7 | J1: 8 | K1: 9 | L1: 10 | M1: 11 | N1: 12 | O1: 13 | P1: 14 | Q1: 15 | R1: 16 | S1: 17 | T1: 18 | U1: 19 | V1: 20 | W1: 21 | X1: 22 | Y1: 23
A2: 1 | B2: =('[1]Qc, Spring, S3'!B2*Main!$B$5) -> -13.661672 | C2: =('[1]Qc, Spring, S3'!C2*Main!$B$5) -> -16.096736 | D2: =('[1]Qc, Spring, S3'!D2*Main!$B$5) -> -18.092117 | E2: =('[1]Qc, Spring, S3'!E2*Main!$B$5) -> -17.039261 | F2: =('[1]Qc, Spring, S3'!F2*Main!$B$5) -> -17.210576 | G2: =('[1]Qc, Spring, S3'!G2*Main!$B$5) -> -16.920361 | H2: =('[1]Qc, Spring, S3'!H2*Main!$B$5) -> -14.075018 | I2: =('[1]Qc, Spring, S3'!I2*Main!$B$5) -> -3.3723896 | ... Y2: =('[1]Qc, Spring, S3'!Y2*Main!$B$5) -> -9.7929784
A3: 2 | B3: =('[1]Qc, Spring, S3'!B3*Main!$B$5) -> -2.5153522 | C3: =('[1]Qc, Spring, S3'!C3*Main!$B$5) -> -0.77061755 | D3: =('[1]Qc, Spring, S3'!D3*Main!$B$5) -> -3.2271451 | E3: =('[1]Qc, Spring, S3'!E3*Main!$B$5) -> -4.7001554 | F3: =('[1]Qc, Spring, S3'!F3*Main!$B$5) -> -3.4496553 | G3: =('[1]Qc, Spring, S3'!G3*Main!$B$5) -> -5.2733543 | H3: =('[1]Qc, Spring, S3'!H3*Main!$B$5) -> -1.8059526 | I3: =('[1]Qc, Spring, S3'!I3*Main!$B$5) -> 1.434457 | ... Y3: =('[1]Qc, Spring, S3'!Y3*Main!$B$5) -> -3.266448
A4: 3 | B4: =('[1]Qc, Spring, S3'!B4*Main!$B$5) -> 11.629428 | C4: =('[1]Qc, Spring, S3'!C4*Main!$B$5) -> 9.2360268 | D4: =('[1]Qc, Spring, S3'!D4*Main!$B$5) -> 8.5745998 | E4: =('[1]Qc, Spring, S3'!E4*Main!$B$5) -> 7.9205143 | F4: =('[1]Qc, Spring, S3'!F4*Main!$B$5) -> 8.4516258 | G4: =('[1]Qc, Spring, S3'!G4*Main!$B$5) -> 6.5432033 | H4: =('[1]Qc, Spring, S3'!H4*Main!$B$5) -> 11.193451 | I4: =('[1]Qc, Spring, S3'!I4*Main!$B$5) -> 16.129828 | ... Y4: =('[1]Qc, Spring, S3'!Y4*Main!$B$5) -> 16.569738

Sheet UpFlex, Spring
A1: LoadID | B1: 0 | C1: 1 | D1: 2 | E1: 3 | F1: 4 | G1: 5 | H1: 6 | I1: 7 | J1: 8 | K1: 9 | L1: 10 | M1: 11 | N1: 12 | O1: 13 | P1: 14 | Q1: 15 | R1: 16 | S1: 17 | T1: 18 | U1: 19 | V1: 20 | W1: 21 | X1: 22 | Y1: 23
A2: 1 | B2: =('FL Characterization'!B$4-'FL Characterization'!B$2)*VLOOKUP($A2,'FL Ratio'!$A$2:$B$21,2,FALSE) -> 3.3981461 | C2: =('FL Characterization'!C$4-'FL Characterization'!C$2)*VLOOKUP($A2,'FL Ratio'!$A$2:$B$21,2,FALSE) -> 3.7409276 | D2: =('FL Characterization'!D$4-'FL Characterization'!D$2)*VLOOKUP($A2,'FL Ratio'!$A$2:$B$21,2,FALSE) -> 4.8691726 | E2: =('FL Characterization'!E$4-'FL Characterization'!E$2)*VLOOKUP($A2,'FL Ratio'!$A$2:$B$21,2,FALSE) -> 5.5823106 | F2: =('FL Characterization'!F$4-'FL Characterization'!F$2)*VLOOKUP($A2,'FL Ratio'!$A$2:$B$21,2,FALSE) -> 6.5635283 | G2: =('FL Characterization'!G$4-'FL Characterization'!G$2)*VLOOKUP($A2,'FL Ratio'!$A$2:$B$21,2,FALSE) -> 7.672292 | H2: =('FL Characterization'!H$4-'FL Characterization'!H$2)*VLOOKUP($A2,'FL Ratio'!$A$2:$B$21,2,FALSE) -> 6.8391604 | I2: =('FL Characterization'!I$4-'FL Characterization'!I$2)*VLOOKUP($A2,'FL Ratio'!$A$2:$B$21,2,FALSE) -> 9.7773313 | ... Y2: =('FL Characterization'!Y$4-'FL Characterization'!Y$2)*VLOOKUP($A2,'FL Ratio'!$A$2:$B$21,2,FALSE) -> 2.9054903
A3: 2 | B3: =('FL Characterization'!B$4-'FL Characterization'!B$2)*VLOOKUP($A3,'FL Ratio'!$A$2:$B$21,2,FALSE) -> 3.3981461 | C3: =('FL Characterization'!C$4-'FL Characterization'!C$2)*VLOOKUP($A3,'FL Ratio'!$A$2:$B$21,2,FALSE) -> 3.7409276 | D3: =('FL Characterization'!D$4-'FL Characterization'!D$2)*VLOOKUP($A3,'FL Ratio'!$A$2:$B$21,2,FALSE) -> 4.8691726 | E3: =('FL Characterization'!E$4-'FL Characterization'!E$2)*VLOOKUP($A3,'FL Ratio'!$A$2:$B$21,2,FALSE) -> 5.5823106 | F3: =('FL Characterization'!F$4-'FL Characterization'!F$2)*VLOOKUP($A3,'FL Ratio'!$A$2:$B$21,2,FALSE) -> 6.5635283 | G3: =('FL Characterization'!G$4-'FL Characterization'!G$2)*VLOOKUP($A3,'FL Ratio'!$A$2:$B$21,2,FALSE) -> 7.672292 | H3: =('FL Characterization'!H$4-'FL Characterization'!H$2)*VLOOKUP($A3,'FL Ratio'!$A$2:$B$21,2,FALSE) -> 6.8391604 | I3: =('FL Characterization'!I$4-'FL Characterization'!I$2)*VLOOKUP($A3,'FL Ratio'!$A$2:$B$21,2,FALSE) -> 9.7773313 | ... Y3: =('FL Characterization'!Y$4-'FL Characterization'!Y$2)*VLOOKUP($A3,'FL Ratio'!$A$2:$B$21,2,FALSE) -> 2.9054903
A4: 3 | B4: =('FL Characterization'!B$4-'FL Characterization'!B$2)*VLOOKUP($A4,'FL Ratio'!$A$2:$B$21,2,FALSE) -> 3.3981461 | C4: =('FL Characterization'!C$4-'FL Characterization'!C$2)*VLOOKUP($A4,'FL Ratio'!$A$2:$B$21,2,FALSE) -> 3.7409276 | D4: =('FL Characterization'!D$4-'FL Characterization'!D$2)*VLOOKUP($A4,'FL Ratio'!$A$2:$B$21,2,FALSE) -> 4.8691726 | E4: =('FL Characterization'!E$4-'FL Characterization'!E$2)*VLOOKUP($A4,'FL Ratio'!$A$2:$B$21,2,FALSE) -> 5.5823106 | F4: =('FL Characterization'!F$4-'FL Characterization'!F$2)*VLOOKUP($A4,'FL Ratio'!$A$2:$B$21,2,FALSE) -> 6.5635283 | G4: =('FL Characterization'!G$4-'FL Characterization'!G$2)*VLOOKUP($A4,'FL Ratio'!$A$2:$B$21,2,FALSE) -> 7.672292 | H4: =('FL Characterization'!H$4-'FL Characterization'!H$2)*VLOOKUP($A4,'FL Ratio'!$A$2:$B$21,2,FALSE) -> 6.8391604 | I4: =('FL Characterization'!I$4-'FL Characterization'!I$2)*VLOOKUP($A4,'FL Ratio'!$A$2:$B$21,2,FALSE) -> 9.7773313 | ... Y4: =('FL Characterization'!Y$4-'FL Characterization'!Y$2)*VLOOKUP($A4,'FL Ratio'!$A$2:$B$21,2,FALSE) -> 2.9054903

Sheet DownFlex, Spring
A1: LoadID | B1: 0 | C1: 1 | D1: 2 | E1: 3 | F1: 4 | G1: 5 | H1: 6 | I1: 7 | J1: 8 | K1: 9 | L1: 10 | M1: 11 | N1: 12 | O1: 13 | P1: 14 | Q1: 15 | R1: 16 | S1: 17 | T1: 18 | U1: 19 | V1: 20 | W1: 21 | X1: 22 | Y1: 23
A2: 1 | B2: =('FL Characterization'!B$2-'FL Characterization'!B$3)*VLOOKUP($A2,'FL Ratio'!$A$2:$B$21,2,FALSE) -> 9.4209035 | C2: =('FL Characterization'!C$2-'FL Characterization'!C$3)*VLOOKUP($A2,'FL Ratio'!$A$2:$B$21,2,FALSE) -> 9.9700504 | D2: =('FL Characterization'!D$2-'FL Characterization'!D$3)*VLOOKUP($A2,'FL Ratio'!$A$2:$B$21,2,FALSE) -> 10.528138 | E2: =('FL Characterization'!E$2-'FL Characterization'!E$3)*VLOOKUP($A2,'FL Ratio'!$A$2:$B$21,2,FALSE) -> 11.0067 | F2: =('FL Characterization'!F$2-'FL Characterization'!F$3)*VLOOKUP($A2,'FL Ratio'!$A$2:$B$21,2,FALSE) -> 11.131635 | G2: =('FL Characterization'!G$2-'FL Characterization'!G$3)*VLOOKUP($A2,'FL Ratio'!$A$2:$B$21,2,FALSE) -> 11.644313 | H2: =('FL Characterization'!H$2-'FL Characterization'!H$3)*VLOOKUP($A2,'FL Ratio'!$A$2:$B$21,2,FALSE) -> 11.584787 | I2: =('FL Characterization'!I$2-'FL Characterization'!I$3)*VLOOKUP($A2,'FL Ratio'!$A$2:$B$21,2,FALSE) -> 10.950327 | ... Y2: =('FL Characterization'!Y$2-'FL Characterization'!Y$3)*VLOOKUP($A2,'FL Ratio'!$A$2:$B$21,2,FALSE) -> 8.4129579
A3: 2 | B3: =('FL Characterization'!B$2-'FL Characterization'!B$3)*VLOOKUP($A3,'FL Ratio'!$A$2:$B$21,2,FALSE) -> 9.4209035 | C3: =('FL Characterization'!C$2-'FL Characterization'!C$3)*VLOOKUP($A3,'FL Ratio'!$A$2:$B$21,2,FALSE) -> 9.9700504 | D3: =('FL Characterization'!D$2-'FL Characterization'!D$3)*VLOOKUP($A3,'FL Ratio'!$A$2:$B$21,2,FALSE) -> 10.528138 | E3: =('FL Characterization'!E$2-'FL Characterization'!E$3)*VLOOKUP($A3,'FL Ratio'!$A$2:$B$21,2,FALSE) -> 11.0067 | F3: =('FL Characterization'!F$2-'FL Characterization'!F$3)*VLOOKUP($A3,'FL Ratio'!$A$2:$B$21,2,FALSE) -> 11.131635 | G3: =('FL Characterization'!G$2-'FL Characterization'!G$3)*VLOOKUP($A3,'FL Ratio'!$A$2:$B$21,2,FALSE) -> 11.644313 | H3: =('FL Characterization'!H$2-'FL Characterization'!H$3)*VLOOKUP($A3,'FL Ratio'!$A$2:$B$21,2,FALSE) -> 11.584787 | I3: =('FL Characterization'!I$2-'FL Characterization'!I$3)*VLOOKUP($A3,'FL Ratio'!$A$2:$B$21,2,FALSE) -> 10.950327 | ... Y3: =('FL Characterization'!Y$2-'FL Characterization'!Y$3)*VLOOKUP($A3,'FL Ratio'!$A$2:$B$21,2,FALSE) -> 8.4129579
A4: 3 | B4: =('FL Characterization'!B$2-'FL Characterization'!B$3)*VLOOKUP($A4,'FL Ratio'!$A$2:$B$21,2,FALSE) -> 9.4209035 | C4: =('FL Characterization'!C$2-'FL Characterization'!C$3)*VLOOKUP($A4,'FL Ratio'!$A$2:$B$21,2,FALSE) -> 9.9700504 | D4: =('FL Characterization'!D$2-'FL Characterization'!D$3)*VLOOKUP($A4,'FL Ratio'!$A$2:$B$21,2,FALSE) -> 10.528138 | E4: =('FL Characterization'!E$2-'FL Characterization'!E$3)*VLOOKUP($A4,'FL Ratio'!$A$2:$B$21,2,FALSE) -> 11.0067 | F4: =('FL Characterization'!F$2-'FL Characterization'!F$3)*VLOOKUP($A4,'FL Ratio'!$A$2:$B$21,2,FALSE) -> 11.131635 | G4: =('FL Characterization'!G$2-'FL Characterization'!G$3)*VLOOKUP($A4,'FL Ratio'!$A$2:$B$21,2,FALSE) -> 11.644313 | H4: =('FL Characterization'!H$2-'FL Characterization'!H$3)*VLOOKUP($A4,'FL Ratio'!$A$2:$B$21,2,FALSE) -> 11.584787 | I4: =('FL Characterization'!I$2-'FL Characterization'!I$3)*VLOOKUP($A4,'FL Ratio'!$A$2:$B$21,2,FALSE) -> 10.950327 | ... Y4: =('FL Characterization'!Y$2-'FL Characterization'!Y$3)*VLOOKUP($A4,'FL Ratio'!$A$2:$B$21,2,FALSE) -> 8.4129579

Sheet Pg, Spring, S1
A1: GenID | B1: 0 | C1: 1 | D1: 2 | E1: 3 | F1: 4 | G1: 5 | H1: 6 | I1: 7 | J1: 8 | K1: 9 | L1: 10 | M1: 11 | N1: 12 | O1: 13 | P1: 14 | Q1: 15 | R1: 16 | S1: 17 | T1: 18 | U1: 19 | V1: 20 | W1: 21 | X1: 22 | Y1: 23
A2: 1 | B2: 0 | C2: 0 | D2: 0 | E2: 0 | F2: 0 | G2: 0 | H2: 0 | I2: 0 | J2: 0 | K2: 0 | L2: 0 | M2: 0 | N2: 0 | O2: 0 | P2: 0 | Q2: 0 | R2: 0 | S2: 0 | T2: 0 | U2: 0 | V2: 0 | W2: 0 | X2: 0 | Y2: 0
A3: 2 | B3: 0 | C3: 0 | D3: 0 | E3: 0 | F3: 0 | G3: 0 | H3: 0 | I3: 0 | J3: 0 | K3: 0 | L3: 0 | M3: 0 | N3: 0 | O3: 0 | P3: 0 | Q3: 0 | R3: 0 | S3: 0 | T3: 0 | U3: 0 | V3: 0 | W3: 0 | X3: 0 | Y3: 0
A4: 3 | B4: 0 | C4: 0 | D4: 0 | E4: 0 | F4: 0 | G4: 0 | H4: 0 | I4: 0 | J4: 0 | K4: 0 | L4: 0 | M4: 0 | N4: 0 | O4: 0 | P4: 0 | Q4: 0 | R4: 0 | S4: 0 | T4: 0 | U4: 0 | V4: 0 | W4: 0 | X4: 0 | Y4: 0
A5: 4 | B5: =VLOOKUP($A5,'RES installed'!$A$2:$C$7,3,FALSE)*'[1]Profiles, RES, Spring'!B$5 -> 11.615817 | C5: =VLOOKUP($A5,'RES installed'!$A$2:$C$7,3,FALSE)*'[1]Profiles, RES, Spring'!C$5 -> 10.784825 | D5: =VLOOKUP($A5,'RES installed'!$A$2:$C$7,3,FALSE)*'[1]Profiles, RES, Spring'!D$5 -> 10.83902 | E5: =VLOOKUP($A5,'RES installed'!$A$2:$C$7,3,FALSE)*'[1]Profiles, RES, Spring'!E$5 -> 10.40546 | F5: =VLOOKUP($A5,'RES installed'!$A$2:$C$7,3,FALSE)*'[1]Profiles, RES, Spring'!F$5 -> 10.306102 | G5: =VLOOKUP($A5,'RES installed'!$A$2:$C$7,3,FALSE)*'[1]Profiles, RES, Spring'!G$5 -> 10.486752 | H5: =VLOOKUP($A5,'RES installed'!$A$2:$C$7,3,FALSE)*'[1]Profiles, RES, Spring'!H$5 -> 9.4118828 | I5: =VLOOKUP($A5,'RES installed'!$A$2:$C$7,3,FALSE)*'[1]Profiles, RES, Spring'!I$5 -> 7.5511843 | ... Y5: =VLOOKUP($A5,'RES installed'!$A$2:$C$7,3,FALSE)*'[1]Profiles, RES, Spring'!Y$5 -> 16.583701
A6: 5 | B6: =VLOOKUP($A6,'RES installed'!$A$2:$C$7,3,FALSE)*'[1]Profiles, RES, Spring'!B$5 -> 15.487756 | C6: =VLOOKUP($A6,'RES installed'!$A$2:$C$7,3,FALSE)*'[1]Profiles, RES, Spring'!C$5 -> 14.379767 | D6: =VLOOKUP($A6,'RES installed'!$A$2:$C$7,3,FALSE)*'[1]Profiles, RES, Spring'!D$5 -> 14.452027 | E6: =VLOOKUP($A6,'RES installed'!$A$2:$C$7,3,FALSE)*'[1]Profiles, RES, Spring'!E$5 -> 13.873946 | F6: =VLOOKUP($A6,'RES installed'!$A$2:$C$7,3,FALSE)*'[1]Profiles, RES, Spring'!F$5 -> 13.741469 | G6: =VLOOKUP($A6,'RES installed'!$A$2:$C$7,3,FALSE)*'[1]Profiles, RES, Spring'!G$5 -> 13.982336 | H6: =VLOOKUP($A6,'RES installed'!$A$2:$C$7,3,FALSE)*'[1]Profiles, RES, Spring'!H$5 -> 12.549177 | I6: =VLOOKUP($A6,'RES installed'!$A$2:$C$7,3,FALSE)*'[1]Profiles, RES, Spring'!I$5 -> 10.068246 | ... Y6: =VLOOKUP($A6,'RES installed'!$A$2:$C$7,3,FALSE)*'[1]Profiles, RES, Spring'!Y$5 -> 22.111602
A7: 6 | B7: =VLOOKUP($A7,'RES installed'!$A$2:$C$7,3,FALSE)*'[1]Profiles, RES, Spring'!B$5 -> 11.615817 | C7: =VLOOKUP($A7,'RES installed'!$A$2:$C$7,3,FALSE)*'[1]Profiles, RES, Spring'!C$5 -> 10.784825 | D7: =VLOOKUP($A7,'RES installed'!$A$2:$C$7,3,FALSE)*'[1]Profiles, RES, Spring'!D$5 -> 10.83902 | E7: =VLOOKUP($A7,'RES installed'!$A$2:$C$7,3,FALSE)*'[1]Profiles, RES, Spring'!E$5 -> 10.40546 | F7: =VLOOKUP($A7,'RES installed'!$A$2:$C$7,3,FALSE)*'[1]Profiles, RES, Spring'!F$5 -> 10.306102 | G7: =VLOOKUP($A7,'RES installed'!$A$2:$C$7,3,FALSE)*'[1]Profiles, RES, Spring'!G$5 -> 10.486752 | H7: =VLOOKUP($A7,'RES installed'!$A$2:$C$7,3,FALSE)*'[1]Profiles, RES, Spring'!H$5 -> 9.4118828 | I7: =VLOOKUP($A7,'RES installed'!$A$2:$C$7,3,FALSE)*'[1]Profiles, RES, Spring'!I$5 -> 7.5511843 | ... Y7: =VLOOKUP($A7,'RES installed'!$A$2:$C$7,3,FALSE)*'[1]Profiles, RES, Spring'!Y$5 -> 16.583701
A8: 7 | B8: =VLOOKUP($A8,'RES installed'!$A$2:$C$7,3,FALSE)*'[1]Profiles, RES, Spring'!B$2 -> 0 | C8: =VLOOKUP($A8,'RES installed'!$A$2:$C$7,3,FALSE)*'[1]Profiles, RES, Spring'!C$2 -> 0 | D8: =VLOOKUP($A8,'RES installed'!$A$2:$C$7,3,FALSE)*'[1]Profiles, RES, Spring'!D$2 -> 0 | E8: =VLOOKUP($A8,'RES installed'!$A$2:$C$7,3,FALSE)*'[1]Profiles, RES, Spring'!E$2 -> 0 | F8: =VLOOKUP($A8,'RES installed'!$A$2:$C$7,3,FALSE)*'[1]Profiles, RES, Spring'!F$2 -> 0 | G8: =VLOOKUP($A8,'RES installed'!$A$2:$C$7,3,FALSE)*'[1]Profiles, RES, Spring'!G$2 -> 0.71076573 | H8: =VLOOKUP($A8,'RES installed'!$A$2:$C$7,3,FALSE)*'[1]Profiles, RES, Spring'!H$2 -> 7.1360879 | I8: =VLOOKUP($A8,'RES installed'!$A$2:$C$7,3,FALSE)*'[1]Profiles, RES, Spring'!I$2 -> 19.929871 | ... Y8: =VLOOKUP($A8,'RES installed'!$A$2:$C$7,3,FALSE)*'[1]Profiles, RES, Spring'!Y$2 -> 0
