Workbook

Sheet KPC_35_W_Bd
A1: LoadID | B1: Type | C1: 0 | D1: 0 | E1: 0 | F1: 0 | G1: =C1+1 -> 1 | H1: =D1+1 -> 1 | I1: =E1+1 -> 1 | J1: =F1+1 -> 1 | K1: =G1+1 -> 2 | L1: =H1+1 -> 2 | M1: =I1+1 -> 2 | N1: =J1+1 -> 2 | ... CT1: =CP1+1 -> 23
A2: 1 | B2: P | C2: 4.0624776 | D2: 3.9079509 | E2: 4.0465574 | F2: 3.8487651 | G2: 3.8447814 | H2: 3.8324871 | I2: 3.8487751 | J2: 3.7467871 | K2: 3.6903207 | L2: 3.612947 | M2: 3.7576129 | N2: 3.6679451 | O2: 3.8242331 | P2: 3.8608949 | Q2: 3.7048442 | R2: 3.7834005 | S2: 3.9019144 | T2: 3.638746 | U2: 3.5295141 | V2: 3.6750395 | W2: 3.7754233 | X2: 3.6851001 | Y2: 3.650728 | Z2: 3.6536014 | AA2: 3.8064022 | AB2: 3.6199474 | AC2: 3.5668352 | AD2: 3.9079475 | AE2: 4.4229226 | AF2: 4.8659706 | AG2: 5.1309624 | AH2: 4.9217625 | AI2: 4.9198523 | AJ2: 5.059051 | AK2: 4.8323035 | AL2: 4.9171047 | AM2: 4.871634 | AN2: 4.9295449 | AO2: 4.9078341 | AP2: 4.8310804 | AQ2: 4.707058 | AR2: 4.8590198 | AS2: 5.0202408 | AT2: 4.8944502 | AU2: 4.9566989 | AV2: 5.1728978 | AW2: 4.9890079 | AX2: 4.771553 | AY2: 4.8711848 | AZ2: 4.9465971 | BA2: 4.8540406 | BB2: 5.0042248 | BC2: 5.0041709 | BD2: 4.8279042 | BE2: 4.8095937 | BF2: 4.6860723 | BG2: 4.4484434 | BH2: 4.2516642 | BI2: 4.0807395 | BJ2: 4.0324888 | BK2: 4.2135253 | BL2: 4.5185609 | BM2: 4.6524701 | BN2: 4.703958 | BO2: 4.8082681 | BP2: 4.8988352 | BQ2: 5.0276442 | BR2: 4.9310813 | BS2: 4.9012303 | BT2: 4.8565545 | BU2: 4.8222623 | BV2: 4.786232 | BW2: 4.923214 | BX2: 4.5639834 | BY2: 4.4937034 | BZ2: 4.3874631 | CA2: 4.4432616 | CB2: 4.3313498 | CC2: 4.3097472 | CD2: 4.4322939 | CE2: 4.2502766 | CF2: 4.4115295 | CG2: 4.4485431 | CH2: 4.2825541 | CI2: 4.1765075 | CJ2: 4.183907 | CK2: 4.1795168 | CL2: 4.0799928 | CM2: 4.0408854 | CN2: 3.7645571 | CO2: 3.6547055 | CP2: 3.5501313 | CQ2: 3.7232556 | CR2: 3.6621168 | CS2: 3.5772462 | CT2: 3.722461
A3: 1 | B3: Q | C3: 0.4590836 | D3: 0.4787229 | E3: 0.4590055 | F3: 0.2843519 | G3: 0.2372294 | H3: 0.2913473 | I3: 0.3318197 | J3: 0.3273743 | K3: 0.2937053 | L3: 0.2386597 | M3: 0.2474732 | N3: 0.2498311 | O3: 0.3505293 | P3: 0.3389326 | Q3: 0.3209188 | R3: 0.3094767 | S3: 0.3492149 | T3: 0.2846598 | U3: 0.2385824 | V3: 0.2639791 | W3: 0.2386597 | X3: 0.2138814 | Y3: 0.2578715 | Z3: 0.2239319 | AA3: 0.2240865 | AB3: 0.1753031 | AC3: 0.1296122 | AD3: 0.2440735 | AE3: 0.4766328 | AF3: 0.5765615 | AG3: 0.8776133 | AH3: 0.7707306 | AI3: 0.7632314 | AJ3: 0.7646617 | AK3: 0.6593252 | AL3: 0.6380259 | AM3: 0.6259267 | AN3: 0.558434 | AO3: 0.597167 | AP3: 0.6416982 | AQ3: 0.6403839 | AR3: 0.6842194 | AS3: 0.7837189 | AT3: 0.7149119 | AU3: 0.7048615 | AV3: 0.6918345 | AW3: 0.6801219 | AX3: 0.5465279 | AY3: 0.7105825 | AZ3: 0.6024239 | BA3: 0.6119719 | BB3: 0.7099254 | BC3: 0.7363271 | BD3: 0.5681366 | BE3: 0.574012 | BF3: 0.4743929 | BG3: 0.3611989 | BH3: 0.3409426 | BI3: 0.3392415 | BJ3: 0.3548197 | BK3: 0.4176401 | BL3: 0.5996021 | BM3: 0.5677114 | BN3: 0.601071 | BO3: 0.5737027 | BP3: 0.6996043 | BQ3: 0.7142934 | BR3: 0.634199 | BS3: 0.6171905 | BT3: 0.6454092 | BU3: 0.6281301 | BV3: 0.5555733 | BW3: 0.466004 | BX3: 0.3672303 | BY3: 0.3841617 | BZ3: 0.4923285 | CA3: 0.426222 | CB3: 0.4087106 | CC3: 0.5113846 | CD3: 0.4274204 | CE3: 0.4127686 | CF3: 0.4421487 | CG3: 0.4440832 | CH3: 0.3530811 | CI3: 0.2958318 | CJ3: 0.2868249 | CK3: 0.229421 | CL3: 0.2127218 | CM3: 0.2930484 | CN3: 0.2127991 | CO3: 0.1810628 | CP3: 0.1305786 | CQ3: 0.1926208 | CR3: 0.2032898 | CS3: 0.208315 | CT3: 0.2430664
A4: 2 | B4: P | C4: 1.371389 | D4: 1.3758892 | E4: 1.3184438 | F4: 1.3219993 | G4: 1.3066103 | H4: 1.3098326 | I4: 1.3022768 | J4: 1.3156658 | K4: 1.2942213 | L4: 1.2433872 | M4: 1.2337204 | N4: 1.2407205 | O4: 1.2168868 | P4: 1.21472 | Q4: 1.256443 | R4: 1.2824988 | S4: 1.2675542 | T4: 1.2608874 | U4: 1.2111644 | V4: 1.2808877 | W4: 1.3342218 | X4: 1.2928324 | Y4: 1.314777 | Z4: 1.418612 | AA4: 1.5458361 | AB4: 1.5769478 | AC4: 1.6293375 | AD4: 1.7101721 | AE4: 1.8172848 | AF4: 1.8968972 | AG4: 1.8951749 | AH4: 1.9351199 | AI4: 2.0068989 | AJ4: 2.0440106 | AK4: 2.0426772 | AL4: 2.1082892 | AM4: 2.0841777 | AN4: 2.1321785 | AO4: 2.0823443 | AP4: 2.1509011 | AQ4: 2.1659012 | AR4: 2.1439009 | AS4: 2.065011 | AT4: 2.0565107 | AU4: 2.0210102 | AV4: 2.0455661 | AW4: 2.0638995 | AX4: 2.1000669 | AY4: 1.9886763 | AZ4: 1.9948431 | BA4: 1.9833984 | BB4: 1.9650648 | BC4: 1.944509 | BD4: 1.8960638 | BE4: 1.8695633 | BF4: 1.8332295 | BG4: 1.79484 | BH4: 1.8248404 | BI4: 1.7006719 | BJ4: 1.7052274 | BK4: 1.6567268 | BL4: 1.8233404 | BM4: 1.8613967 | BN4: 1.9021751 | BO4: 1.924342 | BP4: 1.9812317 | BQ4: 2.023788 | BR4: 2.1280675 | BS4: 2.3715711 | BT4: 2.4284053 | BU4: 2.4084604 | BV4: 2.4249606 | BW4: 2.4042938 | BX4: 2.2976811 | BY4: 2.2297909 | BZ4: 2.2435133 | CA4: 2.1366785 | CB4: 2.0877888 | CC4: 2.1274006 | CD4: 2.1234007 | CE4: 2.0921779 | CF4: 2.1263449 | CG4: 2.0130656 | CH4: 1.9846207 | CI4: 1.959898 | CJ4: 1.8930638 | CK4: 1.9128419 | CL4: 1.8969527 | CM4: 1.8608965 | CN4: 1.783451 | CO4: 1.7157831 | CP4: 1.6528379 | CQ4: 1.6022815 | CR4: 1.5839479 | CS4: 1.5148914 | CT4: 1.5021689
A5: 2 | B5: Q | C5: -0.2518578 | D5: -0.2474131 | E5: -0.2504131 | F5: -0.2572466 | G5: -0.2472466 | H5: -0.2537467 | I5: -0.2538577 | J5: -0.2518576 | K5: -0.2514688 | L5: -0.2599689 | M5: -0.2653579 | N5: -0.2576911 | O5: -0.2769693 | P5: -0.2775249 | Q5: -0.2744692 | R5: -0.2529132 | S5: -0.2615801 | T5: -0.2671912 | U5: -0.2702467 | V5: -0.2724692 | W5: -0.2451353 | X5: -0.2498576 | Y5: -0.2548022 | Z5: -0.2335797 | AA5: -0.2089683 | AB5: -0.1604677 | AC5: -0.1438009 | AD5: -0.1103001 | AE5: -0.0509659 | AF5: -0.0125762 | AG5: -0.0408544 | AH5: -0.0154652 | AI5: 0.0048129 | AJ5: -0.0440211 | AK5: -0.0389657 | AL5: -0.0506327 | AM5: -0.0154652 | AN5: -0.0250763 | AO5: -0.0344099 | AP5: -0.0104096 | AQ5: 0.0018684 | AR5: -0.0050761 | AS5: -0.0256321 | AT5: -0.0463545 | AU5: -0.0949664 | AV5: -0.0957442 | AW5: -0.0872997 | AX5: -0.057577 | AY5: -0.1053556 | AZ5: -0.1254116 | BA5: -0.1122445 | BB5: -0.1472453 | BC5: -0.1601899 | BD5: -0.1585787 | BE5: -0.1476342 | BF5: -0.1691343 | BG5: -0.1309672 | BH5: -0.1343007 | BI5: -0.1834122 | BJ5: -0.182079 | BK5: -0.1656899 | BL5: -0.1638009 | BM5: -0.1601899 | BN5: -0.1517453 | BO5: -0.1670232 | BP5: -0.1525231 | BQ5: -0.1299673 | BR5: -0.0547993 | BS5: 0.0199242 | BT5: 0.0584803 | BU5: 0.0491467 | BV5: 0.0382021 | BW5: 0.0217576 | BX5: -0.0061872 | BY5: -0.0121875 | BZ5: -0.0267433 | CA5: -0.0736328 | CB5: -0.086633 | CC5: -0.0639661 | CD5: -0.0515213 | CE5: -0.0995779 | CF5: -0.1126891 | CG5: -0.151412 | CH5: -0.1474675 | CI5: -0.1636343 | CJ5: -0.1786344 | CK5: -0.1575787 | CL5: -0.1725233 | CM5: -0.172301 | CN5: -0.1763564 | CO5: -0.2060239 | CP5: -0.1827454 | CQ5: -0.1961348 | CR5: -0.2009128 | CS5: -0.2235797 | CT5: -0.223691
A6: 3 | B6: P | C6: 3.3232179 | D6: 3.2736001 | E6: 3.1957688 | F6: 3.1301422 | G6: 3.0668755 | H6: 3.0517156 | I6: 2.9943621 | J6: 3.0374644 | K6: 3.044729 | L6: 3.0198822 | M6: 2.87376 | N6: 2.8192956 | O6: 2.93068 | P6: 3.0301356 | Q6: 3.0341401 | R6: 3.0086577 | S6: 2.93942 | T6: 3.0165555 | U6: 3.0609066 | V6: 3.0996532 | W6: 3.2318623 | X6: 3.2670066 | Y6: 3.4537823 | Z6: 3.9009044 | AA6: 4.8999224 | AB6: 5.4823556 | AC6: 5.8388109 | AD6: 6.1524334 | AE6: 6.5669222 | AF6: 6.6290665 | AG6: 6.5807223 | AH6: 6.4552555 | AI6: 6.737711 | AJ6: 6.8696556 | AK6: 6.8923111 | AL6: 6.906611 | AM6: 6.8793778 | AN6: 6.8640113 | AO6: 6.4411998 | AP6: 6.3555446 | AQ6: 5.9608221 | AR6: 6.0430779 | AS6: 6.7886558 | AT6: 6.7721 | AU6: 6.8292222 | AV6: 6.7660112 | AW6: 6.7839999 | AX6: 6.8162556 | AY6: 6.3579998 | AZ6: 6.4212999 | BA6: 6.2558331 | BB6: 6.1764221 | BC6: 6.052578 | BD6: 6.2218556 | BE6: 6.0785332 | BF6: 5.6528001 | BG6: 5.1932778 | BH6: 5.29 | BI6: 5.1245446 | BJ6: 5.1544666 | BK6: 5.050189 | BL6: 5.1792002 | BM6: 5.1846223 | BN6: 5.2625222 | BO6: 5.2334447 | BP6: 5.3214555 | BQ6: 5.4639001 | BR6: 5.5261664 | BS6: 5.8005114 | BT6: 5.7942109 | BU6: 5.8562779 | BV6: 5.8180332 | BW6: 5.7058225 | BX6: 5.5507221 | BY6: 5.0282669 | BZ6: 4.9790554 | CA6: 5.3632112 | CB6: 5.5906224 | CC6: 5.6425891 | CD6: 5.5005336 | CE6: 5.3575888 | CF6: 5.3512554 | CG6: 5.435811 | CH6: 5.3102779 | CI6: 5.2454777 | CJ6: 5.167222 | CK6: 5.0060668 | CL6: 4.7577333 | CM6: 4.4335446 | CN6: 4.2147665 | CO6: 4.0642443 | CP6: 4.0485888 | CQ6: 3.8125334 | CR6: 3.7647779 | CS6: 3.6255555 | CT6: 3.5803223
A7: 3 | B7: Q | C7: -0.6457378 | D7: -0.6771422 | E7: -0.6752622 | F7: -0.7040522 | G7: -0.7260222 | H7: -0.7266978 | I7: -0.7412678 | J7: -0.7216878 | K7: -0.7148278 | L7: -0.7024255 | M7: -0.7787511 | N7: -0.7731511 | O7: -0.7337089 | P7: -0.7425756 | Q7: -0.7224389 | R7: -0.7307245 | S7: -0.7669511 | T7: -0.7355866 | U7: -0.7084111 | V7: -0.7209356 | W7: -0.6857244 | X7: -0.68361 | Y7: -0.6348844 | Z7: -0.4440302 | AA7: -0.1418438 | AB7: -0.0837847 | AC7: 0.0185591 | AD7: 0.1159039 | AE7: 0.282921 | AF7: 0.3432432 | AG7: 0.34904 | AH7: 0.2870308 | AI7: 0.3408962 | AJ7: 0.3952611 | AK7: 0.4237764 | AL7: 0.4488084 | AM7: 0.4159563 | AN7: 0.3702037 | AO7: 0.2073901 | AP7: 0.1271376 | AQ7: -0.0204313 | AR7: 0.0007541 | AS7: 0.3421107 | AT7: 0.3392463 | AU7: 0.3616982 | AV7: 0.3520809 | AW7: 0.3018754 | AX7: 0.2968155 | AY7: 0.1620457 | AZ7: 0.2099808 | BA7: 0.227014 | BB7: 0.2285374 | BC7: 0.1214628 | BD7: 0.1423104 | BE7: 0.0930004 | BF7: -0.1056921 | BG7: -0.2532632 | BH7: -0.2223812 | BI7: -0.2393121 | BJ7: -0.2783807 | BK7: -0.2548218 | BL7: -0.2217021 | BM7: -0.2653289 | BN7: -0.2519071 | BO7: -0.2764319 | BP7: -0.2179451 | BQ7: -0.1624876 | BR7: -0.1617537 | BS7: -0.0893426 | BT7: -0.0959751 | BU7: -0.10676 | BV7: -0.1208987 | BW7: -0.1811235 | BX7: -0.2215704 | BY7: -0.2771531 | BZ7: -0.326684 | CA7: -0.1485153 | CB7: -0.1469695 | CC7: -0.1442913 | CD7: -0.1337172 | CE7: -0.1878814 | CF7: -0.2018576 | CG7: -0.1750638 | CH7: -0.2225729 | CI7: -0.2335888 | CJ7: -0.2774782 | CK7: -0.3739189 | CL7: -0.4209678 | CM7: -0.4455189 | CN7: -0.4935911 | CO7: -0.5605722 | CP7: -0.5635445 | CQ7: -0.5753478 | CR7: -0.5649111 | CS7: -0.58043 | CT7: -0.60836
A8: 4 | B8: P | C8: 0.3771929 | D8: 0.3305811 | E8: 0.3070254 | F8: 0.2530247 | G8: 0.2468024 | H8: 0.2088574 | I8: 0.2081907 | J8: 0.1598566 | K8: 0.2240244 | L8: 0.2355244 | M8: 0.1580788 | N8: 0.2064686 | O8: 0.1723013 | P8: 0.1584122 | Q8: 0.178857 | R8: 0.2245798 | S8: 0.2038574 | T8: 0.1972461 | U8: 0.1866349 | V8: 0.1854682 | W8: 0.2624138 | X8: 0.3638597 | Y8: 0.3954713 | Z8: 0.5559738 | AA8: 0.6268081 | AB8: 0.7794215 | AC8: 0.8335336 | AD8: 0.9239237 | AE8: 0.9974803 | AF8: 0.9923692 | AG8: 0.9569798 | AH8: 0.9913136 | AI8: 1.0554258 | AJ8: 1.0651481 | AK8: 1.0760927 | AL8: 1.1443717 | AM8: 1.0484254 | AN8: 0.9877581 | AO8: 0.9862023 | AP8: 1.0429255 | AQ8: 0.9879247 | AR8: 1.0293143 | AS8: 1.016703 | AT8: 0.9962582 | AU8: 0.9297013 | AV8: 0.9000342 | AW8: 0.925146 | AX8: 0.9909247 | AY8: 0.9706465 | AZ8: 0.8898677 | BA8: 0.8959233 | BB8: 0.8925899 | BC8: 0.8237555 | BD8: 0.850756 | BE8: 0.8808675 | BF8: 0.8813677 | BG8: 0.8347002 | BH8: 0.8198666 | BI8: 0.7941995 | BJ8: 0.8317557 | BK8: 0.7874774 | BL8: 0.8135889 | BM8: 0.8444226 | BN8: 0.9097566 | BO8: 0.946313 | BP8: 1.0134808 | BQ8: 1.0950929 | BR8: 1.1798166 | BS8: 1.4782101 | BT8: 1.6217678 | BU8: 1.6351013 | BV8: 1.652046 | BW8: 1.5616558 | BX8: 1.4864879 | BY8: 1.3642638 | BZ8: 1.3295411 | CA8: 1.2462064 | CB8: 1.241762 | CC8: 1.1830389 | CD8: 1.1882613 | CE8: 1.163094 | CF8: 1.2139282 | CG8: 1.1578164 | CH8: 1.1632608 | CI8: 1.0717038 | CJ8: 1.0300364 | CK8: 1.0694258 | CL8: 1.0110916 | CM8: 0.8518114 | CN8: 0.8284224 | CO8: 0.7615324 | CP8: 0.6881981 | CQ8: 0.7117538 | CR8: 0.6201967 | CS8: 0.5874741 | CT8: 0.5137508
A9: 4 | B9: Q | C9: -0.6918229 | D9: -0.7259904 | E9: -0.7307127 | F9: -0.7251015 | G9: -0.7012676 | H9: -0.7379351 | I9: -0.7261015 | J9: -0.7368239 | K9: -0.7204902 | L9: -0.7216014 | M9: -0.7575467 | N9: -0.7321016 | O9: -0.7469352 | P9: -0.7523798 | Q9: -0.723657 | R9: -0.734435 | S9: -0.7481019 | T9: -0.7572133 | U9: -0.7458242 | V9: -0.7194347 | W9: -0.7059899 | X9: -0.6897673 | Y9: -0.6888784 | Z9: -0.6312113 | AA9: -0.6298778 | AB9: -0.5873218 | AC9: -0.594877 | AD9: -0.5442097 | AE9: -0.5424874 | AF9: -0.5235984 | AG9: -0.5525433 | AH9: -0.532654 | AI9: -0.5392097 | AJ9: -0.5658214 | AK9: -0.5513766 | AL9: -0.5578768 | AM9: -0.5873772 | AN9: -0.6229329 | AO9: -0.621044 | AP9: -0.6216552 | AQ9: -0.6632114 | AR9: -0.6544337 | AS9: -0.6441557 | AT9: -0.6546002 | AU9: -0.6694338 | AV9: -0.7165457 | AW9: -0.6910452 | AX9: -0.693323 | AY9: -0.6827116 | AZ9: -0.7100455 | BA9: -0.6846561 | BB9: -0.6962119 | BC9: -0.7322683 | BD9: -0.7298793 | BE9: -0.6942119 | BF9: -0.6682671 | BG9: -0.7141567 | BH9: -0.7216014 | BI9: -0.7229347 | BJ9: -0.6907673 | BK9: -0.6956564 | BL9: -0.7047676 | BM9: -0.7016565 | BN9: -0.6623779 | BO9: -0.6743782 | BP9: -0.6343777 | BQ9: -0.563488 | BR9: -0.4680419 | BS9: -0.3712627 | BT9: -0.3425955 | BU9: -0.3454291 | BV9: -0.3355401 | BW9: -0.3692071 | BX9: -0.4334858 | BY9: -0.4942091 | BZ9: -0.5022094 | CA9: -0.5195426 | CB9: -0.5265983 | CC9: -0.5742661 | CD9: -0.5619326 | CE9: -0.5814329 | CF9: -0.5965994 | CG9: -0.5838216 | CH9: -0.5874884 | CI9: -0.6045998 | CJ9: -0.6464337 | CK9: -0.6118216 | CL9: -0.622655 | CM9: -0.6432111 | CN9: -0.6603779 | CO9: -0.6611557 | CP9: -0.6626558 | CQ9: -0.6342668 | CR9: -0.6727114 | CS9: -0.6623778 | CT9: -0.6707669
A10: 5 | B10: P | C10: 3.2834542 | D10: 3.1674964 | E10: 3.0463948 | F10: 2.991935 | G10: 2.9369426 | H10: 2.9035318 | I10: 2.8052549 | J10: 2.7140741 | K10: 2.636848 | L10: 2.6066902 | M10: 2.6013684 | N10: 2.5651801 | O10: 2.6395094 | P10: 2.668957 | Q10: 2.6180444 | R10: 2.6198778 | S10: 2.7085164 | T10: 2.692728 | U10: 2.6988776 | V10: 2.6814337 | W10: 2.8575861 | X10: 2.920444 | Y10: 3.0434375 | Z10: 3.3253188 | AA10: 3.5974429 | AB10: 3.9004936 | AC10: 3.996345 | AD10: 4.2073879 | AE10: 4.4653196 | AF10: 4.3339877 | AG10: 4.2196274 | AH10: 4.3714194 | AI10: 4.4240456 | AJ10: 4.4496503 | AK10: 4.5441427 | AL10: 4.5627098 | AM10: 4.6317759 | AN10: 4.6467953 | AO10: 4.6761246 | AP10: 4.7421756 | AQ10: 4.7619252 | AR10: 4.8161492 | AS10: 4.8237767 | AT10: 4.8211751 | AU10: 4.8567724 | AV10: 4.8508 | AW10: 4.8606753 | AX10: 4.9761596 | AY10: 4.943223 | AZ10: 4.8303404 | BA10: 4.7015514 | BB10: 4.690021 | BC10: 4.6043983 | BD10: 4.6104293 | BE10: 4.5826969 | BF10: 4.4400711 | BG10: 4.475491 | BH10: 4.5774932 | BI10: 4.5961194 | BJ10: 4.5313106 | BK10: 4.4096179 | BL10: 4.4760828 | BM10: 4.5738854 | BN10: 4.5735307 | BO10: 4.6646538 | BP10: 4.7904267 | BQ10: 4.9043732 | BR10: 4.914958 | BS10: 5.3536568 | BT10: 5.4568415 | BU10: 5.6413321 | BV10: 5.644762 | BW10: 5.5693097 | BX10: 5.4852252 | BY10: 5.3516464 | BZ10: 5.4026179 | CA10: 5.4169869 | CB10: 5.3350296 | CC10: 5.2880797 | CD10: 5.2921004 | CE10: 5.2047634 | CF10: 5.3302994 | CG10: 5.3141565 | CH10: 5.2901492 | CI10: 5.1151185 | CJ10: 4.9491954 | CK10: 4.9025998 | CL10: 4.7703214 | CM10: 4.5444975 | CN10: 4.427712 | CO10: 4.324172 | CP10: 4.264863 | CQ10: 4.1742144 | CR10: 4.0481448 | CS10: 3.931242 | CT10: 3.7595236
A11: 5 | B11: Q | C11: -0.7095961 | D11: -0.7202989 | E11: -0.7433013 | F11: -0.7192936 | G11: -0.7315933 | H11: -0.7554823 | I11: -0.7645879 | J11: -0.7861709 | K11: -0.7868807 | L11: -0.7882406 | M11: -0.7970514 | N11: -0.7947454 | O11: -0.7942132 | P11: -0.7828006 | Q11: -0.7908425 | R11: -0.810356 | S11: -0.7892459 | T11: -0.7851069 | U11: -0.7891873 | V11: -0.8076359 | W11: -0.6794977 | X11: -0.6725202 | Y11: -0.6765416 | Z11: -0.6444914 | AA11: -0.575071 | AB11: -0.5272924 | AC11: -0.4789818 | AD11: -0.4558022 | AE11: -0.3685825 | AF11: -0.3973799 | AG11: -0.4611237 | AH11: -0.4215055 | AI11: -0.4389497 | AJ11: -0.4191996 | AK11: -0.3778072 | AL11: -0.3834252 | AM11: -0.3341089 | AN11: -0.3544506 | AO11: -0.3370656 | AP11: -0.3308563 | AQ11: -0.3400815 | AR11: -0.3231103 | AS11: -0.3326308 | AT11: -0.3465859 | AU11: -0.3226372 | AV11: -0.3383071 | AW11: -0.3452853 | AX11: -0.3079136 | AY11: -0.349365 | AZ11: -0.3800543 | BA11: -0.4213284 | BB11: -0.4308487 | BC11: -0.431026 | BD11: -0.3988582 | BE11: -0.4099161 | BF11: -0.4621883 | BG11: -0.4090292 | BH11: -0.3765663 | BI11: -0.4215052 | BJ11: -0.44912 | BK11: -0.5254592 | BL11: -0.5009788 | BM11: -0.4995008 | BN11: -0.527115 | BO11: -0.5052953 | BP11: -0.4763798 | BQ11: -0.4634301 | BR11: -0.3737866 | BS11: -0.2451746 | BT11: -0.2581837 | BU11: -0.2059709 | BV11: -0.2025409 | BW11: -0.2088094 | BX11: -0.2605494 | BY11: -0.2944314 | BZ11: -0.3160146 | CA11: -0.3007001 | CB11: -0.327605 | CC11: -0.3601266 | CD11: -0.3541544 | CE11: -0.3629058 | CF11: -0.3444572 | CG11: -0.3713026 | CH11: -0.371066 | CI11: -0.4475823 | CJ11: -0.4595861 | CK11: -0.4748427 | CL11: -0.4999146 | CM11: -0.5044675 | CN11: -0.5203155 | CO11: -0.5317863 | CP11: -0.5246903 | CQ11: -0.5152296 | CR11: -0.5463321 | CS11: -0.5529551 | CT11: -0.5627714
A12: 6 | B12: P | C12: 5.5133333 | D12: 5.4927001 | E12: 5.4617224 | F12: 5.2805333 | G12: 5.2375665 | H12: 5.1356888 | I12: 5.0957999 | J12: 4.9805446 | K12: 5.015522 | L12: 5.0519109 | M12: 4.993422 | N12: 4.8689222 | O12: 4.9287333 | P12: 5.0153112 | Q12: 5.0654778 | R12: 5.1629443 | S12: 5.1077332 | T12: 5.1418777 | U12: 5.0486999 | V12: 5.0949998 | W12: 5.3235555 | X12: 5.5525665 | Y12: 5.5692 | Z12: 5.6547112 | AA12: 5.9530888 | AB12: 6.1532111 | AC12: 6.3304 | AD12: 6.5272779 | AE12: 7.3249779 | AF12: 7.6223888 | AG12: 7.5463891 | AH12: 7.7781777 | AI12: 7.765522 | AJ12: 7.8359447 | AK12: 8.0067558 | AL12: 8.1338005 | AM12: 8.1500111 | AN12: 8.1422224 | AO12: 8.2405224 | AP12: 8.2894449 | AQ12: 8.0508442 | AR12: 8.0888996 | AS12: 8.0744448 | AT12: 8.0779552 | AU12: 8.1699781 | AV12: 8.2726669 | AW12: 8.203989 | AX12: 8.1405554 | AY12: 7.9316554 | AZ12: 8.1351442 | BA12: 8.2842112 | BB12: 8.2716112 | BC12: 8.1801777 | BD12: 8.2084446 | BE12: 7.9840779 | BF12: 7.7653999 | BG12: 7.6513 | BH12: 7.6161556 | BI12: 7.4155998 | BJ12: 7.2667332 | BK12: 7.4792442 | BL12: 7.5467334 | BM12: 7.6285 | BN12: 7.3660445 | BO12: 7.3340554 | BP12: 7.2411556 | BQ12: 7.2475891 | BR12: 7.3007331 | BS12: 7.6335554 | BT12: 7.7331557 | BU12: 7.674911 | BV12: 7.480422 | BW12: 7.4211001 | BX12: 7.3974891 | BY12: 7.4826665 | BZ12: 7.2700777 | CA12: 7.2596555 | CB12: 7.3147001 | CC12: 7.2912221 | CD12: 7.2411332 | CE12: 7.0950775 | CF12: 7.0665331 | CG12: 7.1065221 | CH12: 7.194911 | CI12: 7.0559888 | CJ12: 7.0619664 | CK12: 6.7307887 | CL12: 6.6375556 | CM12: 6.5314331 | CN12: 6.1885777 | CO12: 6.115778 | CP12: 5.8343668 | CQ12: 5.6005778 | CR12: 5.6339664 | CS12: 5.8085446 | CT12: 5.8757887
A13: 6 | B13: Q | C13: 0.3622744 | D13: 0.4176 | E13: 0.3792256 | F13: 0.4454311 | G13: 0.4525722 | H13: 0.3352495 | I13: 0.2565545 | J13: 0.2107498 | K13: 0.2367169 | L13: 0.257573 | M13: 0.2193559 | N13: 0.2380179 | O13: 0.3083622 | P13: 0.3265008 | Q13: 0.3828814 | R13: 0.400018 | S13: 0.3244745 | T13: 0.2766192 | U13: 0.2661825 | V13: 0.296938 | W13: 0.3635678 | X13: 0.4541 | Y13: 0.48227 | Z13: 0.3773467 | AA13: 0.4134645 | AB13: 0.5857778 | AC13: 0.6371756 | AD13: 0.6005878 | AE13: 0.9037656 | AF13: 1.0562834 | AG13: 1.1103256 | AH13: 1.2868512 | AI13: 1.24296 | AJ13: 1.2027978 | AK13: 1.2732422 | AL13: 1.2990756 | AM13: 1.2985367 | AN13: 1.2383611 | AO13: 1.2956145 | AP13: 1.3379934 | AQ13: 1.1927944 | AR13: 1.2365211 | AS13: 1.21661 | AT13: 1.2617255 | AU13: 1.2947433 | AV13: 1.3438078 | AW13: 1.25685 | AX13: 1.3396522 | AY13: 1.2509412 | AZ13: 1.2745245 | BA13: 1.35505 | BB13: 1.3156389 | BC13: 1.2697911 | BD13: 1.3891467 | BE13: 1.2861756 | BF13: 1.1907922 | BG13: 1.1119077 | BH13: 1.1057234 | BI13: 1.0873911 | BJ13: 1.0145656 | BK13: 1.0430378 | BL13: 1.07239 | BM13: 1.0609144 | BN13: 0.9325411 | BO13: 0.90457 | BP13: 0.9053389 | BQ13: 0.8702278 | BR13: 0.8910222 | BS13: 0.9795744 | BT13: 1.0191256 | BU13: 1.0273089 | BV13: 0.8807189 | BW13: 0.8395656 | BX13: 0.8605811 | BY13: 0.8589156 | BZ13: 0.7525378 | CA13: 0.8296356 | CB13: 0.9107878 | CC13: 0.8604878 | CD13: 0.85484 | CE13: 0.7716611 | CF13: 0.7303567 | CG13: 0.6984233 | CH13: 0.7213266 | CI13: 0.7725478 | CJ13: 0.8796289 | CK13: 0.7823344 | CL13: 0.6411067 | CM13: 0.58281 | CN13: 0.4473911 | CO13: 0.4800467 | CP13: 0.3991111 | CQ13: 0.3429789 | CR13: 0.3966956 | CS13: 0.5915789 | CT13: 0.6295633
... A29: 14 | B29: Q | C29: 0.200693 | D29: 0.1976352 | E29: 0.2032516 | F29: 0.2012384 | G29: 0.2053808 | H29: 0.2064277 | I29: 0.2041078 | J29: 0.2058292 | K29: 0.2116361 | L29: 0.2096418 | M29: 0.2034552 | N29: 0.2070611 | O29: 0.2045208 | P29: 0.2082528 | Q29: 0.2142518 | R29: 0.209664 | S29: 0.2094533 | T29: 0.2022078 | U29: 0.2069597 | V29: 0.2031405 | W29: 0.2022169 | X29: 0.20309 | Y29: 0.197952 | Z29: 0.1959789 | AA29: 0.1906054 | AB29: 0.1820514 | AC29: 0.1705356 | AD29: 0.1651159 | AE29: 0.1624287 | AF29: 0.1642289 | AG29: 0.1296497 | AH29: 0.1067319 | AI29: 0.1086213 | AJ29: 0.1111414 | AK29: 0.1194148 | AL29: 0.11641 | AM29: 0.1073402 | AN29: 0.0943544 | AO29: 0.093214 | AP29: 0.0975745 | AQ29: 0.1160441 | AR29: 0.13389 | AS29: 0.1378085 | AT29: 0.1280032 | AU29: 0.1289067 | AV29: 0.1240248 | AW29: 0.1307735 | AX29: 0.1250602 | AY29: 0.1207174 | AZ29: 0.1169794 | BA29: 0.1068401 | BB29: 0.1032817 | BC29: 0.1049327 | BD29: 0.0942008 | BE29: 0.0854658 | BF29: 0.0964656 | BG29: 0.118639 | BH29: 0.126884 | BI29: 0.127606 | BJ29: 0.1402407 | BK29: 0.1610516 | BL29: 0.1572862 | BM29: 0.1539112 | BN29: 0.1483688 | BO29: 0.1492973 | BP29: 0.143506 | BQ29: 0.146555 | BR29: 0.1557316 | BS29: 0.1498778 | BT29: 0.1570829 | BU29: 0.162561 | BV29: 0.1622056 | BW29: 0.1635166 | BX29: 0.1578736 | BY29: 0.1652458 | BZ29: 0.1663275 | CA29: 0.1758946 | CB29: 0.1786572 | CC29: 0.1762864 | CD29: 0.1779714 | CE29: 0.176111 | CF29: 0.1808701 | CG29: 0.1738219 | CH29: 0.1816794 | CI29: 0.1861158 | CJ29: 0.1879328 | CK29: 0.1976386 | CL29: 0.1959136 | CM29: 0.2020705 | CN29: 0.1988857 | CO29: 0.1979218 | CP29: 0.2033808 | CQ29: 0.2031971 | CR29: 0.1969938 | CS29: 0.1958837 | CT29: 0.1980816

Sheet KPC_35_W_Bd, 24h
A1: LoadID | B1: Type | C1: 0 | D1: 1 | E1: 2 | F1: 3 | G1: 4 | H1: 5 | I1: 6 | J1: 7 | K1: 8 | L1: 9 | M1: 10 | N1: 11 | O1: 12 | P1: 13 | Q1: 14 | R1: 15 | S1: 16 | T1: 17 | U1: 18 | V1: 19 | W1: 20 | X1: 21 | Y1: 22 | Z1: 23
A2: 1 | B2: P | C2: =AVERAGEIFS(KPC_35_W_Bd!$C2:$CT2,KPC_35_W_Bd!$C$1:$CT$1,'KPC_35_W_Bd, 24h'!C$1) -> 3.9664378 | D2: =AVERAGEIFS(KPC_35_W_Bd!$C2:$CT2,KPC_35_W_Bd!$C$1:$CT$1,'KPC_35_W_Bd, 24h'!D$1) -> 3.8182077 | E2: =AVERAGEIFS(KPC_35_W_Bd!$C2:$CT2,KPC_35_W_Bd!$C$1:$CT$1,'KPC_35_W_Bd, 24h'!E$1) -> 3.6822064 | F2: =AVERAGEIFS(KPC_35_W_Bd!$C2:$CT2,KPC_35_W_Bd!$C$1:$CT$1,'KPC_35_W_Bd, 24h'!F$1) -> 3.7933432 | G2: =AVERAGEIFS(KPC_35_W_Bd!$C2:$CT2,KPC_35_W_Bd!$C$1:$CT$1,'KPC_35_W_Bd, 24h'!G$1) -> 3.6863035 | H2: =AVERAGEIFS(KPC_35_W_Bd!$C2:$CT2,KPC_35_W_Bd!$C$1:$CT$1,'KPC_35_W_Bd, 24h'!H$1) -> 3.6912132 | I2: =AVERAGEIFS(KPC_35_W_Bd!$C2:$CT2,KPC_35_W_Bd!$C$1:$CT$1,'KPC_35_W_Bd, 24h'!I$1) -> 3.7252831 | J2: =AVERAGEIFS(KPC_35_W_Bd!$C2:$CT2,KPC_35_W_Bd!$C$1:$CT$1,'KPC_35_W_Bd, 24h'!J$1) -> 4.8354045 | ... Z2: =AVERAGEIFS(KPC_35_W_Bd!$C2:$CT2,KPC_35_W_Bd!$C$1:$CT$1,'KPC_35_W_Bd, 24h'!Z$1) -> 3.6712699
A3: 1 | B3: Q | C3: =AVERAGEIFS(KPC_35_W_Bd!$C3:$CT3,KPC_35_W_Bd!$C$1:$CT$1,'KPC_35_W_Bd, 24h'!C$1) -> 0.42029098 | D3: =AVERAGEIFS(KPC_35_W_Bd!$C3:$CT3,KPC_35_W_Bd!$C$1:$CT$1,'KPC_35_W_Bd, 24h'!D$1) -> 0.29694267 | E3: =AVERAGEIFS(KPC_35_W_Bd!$C3:$CT3,KPC_35_W_Bd!$C$1:$CT$1,'KPC_35_W_Bd, 24h'!E$1) -> 0.25741732 | F3: =AVERAGEIFS(KPC_35_W_Bd!$C3:$CT3,KPC_35_W_Bd!$C$1:$CT$1,'KPC_35_W_Bd, 24h'!F$1) -> 0.32996435 | G3: =AVERAGEIFS(KPC_35_W_Bd!$C3:$CT3,KPC_35_W_Bd!$C$1:$CT$1,'KPC_35_W_Bd, 24h'!G$1) -> 0.28410905 | H3: =AVERAGEIFS(KPC_35_W_Bd!$C3:$CT3,KPC_35_W_Bd!$C$1:$CT$1,'KPC_35_W_Bd, 24h'!H$1) -> 0.23358612 | I3: =AVERAGEIFS(KPC_35_W_Bd!$C3:$CT3,KPC_35_W_Bd!$C$1:$CT$1,'KPC_35_W_Bd, 24h'!I$1) -> 0.19326883 | J3: =AVERAGEIFS(KPC_35_W_Bd!$C3:$CT3,KPC_35_W_Bd!$C$1:$CT$1,'KPC_35_W_Bd, 24h'!J$1) -> 0.67538455 | ... Z3: =AVERAGEIFS(KPC_35_W_Bd!$C3:$CT3,KPC_35_W_Bd!$C$1:$CT$1,'KPC_35_W_Bd, 24h'!Z$1) -> 0.211823
A4: 2 | B4: P | C4: =AVERAGEIFS(KPC_35_W_Bd!$C4:$CT4,KPC_35_W_Bd!$C$1:$CT$1,'KPC_35_W_Bd, 24h'!C$1) -> 1.3469303 | D4: =AVERAGEIFS(KPC_35_W_Bd!$C4:$CT4,KPC_35_W_Bd!$C$1:$CT$1,'KPC_35_W_Bd, 24h'!D$1) -> 1.3085964 | E4: =AVERAGEIFS(KPC_35_W_Bd!$C4:$CT4,KPC_35_W_Bd!$C$1:$CT$1,'KPC_35_W_Bd, 24h'!E$1) -> 1.2530124 | F4: =AVERAGEIFS(KPC_35_W_Bd!$C4:$CT4,KPC_35_W_Bd!$C$1:$CT$1,'KPC_35_W_Bd, 24h'!F$1) -> 1.2426371 | G4: =AVERAGEIFS(KPC_35_W_Bd!$C4:$CT4,KPC_35_W_Bd!$C$1:$CT$1,'KPC_35_W_Bd, 24h'!G$1) -> 1.2551234 | H4: =AVERAGEIFS(KPC_35_W_Bd!$C4:$CT4,KPC_35_W_Bd!$C$1:$CT$1,'KPC_35_W_Bd, 24h'!H$1) -> 1.3401108 | I4: =AVERAGEIFS(KPC_35_W_Bd!$C4:$CT4,KPC_35_W_Bd!$C$1:$CT$1,'KPC_35_W_Bd, 24h'!I$1) -> 1.6155734 | J4: =AVERAGEIFS(KPC_35_W_Bd!$C4:$CT4,KPC_35_W_Bd!$C$1:$CT$1,'KPC_35_W_Bd, 24h'!J$1) -> 1.8861192 | ... Z4: =AVERAGEIFS(KPC_35_W_Bd!$C4:$CT4,KPC_35_W_Bd!$C$1:$CT$1,'KPC_35_W_Bd, 24h'!Z$1) -> 1.5508224
A5: 2 | B5: Q | C5: =AVERAGEIFS(KPC_35_W_Bd!$C5:$CT5,KPC_35_W_Bd!$C$1:$CT$1,'KPC_35_W_Bd, 24h'!C$1) -> -0.25173265 | D5: =AVERAGEIFS(KPC_35_W_Bd!$C5:$CT5,KPC_35_W_Bd!$C$1:$CT$1,'KPC_35_W_Bd, 24h'!D$1) -> -0.25167715 | E5: =AVERAGEIFS(KPC_35_W_Bd!$C5:$CT5,KPC_35_W_Bd!$C$1:$CT$1,'KPC_35_W_Bd, 24h'!E$1) -> -0.25862167 | F5: =AVERAGEIFS(KPC_35_W_Bd!$C5:$CT5,KPC_35_W_Bd!$C$1:$CT$1,'KPC_35_W_Bd, 24h'!F$1) -> -0.27046915 | G5: =AVERAGEIFS(KPC_35_W_Bd!$C5:$CT5,KPC_35_W_Bd!$C$1:$CT$1,'KPC_35_W_Bd, 24h'!G$1) -> -0.2678718 | H5: =AVERAGEIFS(KPC_35_W_Bd!$C5:$CT5,KPC_35_W_Bd!$C$1:$CT$1,'KPC_35_W_Bd, 24h'!H$1) -> -0.2458437 | I5: =AVERAGEIFS(KPC_35_W_Bd!$C5:$CT5,KPC_35_W_Bd!$C$1:$CT$1,'KPC_35_W_Bd, 24h'!I$1) -> -0.15588425 | J5: =AVERAGEIFS(KPC_35_W_Bd!$C5:$CT5,KPC_35_W_Bd!$C$1:$CT$1,'KPC_35_W_Bd, 24h'!J$1) -> -0.029965425 | ... Z5: =AVERAGEIFS(KPC_35_W_Bd!$C5:$CT5,KPC_35_W_Bd!$C$1:$CT$1,'KPC_35_W_Bd, 24h'!Z$1) -> -0.21107957
A6: 3 | B6: P | C6: =AVERAGEIFS(KPC_35_W_Bd!$C6:$CT6,KPC_35_W_Bd!$C$1:$CT$1,'KPC_35_W_Bd, 24h'!C$1) -> 3.2306823 | D6: =AVERAGEIFS(KPC_35_W_Bd!$C6:$CT6,KPC_35_W_Bd!$C$1:$CT$1,'KPC_35_W_Bd, 24h'!D$1) -> 3.0376044 | E6: =AVERAGEIFS(KPC_35_W_Bd!$C6:$CT6,KPC_35_W_Bd!$C$1:$CT$1,'KPC_35_W_Bd, 24h'!E$1) -> 2.9394167 | F6: =AVERAGEIFS(KPC_35_W_Bd!$C6:$CT6,KPC_35_W_Bd!$C$1:$CT$1,'KPC_35_W_Bd, 24h'!F$1) -> 3.0009034 | G6: =AVERAGEIFS(KPC_35_W_Bd!$C6:$CT6,KPC_35_W_Bd!$C$1:$CT$1,'KPC_35_W_Bd, 24h'!G$1) -> 3.0291338 | H6: =AVERAGEIFS(KPC_35_W_Bd!$C6:$CT6,KPC_35_W_Bd!$C$1:$CT$1,'KPC_35_W_Bd, 24h'!H$1) -> 3.4633889 | I6: =AVERAGEIFS(KPC_35_W_Bd!$C6:$CT6,KPC_35_W_Bd!$C$1:$CT$1,'KPC_35_W_Bd, 24h'!I$1) -> 5.5933806 | J6: =AVERAGEIFS(KPC_35_W_Bd!$C6:$CT6,KPC_35_W_Bd!$C$1:$CT$1,'KPC_35_W_Bd, 24h'!J$1) -> 6.5579916 | ... Z6: =AVERAGEIFS(KPC_35_W_Bd!$C6:$CT6,KPC_35_W_Bd!$C$1:$CT$1,'KPC_35_W_Bd, 24h'!Z$1) -> 3.6957973
A7: 3 | B7: Q | C7: =AVERAGEIFS(KPC_35_W_Bd!$C7:$CT7,KPC_35_W_Bd!$C$1:$CT$1,'KPC_35_W_Bd, 24h'!C$1) -> -0.6755486 | D7: =AVERAGEIFS(KPC_35_W_Bd!$C7:$CT7,KPC_35_W_Bd!$C$1:$CT$1,'KPC_35_W_Bd, 24h'!D$1) -> -0.7289189 | E7: =AVERAGEIFS(KPC_35_W_Bd!$C7:$CT7,KPC_35_W_Bd!$C$1:$CT$1,'KPC_35_W_Bd, 24h'!E$1) -> -0.74228888 | F7: =AVERAGEIFS(KPC_35_W_Bd!$C7:$CT7,KPC_35_W_Bd!$C$1:$CT$1,'KPC_35_W_Bd, 24h'!F$1) -> -0.73236197 | G7: =AVERAGEIFS(KPC_35_W_Bd!$C7:$CT7,KPC_35_W_Bd!$C$1:$CT$1,'KPC_35_W_Bd, 24h'!G$1) -> -0.7329711 | H7: =AVERAGEIFS(KPC_35_W_Bd!$C7:$CT7,KPC_35_W_Bd!$C$1:$CT$1,'KPC_35_W_Bd, 24h'!H$1) -> -0.61206225 | I7: =AVERAGEIFS(KPC_35_W_Bd!$C7:$CT7,KPC_35_W_Bd!$C$1:$CT$1,'KPC_35_W_Bd, 24h'!I$1) -> -0.022791375 | J7: =AVERAGEIFS(KPC_35_W_Bd!$C7:$CT7,KPC_35_W_Bd!$C$1:$CT$1,'KPC_35_W_Bd, 24h'!J$1) -> 0.31555875 | ... Z7: =AVERAGEIFS(KPC_35_W_Bd!$C7:$CT7,KPC_35_W_Bd!$C$1:$CT$1,'KPC_35_W_Bd, 24h'!Z$1) -> -0.58226223
A8: 4 | B8: P | C8: =AVERAGEIFS(KPC_35_W_Bd!$C8:$CT8,KPC_35_W_Bd!$C$1:$CT$1,'KPC_35_W_Bd, 24h'!C$1) -> 0.31695602 | D8: =AVERAGEIFS(KPC_35_W_Bd!$C8:$CT8,KPC_35_W_Bd!$C$1:$CT$1,'KPC_35_W_Bd, 24h'!D$1) -> 0.20592678 | E8: =AVERAGEIFS(KPC_35_W_Bd!$C8:$CT8,KPC_35_W_Bd!$C$1:$CT$1,'KPC_35_W_Bd, 24h'!E$1) -> 0.20602405 | F8: =AVERAGEIFS(KPC_35_W_Bd!$C8:$CT8,KPC_35_W_Bd!$C$1:$CT$1,'KPC_35_W_Bd, 24h'!F$1) -> 0.18353757 | G8: =AVERAGEIFS(KPC_35_W_Bd!$C8:$CT8,KPC_35_W_Bd!$C$1:$CT$1,'KPC_35_W_Bd, 24h'!G$1) -> 0.19330165 | H8: =AVERAGEIFS(KPC_35_W_Bd!$C8:$CT8,KPC_35_W_Bd!$C$1:$CT$1,'KPC_35_W_Bd, 24h'!H$1) -> 0.39442965 | I8: =AVERAGEIFS(KPC_35_W_Bd!$C8:$CT8,KPC_35_W_Bd!$C$1:$CT$1,'KPC_35_W_Bd, 24h'!I$1) -> 0.79092173 | J8: =AVERAGEIFS(KPC_35_W_Bd!$C8:$CT8,KPC_35_W_Bd!$C$1:$CT$1,'KPC_35_W_Bd, 24h'!J$1) -> 0.98453572 | ... Z8: =AVERAGEIFS(KPC_35_W_Bd!$C8:$CT8,KPC_35_W_Bd!$C$1:$CT$1,'KPC_35_W_Bd, 24h'!Z$1) -> 0.60829385
A9: 4 | B9: Q | C9: =AVERAGEIFS(KPC_35_W_Bd!$C9:$CT9,KPC_35_W_Bd!$C$1:$CT$1,'KPC_35_W_Bd, 24h'!C$1) -> -0.71840688 | D9: =AVERAGEIFS(KPC_35_W_Bd!$C9:$CT9,KPC_35_W_Bd!$C$1:$CT$1,'KPC_35_W_Bd, 24h'!D$1) -> -0.72553203 | E9: =AVERAGEIFS(KPC_35_W_Bd!$C9:$CT9,KPC_35_W_Bd!$C$1:$CT$1,'KPC_35_W_Bd, 24h'!E$1) -> -0.73293498 | F9: =AVERAGEIFS(KPC_35_W_Bd!$C9:$CT9,KPC_35_W_Bd!$C$1:$CT$1,'KPC_35_W_Bd, 24h'!F$1) -> -0.73935175 | G9: =AVERAGEIFS(KPC_35_W_Bd!$C9:$CT9,KPC_35_W_Bd!$C$1:$CT$1,'KPC_35_W_Bd, 24h'!G$1) -> -0.74264352 | H9: =AVERAGEIFS(KPC_35_W_Bd!$C9:$CT9,KPC_35_W_Bd!$C$1:$CT$1,'KPC_35_W_Bd, 24h'!H$1) -> -0.67896172 | I9: =AVERAGEIFS(KPC_35_W_Bd!$C9:$CT9,KPC_35_W_Bd!$C$1:$CT$1,'KPC_35_W_Bd, 24h'!I$1) -> -0.58907158 | J9: =AVERAGEIFS(KPC_35_W_Bd!$C9:$CT9,KPC_35_W_Bd!$C$1:$CT$1,'KPC_35_W_Bd, 24h'!J$1) -> -0.53782077 | ... Z9: =AVERAGEIFS(KPC_35_W_Bd!$C9:$CT9,KPC_35_W_Bd!$C$1:$CT$1,'KPC_35_W_Bd, 24h'!Z$1) -> -0.66003073
A10: 5 | B10: P | C10: =AVERAGEIFS(KPC_35_W_Bd!$C10:$CT10,KPC_35_W_Bd!$C$1:$CT$1,'KPC_35_W_Bd, 24h'!C$1) -> 3.1223201 | D10: =AVERAGEIFS(KPC_35_W_Bd!$C10:$CT10,KPC_35_W_Bd!$C$1:$CT$1,'KPC_35_W_Bd, 24h'!D$1) -> 2.8399508 | E10: =AVERAGEIFS(KPC_35_W_Bd!$C10:$CT10,KPC_35_W_Bd!$C$1:$CT$1,'KPC_35_W_Bd, 24h'!E$1) -> 2.6025217 | F10: =AVERAGEIFS(KPC_35_W_Bd!$C10:$CT10,KPC_35_W_Bd!$C$1:$CT$1,'KPC_35_W_Bd, 24h'!F$1) -> 2.6365972 | G10: =AVERAGEIFS(KPC_35_W_Bd!$C10:$CT10,KPC_35_W_Bd!$C$1:$CT$1,'KPC_35_W_Bd, 24h'!G$1) -> 2.6953889 | H10: =AVERAGEIFS(KPC_35_W_Bd!$C10:$CT10,KPC_35_W_Bd!$C$1:$CT$1,'KPC_35_W_Bd, 24h'!H$1) -> 3.0366966 | I10: =AVERAGEIFS(KPC_35_W_Bd!$C10:$CT10,KPC_35_W_Bd!$C$1:$CT$1,'KPC_35_W_Bd, 24h'!I$1) -> 3.9254174 | J10: =AVERAGEIFS(KPC_35_W_Bd!$C10:$CT10,KPC_35_W_Bd!$C$1:$CT$1,'KPC_35_W_Bd, 24h'!J$1) -> 4.3475885 | ... Z10: =AVERAGEIFS(KPC_35_W_Bd!$C10:$CT10,KPC_35_W_Bd!$C$1:$CT$1,'KPC_35_W_Bd, 24h'!Z$1) -> 3.9782812
A11: 5 | B11: Q | C11: =AVERAGEIFS(KPC_35_W_Bd!$C11:$CT11,KPC_35_W_Bd!$C$1:$CT$1,'KPC_35_W_Bd, 24h'!C$1) -> -0.72312247 | D11: =AVERAGEIFS(KPC_35_W_Bd!$C11:$CT11,KPC_35_W_Bd!$C$1:$CT$1,'KPC_35_W_Bd, 24h'!D$1) -> -0.7594586 | E11: =AVERAGEIFS(KPC_35_W_Bd!$C11:$CT11,KPC_35_W_Bd!$C$1:$CT$1,'KPC_35_W_Bd, 24h'!E$1) -> -0.79172953 | F11: =AVERAGEIFS(KPC_35_W_Bd!$C11:$CT11,KPC_35_W_Bd!$C$1:$CT$1,'KPC_35_W_Bd, 24h'!F$1) -> -0.79455308 | G11: =AVERAGEIFS(KPC_35_W_Bd!$C11:$CT11,KPC_35_W_Bd!$C$1:$CT$1,'KPC_35_W_Bd, 24h'!G$1) -> -0.792794 | H11: =AVERAGEIFS(KPC_35_W_Bd!$C11:$CT11,KPC_35_W_Bd!$C$1:$CT$1,'KPC_35_W_Bd, 24h'!H$1) -> -0.66826273 | I11: =AVERAGEIFS(KPC_35_W_Bd!$C11:$CT11,KPC_35_W_Bd!$C$1:$CT$1,'KPC_35_W_Bd, 24h'!I$1) -> -0.50928685 | J11: =AVERAGEIFS(KPC_35_W_Bd!$C11:$CT11,KPC_35_W_Bd!$C$1:$CT$1,'KPC_35_W_Bd, 24h'!J$1) -> -0.4121479 | ... Z11: =AVERAGEIFS(KPC_35_W_Bd!$C11:$CT11,KPC_35_W_Bd!$C$1:$CT$1,'KPC_35_W_Bd, 24h'!Z$1) -> -0.54432205
A12: 6 | B12: P | C12: =AVERAGEIFS(KPC_35_W_Bd!$C12:$CT12,KPC_35_W_Bd!$C$1:$CT$1,'KPC_35_W_Bd, 24h'!C$1) -> 5.4370723 | D12: =AVERAGEIFS(KPC_35_W_Bd!$C12:$CT12,KPC_35_W_Bd!$C$1:$CT$1,'KPC_35_W_Bd, 24h'!D$1) -> 5.1124 | E12: =AVERAGEIFS(KPC_35_W_Bd!$C12:$CT12,KPC_35_W_Bd!$C$1:$CT$1,'KPC_35_W_Bd, 24h'!E$1) -> 4.9824443 | F12: =AVERAGEIFS(KPC_35_W_Bd!$C12:$CT12,KPC_35_W_Bd!$C$1:$CT$1,'KPC_35_W_Bd, 24h'!F$1) -> 5.0431166 | G12: =AVERAGEIFS(KPC_35_W_Bd!$C12:$CT12,KPC_35_W_Bd!$C$1:$CT$1,'KPC_35_W_Bd, 24h'!G$1) -> 5.0983276 | H12: =AVERAGEIFS(KPC_35_W_Bd!$C12:$CT12,KPC_35_W_Bd!$C$1:$CT$1,'KPC_35_W_Bd, 24h'!H$1) -> 5.5250083 | I12: =AVERAGEIFS(KPC_35_W_Bd!$C12:$CT12,KPC_35_W_Bd!$C$1:$CT$1,'KPC_35_W_Bd, 24h'!I$1) -> 6.2409945 | J12: =AVERAGEIFS(KPC_35_W_Bd!$C12:$CT12,KPC_35_W_Bd!$C$1:$CT$1,'KPC_35_W_Bd, 24h'!J$1) -> 7.5679834 | ... Z12: =AVERAGEIFS(KPC_35_W_Bd!$C12:$CT12,KPC_35_W_Bd!$C$1:$CT$1,'KPC_35_W_Bd, 24h'!Z$1) -> 5.7297194
A13: 6 | B13: Q | C13: =AVERAGEIFS(KPC_35_W_Bd!$C13:$CT13,KPC_35_W_Bd!$C$1:$CT$1,'KPC_35_W_Bd, 24h'!C$1) -> 0.40113277 | D13: =AVERAGEIFS(KPC_35_W_Bd!$C13:$CT13,KPC_35_W_Bd!$C$1:$CT$1,'KPC_35_W_Bd, 24h'!D$1) -> 0.3137815 | E13: =AVERAGEIFS(KPC_35_W_Bd!$C13:$CT13,KPC_35_W_Bd!$C$1:$CT$1,'KPC_35_W_Bd, 24h'!E$1) -> 0.23791593 | F13: =AVERAGEIFS(KPC_35_W_Bd!$C13:$CT13,KPC_35_W_Bd!$C$1:$CT$1,'KPC_35_W_Bd, 24h'!F$1) -> 0.3544406 | G13: =AVERAGEIFS(KPC_35_W_Bd!$C13:$CT13,KPC_35_W_Bd!$C$1:$CT$1,'KPC_35_W_Bd, 24h'!G$1) -> 0.29105355 | H13: =AVERAGEIFS(KPC_35_W_Bd!$C13:$CT13,KPC_35_W_Bd!$C$1:$CT$1,'KPC_35_W_Bd, 24h'!H$1) -> 0.41932112 | I13: =AVERAGEIFS(KPC_35_W_Bd!$C13:$CT13,KPC_35_W_Bd!$C$1:$CT$1,'KPC_35_W_Bd, 24h'!I$1) -> 0.55925143 | J13: =AVERAGEIFS(KPC_35_W_Bd!$C13:$CT13,KPC_35_W_Bd!$C$1:$CT$1,'KPC_35_W_Bd, 24h'!J$1) -> 1.0893065 | ... Z13: =AVERAGEIFS(KPC_35_W_Bd!$C13:$CT13,KPC_35_W_Bd!$C$1:$CT$1,'KPC_35_W_Bd, 24h'!Z$1) -> 0.49020418
... A29: 14 | B29: Q | C29: =AVERAGEIFS(KPC_35_W_Bd!$C29:$CT29,KPC_35_W_Bd!$C$1:$CT$1,'KPC_35_W_Bd, 24h'!C$1) -> 0.20070455 | D29: =AVERAGEIFS(KPC_35_W_Bd!$C29:$CT29,KPC_35_W_Bd!$C$1:$CT$1,'KPC_35_W_Bd, 24h'!D$1) -> 0.20543638 | E29: =AVERAGEIFS(KPC_35_W_Bd!$C29:$CT29,KPC_35_W_Bd!$C$1:$CT$1,'KPC_35_W_Bd, 24h'!E$1) -> 0.20794855 | F29: =AVERAGEIFS(KPC_35_W_Bd!$C29:$CT29,KPC_35_W_Bd!$C$1:$CT$1,'KPC_35_W_Bd, 24h'!F$1) -> 0.20917235 | G29: =AVERAGEIFS(KPC_35_W_Bd!$C29:$CT29,KPC_35_W_Bd!$C$1:$CT$1,'KPC_35_W_Bd, 24h'!G$1) -> 0.20544032 | H29: =AVERAGEIFS(KPC_35_W_Bd!$C29:$CT29,KPC_35_W_Bd!$C$1:$CT$1,'KPC_35_W_Bd, 24h'!H$1) -> 0.19980945 | I29: =AVERAGEIFS(KPC_35_W_Bd!$C29:$CT29,KPC_35_W_Bd!$C$1:$CT$1,'KPC_35_W_Bd, 24h'!I$1) -> 0.17707708 | J29: =AVERAGEIFS(KPC_35_W_Bd!$C29:$CT29,KPC_35_W_Bd!$C$1:$CT$1,'KPC_35_W_Bd, 24h'!J$1) -> 0.1407598 | ... Z29: =AVERAGEIFS(KPC_35_W_Bd!$C29:$CT29,KPC_35_W_Bd!$C$1:$CT$1,'KPC_35_W_Bd, 24h'!Z$1) -> 0.19853905
