Workbook

Sheet KPC_35_S_Su
A1: LoadID | B1: Type | C1: 0 | D1: 0 | E1: 0 | F1: 0 | G1: =C1+1 -> 1 | H1: =D1+1 -> 1 | I1: =E1+1 -> 1 | J1: =F1+1 -> 1 | K1: =G1+1 -> 2 | L1: =H1+1 -> 2 | M1: =I1+1 -> 2 | N1: =J1+1 -> 2 | ... CT1: =CP1+1 -> 23
A2: 1 | B2: P | C2: 3.2550914 | D2: 3.2834382 | E2: 3.2653775 | F2: 3.2391138 | G2: 3.1150734 | H2: 3.1742606 | I2: 3.2240491 | J2: 3.2562368 | K2: 3.3208461 | L2: 3.093215 | M2: 3.2903557 | N2: 3.2591136 | O2: 3.1377182 | P2: 3.1748283 | Q2: 3.1422691 | R2: 3.1717737 | S2: 3.0850406 | T2: 3.0282047 | U2: 3.0152988 | V2: 3.2824287 | W2: 3.1130919 | X2: 3.1400204 | Y2: 3.2356029 | Z2: 3.2644541 | AA2: 3.1837225 | AB2: 3.1253028 | AC2: 2.9681585 | AD2: 3.0114217 | AE2: 3.01898 | AF2: 3.1726997 | AG2: 3.2149892 | AH2: 3.2706146 | AI2: 3.2451589 | AJ2: 3.2522614 | AK2: 3.1990137 | AL2: 3.2747488 | AM2: 3.3451366 | AN2: 3.3259654 | AO2: 3.3298209 | AP2: 3.1395769 | AQ2: 3.1113596 | AR2: 3.3518403 | AS2: 3.4215922 | AT2: 3.346817 | AU2: 3.2740061 | AV2: 3.3140779 | AW2: 3.4120758 | AX2: 3.40854 | AY2: 3.4540293 | AZ2: 3.44017 | BA2: 3.3648224 | BB2: 3.5189242 | BC2: 3.3610625 | BD2: 3.3409903 | BE2: 3.3593597 | BF2: 3.3072522 | BG2: 3.3900726 | BH2: 3.3151233 | BI2: 3.4362531 | BJ2: 3.388325 | BK2: 3.429142 | BL2: 3.5038693 | BM2: 3.5539978 | BN2: 3.655241 | BO2: 3.7321291 | BP2: 3.6477377 | BQ2: 3.5456874 | BR2: 3.6930211 | BS2: 3.6002352 | BT2: 3.4496932 | BU2: 3.6748073 | BV2: 3.5569456 | BW2: 3.2703259 | BX2: 3.409909 | BY2: 3.3967438 | BZ2: 3.4203298 | CA2: 3.3003592 | CB2: 3.2734957 | CC2: 3.2891104 | CD2: 3.2681203 | CE2: 3.2390392 | CF2: 3.3494272 | CG2: 3.2051868 | CH2: 3.2180023 | CI2: 3.1766486 | CJ2: 3.1582983 | CK2: 3.1829457 | CL2: 3.3232472 | CM2: 3.1498156 | CN2: 3.0909495 | CO2: 3.1216106 | CP2: 3.1400902 | CQ2: 3.2509816 | CR2: 3.4385791 | CS2: 3.4628005 | CT2: 3.445816
A3: 1 | B3: Q | C3: 0.300238 | D3: 0.2431437 | E3: 0.3044517 | F3: 0.288487 | G3: 0.239974 | H3: 0.2920044 | I3: 0.2860903 | J3: 0.3078145 | K3: 0.3119507 | L3: 0.2661051 | M3: 0.2964884 | N3: 0.3247845 | O3: 0.2454244 | P3: 0.2361471 | Q3: 0.2833456 | R3: 0.2791321 | S3: 0.1978393 | T3: 0.2139587 | U3: 0.1750326 | V3: 0.2958315 | W3: 0.2606934 | X3: 0.2040243 | Y3: 0.2378479 | Z3: 0.3273358 | AA3: 0.2590312 | AB3: 0.2543927 | AC3: 0.1963318 | AD3: 0.1876343 | AE3: 0.2011637 | AF3: 0.26309 | AG3: 0.2907287 | AH3: 0.3358014 | AI3: 0.3163576 | AJ3: 0.3096313 | AK3: 0.3029826 | AL3: 0.3249776 | AM3: 0.3306603 | AN3: 0.3439189 | AO3: 0.3386617 | AP3: 0.31686 | AQ3: 0.2579875 | AR3: 0.293512 | AS3: 0.3220014 | AT3: 0.291502 | AU3: 0.265332 | AV3: 0.2854329 | AW3: 0.315391 | AX3: 0.3279155 | AY3: 0.3673445 | AZ3: 0.3564046 | BA3: 0.3446149 | BB3: 0.3848189 | BC3: 0.3732201 | BD3: 0.3445764 | BE3: 0.3310466 | BF3: 0.334139 | BG3: 0.3879479 | BH3: 0.3913899 | BI3: 0.3837344 | BJ3: 0.3610435 | BK3: 0.3608115 | BL3: 0.4555673 | BM3: 0.4845614 | BN3: 0.4992136 | BO3: 0.5127039 | BP3: 0.4752809 | BQ3: 0.4635304 | BR3: 0.5073307 | BS3: 0.5083749 | BT3: 0.4243639 | BU3: 0.2579875 | BV3: 0.242216 | BW3: 0.1923116 | BX3: 0.2405924 | BY3: 0.2100932 | BZ3: 0.2100545 | CA3: 0.1756897 | CB3: 0.1759216 | CC3: 0.1313904 | CD3: 0.1466593 | CE3: 0.1312358 | CF3: 0.1889872 | CG3: 0.124703 | CH3: 0.1404358 | CI3: 0.1138407 | CJ3: 0.1216105 | CK3: 0.1155416 | CL3: 0.141982 | CM3: 0.0864339 | CN3: 0.0974121 | CO3: 0.1025146 | CP3: 0.1450745 | CQ3: 0.1719401 | CR3: 0.2126058 | CS3: 0.2169352 | CT3: 0.2291891
A4: 2 | B4: P | C4: 1.0443841 | D4: 0.9961613 | E4: 0.9681051 | F4: 0.9411047 | G4: 0.9188822 | H4: 0.9309934 | I4: 0.9016042 | J4: 0.8854374 | K4: 0.863937 | L4: 0.8445477 | M4: 0.8172139 | N4: 0.8240474 | O4: 0.8199362 | P4: 0.815603 | Q4: 0.8143805 | R4: 0.8204918 | S4: 0.7888803 | T4: 0.8184362 | U4: 0.7933247 | V4: 0.7994359 | W4: 0.8648259 | X4: 0.8912708 | Y4: 0.8863263 | Z4: 0.8322699 | AA4: 0.8106583 | AB4: 0.8646036 | AC4: 0.8758816 | AD4: 0.9547716 | AE4: 1.0646067 | AF4: 1.1663305 | AG4: 1.2808877 | AH4: 1.3227216 | AI4: 1.3760003 | AJ4: 1.4158342 | AK4: 1.4990578 | AL4: 1.5301138 | AM4: 1.5868367 | AN4: 1.6691715 | AO4: 1.7685063 | AP4: 1.8285627 | AQ4: 1.7618395 | AR4: 1.7562839 | AS4: 1.7685618 | AT4: 1.6947274 | AU4: 1.7237278 | AV4: 1.7376724 | AW4: 1.7116165 | AX4: 1.6493933 | AY4: 1.608115 | AZ4: 1.565892 | BA4: 1.5510029 | BB4: 1.5057801 | BC4: 1.4202788 | BD4: 1.3512222 | BE4: 1.3300552 | BF4: 1.2656097 | BG4: 1.2730542 | BH4: 1.2740544 | BI4: 1.2364981 | BJ4: 1.1498859 | BK4: 1.1267743 | BL4: 1.0905515 | BM4: 1.0767179 | BN4: 1.0675511 | BO4: 1.0404953 | BP4: 1.0349951 | BQ4: 1.0406618 | BR4: 1.049273 | BS4: 1.06794 | BT4: 1.1165519 | BU4: 1.1237743 | BV4: 1.164886 | BW4: 1.2333314 | BX4: 1.2893877 | BY4: 1.3518888 | BZ4: 1.4187787 | CA4: 1.4875575 | CB4: 1.5408918 | CC4: 1.5153358 | CD4: 1.5386695 | CE4: 1.6314485 | CF4: 1.8049513 | CG4: 1.8147848 | CH4: 1.7840621 | CI4: 1.7486726 | CJ4: 1.697783 | CK4: 1.6428378 | CL4: 1.5898367 | CM4: 1.5502251 | CN4: 1.5048912 | CO4: 1.3938339 | CP4: 1.3338884 | CQ4: 1.2609431 | CR4: 1.205331 | CS4: 1.1173853 | CT4: 1.0662178
A5: 2 | B5: Q | C5: -0.2042461 | D5: -0.2196911 | E5: -0.2285797 | F5: -0.2274132 | G5: -0.2194133 | H5: -0.2210799 | I5: -0.2284133 | J5: -0.228191 | K5: -0.2293021 | L5: -0.2362464 | M5: -0.2368019 | N5: -0.241302 | O5: -0.2331908 | P5: -0.2315798 | Q5: -0.2321909 | R5: -0.235191 | S5: -0.2603023 | T5: -0.2578578 | U5: -0.2680245 | V5: -0.2694689 | W5: -0.2272464 | X5: -0.2328576 | Y5: -0.2244687 | Z5: -0.2509689 | AA5: -0.2559133 | AB5: -0.2578022 | AC5: -0.2525244 | AD5: -0.2253021 | AE5: -0.1755787 | AF5: -0.1303005 | AG5: -0.0934108 | AH5: -0.0721886 | AI5: -0.0747442 | AJ5: -0.075522 | AK5: -0.0878552 | AL5: -0.0908552 | AM5: -0.1071332 | AN5: -0.0964108 | AO5: -0.1062444 | AP5: -0.1075778 | AQ5: -0.1520786 | AR5: -0.1624121 | AS5: -0.1628009 | AT5: -0.1647454 | AU5: -0.1671343 | AV5: -0.1581898 | AW5: -0.1679121 | AX5: -0.1796343 | AY5: -0.1849675 | AZ5: -0.1887454 | BA5: -0.1901343 | BB5: -0.1901899 | BC5: -0.2015793 | BD5: -0.1976346 | BE5: -0.2100795 | BF5: -0.2259131 | BG5: -0.2270798 | BH5: -0.2377464 | BI5: -0.2382464 | BJ5: -0.2331909 | BK5: -0.2180799 | BL5: -0.2224133 | BM5: -0.2237466 | BN5: -0.2224686 | BO5: -0.2288575 | BP5: -0.221191 | BQ5: -0.2218021 | BR5: -0.223802 | BS5: -0.2273577 | BT5: -0.2120242 | BU5: -0.1896342 | BV5: -0.1714677 | BW5: -0.1498009 | BX5: -0.0979667 | BY5: -0.0466878 | BZ5: -0.0148541 | CA5: -0.0161875 | CB5: -0.0261876 | CC5: -0.0735774 | CD5: -0.0873552 | CE5: -0.096633 | CF5: -0.0217985 | CG5: -0.0365765 | CH5: -0.0475214 | CI5: -0.0551324 | CJ5: -0.0894663 | CK5: -0.1296895 | CL5: -0.1463563 | CM5: -0.148023 | CN5: -0.1498008 | CO5: -0.1695232 | CP5: -0.1697455 | CQ5: -0.161912 | CR5: -0.1688565 | CS5: -0.1828565 | CT5: -0.185912
A6: 3 | B6: P | C6: 3.1613467 | D6: 3.1030312 | E6: 2.9906533 | F6: 2.9346089 | G6: 2.8679988 | H6: 2.8826532 | I6: 2.8955646 | J6: 2.7993689 | K6: 2.8281088 | L6: 2.7741301 | M6: 2.72663 | N6: 2.7395301 | O6: 2.6634989 | P6: 2.6616666 | Q6: 2.6603768 | R6: 2.6732466 | S6: 2.6290677 | T6: 2.715709 | U6: 2.6707201 | V6: 2.662169 | W6: 2.6799188 | X6: 2.6823423 | Y6: 2.753551 | Z6: 2.6561923 | AA6: 2.751971 | AB6: 2.7330267 | AC6: 2.8058333 | AD6: 2.8296311 | AE6: 2.9568744 | AF6: 3.0388455 | AG6: 3.0911355 | AH6: 3.2153511 | AI6: 3.2302599 | AJ6: 3.4891934 | AK6: 3.548049 | AL6: 3.6748779 | AM6: 3.7162557 | AN6: 3.8711445 | AO6: 3.9517221 | AP6: 4.0886998 | AQ6: 4.2060223 | AR6: 4.2575111 | AS6: 4.2992001 | AT6: 4.2129555 | AU6: 4.3073444 | AV6: 4.3427668 | AW6: 4.3566666 | AX6: 4.3243556 | AY6: 4.2251554 | AZ6: 4.1354332 | BA6: 4.0847998 | BB6: 3.9618111 | BC6: 3.8269222 | BD6: 3.7381334 | BE6: 3.6473999 | BF6: 3.5660777 | BG6: 3.4572778 | BH6: 3.3330667 | BI6: 3.3625112 | BJ6: 3.2817554 | BK6: 3.204411 | BL6: 3.2050111 | BM6: 3.2328668 | BN6: 3.1697023 | BO6: 3.096451 | BP6: 3.0962734 | BQ6: 3.1203556 | BR6: 3.1329577 | BS6: 3.1102955 | BT6: 3.0667667 | BU6: 3.1461377 | BV6: 3.1564889 | BW6: 3.2359333 | BX6: 3.2849333 | BY6: 3.3312845 | BZ6: 3.4448512 | CA6: 3.3627334 | CB6: 3.4843223 | CC6: 3.5904555 | CD6: 3.7335 | CE6: 3.8271444 | CF6: 3.9901667 | CG6: 4.0678887 | CH6: 4.0507998 | CI6: 3.9774778 | CJ6: 3.9552221 | CK6: 3.9532001 | CL6: 3.8189332 | CM6: 3.7345889 | CN6: 3.6576111 | CO6: 3.5664444 | CP6: 3.5379555 | CQ6: 3.3318067 | CR6: 3.3111444 | CS6: 3.1734354 | CT6: 3.1100512
A7: 3 | B7: Q | C7: -0.6374834 | D7: -0.6679089 | E7: -0.65839 | F7: -0.6749189 | G7: -0.6642589 | H7: -0.6667733 | I7: -0.6590734 | J7: -0.6674422 | K7: -0.62859 | L7: -0.6535422 | M7: -0.6430244 | N7: -0.6360889 | O7: -0.6602122 | P7: -0.6579056 | Q7: -0.6429522 | R7: -0.6647356 | S7: -0.6696511 | T7: -0.6503145 | U7: -0.6728211 | V7: -0.6680578 | W7: -0.64855 | X7: -0.6660233 | Y7: -0.6496944 | Z7: -0.6902944 | AA7: -0.5938578 | AB7: -0.6075633 | AC7: -0.6078611 | AD7: -0.63163 | AE7: -0.6174222 | AF7: -0.6017567 | AG7: -0.5988634 | AH7: -0.6168289 | AI7: -0.6403344 | AJ7: -0.5633166 | AK7: -0.5341733 | AL7: -0.5160066 | AM7: -0.5445945 | AN7: -0.5378422 | AO7: -0.54587 | AP7: -0.5073189 | AQ7: -0.5325 | AR7: -0.5505011 | AS7: -0.5590511 | AT7: -0.5714 | AU7: -0.5307567 | AV7: -0.4730778 | AW7: -0.4762722 | AX7: -0.50638 | AY7: -0.5006067 | AZ7: -0.5527289 | BA7: -0.5249767 | BB7: -0.52491 | BC7: -0.5279522 | BD7: -0.4933178 | BE7: -0.5146 | BF7: -0.5528445 | BG7: -0.5512711 | BH7: -0.5785123 | BI7: -0.5607022 | BJ7: -0.5578 | BK7: -0.6014589 | BL7: -0.5851867 | BM7: -0.55787 | BN7: -0.55525 | BO7: -0.6238511 | BP7: -0.6330855 | BQ7: -0.5948689 | BR7: -0.5656856 | BS7: -0.6109878 | BT7: -0.6389311 | BU7: -0.5787011 | BV7: -0.5600266 | BW7: -0.5580678 | BX7: -0.5033922 | BY7: -0.51305 | BZ7: -0.5177022 | CA7: -0.5545311 | CB7: -0.5401022 | CC7: -0.4797656 | CD7: -0.4714678 | CE7: -0.5109345 | CF7: -0.5160211 | CG7: -0.4865833 | CH7: -0.5198189 | CI7: -0.5291967 | CJ7: -0.5190367 | CK7: -0.5240756 | CL7: -0.5711811 | CM7: -0.5732978 | CN7: -0.5888644 | CO7: -0.604732 | CP7: -0.5392801 | CQ7: -0.5938433 | CR7: -0.5674844 | CS7: -0.6050689 | CT7: -0.6381645
A8: 4 | B8: P | C8: 0.4011379 | D8: 0.3273591 | E8: 0.3394701 | F8: 0.3199145 | G8: 0.2632468 | H8: 0.2844138 | I8: 0.2427465 | J8: 0.210135 | K8: 0.1773012 | L8: 0.2089126 | M8: 0.1654676 | N8: 0.1164669 | O8: 0.1521896 | P8: 0.1818565 | Q8: 0.1615787 | R8: 0.18269 | S8: 0.1901904 | T8: 0.1683566 | U8: 0.1658565 | V8: 0.193857 | W8: 0.1796345 | X8: 0.2419132 | Y8: 0.223913 | Z8: 0.1118002 | AA8: 0.1308005 | AB8: 0.1541897 | AC8: 0.2412466 | AD8: 0.3401369 | AE8: 0.3949156 | AF8: 0.5158619 | AG8: 0.5486957 | AH8: 0.6473083 | AI8: 0.7154204 | AJ8: 0.7870882 | AK8: 0.7970328 | AL8: 0.7606434 | AM8: 0.8411446 | AN8: 0.848867 | AO8: 0.9300904 | AP8: 1.0739814 | AQ8: 1.0724814 | AR8: 1.0874817 | AS8: 1.118871 | AT8: 1.1183153 | AU8: 1.0560367 | AV8: 1.176483 | AW8: 1.1358712 | AX8: 1.0497589 | AY8: 1.0083693 | AZ8: 0.9284793 | BA8: 0.8588671 | BB8: 0.7674767 | BC8: 0.7293652 | BD8: 0.718865 | BE8: 0.6459749 | BF8: 0.6312525 | BG8: 0.5266399 | BH8: 0.4956391 | BI8: 0.4888059 | BJ8: 0.423416 | BK8: 0.419027 | BL8: 0.4676945 | BM8: 0.411749 | BN8: 0.3929712 | BO8: 0.3785819 | BP8: 0.4085269 | BQ8: 0.4245828 | BR8: 0.4258604 | BS8: 0.4130826 | BT8: 0.4497497 | BU8: 0.4414162 | BV8: 0.4303047 | BW8: 0.5355288 | BX8: 0.5917519 | BY8: 0.6745309 | BZ8: 0.7369764 | CA8: 0.8138109 | CB8: 0.8613116 | CC8: 0.8559226 | CD8: 0.9106455 | CE8: 0.9677576 | CF8: 1.1395934 | CG8: 1.0841484 | CH8: 1.030092 | CI8: 0.9870913 | CJ8: 0.9539797 | CK8: 0.9073122 | CL8: 0.8783674 | CM8: 0.7864217 | CN8: 0.7738103 | CO8: 0.7251983 | CP8: 0.651086 | CQ8: 0.5640292 | CR8: 0.5555847 | CS8: 0.4439163 | CT8: 0.3657484
A9: 4 | B9: Q | C9: -0.5987106 | D9: -0.6205444 | E9: -0.605822 | F9: -0.6258223 | G9: -0.6227667 | H9: -0.6191555 | I9: -0.6135442 | J9: -0.6356558 | K9: -0.6396557 | L9: -0.6300445 | M9: -0.6477115 | N9: -0.6573784 | O9: -0.6342112 | P9: -0.6416559 | Q9: -0.6416003 | R9: -0.6264889 | S9: -0.6277112 | T9: -0.6455446 | U9: -0.6327112 | V9: -0.6196555 | W9: -0.6066553 | X9: -0.5905994 | Y9: -0.591266 | Z9: -0.6731007 | AA9: -0.6768786 | AB9: -0.7008234 | AC9: -0.6322112 | AD9: -0.5850437 | AE9: -0.5694879 | AF9: -0.5263763 | AG9: -0.4922091 | AH9: -0.4718753 | AI9: -0.4841534 | AJ9: -0.4450416 | AK9: -0.4748754 | AL9: -0.5220985 | AM9: -0.5431544 | AN9: -0.5631544 | AO9: -0.5745992 | AP9: -0.535543 | AQ9: -0.5671548 | AR9: -0.5828215 | AS9: -0.6087108 | AT9: -0.6021551 | AU9: -0.6012663 | AV9: -0.5685436 | AW9: -0.56721 | AX9: -0.6115442 | AY9: -0.6186555 | AZ9: -0.6215999 | BA9: -0.6263222 | BB9: -0.638878 | BC9: -0.628489 | BD9: -0.6491004 | BE9: -0.6706007 | BF9: -0.6437114 | BG9: -0.6774341 | BH9: -0.694712 | BI9: -0.6868787 | BJ9: -0.6746008 | BK9: -0.6609339 | BL9: -0.6787119 | BM9: -0.6573783 | BN9: -0.679934 | BO9: -0.6860453 | BP9: -0.6691562 | BQ9: -0.6726563 | BR9: -0.6426002 | BS9: -0.6610451 | BT9: -0.6381558 | BU9: -0.6277112 | BV9: -0.5927106 | BW9: -0.4995426 | BX9: -0.4726531 | BY9: -0.4451528 | BZ9: -0.4289304 | CA9: -0.3952077 | CB9: -0.4104857 | CC9: -0.4641531 | CD9: -0.4747087 | CE9: -0.470542 | CF9: -0.3879299 | CG9: -0.4250414 | CH9: -0.4385416 | CI9: -0.4672086 | CJ9: -0.4998204 | CK9: -0.5384319 | CL9: -0.5456544 | CM9: -0.567099 | CN9: -0.5403208 | CO9: -0.5429322 | CP9: -0.5630991 | CQ9: -0.5629879 | CR9: -0.571988 | CS9: -0.5992663 | CT9: -0.597155
A10: 5 | B10: P | C10: 3.0094974 | D10: 2.8854966 | E10: 2.7763979 | F10: 2.7147236 | G10: 2.6179252 | H10: 2.5404043 | I10: 2.5193539 | J10: 2.4618189 | K10: 2.425452 | L10: 2.4092493 | M10: 2.3662608 | N10: 2.3502369 | O10: 2.3389428 | P10: 2.3315508 | Q10: 2.3235674 | R10: 2.3438501 | S10: 2.271945 | T10: 2.2396004 | U10: 2.2497716 | V10: 2.2702892 | W10: 2.4015622 | X10: 2.4491625 | Y10: 2.466902 | Z10: 2.2945924 | AA10: 2.2261775 | AB10: 2.2844238 | AC10: 2.3402436 | AD10: 2.4595702 | AE10: 2.5723348 | AF10: 2.7182727 | AG10: 2.882777 | AH10: 3.0990217 | AI10: 3.3066323 | AJ10: 3.4495547 | AK10: 3.5802357 | AL10: 3.8142202 | AM10: 4.0094733 | AN10: 4.2535691 | AO10: 4.5084271 | AP10: 4.7524052 | AQ10: 4.8798342 | AR10: 4.948072 | AS10: 4.9782882 | AT10: 5.1534963 | AU10: 5.3506403 | AV10: 5.3887205 | AW10: 5.3038082 | AX10: 5.2502937 | AY10: 5.1089101 | AZ10: 5.0639114 | BA10: 4.9375458 | BB10: 4.6842852 | BC10: 4.4725342 | BD10: 4.3193235 | BE10: 4.1405683 | BF10: 3.9975872 | BG10: 3.840416 | BH10: 3.6496577 | BI10: 3.5795267 | BJ10: 3.5349407 | BK10: 3.4596078 | BL10: 3.3210013 | BM10: 3.2309446 | BN10: 3.2402878 | BO10: 3.2470284 | BP10: 3.21486 | BQ10: 3.209065 | BR10: 3.134973 | BS10: 3.1945782 | BT10: 3.2346106 | BU10: 3.2702672 | BV10: 3.2734013 | BW10: 3.2982364 | BX10: 3.3699052 | BY10: 3.464751 | BZ10: 3.5312145 | CA10: 3.6401968 | CB10: 3.7620072 | CC10: 3.8411252 | CD10: 4.0171018 | CE10: 4.1995821 | CF10: 4.7631674 | CG10: 4.9297414 | CH10: 4.9520335 | CI10: 4.8091125 | CJ10: 4.633491 | CK10: 4.5887876 | CL10: 4.4436774 | CM10: 4.3730736 | CN10: 4.2901711 | CO10: 4.185863 | CP10: 4.0275097 | CQ10: 3.8571496 | CR10: 3.6557474 | CS10: 3.4616182 | CT10: 3.2852273
A11: 5 | B11: Q | C11: -0.6598064 | D11: -0.6822768 | E11: -0.7189383 | F11: -0.7162184 | G11: -0.724202 | H11: -0.745312 | I11: -0.7333673 | J11: -0.7579662 | K11: -0.7450156 | L11: -0.7517572 | M11: -0.7602129 | N11: -0.76926 | O11: -0.7570193 | P11: -0.7752321 | Q11: -0.7849292 | R11: -0.7763557 | S11: -0.8166241 | T11: -0.8147911 | U11: -0.8027278 | V11: -0.8018996 | W11: -0.6577373 | X11: -0.6599255 | Y11: -0.6679672 | Z11: -0.7732814 | AA11: -0.8412827 | AB11: -0.8401001 | AC11: -0.8445353 | AD11: -0.8001858 | AE11: -0.7920848 | AF11: -0.7758827 | AG11: -0.7431822 | AH11: -0.690792 | AI11: -0.6448472 | AJ11: -0.614512 | AK11: -0.5928103 | AL11: -0.5413063 | AM11: -0.5390599 | AN11: -0.5199603 | AO11: -0.4806369 | AP11: -0.4345733 | AQ11: -0.460355 | AR11: -0.4393629 | AS11: -0.4128729 | AT11: -0.3733723 | AU11: -0.3140634 | AV11: -0.3024145 | AW11: -0.3210411 | AX11: -0.3360601 | AY11: -0.357288 | AZ11: -0.3750277 | BA11: -0.390107 | BB11: -0.4011645 | BC11: -0.4415515 | BD11: -0.4389493 | BE11: -0.4856637 | BF11: -0.497786 | BG11: -0.5297166 | BH11: -0.5611157 | BI11: -0.5678569 | BJ11: -0.5697492 | BK11: -0.5723507 | BL11: -0.601207 | BM11: -0.6216077 | BN11: -0.6370415 | BO11: -0.6403528 | BP11: -0.6380461 | BQ11: -0.6254509 | BR11: -0.6372781 | BS11: -0.631187 | BT11: -0.6116146 | BU11: -0.625629 | BV11: -0.6097224 | BW11: -0.6050509 | BX11: -0.6121464 | BY11: -0.6029812 | BZ11: -0.5866612 | CA11: -0.5889084 | CB11: -0.6104914 | CC11: -0.6092489 | CD11: -0.5713451 | CE11: -0.5900901 | CF11: -0.3162512 | CG11: -0.3789899 | CH11: -0.3762696 | CI11: -0.4164793 | CJ11: -0.457931 | CK11: -0.479751 | CL11: -0.489744 | CM11: -0.4927597 | CN11: -0.5138107 | CO11: -0.5055315 | CP11: -0.5116221 | CQ11: -0.5070696 | CR11: -0.527647 | CS11: -0.5338556 | CT11: -0.5614108
A12: 6 | B12: P | C12: 4.4211445 | D12: 4.3948002 | E12: 4.1399999 | F12: 4.0861111 | G12: 4.0841665 | H12: 4.2134666 | I12: 4.1541443 | J12: 4.2093334 | K12: 4.0265331 | L12: 3.9804888 | M12: 3.9603667 | N12: 3.9324443 | O12: 4.0553665 | P12: 4.1525664 | Q12: 4.0903888 | R12: 3.9858222 | S12: 4.0166669 | T12: 4.0437446 | U12: 4.0127888 | V12: 4.055378 | W12: 4.1466222 | X12: 4.1581669 | Y12: 4.2819667 | Z12: 4.0955334 | AA12: 4.0100665 | AB12: 3.9123778 | AC12: 3.9878666 | AD12: 3.9371889 | AE12: 3.9776778 | AF12: 4.1201444 | AG12: 4.3626442 | AH12: 4.4107332 | AI12: 4.4992223 | AJ12: 4.5360222 | AK12: 4.5419555 | AL12: 4.800889 | AM12: 4.990078 | AN12: 4.8370223 | AO12: 4.9482999 | AP12: 5.1081114 | AQ12: 5.1464667 | AR12: 4.948689 | AS12: 5.1556334 | AT12: 5.2957444 | AU12: 5.4222112 | AV12: 5.4863777 | AW12: 5.4482331 | AX12: 5.465889 | AY12: 5.2854109 | AZ12: 5.2958999 | BA12: 5.2321777 | BB12: 5.1613779 | BC12: 5.1806998 | BD12: 5.1630335 | BE12: 5.0012889 | BF12: 4.9878998 | BG12: 4.7958112 | BH12: 4.5491109 | BI12: 4.4897332 | BJ12: 4.4535332 | BK12: 4.3517222 | BL12: 4.4161 | BM12: 4.3932891 | BN12: 4.5194001 | BO12: 4.5125775 | BP12: 4.4228001 | BQ12: 4.3551445 | BR12: 4.3483224 | BS12: 4.2699556 | BT12: 4.4437113 | BU12: 4.4014668 | BV12: 4.3043556 | BW12: 4.2497778 | BX12: 4.2436557 | BY12: 4.3087554 | BZ12: 4.29 | CA12: 4.3642111 | CB12: 4.4030666 | CC12: 4.4541001 | CD12: 4.5385113 | CE12: 4.6500669 | CF12: 4.9602222 | CG12: 5.1179557 | CH12: 5.1821666 | CI12: 5.1388221 | CJ12: 5.1397777 | CK12: 5.0328889 | CL12: 4.9598112 | CM12: 4.810389 | CN12: 4.8201666 | CO12: 4.784122 | CP12: 4.7555556 | CQ12: 4.7719111 | CR12: 4.8270779 | CS12: 4.7513776 | CT12: 4.6496444
A13: 6 | B13: Q | C13: 0.2948646 | D13: 0.2656415 | E13: 0.2572907 | F13: 0.2846715 | G13: 0.2774225 | H13: 0.3932767 | I13: 0.37368 | J13: 0.3372611 | K13: 0.3059067 | L13: 0.2833319 | M13: 0.2392368 | N13: 0.2526218 | O13: 0.3193567 | P13: 0.3387033 | Q13: 0.2901322 | R13: 0.2273246 | S13: 0.2589349 | T13: 0.2499872 | U13: 0.2557263 | V13: 0.252434 | W13: 0.2554874 | X13: 0.2226065 | Y13: 0.2962536 | Z13: 0.221673 | AA13: 0.2359048 | AB13: 0.1508293 | AC13: 0.1404116 | AD13: 0.10616 | AE13: 0.1367199 | AF13: 0.2531627 | AG13: 0.2721459 | AH13: 0.3070901 | AI13: 0.3166527 | AJ13: 0.3125194 | AK13: 0.2963367 | AL13: 0.3138412 | AM13: 0.3584433 | AN13: 0.2960289 | AO13: 0.2465205 | AP13: 0.4114778 | AQ13: 0.398184 | AR13: 0.3115377 | AS13: 0.3118316 | AT13: 0.3828767 | AU13: 0.4130122 | AV13: 0.5463911 | AW13: 0.53839 | AX13: 0.5410978 | AY13: 0.48765 | AZ13: 0.4991367 | BA13: 0.5842389 | BB13: 0.5492311 | BC13: 0.4673378 | BD13: 0.5496767 | BE13: 0.4947 | BF13: 0.3355478 | BG13: 0.3564422 | BH13: 0.31774 | BI13: 0.2777761 | BJ13: 0.2680986 | BK13: 0.2934392 | BL13: 0.3394256 | BM13: 0.3512556 | BN13: 0.3981411 | BO13: 0.4995667 | BP13: 0.4143333 | BQ13: 0.3450343 | BR13: 0.3196344 | BS13: 0.3005444 | BT13: 0.4473733 | BU13: 0.4821844 | BV13: 0.4257789 | BW13: 0.3059365 | BX13: 0.3642722 | BY13: 0.3553678 | BZ13: 0.2417568 | CA13: 0.2660206 | CB13: 0.2595962 | CC13: 0.3468899 | CD13: 0.32484 | CE13: 0.2268719 | CF13: 0.4042523 | CG13: 0.4505867 | CH13: 0.4876078 | CI13: 0.4576489 | CJ13: 0.5218122 | CK13: 0.4954489 | CL13: 0.4376155 | CM13: 0.2987212 | CN13: 0.3668769 | CO13: 0.4124844 | CP13: 0.287902 | CQ13: 0.3579841 | CR13: 0.4321678 | CS13: 0.4855667 | CT13: 0.5120255
... A29: 14 | B29: Q | C29: 0.1959292 | D29: 0.1959292 | E29: 0.1959292 | F29: 0.1959292 | G29: 0.1959292 | H29: 0.2051408 | I29: 0.1957979 | J29: 0.2039084 | K29: 0.2201295 | L29: 0.2201295 | M29: 0.1997356 | N29: 0.2173423 | O29: 0.212292 | P29: 0.1985625 | Q29: 0.2207252 | R29: 0.211318 | S29: 0.2023348 | T29: 0.220378 | U29: 0.220378 | V29: 0.220378 | W29: 0.2016727 | X29: 0.1976284 | Y29: 0.1976284 | Z29: 0.1976284 | AA29: 0.1976284 | AB29: 0.1976284 | AC29: 0.1976284 | AD29: 0.1976284 | AE29: 0.1825801 | AF29: 0.1902479 | AG29: 0.1942111 | AH29: 0.1948825 | AI29: 0.1809364 | AJ29: 0.188192 | AK29: 0.1890145 | AL29: 0.190723 | AM29: 0.1708976 | AN29: 0.1866777 | AO29: 0.1732947 | AP29: 0.1668357 | AQ29: 0.1668357 | AR29: 0.1668357 | AS29: 0.1668357 | AT29: 0.1668357 | AU29: 0.1621121 | AV29: 0.1545548 | AW29: 0.1643379 | AX29: 0.1643379 | AY29: 0.1643379 | AZ29: 0.1643379 | BA29: 0.1643379 | BB29: 0.1831858 | BC29: 0.167976 | BD29: 0.1874029 | BE29: 0.1720377 | BF29: 0.1809276 | BG29: 0.1856819 | BH29: 0.1856819 | BI29: 0.1856819 | BJ29: 0.1856819 | BK29: 0.1856819 | BL29: 0.1856819 | BM29: 0.1856819 | BN29: 0.1814761 | BO29: 0.1841902 | BP29: 0.1841902 | BQ29: 0.1841902 | BR29: 0.1841902 | BS29: 0.1830397 | BT29: 0.1819393 | BU29: 0.1819393 | BV29: 0.1819393 | BW29: 0.1819393 | BX29: 0.1819393 | BY29: 0.1819393 | BZ29: 0.1819393 | CA29: 0.1819393 | CB29: 0.1819393 | CC29: 0.1819393 | CD29: 0.1819393 | CE29: 0.1819393 | CF29: 0.1929298 | CG29: 0.1964089 | CH29: 0.1964089 | CI29: 0.1964089 | CJ29: 0.1964089 | CK29: 0.1964089 | CL29: 0.1964089 | CM29: 0.1964089 | CN29: 0.1964089 | CO29: 0.1964089 | CP29: 0.1964089 | CQ29: 0.1964089 | CR29: 0.1964089 | CS29: 0.1964089 | CT29: 0.1964089

Sheet KPC_35_S_Su, 24h
A1: LoadID | B1: Type | C1: 0 | D1: 1 | E1: 2 | F1: 3 | G1: 4 | H1: 5 | I1: 6 | J1: 7 | K1: 8 | L1: 9 | M1: 10 | N1: 11 | O1: 12 | P1: 13 | Q1: 14 | R1: 15 | S1: 16 | T1: 17 | U1: 18 | V1: 19 | W1: 20 | X1: 21 | Y1: 22 | Z1: 23
A2: 1 | B2: P | C2: =AVERAGEIFS(KPC_35_S_Su!$C2:$CT2,KPC_35_S_Su!$C$1:$CT$1,'KPC_35_S_Su, 24h'!C$1) -> 3.2607552 | D2: =AVERAGEIFS(KPC_35_S_Su!$C2:$CT2,KPC_35_S_Su!$C$1:$CT$1,'KPC_35_S_Su, 24h'!D$1) -> 3.192405 | E2: =AVERAGEIFS(KPC_35_S_Su!$C2:$CT2,KPC_35_S_Su!$C$1:$CT$1,'KPC_35_S_Su, 24h'!E$1) -> 3.2408826 | F2: =AVERAGEIFS(KPC_35_S_Su!$C2:$CT2,KPC_35_S_Su!$C$1:$CT$1,'KPC_35_S_Su, 24h'!F$1) -> 3.1566473 | G2: =AVERAGEIFS(KPC_35_S_Su!$C2:$CT2,KPC_35_S_Su!$C$1:$CT$1,'KPC_35_S_Su, 24h'!G$1) -> 3.1027432 | H2: =AVERAGEIFS(KPC_35_S_Su!$C2:$CT2,KPC_35_S_Su!$C$1:$CT$1,'KPC_35_S_Su, 24h'!H$1) -> 3.1882923 | I2: =AVERAGEIFS(KPC_35_S_Su!$C2:$CT2,KPC_35_S_Su!$C$1:$CT$1,'KPC_35_S_Su, 24h'!I$1) -> 3.0721514 | J2: =AVERAGEIFS(KPC_35_S_Su!$C2:$CT2,KPC_35_S_Su!$C$1:$CT$1,'KPC_35_S_Su, 24h'!J$1) -> 3.1693209 | ... Z2: =AVERAGEIFS(KPC_35_S_Su!$C2:$CT2,KPC_35_S_Su!$C$1:$CT$1,'KPC_35_S_Su, 24h'!Z$1) -> 3.3995443
A3: 1 | B3: Q | C3: =AVERAGEIFS(KPC_35_S_Su!$C3:$CT3,KPC_35_S_Su!$C$1:$CT$1,'KPC_35_S_Su, 24h'!C$1) -> 0.2840801 | D3: =AVERAGEIFS(KPC_35_S_Su!$C3:$CT3,KPC_35_S_Su!$C$1:$CT$1,'KPC_35_S_Su, 24h'!D$1) -> 0.2814708 | E3: =AVERAGEIFS(KPC_35_S_Su!$C3:$CT3,KPC_35_S_Su!$C$1:$CT$1,'KPC_35_S_Su, 24h'!E$1) -> 0.29983217 | F3: =AVERAGEIFS(KPC_35_S_Su!$C3:$CT3,KPC_35_S_Su!$C$1:$CT$1,'KPC_35_S_Su, 24h'!F$1) -> 0.2610123 | G3: =AVERAGEIFS(KPC_35_S_Su!$C3:$CT3,KPC_35_S_Su!$C$1:$CT$1,'KPC_35_S_Su, 24h'!G$1) -> 0.22066553 | H3: =AVERAGEIFS(KPC_35_S_Su!$C3:$CT3,KPC_35_S_Su!$C$1:$CT$1,'KPC_35_S_Su, 24h'!H$1) -> 0.25747535 | I3: =AVERAGEIFS(KPC_35_S_Su!$C3:$CT3,KPC_35_S_Su!$C$1:$CT$1,'KPC_35_S_Su, 24h'!I$1) -> 0.2243475 | J3: =AVERAGEIFS(KPC_35_S_Su!$C3:$CT3,KPC_35_S_Su!$C$1:$CT$1,'KPC_35_S_Su, 24h'!J$1) -> 0.27269595 | ... Z3: =AVERAGEIFS(KPC_35_S_Su!$C3:$CT3,KPC_35_S_Su!$C$1:$CT$1,'KPC_35_S_Su, 24h'!Z$1) -> 0.20766755
A4: 2 | B4: P | C4: =AVERAGEIFS(KPC_35_S_Su!$C4:$CT4,KPC_35_S_Su!$C$1:$CT$1,'KPC_35_S_Su, 24h'!C$1) -> 0.9874388 | D4: =AVERAGEIFS(KPC_35_S_Su!$C4:$CT4,KPC_35_S_Su!$C$1:$CT$1,'KPC_35_S_Su, 24h'!D$1) -> 0.9092293 | E4: =AVERAGEIFS(KPC_35_S_Su!$C4:$CT4,KPC_35_S_Su!$C$1:$CT$1,'KPC_35_S_Su, 24h'!E$1) -> 0.8374365 | F4: =AVERAGEIFS(KPC_35_S_Su!$C4:$CT4,KPC_35_S_Su!$C$1:$CT$1,'KPC_35_S_Su, 24h'!F$1) -> 0.81760287 | G4: =AVERAGEIFS(KPC_35_S_Su!$C4:$CT4,KPC_35_S_Su!$C$1:$CT$1,'KPC_35_S_Su, 24h'!G$1) -> 0.80001927 | H4: =AVERAGEIFS(KPC_35_S_Su!$C4:$CT4,KPC_35_S_Su!$C$1:$CT$1,'KPC_35_S_Su, 24h'!H$1) -> 0.86867322 | I4: =AVERAGEIFS(KPC_35_S_Su!$C4:$CT4,KPC_35_S_Su!$C$1:$CT$1,'KPC_35_S_Su, 24h'!I$1) -> 0.87647878 | J4: =AVERAGEIFS(KPC_35_S_Su!$C4:$CT4,KPC_35_S_Su!$C$1:$CT$1,'KPC_35_S_Su, 24h'!J$1) -> 1.2086366 | ... Z4: =AVERAGEIFS(KPC_35_S_Su!$C4:$CT4,KPC_35_S_Su!$C$1:$CT$1,'KPC_35_S_Su, 24h'!Z$1) -> 1.1624693
A5: 2 | B5: Q | C5: =AVERAGEIFS(KPC_35_S_Su!$C5:$CT5,KPC_35_S_Su!$C$1:$CT$1,'KPC_35_S_Su, 24h'!C$1) -> -0.21998252 | D5: =AVERAGEIFS(KPC_35_S_Su!$C5:$CT5,KPC_35_S_Su!$C$1:$CT$1,'KPC_35_S_Su, 24h'!D$1) -> -0.22427438 | E5: =AVERAGEIFS(KPC_35_S_Su!$C5:$CT5,KPC_35_S_Su!$C$1:$CT$1,'KPC_35_S_Su, 24h'!E$1) -> -0.2359131 | F5: =AVERAGEIFS(KPC_35_S_Su!$C5:$CT5,KPC_35_S_Su!$C$1:$CT$1,'KPC_35_S_Su, 24h'!F$1) -> -0.23303813 | G5: =AVERAGEIFS(KPC_35_S_Su!$C5:$CT5,KPC_35_S_Su!$C$1:$CT$1,'KPC_35_S_Su, 24h'!G$1) -> -0.26391338 | H5: =AVERAGEIFS(KPC_35_S_Su!$C5:$CT5,KPC_35_S_Su!$C$1:$CT$1,'KPC_35_S_Su, 24h'!H$1) -> -0.2338854 | I5: =AVERAGEIFS(KPC_35_S_Su!$C5:$CT5,KPC_35_S_Su!$C$1:$CT$1,'KPC_35_S_Su, 24h'!I$1) -> -0.2478855 | J5: =AVERAGEIFS(KPC_35_S_Su!$C5:$CT5,KPC_35_S_Su!$C$1:$CT$1,'KPC_35_S_Su, 24h'!J$1) -> -0.11786965 | ... Z5: =AVERAGEIFS(KPC_35_S_Su!$C5:$CT5,KPC_35_S_Su!$C$1:$CT$1,'KPC_35_S_Su, 24h'!Z$1) -> -0.17488425
A6: 3 | B6: P | C6: =AVERAGEIFS(KPC_35_S_Su!$C6:$CT6,KPC_35_S_Su!$C$1:$CT$1,'KPC_35_S_Su, 24h'!C$1) -> 3.04741 | D6: =AVERAGEIFS(KPC_35_S_Su!$C6:$CT6,KPC_35_S_Su!$C$1:$CT$1,'KPC_35_S_Su, 24h'!D$1) -> 2.8613964 | E6: =AVERAGEIFS(KPC_35_S_Su!$C6:$CT6,KPC_35_S_Su!$C$1:$CT$1,'KPC_35_S_Su, 24h'!E$1) -> 2.7670997 | F6: =AVERAGEIFS(KPC_35_S_Su!$C6:$CT6,KPC_35_S_Su!$C$1:$CT$1,'KPC_35_S_Su, 24h'!F$1) -> 2.6646972 | G6: =AVERAGEIFS(KPC_35_S_Su!$C6:$CT6,KPC_35_S_Su!$C$1:$CT$1,'KPC_35_S_Su, 24h'!G$1) -> 2.6694164 | H6: =AVERAGEIFS(KPC_35_S_Su!$C6:$CT6,KPC_35_S_Su!$C$1:$CT$1,'KPC_35_S_Su, 24h'!H$1) -> 2.6930011 | I6: =AVERAGEIFS(KPC_35_S_Su!$C6:$CT6,KPC_35_S_Su!$C$1:$CT$1,'KPC_35_S_Su, 24h'!I$1) -> 2.7801155 | J6: =AVERAGEIFS(KPC_35_S_Su!$C6:$CT6,KPC_35_S_Su!$C$1:$CT$1,'KPC_35_S_Su, 24h'!J$1) -> 3.0755516 | ... Z6: =AVERAGEIFS(KPC_35_S_Su!$C6:$CT6,KPC_35_S_Su!$C$1:$CT$1,'KPC_35_S_Su, 24h'!Z$1) -> 3.2316094
A7: 3 | B7: Q | C7: =AVERAGEIFS(KPC_35_S_Su!$C7:$CT7,KPC_35_S_Su!$C$1:$CT$1,'KPC_35_S_Su, 24h'!C$1) -> -0.6596753 | D7: =AVERAGEIFS(KPC_35_S_Su!$C7:$CT7,KPC_35_S_Su!$C$1:$CT$1,'KPC_35_S_Su, 24h'!D$1) -> -0.66438695 | E7: =AVERAGEIFS(KPC_35_S_Su!$C7:$CT7,KPC_35_S_Su!$C$1:$CT$1,'KPC_35_S_Su, 24h'!E$1) -> -0.64031138 | F7: =AVERAGEIFS(KPC_35_S_Su!$C7:$CT7,KPC_35_S_Su!$C$1:$CT$1,'KPC_35_S_Su, 24h'!F$1) -> -0.6564514 | G7: =AVERAGEIFS(KPC_35_S_Su!$C7:$CT7,KPC_35_S_Su!$C$1:$CT$1,'KPC_35_S_Su, 24h'!G$1) -> -0.66521113 | H7: =AVERAGEIFS(KPC_35_S_Su!$C7:$CT7,KPC_35_S_Su!$C$1:$CT$1,'KPC_35_S_Su, 24h'!H$1) -> -0.66364052 | I7: =AVERAGEIFS(KPC_35_S_Su!$C7:$CT7,KPC_35_S_Su!$C$1:$CT$1,'KPC_35_S_Su, 24h'!I$1) -> -0.61022805 | J7: =AVERAGEIFS(KPC_35_S_Su!$C7:$CT7,KPC_35_S_Su!$C$1:$CT$1,'KPC_35_S_Su, 24h'!J$1) -> -0.6087178 | ... Z7: =AVERAGEIFS(KPC_35_S_Su!$C7:$CT7,KPC_35_S_Su!$C$1:$CT$1,'KPC_35_S_Su, 24h'!Z$1) -> -0.60114028
A8: 4 | B8: P | C8: =AVERAGEIFS(KPC_35_S_Su!$C8:$CT8,KPC_35_S_Su!$C$1:$CT$1,'KPC_35_S_Su, 24h'!C$1) -> 0.3469704 | D8: =AVERAGEIFS(KPC_35_S_Su!$C8:$CT8,KPC_35_S_Su!$C$1:$CT$1,'KPC_35_S_Su, 24h'!D$1) -> 0.25013552 | E8: =AVERAGEIFS(KPC_35_S_Su!$C8:$CT8,KPC_35_S_Su!$C$1:$CT$1,'KPC_35_S_Su, 24h'!E$1) -> 0.16703708 | F8: =AVERAGEIFS(KPC_35_S_Su!$C8:$CT8,KPC_35_S_Su!$C$1:$CT$1,'KPC_35_S_Su, 24h'!F$1) -> 0.1695787 | G8: =AVERAGEIFS(KPC_35_S_Su!$C8:$CT8,KPC_35_S_Su!$C$1:$CT$1,'KPC_35_S_Su, 24h'!G$1) -> 0.17956512 | H8: =AVERAGEIFS(KPC_35_S_Su!$C8:$CT8,KPC_35_S_Su!$C$1:$CT$1,'KPC_35_S_Su, 24h'!H$1) -> 0.18931523 | I8: =AVERAGEIFS(KPC_35_S_Su!$C8:$CT8,KPC_35_S_Su!$C$1:$CT$1,'KPC_35_S_Su, 24h'!I$1) -> 0.21659343 | J8: =AVERAGEIFS(KPC_35_S_Su!$C8:$CT8,KPC_35_S_Su!$C$1:$CT$1,'KPC_35_S_Su, 24h'!J$1) -> 0.52669538 | ... Z8: =AVERAGEIFS(KPC_35_S_Su!$C8:$CT8,KPC_35_S_Su!$C$1:$CT$1,'KPC_35_S_Su, 24h'!Z$1) -> 0.48231965
A9: 4 | B9: Q | C9: =AVERAGEIFS(KPC_35_S_Su!$C9:$CT9,KPC_35_S_Su!$C$1:$CT$1,'KPC_35_S_Su, 24h'!C$1) -> -0.61272482 | D9: =AVERAGEIFS(KPC_35_S_Su!$C9:$CT9,KPC_35_S_Su!$C$1:$CT$1,'KPC_35_S_Su, 24h'!D$1) -> -0.62278055 | E9: =AVERAGEIFS(KPC_35_S_Su!$C9:$CT9,KPC_35_S_Su!$C$1:$CT$1,'KPC_35_S_Su, 24h'!E$1) -> -0.64369752 | F9: =AVERAGEIFS(KPC_35_S_Su!$C9:$CT9,KPC_35_S_Su!$C$1:$CT$1,'KPC_35_S_Su, 24h'!F$1) -> -0.63598908 | G9: =AVERAGEIFS(KPC_35_S_Su!$C9:$CT9,KPC_35_S_Su!$C$1:$CT$1,'KPC_35_S_Su, 24h'!G$1) -> -0.63140562 | H9: =AVERAGEIFS(KPC_35_S_Su!$C9:$CT9,KPC_35_S_Su!$C$1:$CT$1,'KPC_35_S_Su, 24h'!H$1) -> -0.61540535 | I9: =AVERAGEIFS(KPC_35_S_Su!$C9:$CT9,KPC_35_S_Su!$C$1:$CT$1,'KPC_35_S_Su, 24h'!I$1) -> -0.64873922 | J9: =AVERAGEIFS(KPC_35_S_Su!$C9:$CT9,KPC_35_S_Su!$C$1:$CT$1,'KPC_35_S_Su, 24h'!J$1) -> -0.51498715 | ... Z9: =AVERAGEIFS(KPC_35_S_Su!$C9:$CT9,KPC_35_S_Su!$C$1:$CT$1,'KPC_35_S_Su, 24h'!Z$1) -> -0.5828493
A10: 5 | B10: P | C10: =AVERAGEIFS(KPC_35_S_Su!$C10:$CT10,KPC_35_S_Su!$C$1:$CT$1,'KPC_35_S_Su, 24h'!C$1) -> 2.8465289 | D10: =AVERAGEIFS(KPC_35_S_Su!$C10:$CT10,KPC_35_S_Su!$C$1:$CT$1,'KPC_35_S_Su, 24h'!D$1) -> 2.5348756 | E10: =AVERAGEIFS(KPC_35_S_Su!$C10:$CT10,KPC_35_S_Su!$C$1:$CT$1,'KPC_35_S_Su, 24h'!E$1) -> 2.3877998 | F10: =AVERAGEIFS(KPC_35_S_Su!$C10:$CT10,KPC_35_S_Su!$C$1:$CT$1,'KPC_35_S_Su, 24h'!F$1) -> 2.3344778 | G10: =AVERAGEIFS(KPC_35_S_Su!$C10:$CT10,KPC_35_S_Su!$C$1:$CT$1,'KPC_35_S_Su, 24h'!G$1) -> 2.2579016 | H10: =AVERAGEIFS(KPC_35_S_Su!$C10:$CT10,KPC_35_S_Su!$C$1:$CT$1,'KPC_35_S_Su, 24h'!H$1) -> 2.4030548 | I10: =AVERAGEIFS(KPC_35_S_Su!$C10:$CT10,KPC_35_S_Su!$C$1:$CT$1,'KPC_35_S_Su, 24h'!I$1) -> 2.3276038 | J10: =AVERAGEIFS(KPC_35_S_Su!$C10:$CT10,KPC_35_S_Su!$C$1:$CT$1,'KPC_35_S_Su, 24h'!J$1) -> 2.8181016 | ... Z10: =AVERAGEIFS(KPC_35_S_Su!$C10:$CT10,KPC_35_S_Su!$C$1:$CT$1,'KPC_35_S_Su, 24h'!Z$1) -> 3.5649356
A11: 5 | B11: Q | C11: =AVERAGEIFS(KPC_35_S_Su!$C11:$CT11,KPC_35_S_Su!$C$1:$CT$1,'KPC_35_S_Su, 24h'!C$1) -> -0.69430997 | D11: =AVERAGEIFS(KPC_35_S_Su!$C11:$CT11,KPC_35_S_Su!$C$1:$CT$1,'KPC_35_S_Su, 24h'!D$1) -> -0.74021187 | E11: =AVERAGEIFS(KPC_35_S_Su!$C11:$CT11,KPC_35_S_Su!$C$1:$CT$1,'KPC_35_S_Su, 24h'!E$1) -> -0.75656143 | F11: =AVERAGEIFS(KPC_35_S_Su!$C11:$CT11,KPC_35_S_Su!$C$1:$CT$1,'KPC_35_S_Su, 24h'!F$1) -> -0.77338407 | G11: =AVERAGEIFS(KPC_35_S_Su!$C11:$CT11,KPC_35_S_Su!$C$1:$CT$1,'KPC_35_S_Su, 24h'!G$1) -> -0.80901065 | H11: =AVERAGEIFS(KPC_35_S_Su!$C11:$CT11,KPC_35_S_Su!$C$1:$CT$1,'KPC_35_S_Su, 24h'!H$1) -> -0.68972785 | I11: =AVERAGEIFS(KPC_35_S_Su!$C11:$CT11,KPC_35_S_Su!$C$1:$CT$1,'KPC_35_S_Su, 24h'!I$1) -> -0.83152598 | J11: =AVERAGEIFS(KPC_35_S_Su!$C11:$CT11,KPC_35_S_Su!$C$1:$CT$1,'KPC_35_S_Su, 24h'!J$1) -> -0.75048543 | ... Z11: =AVERAGEIFS(KPC_35_S_Su!$C11:$CT11,KPC_35_S_Su!$C$1:$CT$1,'KPC_35_S_Su, 24h'!Z$1) -> -0.53249575
A12: 6 | B12: P | C12: =AVERAGEIFS(KPC_35_S_Su!$C12:$CT12,KPC_35_S_Su!$C$1:$CT$1,'KPC_35_S_Su, 24h'!C$1) -> 4.2605139 | D12: =AVERAGEIFS(KPC_35_S_Su!$C12:$CT12,KPC_35_S_Su!$C$1:$CT$1,'KPC_35_S_Su, 24h'!D$1) -> 4.1652777 | E12: =AVERAGEIFS(KPC_35_S_Su!$C12:$CT12,KPC_35_S_Su!$C$1:$CT$1,'KPC_35_S_Su, 24h'!E$1) -> 3.9749582 | F12: =AVERAGEIFS(KPC_35_S_Su!$C12:$CT12,KPC_35_S_Su!$C$1:$CT$1,'KPC_35_S_Su, 24h'!F$1) -> 4.071036 | G12: =AVERAGEIFS(KPC_35_S_Su!$C12:$CT12,KPC_35_S_Su!$C$1:$CT$1,'KPC_35_S_Su, 24h'!G$1) -> 4.0321446 | H12: =AVERAGEIFS(KPC_35_S_Su!$C12:$CT12,KPC_35_S_Su!$C$1:$CT$1,'KPC_35_S_Su, 24h'!H$1) -> 4.1705723 | I12: =AVERAGEIFS(KPC_35_S_Su!$C12:$CT12,KPC_35_S_Su!$C$1:$CT$1,'KPC_35_S_Su, 24h'!I$1) -> 3.9618749 | J12: =AVERAGEIFS(KPC_35_S_Su!$C12:$CT12,KPC_35_S_Su!$C$1:$CT$1,'KPC_35_S_Su, 24h'!J$1) -> 4.2177999 | ... Z12: =AVERAGEIFS(KPC_35_S_Su!$C12:$CT12,KPC_35_S_Su!$C$1:$CT$1,'KPC_35_S_Su, 24h'!Z$1) -> 4.7500028
A13: 6 | B13: Q | C13: =AVERAGEIFS(KPC_35_S_Su!$C13:$CT13,KPC_35_S_Su!$C$1:$CT$1,'KPC_35_S_Su, 24h'!C$1) -> 0.27561707 | D13: =AVERAGEIFS(KPC_35_S_Su!$C13:$CT13,KPC_35_S_Su!$C$1:$CT$1,'KPC_35_S_Su, 24h'!D$1) -> 0.34541007 | E13: =AVERAGEIFS(KPC_35_S_Su!$C13:$CT13,KPC_35_S_Su!$C$1:$CT$1,'KPC_35_S_Su, 24h'!E$1) -> 0.2702743 | F13: =AVERAGEIFS(KPC_35_S_Su!$C13:$CT13,KPC_35_S_Su!$C$1:$CT$1,'KPC_35_S_Su, 24h'!F$1) -> 0.2938792 | G13: =AVERAGEIFS(KPC_35_S_Su!$C13:$CT13,KPC_35_S_Su!$C$1:$CT$1,'KPC_35_S_Su, 24h'!G$1) -> 0.2542706 | H13: =AVERAGEIFS(KPC_35_S_Su!$C13:$CT13,KPC_35_S_Su!$C$1:$CT$1,'KPC_35_S_Su, 24h'!H$1) -> 0.24900512 | I13: =AVERAGEIFS(KPC_35_S_Su!$C13:$CT13,KPC_35_S_Su!$C$1:$CT$1,'KPC_35_S_Su, 24h'!I$1) -> 0.15832642 | J13: =AVERAGEIFS(KPC_35_S_Su!$C13:$CT13,KPC_35_S_Su!$C$1:$CT$1,'KPC_35_S_Su, 24h'!J$1) -> 0.24227965 | ... Z13: =AVERAGEIFS(KPC_35_S_Su!$C13:$CT13,KPC_35_S_Su!$C$1:$CT$1,'KPC_35_S_Su, 24h'!Z$1) -> 0.44693603
... A29: 14 | B29: Q | C29: =AVERAGEIFS(KPC_35_S_Su!$C29:$CT29,KPC_35_S_Su!$C$1:$CT$1,'KPC_35_S_Su, 24h'!C$1) -> 0.1959292 | D29: =AVERAGEIFS(KPC_35_S_Su!$C29:$CT29,KPC_35_S_Su!$C$1:$CT$1,'KPC_35_S_Su, 24h'!D$1) -> 0.20019407 | E29: =AVERAGEIFS(KPC_35_S_Su!$C29:$CT29,KPC_35_S_Su!$C$1:$CT$1,'KPC_35_S_Su, 24h'!E$1) -> 0.21433423 | F29: =AVERAGEIFS(KPC_35_S_Su!$C29:$CT29,KPC_35_S_Su!$C$1:$CT$1,'KPC_35_S_Su, 24h'!F$1) -> 0.21072443 | G29: =AVERAGEIFS(KPC_35_S_Su!$C29:$CT29,KPC_35_S_Su!$C$1:$CT$1,'KPC_35_S_Su, 24h'!G$1) -> 0.2158672 | H29: =AVERAGEIFS(KPC_35_S_Su!$C29:$CT29,KPC_35_S_Su!$C$1:$CT$1,'KPC_35_S_Su, 24h'!H$1) -> 0.19863948 | I29: =AVERAGEIFS(KPC_35_S_Su!$C29:$CT29,KPC_35_S_Su!$C$1:$CT$1,'KPC_35_S_Su, 24h'!I$1) -> 0.1976284 | J29: =AVERAGEIFS(KPC_35_S_Su!$C29:$CT29,KPC_35_S_Su!$C$1:$CT$1,'KPC_35_S_Su, 24h'!J$1) -> 0.1904804 | ... Z29: =AVERAGEIFS(KPC_35_S_Su!$C29:$CT29,KPC_35_S_Su!$C$1:$CT$1,'KPC_35_S_Su, 24h'!Z$1) -> 0.1964089
