Workbook

Sheet KPC_35_A_Bd
A1: LoadID | B1: Type | C1: 0 | D1: 0 | E1: 0 | F1: 0 | G1: =C1+1 -> 1 | H1: =D1+1 -> 1 | I1: =E1+1 -> 1 | J1: =F1+1 -> 1 | K1: =G1+1 -> 2 | L1: =H1+1 -> 2 | M1: =I1+1 -> 2 | N1: =J1+1 -> 2 | ... CS1: =CO1+1 -> 23
A2: 1 | B2: P | C2: 3.0879951 | D2: 3.1630495 | E2: 3.0959787 | F2: 3.1096873 | G2: 3.029582 | H2: 3.1307855 | I2: 3.1071026 | J2: 3.1655488 | K2: 3.1784556 | L2: 3.2206676 | M2: 3.141113 | N2: 3.0823851 | O2: 3.2433012 | P2: 3.1157198 | Q2: 3.060497 | R2: 2.9856904 | S2: 3.0060577 | T2: 3.1417453 | U2: 3.2746551 | V2: 3.1172125 | W2: 3.1301823 | X2: 3.0801835 | Y2: 3.1817188 | Z2: 3.4239287 | AA2: 3.3346324 | AB2: 3.4452629 | AC2: 3.4904041 | AD2: 3.7412624 | AE2: 4.3301616 | AF2: 4.6456542 | AG2: 5.1586952 | AH2: 5.4049821 | AI2: 5.3534274 | AJ2: 5.1277275 | AK2: 5.1426692 | AL2: 5.2390804 | AM2: 5.229331 | AN2: 5.2603736 | AO2: 5.2182713 | AP2: 4.9632335 | AQ2: 5.1120863 | AR2: 5.2491512 | AS2: 5.4352069 | AT2: 5.4304519 | AU2: 5.3950453 | AV2: 5.7939134 | AW2: 5.9503493 | AX2: 5.6382179 | AY2: 5.4649692 | AZ2: 5.4703693 | BA2: 5.3135209 | BB2: 5.3679132 | BC2: 5.3302097 | BD2: 5.273982 | BE2: 5.4340043 | BF2: 5.3455892 | BG2: 5.0404878 | BH2: 4.6539698 | BI2: 4.3128605 | BJ2: 4.5576191 | BK2: 4.8344378 | BL2: 4.8578758 | BM2: 4.7784319 | BN2: 5.0008712 | BO2: 5.0944166 | BP2: 5.0392857 | BQ2: 4.8903146 | BR2: 4.9523854 | BS2: 4.8915186 | BT2: 4.8480685 | BU2: 4.8099454 | BV2: 4.7718223 | BW2: 4.7336993 | BX2: 4.6955763 | BY2: 4.8148618 | BZ2: 4.7096682 | CA2: 4.7720404 | CB2: 4.6906886 | CC2: 4.6318827 | CD2: 4.5112491 | CE2: 4.4835086 | CF2: 4.3789124 | CG2: 4.2946191 | CH2: 4.3094034 | CI2: 3.9733968 | CJ2: 3.8075683 | CK2: 3.9783509 | CL2: 4.1510315 | CM2: 3.996995 | CN2: 4.0332623 | CO2: 4.0425844 | CP2: 4.0436541 | CQ2: 4.0447239 | CR2: 4.0457937 | CS2: 4.0468634
A3: 1 | B3: Q | C3: 0.0777751 | D3: 0.020874 | E3: 0.0478943 | F3: 0.0273682 | G3: 0.0300354 | H3: 0.0672607 | I3: 0.0437581 | J3: 0.0538859 | K3: 0.0163127 | L3: 0.0026672 | M3: -0.0327026 | N3: 0.0132202 | O3: 0.082491 | P3: 0.0212219 | Q3: -0.0070353 | R3: 0.0077698 | S3: -0.0068034 | T3: 0.0657918 | U3: 0.0771179 | V3: -0.0144958 | W3: -0.0041748 | X3: -0.0005798 | Y3: 0.066449 | Z3: 0.1552409 | AA3: 0.082839 | AB3: -0.0146118 | AC3: 0.0351766 | AD3: 0.0284892 | AE3: 0.2344861 | AF3: 0.3691242 | AG3: 0.6324967 | AH3: 0.7342397 | AI3: 0.7467254 | AJ3: 0.64394 | AK3: 0.6050912 | AL3: 0.6566564 | AM3: 0.6025786 | AN3: 0.5060939 | AO3: 0.4937229 | AP3: 0.3330196 | AQ3: 0.5276612 | AR3: 0.6038901 | AS3: 0.7397674 | AT3: 0.7301422 | AU3: 0.7146413 | AV3: 0.571267 | AW3: 0.6536815 | AX3: 0.5696045 | AY3: 0.667829 | AZ3: 0.8491241 | BA3: 0.7315338 | BB3: 0.7114329 | BC3: 0.7529877 | BD3: 0.7084564 | BE3: 0.4102176 | BF3: 0.24527 | BG3: 0.18172 | BH3: 0.2214966 | BI3: 0.2281841 | BJ3: 0.2874817 | BK3: 0.3518061 | BL3: 0.3185609 | BM3: 0.3185998 | BN3: 0.3686604 | BO3: 0.3601184 | BP3: 0.3096702 | BQ3: 0.2651388 | BR3: 0.3567936 | BS3: 0.3681535 | BT3: 0.3917152 | BU3: 0.41842567 | BV3: 0.44513614 | BW3: 0.47184661 | BX3: 0.49855708 | BY3: 0.3977693 | BZ3: 0.347901 | CA3: 0.301591 | CB3: 0.2530782 | CC3: 0.2665304 | CD3: 0.2724833 | CE3: 0.2802144 | CF3: 0.2883708 | CG3: 0.2539287 | CH3: 0.2334798 | CI3: 0.1297669 | CJ3: 0.0834961 | CK3: 0.2020528 | CL3: 0.2437237 | CM3: 0.1401265 | CN3: 0.1617737 | CO3: 0.13081055 | CP3: 0.1083671 | CQ3: 0.08592365 | CR3: 0.0634802 | CS3: 0.04103675
A4: 2 | B4: P | C4: 0.9680755 | D4: 0.9249762 | E4: 0.9083623 | F4: 0.8953294 | G4: 0.862517 | H4: 0.873647 | I4: 0.860384 | J4: 0.8542363 | K4: 0.8460318 | L4: 0.8186157 | M4: 0.8359495 | N4: 0.8270091 | O4: 0.8131773 | P4: 0.8236239 | Q4: 0.836573 | R4: 0.8297445 | S4: 0.8710057 | T4: 0.879386 | U4: 0.876717 | V4: 0.9032511 | W4: 0.9282918 | X4: 0.9911336 | Y4: 1.0668552 | Z4: 1.2029611 | AA4: 1.3656601 | AB4: 1.3815095 | AC4: 1.4336866 | AD4: 1.5571522 | AE4: 1.7367944 | AF4: 1.8860489 | AG4: 2.087553 | AH4: 2.137537 | AI4: 2.2788141 | AJ4: 2.2432914 | AK4: 2.2754748 | AL4: 2.2357082 | AM4: 2.2465286 | AN4: 2.3102205 | AO4: 2.2293403 | AP4: 1.8981113 | AQ4: 1.8888416 | AR4: 1.9544566 | AS4: 1.9649637 | AT4: 1.9248834 | AU4: 2.0571909 | AV4: 2.1163251 | AW4: 2.0962405 | AX4: 2.0666952 | AY4: 2.1015787 | AZ4: 2.1154051 | BA4: 2.0819192 | BB4: 2.1175282 | BC4: 2.0702248 | BD4: 2.0534108 | BE4: 1.976735 | BF4: 2.0205858 | BG4: 2.0298059 | BH4: 1.8234285 | BI4: 1.7872236 | BJ4: 1.8214152 | BK4: 1.7802014 | BL4: 1.7545953 | BM4: 1.7346981 | BN4: 1.8285207 | BO4: 1.9379328 | BP4: 2.0187562 | BQ4: 2.130583 | BR4: 2.2596495 | BS4: 2.285717 | BT4: 2.3892736 | BU4: 2.4405317 | BV4: 2.5271435 | BW4: 2.5269122 | BX4: 2.4631991 | BY4: 2.4311061 | BZ4: 2.3548412 | CA4: 2.3108709 | CB4: 2.3013813 | CC4: 2.2963347 | CD4: 2.2940238 | CE4: 2.2505116 | CF4: 2.1793056 | CG4: 2.1616056 | CH4: 2.0496223 | CI4: 1.9946066 | CJ4: 1.9789925 | CK4: 1.971663 | CL4: 1.9128852 | CM4: 1.7661517 | CN4: 1.6067224 | CO4: 1.5098189 | CP4: 1.5361387 | CQ4: 1.5489845 | CR4: 1.5219882 | CS4: 1.4534234
A5: 2 | B5: Q | C5: -0.3020219 | D5: -0.3114112 | E5: -0.3042763 | F5: -0.3186046 | G5: -0.3189496 | H5: -0.3249606 | I5: -0.3280379 | J5: -0.3333253 | K5: -0.3149396 | L5: -0.3255037 | M5: -0.3287298 | N5: -0.328595 | O5: -0.3303511 | P5: -0.3384871 | Q5: -0.3246052 | R5: -0.3367897 | S5: -0.306398 | T5: -0.3172109 | U5: -0.310773 | V5: -0.3067103 | W5: -0.3141467 | X5: -0.2888854 | Y5: -0.2601007 | Z5: -0.2319777 | AA5: -0.2048432 | AB5: -0.1579924 | AC5: -0.1071659 | AD5: -0.0508399 | AE5: -0.0014433 | AF5: 0.0679013 | AG5: 0.1211045 | AH5: 0.1433346 | AI5: 0.1473173 | AJ5: 0.1413774 | AK5: 0.1424601 | AL5: 0.140782 | AM5: 0.1372921 | AN5: 0.2006353 | AO5: 0.1964687 | AP5: 0.1073373 | AQ5: 0.0780752 | AR5: 0.0743131 | AS5: 0.0427095 | AT5: 0.0128731 | AU5: 0.096482 | AV5: 0.1401089 | AW5: 0.1295612 | AX5: 0.1120705 | AY5: 0.1018918 | AZ5: 0.1255396 | BA5: 0.0925715 | BB5: 0.1170692 | BC5: 0.074292 | BD5: 0.1065 | BE5: 0.0489806 | BF5: 0.1038554 | BG5: 0.0735045 | BH5: 0.0487363 | BI5: 0.0601062 | BJ5: 0.0444805 | BK5: 0.0524651 | BL5: 0.0021391 | BM5: 0.0043662 | BN5: -0.030899 | BO5: 0.0098642 | BP5: 0.0398355 | BQ5: 0.0787128 | BR5: 0.1141915 | BS5: 0.1076296 | BT5: 0.1725628 | BU5: 0.1916099 | BV5: 0.1614477 | BW5: 0.1365927 | BX5: 0.1173842 | BY5: 0.0827596 | BZ5: 0.0458656 | CA5: -0.0071516 | CB5: 0.0485797 | CC5: 0.0107347 | CD5: -0.0061463 | CE5: -0.0289135 | CF5: -0.0411248 | CG5: -0.0600698 | CH5: -0.1016499 | CI5: -0.0821909 | CJ5: -0.0862325 | CK5: -0.1026682 | CL5: -0.1375623 | CM5: -0.1313616 | CN5: -0.1647782 | CO5: -0.188568 | CP5: -0.1449821 | CQ5: -0.1759731 | CR5: -0.1831111 | CS5: -0.1999735
A6: 3 | B6: P | C6: 3.0707579 | D6: 3.0459888 | E6: 2.9614334 | F6: 2.9317977 | G6: 2.8461332 | H6: 2.8539445 | I6: 2.8646212 | J6: 2.8683434 | K6: 2.8633666 | L6: 2.8445632 | M6: 2.8751545 | N6: 2.8564844 | O6: 2.843689 | P6: 2.8140099 | Q6: 2.7891066 | R6: 2.8017278 | S6: 2.9403622 | T6: 3.08371 | U6: 3.0459645 | V6: 3.10957 | W6: 3.1316423 | X6: 3.1951833 | Y6: 3.2861266 | Z6: 3.6843445 | AA6: 4.365622 | AB6: 4.7187333 | AC6: 5.4068999 | AD6: 5.5270443 | AE6: 6.3023 | AF6: 6.4207001 | AG6: 6.3797112 | AH6: 6.5315557 | AI6: 6.6159444 | AJ6: 6.5129776 | AK6: 6.3115335 | AL6: 6.0019445 | AM6: 5.784822 | AN6: 5.9928555 | AO6: 6.2635779 | AP6: 5.8943667 | AQ6: 5.9105334 | AR6: 6.0882001 | AS6: 6.0432777 | AT6: 6.0001111 | AU6: 6.101789 | AV6: 6.2187223 | AW6: 6.3441443 | AX6: 6.266922 | AY6: 6.3924112 | AZ6: 6.3950109 | BA6: 6.3640223 | BB6: 6.2574224 | BC6: 6.2838998 | BD6: 5.8547111 | BE6: 5.4125443 | BF6: 5.2433109 | BG6: 5.0219111 | BH6: 5.2631664 | BI6: 5.191411 | BJ6: 4.9375777 | BK6: 5.0225554 | BL6: 5.0307889 | BM6: 5.1062002 | BN6: 5.227211 | BO6: 5.2487335 | BP6: 5.3674889 | BQ6: 5.4493332 | BR6: 5.8822331 | BS6: 5.9551888 | BT6: 6.1292443 | BU6: 5.9267888 | BV6: 5.6637669 | BW6: 5.717989 | BX6: 5.5634665 | BY6: 5.5912113 | BZ6: 5.6700335 | CA6: 5.7128668 | CB6: 5.7957001 | CC6: 5.8301444 | CD6: 5.624589 | CE6: 5.6327224 | CF6: 5.4268332 | CG6: 5.4601555 | CH6: 5.3649554 | CI6: 5.2021222 | CJ6: 5.1034002 | CK6: 4.9584332 | CL6: 4.7452779 | CM6: 4.4233446 | CN6: 4.2601776 | CO6: 4.1048222 | CP6: 3.8126779 | CQ6: 3.7518535 | CR6: 3.6325889 | CS6: 3.4834623
A7: 3 | B7: Q | C7: -0.43273 | D7: -0.4321522 | E7: -0.4244122 | F7: -0.4139578 | G7: -0.43079 | H7: -0.4723056 | I7: -0.4709422 | J7: -0.4569689 | K7: -0.4308944 | L7: -0.4658844 | M7: -0.4596811 | N7: -0.4768422 | O7: -0.4683478 | P7: -0.4652978 | Q7: -0.4853033 | R7: -0.4631267 | S7: -0.424692 | T7: -0.4260044 | U7: -0.4513978 | V7: -0.4516433 | W7: -0.4415667 | X7: -0.4483497 | Y7: -0.4585356 | Z7: -0.3523436 | AA7: -0.2501389 | AB7: -0.1499872 | AC7: 0.0609761 | AD7: 0.0837834 | AE7: 0.4304231 | AF7: 0.4774053 | AG7: 0.4497529 | AH7: 0.4845567 | AI7: 0.5203106 | AJ7: 0.4810996 | AK7: 0.4542348 | AL7: 0.3947057 | AM7: 0.2721927 | AN7: 0.3828702 | AO7: 0.4184415 | AP7: 0.264102 | AQ7: 0.2722051 | AR7: 0.2769655 | AS7: 0.2719276 | AT7: 0.3596927 | AU7: 0.5224504 | AV7: 0.5505745 | AW7: 0.5498657 | AX7: 0.5063699 | AY7: 0.467135 | AZ7: 0.5099779 | BA7: 0.5044259 | BB7: 0.471299 | BC7: 0.4810438 | BD7: 0.3635086 | BE7: 0.1449225 | BF7: 0.0610588 | BG7: -0.0468609 | BH7: 0.0307367 | BI7: -0.0508854 | BJ7: -0.0875091 | BK7: -0.0090474 | BL7: -0.0225919 | BM7: -0.0492109 | BN7: 0.0088734 | BO7: 0.1474013 | BP7: 0.1782614 | BQ7: 0.2313201 | BR7: 0.1613071 | BS7: 0.1231551 | BT7: 0.1703803 | BU7: 0.042695 | BV7: -0.0278327 | BW7: 0.0037239 | BX7: -0.0938897 | BY7: -0.114459 | BZ7: -0.0124526 | CA7: -0.0260526 | CB7: 0.0175488 | CC7: 0.008695 | CD7: 0.0087569 | CE7: -0.0164053 | CF7: -0.1088021 | CG7: -0.0948764 | CH7: -0.1441645 | CI7: -0.1848698 | CJ7: -0.1961263 | CK7: -0.2155108 | CL7: -0.248591 | CM7: -0.3566058 | CN7: -0.3897156 | CO7: -0.4263589 | CP7: -0.4210727 | CQ7: -0.4300491 | CR7: -0.4314271 | CS7: -0.4380355
A8: 4 | B8: P | C8: 0.1515684 | D8: 0.1047586 | E8: 0.0872891 | F8: 0.0964412 | G8: 0.0991857 | H8: 0.1393302 | I8: 0.119738 | J8: 0.0878002 | K8: 0.0662422 | L8: 0.0183896 | M8: -0.0072138 | N8: 0.0349108 | O8: 0.0351716 | P8: 0.0698733 | Q8: -0.1341997 | R8: -0.12582 | S8: -0.0834104 | T8: -0.0651242 | U8: -0.0629458 | V8: 0.1225594 | W8: 0.1817792 | X8: 0.1568361 | Y8: 0.2515329 | Z8: 0.3207738 | AA8: 0.4899071 | AB8: 0.5067441 | AC8: 0.5337743 | AD8: 0.6165447 | AE8: 0.7553712 | AF8: 0.8241824 | AG8: 0.8860835 | AH8: 0.9646568 | AI8: 0.9270753 | AJ8: 0.84163 | AK8: 0.924591 | AL8: 0.8600802 | AM8: 0.8831995 | AN8: 0.782856 | AO8: 0.7087164 | AP8: 0.7202351 | AQ8: 0.7396394 | AR8: 0.8243794 | AS8: 0.7985932 | AT8: 0.5968966 | AU8: 0.5892724 | AV8: 0.6431776 | AW8: 0.7343066 | AX8: 0.7565804 | AY8: 0.7015254 | AZ8: 0.7536155 | BA8: 0.744697 | BB8: 0.7379352 | BC8: 0.7633226 | BD8: 0.7098573 | BE8: 0.6927322 | BF8: 0.6513261 | BG8: 0.6464817 | BH8: 0.585017 | BI8: 0.5630774 | BJ8: 0.5714846 | BK8: 0.6134121 | BL8: 0.6129633 | BM8: 0.5454679 | BN8: 0.5705802 | BO8: 0.6395367 | BP8: 0.7858854 | BQ8: 0.9133677 | BR8: 1.1810149 | BS8: 1.298831 | BT8: 1.3484977 | BU8: 1.3099189 | BV8: 1.3190174 | BW8: 1.2675333 | BX8: 1.1552526 | BY8: 1.1213111 | BZ8: 1.1064445 | CA8: 1.1296587 | CB8: 1.1129196 | CC8: 1.0750319 | CD8: 1.0699941 | CE8: 0.982103 | CF8: 0.8978673 | CG8: 0.8963959 | CH8: 0.7956605 | CI8: 0.8174146 | CJ8: 0.7531505 | CK8: 0.684169 | CL8: 0.5064864 | CM8: 0.4467569 | CN8: 0.4384151 | CO8: 0.4167558 | CP8: 0.3477895 | CQ8: 0.3687599 | CR8: 0.2781167 | CS8: 0.2410081
A9: 4 | B9: Q | C9: -0.6203043 | D9: -0.6316956 | E9: -0.6367287 | F9: -0.6327242 | G9: -0.6323253 | H9: -0.6319597 | I9: -0.6401866 | J9: -0.6401705 | K9: -0.6450725 | L9: -0.6595516 | M9: -0.659701 | N9: -0.6274996 | O9: -0.6366408 | P9: -0.6674478 | Q9: -0.6817147 | R9: -0.6734248 | S9: -0.6155342 | T9: -0.6128393 | U9: -0.6119946 | V9: -0.5923194 | W9: -0.6017336 | X9: -0.6138157 | Y9: -0.5839744 | Z9: -0.5400087 | AA9: -0.5036558 | AB9: -0.5495993 | AC9: -0.5333499 | AD9: -0.4756466 | AE9: -0.4448415 | AF9: -0.3913509 | AG9: -0.3522169 | AH9: -0.3194722 | AI9: -0.3839435 | AJ9: -0.3929887 | AK9: -0.3822282 | AL9: -0.3922979 | AM9: -0.4172741 | AN9: -0.4129465 | AO9: -0.4071402 | AP9: -0.4124548 | AQ9: -0.4258555 | AR9: -0.4191964 | AS9: -0.438149 | AT9: -0.5095189 | AU9: -0.4837407 | AV9: -0.4866144 | AW9: -0.4951997 | AX9: -0.4680513 | AY9: -0.4862715 | AZ9: -0.4892204 | BA9: -0.4841546 | BB9: -0.4592596 | BC9: -0.4752559 | BD9: -0.4770963 | BE9: -0.4449244 | BF9: -0.4722317 | BG9: -0.5146529 | BH9: -0.4909687 | BI9: -0.4959957 | BJ9: -0.5207831 | BK9: -0.52841 | BL9: -0.5353567 | BM9: -0.5411679 | BN9: -0.5418385 | BO9: -0.510453 | BP9: -0.4681834 | BQ9: -0.3842419 | BR9: -0.2608094 | BS9: -0.2333576 | BT9: -0.2421937 | BU9: -0.2763827 | BV9: -0.2469419 | BW9: -0.2925956 | BX9: -0.3357718 | BY9: -0.3417495 | BZ9: -0.3646244 | CA9: -0.4001273 | CB9: -0.4241026 | CC9: -0.4355456 | CD9: -0.4557295 | CE9: -0.4986894 | CF9: -0.5004722 | CG9: -0.5008789 | CH9: -0.4968094 | CI9: -0.5118158 | CJ9: -0.5078022 | CK9: -0.5299428 | CL9: -0.562742 | CM9: -0.5705989 | CN9: -0.5766612 | CO9: -0.5851064 | CP9: -0.5741934 | CQ9: -0.5536951 | CR9: -0.5869033 | CS9: -0.568784
A10: 5 | B10: P | C10: 2.8648007 | D10: 2.7456501 | E10: 2.7262552 | F10: 2.6282134 | G10: 2.575114 | H10: 2.533545 | I10: 2.5003726 | J10: 2.4781985 | K10: 2.4697428 | L10: 2.4953463 | M10: 2.4470353 | N10: 2.4368639 | O10: 2.3965952 | P10: 2.4022131 | Q10: 2.4111416 | R10: 2.4086583 | S10: 2.556251 | T10: 2.5620463 | U10: 2.6134329 | V10: 2.6186945 | W10: 2.7105267 | X10: 2.7957942 | Y10: 3.0109146 | Z10: 3.2096572 | AA10: 3.5034831 | AB10: 3.4149029 | AC10: 3.5328715 | AD10: 3.7525456 | AE10: 3.880507 | AF10: 4.0141454 | AG10: 4.1982217 | AH10: 4.2881613 | AI10: 4.3188505 | AJ10: 4.343627 | AK10: 4.4326196 | AL10: 4.3686404 | AM10: 4.3448691 | AN10: 4.3901043 | AO10: 4.3692307 | AP10: 4.3042445 | AQ10: 4.2894616 | AR10: 4.2598963 | AS10: 4.2653365 | AT10: 4.355454 | AU10: 4.3556314 | AV10: 4.3569312 | AW10: 4.4390063 | AX10: 4.4467521 | AY10: 4.4057746 | AZ10: 4.4186063 | BA10: 4.3580546 | BB10: 4.3904004 | BC10: 4.3202701 | BD10: 4.1702518 | BE10: 4.1392674 | BF10: 4.1622696 | BG10: 4.1962113 | BH10: 4.1832619 | BI10: 4.1522765 | BJ10: 4.1191626 | BK10: 4.1853309 | BL10: 4.2367172 | BM10: 4.263267 | BN10: 4.2516184 | BO10: 4.2825446 | BP10: 4.4540849 | BQ10: 4.5081911 | BR10: 4.8348942 | BS10: 5.1720037 | BT10: 5.3476248 | BU10: 5.4736352 | BV10: 5.4679585 | BW10: 5.5492048 | BX10: 5.4928527 | BY10: 5.3423042 | BZ10: 5.3285847 | CA10: 5.418879 | CB10: 5.387362 | CC10: 5.3188272 | CD10: 5.2944655 | CE10: 5.1435614 | CF10: 4.9941359 | CG10: 4.8355446 | CH10: 4.7586141 | CI10: 4.7257953 | CJ10: 4.6155734 | CK10: 4.4441509 | CL10: 4.2332277 | CM10: 4.1426392 | CN10: 4.0356097 | CO10: 3.9446645 | CP10: 3.7501819 | CQ10: 3.6338093 | CR10: 3.4849744 | CS10: 3.2958715
A11: 5 | B11: Q | C11: -0.6246828 | D11: -0.6641238 | E11: -0.6569097 | F11: -0.6810349 | G11: -0.6855288 | H11: -0.7165138 | I11: -0.7108961 | J11: -0.72154 | K11: -0.7162775 | L11: -0.6919742 | M11: -0.6866522 | N11: -0.6980056 | O11: -0.6985376 | P11: -0.7197073 | Q11: -0.7314741 | R11: -0.722486 | S11: -0.5932242 | T11: -0.6295899 | U11: -0.6310688 | V11: -0.6207799 | W11: -0.6226126 | X11: -0.6046368 | Y11: -0.5652551 | Z11: -0.5438493 | AA11: -0.482116 | AB11: -0.5964177 | AC11: -0.5960623 | AD11: -0.5315498 | AE11: -0.4768533 | AF11: -0.4190816 | AG11: -0.3022368 | AH11: -0.2080403 | AI11: -0.1341848 | AJ11: -0.1204665 | AK11: -0.09433 | AL11: -0.0788965 | AM11: -0.0832722 | AN11: -0.0344295 | AO11: -0.089304 | AP11: -0.1005978 | AQ11: -0.1176875 | AR11: -0.0739296 | AS11: -0.0803753 | AT11: -0.0922611 | AU11: -0.1291588 | AV11: -0.1731526 | AW11: -0.1275029 | AX11: -0.1044417 | AY11: -0.1202295 | AZ11: -0.1440002 | BA11: -0.1533429 | BB11: -0.1169772 | BC11: -0.1228312 | BD11: -0.158488 | BE11: -0.1597893 | BF11: -0.1758136 | BG11: -0.1947361 | BH11: -0.1862796 | BI11: -0.2307466 | BJ11: -0.3120533 | BK11: -0.2927171 | BL11: -0.2816006 | BM11: -0.2505557 | BN11: -0.2758056 | BO11: -0.2996949 | BP11: -0.2583616 | BQ11: -0.2794717 | BR11: -0.1191061 | BS11: -0.0941525 | BT11: -0.0757039 | BU11: -0.0762358 | BV11: -0.077655 | BW11: -0.0395745 | BX11: -0.0542391 | BY11: -0.1039688 | BZ11: -0.1334757 | CA11: -0.1371419 | CB11: -0.1619768 | CC11: -0.1909506 | CD11: -0.2141305 | CE11: -0.2499642 | CF11: -0.2750361 | CG11: -0.3119351 | CH11: -0.3200362 | CI11: -0.3377159 | CJ11: -0.3478868 | CK11: -0.3779252 | CL11: -0.3969658 | CM11: -0.3911714 | CN11: -0.3820057 | CO11: -0.398563 | CP11: -0.4193776 | CQ11: -0.4226298 | CR11: -0.4591134 | CS11: -0.5108535
A12: 6 | B12: P | C12: 5.1089778 | D12: 5.1015668 | E12: 5.0042224 | F12: 5.0123444 | G12: 4.838789 | H12: 4.9151888 | I12: 5.0218334 | J12: 4.9250331 | K12: 4.7710443 | L12: 4.8238888 | M12: 4.9370446 | N12: 4.8258891 | O12: 4.7813778 | P12: 5.0589776 | Q12: 5.0038333 | R12: 4.8960114 | S12: 4.9428444 | T12: 5.0675778 | U12: 4.9124889 | V12: 4.959311 | W12: 5.1400666 | X12: 5.2052221 | Y12: 5.2773113 | Z12: 5.4320002 | AA12: 5.8095779 | AB12: 5.6712222 | AC12: 5.6469445 | AD12: 5.9626446 | AE12: 6.2927666 | AF12: 6.859911 | AG12: 6.9787889 | AH12: 7.1301222 | AI12: 7.1226001 | AJ12: 7.181911 | AK12: 7.1766887 | AL12: 7.0151668 | AM12: 7.1251998 | AN12: 6.9549665 | AO12: 6.9144669 | AP12: 7.217011 | AQ12: 7.3895111 | AR12: 7.0490446 | AS12: 6.8848443 | AT12: 6.9974666 | AU12: 6.9848776 | AV12: 7.0265889 | AW12: 7.2237444 | AX12: 7.345511 | AY12: 7.150311 | AZ12: 7.044178 | BA12: 7.016511 | BB12: 7.1448112 | BC12: 7.1602001 | BD12: 7.2259221 | BE12: 7.0897889 | BF12: 6.8949113 | BG12: 6.8030443 | BH12: 6.5356998 | BI12: 6.5444889 | BJ12: 6.5688109 | BK12: 6.5369668 | BL12: 6.8785892 | BM12: 6.9075112 | BN12: 6.9626555 | BO12: 6.8189335 | BP12: 7.0114555 | BQ12: 7.1211557 | BR12: 7.4463887 | BS12: 7.6504998 | BT12: 7.5557446 | BU12: 7.5379333 | BV12: 7.6617332 | BW12: 7.5155001 | BX12: 7.3201447 | BY12: 7.1869669 | BZ12: 6.9916224 | CA12: 7.2131667 | CB12: 7.4014778 | CC12: 7.2649446 | CD12: 7.2495112 | CE12: 7.2128668 | CF12: 6.8084779 | CG12: 6.9481335 | CH12: 6.8858113 | CI12: 6.6350222 | CJ12: 6.4492779 | CK12: 6.2375665 | CL12: 6.349822 | CM12: 5.990778 | CN12: 5.7217999 | CO12: 5.6281776 | CP12: 5.638689 | CQ12: 5.4739332 | CR12: 5.3209777 | CS12: 5.3967776
A13: 6 | B13: Q | C13: 0.7577511 | D13: 0.7452645 | E13: 0.6367756 | F13: 0.5713111 | G13: 0.5701489 | H13: 0.6817722 | I13: 0.7733311 | J13: 0.6061645 | K13: 0.5262656 | L13: 0.5792178 | M13: 0.7061967 | N13: 0.5884778 | O13: 0.5861378 | P13: 0.7250989 | Q13: 0.7442678 | R13: 0.7999378 | S13: 0.6738467 | T13: 0.7176811 | U13: 0.6586678 | V13: 0.6270567 | W13: 0.6334645 | X13: 0.6798411 | Y13: 0.7395611 | Z13: 0.6982067 | AA13: 0.7331578 | AB13: 0.7090244 | AC13: 0.7223756 | AD13: 0.7548922 | AE13: 0.9527522 | AF13: 1.1507878 | AG13: 1.2318711 | AH13: 1.3103977 | AI13: 1.3199478 | AJ13: 1.3860955 | AK13: 1.20032 | AL13: 1.3160489 | AM13: 1.3166977 | AN13: 1.2392844 | AO13: 1.2071934 | AP13: 1.2807811 | AQ13: 1.3569111 | AR13: 1.2287366 | AS13: 1.06376 | AT13: 1.1919934 | AU13: 1.2796088 | AV13: 1.3041844 | AW13: 1.4893644 | AX13: 1.38841 | AY13: 1.2120211 | AZ13: 1.2644023 | BA13: 1.2554011 | BB13: 1.3243889 | BC13: 1.3574544 | BD13: 1.3771023 | BE13: 1.2315278 | BF13: 1.1316266 | BG13: 1.1495689 | BH13: 1.0967745 | BI13: 1.0945066 | BJ13: 1.0704689 | BK13: 1.0586244 | BL13: 1.1875367 | BM13: 1.17909 | BN13: 1.2705899 | BO13: 1.1419489 | BP13: 1.1900533 | BQ13: 1.2901566 | BR13: 1.3707511 | BS13: 1.2840577 | BT13: 1.2567412 | BU13: 1.2475878 | BV13: 1.3509477 | BW13: 1.2478489 | BX13: 1.1185911 | BY13: 1.0952845 | BZ13: 1.0424389 | CA13: 1.1892378 | CB13: 1.1574711 | CC13: 1.10513 | CD13: 1.1644967 | CE13: 1.1766599 | CF13: 0.9478078 | CG13: 1.0331933 | CH13: 1.07122 | CI13: 0.9913033 | CJ13: 0.9480934 | CK13: 0.8209133 | CL13: 0.9465978 | CM13: 0.7895811 | CN13: 0.6419878 | CO13: 0.6004989 | CP13: 0.6994244 | CQ13: 0.6253922 | CR13: 0.5734645 | CS13: 0.6497545
... A29: 14 | B29: Q | C29: 0.0193095 | D29: 0.0288011 | E29: 0.0258251 | F29: 0.0237438 | G29: 0.0222026 | H29: 0.0249626 | I29: 0.0244737 | J29: 0.0253332 | K29: 0.0222318 | L29: 0.0260451 | M29: 0.0308126 | N29: 0.0157215 | O29: 0.0288474 | P29: 0.0316479 | Q29: 0.0258331 | R29: 0.0279819 | S29: 0.0234578 | T29: 0.0262733 | U29: 0.0284879 | V29: 0.0324589 | W29: 0.0280273 | X29: 0.0249661 | Y29: 0.0209855 | Z29: 0.0183826 | AA29: 0.0228332 | AB29: 0.0115788 | AC29: 0.0032691 | AD29: -0.0099927 | AE29: -0.0124491 | AF29: -0.0148678 | AG29: -0.0477838 | AH29: -0.0494391 | AI29: -0.0471395 | AJ29: -0.0479384 | AK29: -0.0457281 | AL29: -0.048764 | AM29: -0.051024 | AN29: -0.0628159 | AO29: -0.0904689 | AP29: -0.0813358 | AQ29: -0.0754846 | AR29: -0.0695751 | AS29: -0.066575 | AT29: -0.0696438 | AU29: -0.0773712 | AV29: -0.0816017 | AW29: -0.0849872 | AX29: -0.0815117 | AY29: -0.0761268 | AZ29: -0.0789604 | BA29: -0.0766037 | BB29: -0.078531 | BC29: -0.0783377 | BD29: -0.0749296 | BE29: -0.0723194 | BF29: -0.0673752 | BG29: -0.0468888 | BH29: -0.0433253 | BI29: -0.0538835 | BJ29: -0.0492462 | BK29: -0.0527327 | BL29: -0.0427863 | BM29: -0.0406213 | BN29: -0.0395212 | BO29: -0.0372965 | BP29: -0.0484501 | BQ29: -0.0456435 | BR29: -0.0460621 | BS29: -0.0379482 | BT29: -0.0445273 | BU29: -0.0488254 | BV29: -0.0380457 | BW29: -0.0353339 | BX29: -0.0343369 | BY29: -0.0405987 | BZ29: -0.042332 | CA29: -0.0442864 | CB29: -0.033559 | CC29: -0.0351959 | CD29: -0.0478102 | CE29: -0.0389066 | CF29: -0.0366928 | CG29: -0.0205123 | CH29: -0.0217269 | CI29: -0.0210172 | CJ29: -0.0163836 | CK29: -0.0059192 | CL29: -0.0029829 | CM29: 0.003135 | CN29: 0.0009236 | CO29: 0.0008553 | CP29: 0.0150835 | CQ29: 0.0084295 | CR29: 0.0113209 | CS29: 0.0109857

Sheet KPC_35_A_Bd, 24h
A1: LoadID | B1: Type | C1: 0 | D1: 1 | E1: 2 | F1: 3 | G1: 4 | H1: 5 | I1: 6 | J1: 7 | K1: 8 | L1: 9 | M1: 10 | N1: 11 | O1: 12 | P1: 13 | Q1: 14 | R1: 15 | S1: 16 | T1: 17 | U1: 18 | V1: 19 | W1: 20 | X1: 21 | Y1: 22 | Z1: 23
A2: 1 | B2: P | C2: =AVERAGEIFS(KPC_35_A_Bd!$C2:$CS2,KPC_35_A_Bd!$C$1:$CS$1,'KPC_35_A_Bd, 24h'!C$1) -> 3.1141777 | D2: =AVERAGEIFS(KPC_35_A_Bd!$C2:$CS2,KPC_35_A_Bd!$C$1:$CS$1,'KPC_35_A_Bd, 24h'!D$1) -> 3.1082547 | E2: =AVERAGEIFS(KPC_35_A_Bd!$C2:$CS2,KPC_35_A_Bd!$C$1:$CS$1,'KPC_35_A_Bd, 24h'!E$1) -> 3.1556553 | F2: =AVERAGEIFS(KPC_35_A_Bd!$C2:$CS2,KPC_35_A_Bd!$C$1:$CS$1,'KPC_35_A_Bd, 24h'!F$1) -> 3.1013021 | G2: =AVERAGEIFS(KPC_35_A_Bd!$C2:$CS2,KPC_35_A_Bd!$C$1:$CS$1,'KPC_35_A_Bd, 24h'!G$1) -> 3.1349177 | H2: =AVERAGEIFS(KPC_35_A_Bd!$C2:$CS2,KPC_35_A_Bd!$C$1:$CS$1,'KPC_35_A_Bd, 24h'!H$1) -> 3.2040033 | I2: =AVERAGEIFS(KPC_35_A_Bd!$C2:$CS2,KPC_35_A_Bd!$C$1:$CS$1,'KPC_35_A_Bd, 24h'!I$1) -> 3.5028904 | J2: =AVERAGEIFS(KPC_35_A_Bd!$C2:$CS2,KPC_35_A_Bd!$C$1:$CS$1,'KPC_35_A_Bd, 24h'!J$1) -> 4.8848733 | ... Z2: =AVERAGEIFS(KPC_35_A_Bd!$C2:$CS2,KPC_35_A_Bd!$C$1:$CS$1,'KPC_35_A_Bd, 24h'!Z$1) -> 4.0457937
A3: 1 | B3: Q | C3: =AVERAGEIFS(KPC_35_A_Bd!$C3:$CS3,KPC_35_A_Bd!$C$1:$CS$1,'KPC_35_A_Bd, 24h'!C$1) -> 0.0434779 | D3: =AVERAGEIFS(KPC_35_A_Bd!$C3:$CS3,KPC_35_A_Bd!$C$1:$CS$1,'KPC_35_A_Bd, 24h'!D$1) -> 0.048735025 | E3: =AVERAGEIFS(KPC_35_A_Bd!$C3:$CS3,KPC_35_A_Bd!$C$1:$CS$1,'KPC_35_A_Bd, 24h'!E$1) -> -0.000125625 | F3: =AVERAGEIFS(KPC_35_A_Bd!$C3:$CS3,KPC_35_A_Bd!$C$1:$CS$1,'KPC_35_A_Bd, 24h'!F$1) -> 0.02611185 | G3: =AVERAGEIFS(KPC_35_A_Bd!$C3:$CS3,KPC_35_A_Bd!$C$1:$CS$1,'KPC_35_A_Bd, 24h'!G$1) -> 0.030402625 | H3: =AVERAGEIFS(KPC_35_A_Bd!$C3:$CS3,KPC_35_A_Bd!$C$1:$CS$1,'KPC_35_A_Bd, 24h'!H$1) -> 0.054233825 | I3: =AVERAGEIFS(KPC_35_A_Bd!$C3:$CS3,KPC_35_A_Bd!$C$1:$CS$1,'KPC_35_A_Bd, 24h'!I$1) -> 0.03297325 | J3: =AVERAGEIFS(KPC_35_A_Bd!$C3:$CS3,KPC_35_A_Bd!$C$1:$CS$1,'KPC_35_A_Bd, 24h'!J$1) -> 0.49258668 | ... Z3: =AVERAGEIFS(KPC_35_A_Bd!$C3:$CS3,KPC_35_A_Bd!$C$1:$CS$1,'KPC_35_A_Bd, 24h'!Z$1) -> 0.0634802
A4: 2 | B4: P | C4: =AVERAGEIFS(KPC_35_A_Bd!$C4:$CS4,KPC_35_A_Bd!$C$1:$CS$1,'KPC_35_A_Bd, 24h'!C$1) -> 0.92418585 | D4: =AVERAGEIFS(KPC_35_A_Bd!$C4:$CS4,KPC_35_A_Bd!$C$1:$CS$1,'KPC_35_A_Bd, 24h'!D$1) -> 0.86269608 | E4: =AVERAGEIFS(KPC_35_A_Bd!$C4:$CS4,KPC_35_A_Bd!$C$1:$CS$1,'KPC_35_A_Bd, 24h'!E$1) -> 0.83190153 | F4: =AVERAGEIFS(KPC_35_A_Bd!$C4:$CS4,KPC_35_A_Bd!$C$1:$CS$1,'KPC_35_A_Bd, 24h'!F$1) -> 0.82577967 | G4: =AVERAGEIFS(KPC_35_A_Bd!$C4:$CS4,KPC_35_A_Bd!$C$1:$CS$1,'KPC_35_A_Bd, 24h'!G$1) -> 0.88258995 | H4: =AVERAGEIFS(KPC_35_A_Bd!$C4:$CS4,KPC_35_A_Bd!$C$1:$CS$1,'KPC_35_A_Bd, 24h'!H$1) -> 1.0473104 | I4: =AVERAGEIFS(KPC_35_A_Bd!$C4:$CS4,KPC_35_A_Bd!$C$1:$CS$1,'KPC_35_A_Bd, 24h'!I$1) -> 1.4345021 | J4: =AVERAGEIFS(KPC_35_A_Bd!$C4:$CS4,KPC_35_A_Bd!$C$1:$CS$1,'KPC_35_A_Bd, 24h'!J$1) -> 1.9619833 | ... Z4: =AVERAGEIFS(KPC_35_A_Bd!$C4:$CS4,KPC_35_A_Bd!$C$1:$CS$1,'KPC_35_A_Bd, 24h'!Z$1) -> 1.508132
A5: 2 | B5: Q | C5: =AVERAGEIFS(KPC_35_A_Bd!$C5:$CS5,KPC_35_A_Bd!$C$1:$CS$1,'KPC_35_A_Bd, 24h'!C$1) -> -0.3090785 | D5: =AVERAGEIFS(KPC_35_A_Bd!$C5:$CS5,KPC_35_A_Bd!$C$1:$CS$1,'KPC_35_A_Bd, 24h'!D$1) -> -0.32631835 | E5: =AVERAGEIFS(KPC_35_A_Bd!$C5:$CS5,KPC_35_A_Bd!$C$1:$CS$1,'KPC_35_A_Bd, 24h'!E$1) -> -0.32444203 | F5: =AVERAGEIFS(KPC_35_A_Bd!$C5:$CS5,KPC_35_A_Bd!$C$1:$CS$1,'KPC_35_A_Bd, 24h'!F$1) -> -0.33255827 | G5: =AVERAGEIFS(KPC_35_A_Bd!$C5:$CS5,KPC_35_A_Bd!$C$1:$CS$1,'KPC_35_A_Bd, 24h'!G$1) -> -0.31027305 | H5: =AVERAGEIFS(KPC_35_A_Bd!$C5:$CS5,KPC_35_A_Bd!$C$1:$CS$1,'KPC_35_A_Bd, 24h'!H$1) -> -0.27377763 | I5: =AVERAGEIFS(KPC_35_A_Bd!$C5:$CS5,KPC_35_A_Bd!$C$1:$CS$1,'KPC_35_A_Bd, 24h'!I$1) -> -0.13021035 | J5: =AVERAGEIFS(KPC_35_A_Bd!$C5:$CS5,KPC_35_A_Bd!$C$1:$CS$1,'KPC_35_A_Bd, 24h'!J$1) -> 0.082724275 | ... Z5: =AVERAGEIFS(KPC_35_A_Bd!$C5:$CS5,KPC_35_A_Bd!$C$1:$CS$1,'KPC_35_A_Bd, 24h'!Z$1) -> -0.18635257
A6: 3 | B6: P | C6: =AVERAGEIFS(KPC_35_A_Bd!$C6:$CS6,KPC_35_A_Bd!$C$1:$CS$1,'KPC_35_A_Bd, 24h'!C$1) -> 3.0024945 | D6: =AVERAGEIFS(KPC_35_A_Bd!$C6:$CS6,KPC_35_A_Bd!$C$1:$CS$1,'KPC_35_A_Bd, 24h'!D$1) -> 2.8582606 | E6: =AVERAGEIFS(KPC_35_A_Bd!$C6:$CS6,KPC_35_A_Bd!$C$1:$CS$1,'KPC_35_A_Bd, 24h'!E$1) -> 2.8598922 | F6: =AVERAGEIFS(KPC_35_A_Bd!$C6:$CS6,KPC_35_A_Bd!$C$1:$CS$1,'KPC_35_A_Bd, 24h'!F$1) -> 2.8121333 | G6: =AVERAGEIFS(KPC_35_A_Bd!$C6:$CS6,KPC_35_A_Bd!$C$1:$CS$1,'KPC_35_A_Bd, 24h'!G$1) -> 3.0449017 | H6: =AVERAGEIFS(KPC_35_A_Bd!$C6:$CS6,KPC_35_A_Bd!$C$1:$CS$1,'KPC_35_A_Bd, 24h'!H$1) -> 3.3243242 | I6: =AVERAGEIFS(KPC_35_A_Bd!$C6:$CS6,KPC_35_A_Bd!$C$1:$CS$1,'KPC_35_A_Bd, 24h'!I$1) -> 5.0045749 | J6: =AVERAGEIFS(KPC_35_A_Bd!$C6:$CS6,KPC_35_A_Bd!$C$1:$CS$1,'KPC_35_A_Bd, 24h'!J$1) -> 6.4085668 | ... Z6: =AVERAGEIFS(KPC_35_A_Bd!$C6:$CS6,KPC_35_A_Bd!$C$1:$CS$1,'KPC_35_A_Bd, 24h'!Z$1) -> 3.6226349
A7: 3 | B7: Q | C7: =AVERAGEIFS(KPC_35_A_Bd!$C7:$CS7,KPC_35_A_Bd!$C$1:$CS$1,'KPC_35_A_Bd, 24h'!C$1) -> -0.42581305 | D7: =AVERAGEIFS(KPC_35_A_Bd!$C7:$CS7,KPC_35_A_Bd!$C$1:$CS$1,'KPC_35_A_Bd, 24h'!D$1) -> -0.45775168 | E7: =AVERAGEIFS(KPC_35_A_Bd!$C7:$CS7,KPC_35_A_Bd!$C$1:$CS$1,'KPC_35_A_Bd, 24h'!E$1) -> -0.45832553 | F7: =AVERAGEIFS(KPC_35_A_Bd!$C7:$CS7,KPC_35_A_Bd!$C$1:$CS$1,'KPC_35_A_Bd, 24h'!F$1) -> -0.4705189 | G7: =AVERAGEIFS(KPC_35_A_Bd!$C7:$CS7,KPC_35_A_Bd!$C$1:$CS$1,'KPC_35_A_Bd, 24h'!G$1) -> -0.43843437 | H7: =AVERAGEIFS(KPC_35_A_Bd!$C7:$CS7,KPC_35_A_Bd!$C$1:$CS$1,'KPC_35_A_Bd, 24h'!H$1) -> -0.4251989 | I7: =AVERAGEIFS(KPC_35_A_Bd!$C7:$CS7,KPC_35_A_Bd!$C$1:$CS$1,'KPC_35_A_Bd, 24h'!I$1) -> -0.06384165 | J7: =AVERAGEIFS(KPC_35_A_Bd!$C7:$CS7,KPC_35_A_Bd!$C$1:$CS$1,'KPC_35_A_Bd, 24h'!J$1) -> 0.4605345 | ... Z7: =AVERAGEIFS(KPC_35_A_Bd!$C7:$CS7,KPC_35_A_Bd!$C$1:$CS$1,'KPC_35_A_Bd, 24h'!Z$1) -> -0.43317057
A8: 4 | B8: P | C8: =AVERAGEIFS(KPC_35_A_Bd!$C8:$CS8,KPC_35_A_Bd!$C$1:$CS$1,'KPC_35_A_Bd, 24h'!C$1) -> 0.11001432 | D8: =AVERAGEIFS(KPC_35_A_Bd!$C8:$CS8,KPC_35_A_Bd!$C$1:$CS$1,'KPC_35_A_Bd, 24h'!D$1) -> 0.11151353 | E8: =AVERAGEIFS(KPC_35_A_Bd!$C8:$CS8,KPC_35_A_Bd!$C$1:$CS$1,'KPC_35_A_Bd, 24h'!E$1) -> 0.0280822 | F8: =AVERAGEIFS(KPC_35_A_Bd!$C8:$CS8,KPC_35_A_Bd!$C$1:$CS$1,'KPC_35_A_Bd, 24h'!F$1) -> -0.0387437 | G8: =AVERAGEIFS(KPC_35_A_Bd!$C8:$CS8,KPC_35_A_Bd!$C$1:$CS$1,'KPC_35_A_Bd, 24h'!G$1) -> -0.02223025 | H8: =AVERAGEIFS(KPC_35_A_Bd!$C8:$CS8,KPC_35_A_Bd!$C$1:$CS$1,'KPC_35_A_Bd, 24h'!H$1) -> 0.2277305 | I8: =AVERAGEIFS(KPC_35_A_Bd!$C8:$CS8,KPC_35_A_Bd!$C$1:$CS$1,'KPC_35_A_Bd, 24h'!I$1) -> 0.53674255 | J8: =AVERAGEIFS(KPC_35_A_Bd!$C8:$CS8,KPC_35_A_Bd!$C$1:$CS$1,'KPC_35_A_Bd, 24h'!J$1) -> 0.85757348 | ... Z8: =AVERAGEIFS(KPC_35_A_Bd!$C8:$CS8,KPC_35_A_Bd!$C$1:$CS$1,'KPC_35_A_Bd, 24h'!Z$1) -> 0.29596157
A9: 4 | B9: Q | C9: =AVERAGEIFS(KPC_35_A_Bd!$C9:$CS9,KPC_35_A_Bd!$C$1:$CS$1,'KPC_35_A_Bd, 24h'!C$1) -> -0.6303632 | D9: =AVERAGEIFS(KPC_35_A_Bd!$C9:$CS9,KPC_35_A_Bd!$C$1:$CS$1,'KPC_35_A_Bd, 24h'!D$1) -> -0.63616052 | E9: =AVERAGEIFS(KPC_35_A_Bd!$C9:$CS9,KPC_35_A_Bd!$C$1:$CS$1,'KPC_35_A_Bd, 24h'!E$1) -> -0.64795618 | F9: =AVERAGEIFS(KPC_35_A_Bd!$C9:$CS9,KPC_35_A_Bd!$C$1:$CS$1,'KPC_35_A_Bd, 24h'!F$1) -> -0.66480702 | G9: =AVERAGEIFS(KPC_35_A_Bd!$C9:$CS9,KPC_35_A_Bd!$C$1:$CS$1,'KPC_35_A_Bd, 24h'!G$1) -> -0.60817188 | H9: =AVERAGEIFS(KPC_35_A_Bd!$C9:$CS9,KPC_35_A_Bd!$C$1:$CS$1,'KPC_35_A_Bd, 24h'!H$1) -> -0.5848831 | I9: =AVERAGEIFS(KPC_35_A_Bd!$C9:$CS9,KPC_35_A_Bd!$C$1:$CS$1,'KPC_35_A_Bd, 24h'!I$1) -> -0.5155629 | J9: =AVERAGEIFS(KPC_35_A_Bd!$C9:$CS9,KPC_35_A_Bd!$C$1:$CS$1,'KPC_35_A_Bd, 24h'!J$1) -> -0.37697037 | ... Z9: =AVERAGEIFS(KPC_35_A_Bd!$C9:$CS9,KPC_35_A_Bd!$C$1:$CS$1,'KPC_35_A_Bd, 24h'!Z$1) -> -0.56979413
A10: 5 | B10: P | C10: =AVERAGEIFS(KPC_35_A_Bd!$C10:$CS10,KPC_35_A_Bd!$C$1:$CS$1,'KPC_35_A_Bd, 24h'!C$1) -> 2.7412299 | D10: =AVERAGEIFS(KPC_35_A_Bd!$C10:$CS10,KPC_35_A_Bd!$C$1:$CS$1,'KPC_35_A_Bd, 24h'!D$1) -> 2.5218075 | E10: =AVERAGEIFS(KPC_35_A_Bd!$C10:$CS10,KPC_35_A_Bd!$C$1:$CS$1,'KPC_35_A_Bd, 24h'!E$1) -> 2.4622471 | F10: =AVERAGEIFS(KPC_35_A_Bd!$C10:$CS10,KPC_35_A_Bd!$C$1:$CS$1,'KPC_35_A_Bd, 24h'!F$1) -> 2.4046521 | G10: =AVERAGEIFS(KPC_35_A_Bd!$C10:$CS10,KPC_35_A_Bd!$C$1:$CS$1,'KPC_35_A_Bd, 24h'!G$1) -> 2.5876062 | H10: =AVERAGEIFS(KPC_35_A_Bd!$C10:$CS10,KPC_35_A_Bd!$C$1:$CS$1,'KPC_35_A_Bd, 24h'!H$1) -> 2.9317232 | I10: =AVERAGEIFS(KPC_35_A_Bd!$C10:$CS10,KPC_35_A_Bd!$C$1:$CS$1,'KPC_35_A_Bd, 24h'!I$1) -> 3.5509508 | J10: =AVERAGEIFS(KPC_35_A_Bd!$C10:$CS10,KPC_35_A_Bd!$C$1:$CS$1,'KPC_35_A_Bd, 24h'!J$1) -> 4.0952588 | ... Z10: =AVERAGEIFS(KPC_35_A_Bd!$C10:$CS10,KPC_35_A_Bd!$C$1:$CS$1,'KPC_35_A_Bd, 24h'!Z$1) -> 3.4715517
A11: 5 | B11: Q | C11: =AVERAGEIFS(KPC_35_A_Bd!$C11:$CS11,KPC_35_A_Bd!$C$1:$CS$1,'KPC_35_A_Bd, 24h'!C$1) -> -0.6566878 | D11: =AVERAGEIFS(KPC_35_A_Bd!$C11:$CS11,KPC_35_A_Bd!$C$1:$CS$1,'KPC_35_A_Bd, 24h'!D$1) -> -0.70861968 | E11: =AVERAGEIFS(KPC_35_A_Bd!$C11:$CS11,KPC_35_A_Bd!$C$1:$CS$1,'KPC_35_A_Bd, 24h'!E$1) -> -0.69822738 | F11: =AVERAGEIFS(KPC_35_A_Bd!$C11:$CS11,KPC_35_A_Bd!$C$1:$CS$1,'KPC_35_A_Bd, 24h'!F$1) -> -0.71805125 | G11: =AVERAGEIFS(KPC_35_A_Bd!$C11:$CS11,KPC_35_A_Bd!$C$1:$CS$1,'KPC_35_A_Bd, 24h'!G$1) -> -0.6186657 | H11: =AVERAGEIFS(KPC_35_A_Bd!$C11:$CS11,KPC_35_A_Bd!$C$1:$CS$1,'KPC_35_A_Bd, 24h'!H$1) -> -0.58408845 | I11: =AVERAGEIFS(KPC_35_A_Bd!$C11:$CS11,KPC_35_A_Bd!$C$1:$CS$1,'KPC_35_A_Bd, 24h'!I$1) -> -0.55153645 | J11: =AVERAGEIFS(KPC_35_A_Bd!$C11:$CS11,KPC_35_A_Bd!$C$1:$CS$1,'KPC_35_A_Bd, 24h'!J$1) -> -0.351553 | ... Z11: =AVERAGEIFS(KPC_35_A_Bd!$C11:$CS11,KPC_35_A_Bd!$C$1:$CS$1,'KPC_35_A_Bd, 24h'!Z$1) -> -0.4641989
A12: 6 | B12: P | C12: =AVERAGEIFS(KPC_35_A_Bd!$C12:$CS12,KPC_35_A_Bd!$C$1:$CS$1,'KPC_35_A_Bd, 24h'!C$1) -> 5.0567778 | D12: =AVERAGEIFS(KPC_35_A_Bd!$C12:$CS12,KPC_35_A_Bd!$C$1:$CS$1,'KPC_35_A_Bd, 24h'!D$1) -> 4.9252111 | E12: =AVERAGEIFS(KPC_35_A_Bd!$C12:$CS12,KPC_35_A_Bd!$C$1:$CS$1,'KPC_35_A_Bd, 24h'!E$1) -> 4.8394667 | F12: =AVERAGEIFS(KPC_35_A_Bd!$C12:$CS12,KPC_35_A_Bd!$C$1:$CS$1,'KPC_35_A_Bd, 24h'!F$1) -> 4.93505 | G12: =AVERAGEIFS(KPC_35_A_Bd!$C12:$CS12,KPC_35_A_Bd!$C$1:$CS$1,'KPC_35_A_Bd, 24h'!G$1) -> 4.9705555 | H12: =AVERAGEIFS(KPC_35_A_Bd!$C12:$CS12,KPC_35_A_Bd!$C$1:$CS$1,'KPC_35_A_Bd, 24h'!H$1) -> 5.2636501 | I12: =AVERAGEIFS(KPC_35_A_Bd!$C12:$CS12,KPC_35_A_Bd!$C$1:$CS$1,'KPC_35_A_Bd, 24h'!I$1) -> 5.7725973 | J12: =AVERAGEIFS(KPC_35_A_Bd!$C12:$CS12,KPC_35_A_Bd!$C$1:$CS$1,'KPC_35_A_Bd, 24h'!J$1) -> 6.8153972 | ... Z12: =AVERAGEIFS(KPC_35_A_Bd!$C12:$CS12,KPC_35_A_Bd!$C$1:$CS$1,'KPC_35_A_Bd, 24h'!Z$1) -> 5.3972295
A13: 6 | B13: Q | C13: =AVERAGEIFS(KPC_35_A_Bd!$C13:$CS13,KPC_35_A_Bd!$C$1:$CS$1,'KPC_35_A_Bd, 24h'!C$1) -> 0.67777557 | D13: =AVERAGEIFS(KPC_35_A_Bd!$C13:$CS13,KPC_35_A_Bd!$C$1:$CS$1,'KPC_35_A_Bd, 24h'!D$1) -> 0.65785417 | E13: =AVERAGEIFS(KPC_35_A_Bd!$C13:$CS13,KPC_35_A_Bd!$C$1:$CS$1,'KPC_35_A_Bd, 24h'!E$1) -> 0.60003947 | F13: =AVERAGEIFS(KPC_35_A_Bd!$C13:$CS13,KPC_35_A_Bd!$C$1:$CS$1,'KPC_35_A_Bd, 24h'!F$1) -> 0.71386057 | G13: =AVERAGEIFS(KPC_35_A_Bd!$C13:$CS13,KPC_35_A_Bd!$C$1:$CS$1,'KPC_35_A_Bd, 24h'!G$1) -> 0.66931308 | H13: =AVERAGEIFS(KPC_35_A_Bd!$C13:$CS13,KPC_35_A_Bd!$C$1:$CS$1,'KPC_35_A_Bd, 24h'!H$1) -> 0.68776835 | I13: =AVERAGEIFS(KPC_35_A_Bd!$C13:$CS13,KPC_35_A_Bd!$C$1:$CS$1,'KPC_35_A_Bd, 24h'!I$1) -> 0.7298625 | J13: =AVERAGEIFS(KPC_35_A_Bd!$C13:$CS13,KPC_35_A_Bd!$C$1:$CS$1,'KPC_35_A_Bd, 24h'!J$1) -> 1.1614522 | ... Z13: =AVERAGEIFS(KPC_35_A_Bd!$C13:$CS13,KPC_35_A_Bd!$C$1:$CS$1,'KPC_35_A_Bd, 24h'!Z$1) -> 0.61620373
... A29: 14 | B29: Q | C29: =AVERAGEIFS(KPC_35_A_Bd!$C29:$CS29,KPC_35_A_Bd!$C$1:$CS$1,'KPC_35_A_Bd, 24h'!C$1) -> 0.024419875 | D29: =AVERAGEIFS(KPC_35_A_Bd!$C29:$CS29,KPC_35_A_Bd!$C$1:$CS$1,'KPC_35_A_Bd, 24h'!D$1) -> 0.024243025 | E29: =AVERAGEIFS(KPC_35_A_Bd!$C29:$CS29,KPC_35_A_Bd!$C$1:$CS$1,'KPC_35_A_Bd, 24h'!E$1) -> 0.02370275 | F29: =AVERAGEIFS(KPC_35_A_Bd!$C29:$CS29,KPC_35_A_Bd!$C$1:$CS$1,'KPC_35_A_Bd, 24h'!F$1) -> 0.028577575 | G29: =AVERAGEIFS(KPC_35_A_Bd!$C29:$CS29,KPC_35_A_Bd!$C$1:$CS$1,'KPC_35_A_Bd, 24h'!G$1) -> 0.027669475 | H29: =AVERAGEIFS(KPC_35_A_Bd!$C29:$CS29,KPC_35_A_Bd!$C$1:$CS$1,'KPC_35_A_Bd, 24h'!H$1) -> 0.023090375 | I29: =AVERAGEIFS(KPC_35_A_Bd!$C29:$CS29,KPC_35_A_Bd!$C$1:$CS$1,'KPC_35_A_Bd, 24h'!I$1) -> 0.0069221 | J29: =AVERAGEIFS(KPC_35_A_Bd!$C29:$CS29,KPC_35_A_Bd!$C$1:$CS$1,'KPC_35_A_Bd, 24h'!J$1) -> -0.03113495 | ... Z29: =AVERAGEIFS(KPC_35_A_Bd!$C29:$CS29,KPC_35_A_Bd!$C$1:$CS$1,'KPC_35_A_Bd, 24h'!Z$1) -> 0.010245367
