Workbook

Sheet KPC_35_S_Bd
A1: LoadID | B1: Type | C1: 0 | D1: 0 | E1: 0 | F1: 0 | G1: =C1+1 -> 1 | H1: =D1+1 -> 1 | I1: =E1+1 -> 1 | J1: =F1+1 -> 1 | K1: =G1+1 -> 2 | L1: =H1+1 -> 2 | M1: =I1+1 -> 2 | N1: =J1+1 -> 2 | ... CT1: =CP1+1 -> 23
A2: 1 | B2: P | C2: 4.6735153 | D2: 4.6647077 | E2: 4.6301942 | F2: 4.6603332 | G2: 4.7482305 | H2: 4.7229881 | I2: 4.6399212 | J2: 4.5699668 | K2: 4.4701924 | L2: 4.484951 | M2: 4.4619102 | N2: 4.4370136 | O2: 4.5304585 | P2: 4.4624104 | Q2: 4.4847841 | R2: 4.5427303 | S2: 4.4819908 | T2: 4.5815372 | U2: 4.6439152 | V2: 4.7575078 | W2: 4.6459193 | X2: 4.7433395 | Y2: 4.6146364 | Z2: 4.6037498 | AA2: 4.6366739 | AB2: 4.5709233 | AC2: 4.4855366 | AD2: 4.477067 | AE2: 4.9657683 | AF2: 5.5052857 | AG2: 5.4922452 | AH2: 5.5781879 | AI2: 5.891531 | AJ2: 5.8502102 | AK2: 5.8901124 | AL2: 5.884953 | AM2: 5.9083257 | AN2: 5.6921487 | AO2: 5.535799 | AP2: 5.5151343 | AQ2: 5.5260124 | AR2: 5.8898745 | AS2: 5.9611659 | AT2: 5.889451 | AU2: 5.823112 | AV2: 5.9078598 | AW2: 5.8318462 | AX2: 5.8023367 | AY2: 5.9572144 | AZ2: 5.8739696 | BA2: 6.0012817 | BB2: 5.8796368 | BC2: 5.8098688 | BD2: 5.7250795 | BE2: 5.7384672 | BF2: 5.5777421 | BG2: 5.4349685 | BH2: 5.2027459 | BI2: 4.7704206 | BJ2: 5.2342949 | BK2: 5.468925 | BL2: 5.675529 | BM2: 5.2466283 | BN2: 5.4376359 | BO2: 5.6436834 | BP2: 5.6027241 | BQ2: 5.7709241 | BR2: 5.9681911 | BS2: 5.8539515 | BT2: 5.5608106 | BU2: 5.3343539 | BV2: 5.2825112 | BW2: 5.2063818 | BX2: 5.0170875 | BY2: 5.3038673 | BZ2: 5.2527504 | CA2: 5.2590551 | CB2: 4.9294882 | CC2: 4.9116588 | CD2: 5.0979972 | CE2: 5.0900278 | CF2: 5.0549164 | CG2: 5.2089229 | CH2: 5.1049595 | CI2: 5.0647821 | CJ2: 5.026062 | CK2: 4.8943839 | CL2: 4.8113289 | CM2: 4.8010869 | CN2: 4.5867658 | CO2: 4.043335 | CP2: 4.0719604 | CQ2: 4.4222898 | CR2: 4.4316812 | CS2: 4.4398742 | CT2: 4.5030437
A3: 1 | B3: Q | C3: 0.5383328 | D3: 0.5711904 | E3: 0.5495045 | F3: 0.5289397 | G3: 0.4745484 | H3: 0.5127035 | I3: 0.5048948 | J3: 0.5086052 | K3: 0.574861 | L3: 0.5176897 | M3: 0.4846353 | N3: 0.4226629 | O3: 0.5398 | P3: 0.4353843 | Q3: 0.4329497 | R3: 0.4422284 | S3: 0.4206559 | T3: 0.4707984 | U3: 0.4826648 | V3: 0.5147917 | W3: 0.4984386 | X3: 0.5046641 | Y3: 0.4969711 | Z3: 0.5234889 | AA3: 0.6103871 | AB3: 0.588739 | AC3: 0.511737 | AD3: 0.44996 | AE3: 0.6947325 | AF3: 0.8929596 | AG3: 0.95678 | AH3: 1.0416293 | AI3: 1.1806351 | AJ3: 1.15663 | AK3: 1.3170558 | AL3: 1.2261733 | AM3: 1.2821478 | AN3: 1.1231154 | AO3: 1.0626963 | AP3: 1.0698476 | AQ3: 0.9208303 | AR3: 1.1510633 | AS3: 1.1963679 | AT3: 1.1018932 | AU3: 1.2098589 | AV3: 1.1914976 | AW3: 1.2128752 | AX3: 1.1521459 | AY3: 1.2090493 | AZ3: 1.1218013 | BA3: 1.1510633 | BB3: 1.1725559 | BC3: 1.0247365 | BD3: 0.957901 | BE3: 0.9321564 | BF3: 0.9154185 | BG3: 0.7816701 | BH3: 0.6818227 | BI3: 0.5950409 | BJ3: 0.6009158 | BK3: 0.6829824 | BL3: 0.8568553 | BM3: 0.8716604 | BN3: 0.8568553 | BO3: 0.9090791 | BP3: 0.8872774 | BQ3: 0.8081492 | BR3: 0.780008 | BS3: 0.7672129 | BT3: 0.8170013 | BU3: 0.7721995 | BV3: 0.7877777 | BW3: 0.7221792 | BX3: 0.6232208 | BY3: 0.601303 | BZ3: 0.4525881 | CA3: 0.4124204 | CB3: 0.5340377 | CC3: 0.6215965 | CD3: 0.7094615 | CE3: 0.7514415 | CF3: 0.6623787 | CG3: 0.692337 | CH3: 0.6461822 | CI3: 0.6192388 | CJ3: 0.5727358 | CK3: 0.5947703 | CL3: 0.5171844 | CM3: 0.4907027 | CN3: 0.3780916 | CO3: 0.3030213 | CP3: 0.3271813 | CQ3: 0.4120758 | CR3: 0.4489151 | CS3: 0.4451644 | CT3: 0.4566862
A4: 2 | B4: P | C4: 1.4699461 | D4: 1.4300011 | E4: 1.3787781 | F4: 1.3822227 | G4: 1.3787781 | H4: 1.2804989 | I4: 1.2779989 | J4: 1.2757765 | K4: 1.2885545 | L4: 1.2252202 | M4: 1.1486635 | N4: 1.1754973 | O4: 1.1573859 | P4: 1.13783 | Q4: 1.1783305 | R4: 1.2351092 | S4: 1.255554 | T4: 1.2506095 | U4: 1.2137201 | V4: 1.1700528 | W4: 1.1987199 | X4: 1.2261091 | Y4: 1.1871084 | Z4: 1.1338855 | AA4: 1.1584414 | AB4: 1.2233313 | AC4: 1.1912752 | AD4: 1.2423872 | AE4: 1.3434998 | AF4: 1.5457805 | AG4: 1.6757271 | AH4: 1.8216182 | AI4: 1.8289516 | AJ4: 2.018399 | AK4: 2.035177 | AL4: 2.0543995 | AM4: 2.15329 | AN4: 2.1448455 | AO4: 2.126123 | AP4: 2.1495123 | AQ4: 2.0032878 | AR4: 2.033566 | AS4: 1.9168419 | AT4: 1.8191737 | AU4: 1.9410645 | AV4: 1.9110085 | AW4: 1.867119 | AX4: 1.7768953 | AY4: 1.7486171 | AZ4: 1.8458964 | BA4: 1.846063 | BB4: 1.8246182 | BC4: 1.8054513 | BD4: 1.8241738 | BE4: 1.8398405 | BF4: 1.8256738 | BG4: 1.7847843 | BH4: 1.6586156 | BI4: 1.6140596 | BJ4: 1.4940577 | BK4: 1.4950576 | BL4: 1.585559 | BM4: 1.6518934 | BN4: 1.6719493 | BO4: 1.6378932 | BP4: 1.6498934 | BQ4: 1.65206 | BR4: 1.6192818 | BS4: 1.6658937 | BT4: 1.6548378 | BU4: 1.6817272 | BV4: 1.726728 | BW4: 1.6702825 | BX4: 1.7626172 | BY4: 1.8683966 | BZ4: 1.9636203 | CA4: 2.0226767 | CB4: 2.0402882 | CC4: 2.1120672 | CD4: 2.1744571 | CE4: 2.2896254 | CF4: 2.4441278 | CG4: 2.4967952 | CH4: 2.3568487 | CI4: 2.3136814 | CJ4: 2.3019032 | CK4: 2.1896241 | CL4: 2.0635109 | CM4: 1.9524535 | CN4: 1.9345645 | CO4: 1.8664522 | CP4: 1.7222278 | CQ4: 1.673727 | CR4: 1.7175055 | CS4: 1.679116 | CT4: 1.6178929
A5: 2 | B5: Q | C5: -0.1285782 | D5: -0.1341339 | E5: -0.1311338 | F5: -0.122967 | G5: -0.1098 | H5: -0.1170225 | I5: -0.140634 | J5: -0.1413563 | K5: -0.126245 | L5: -0.150912 | M5: -0.161801 | N5: -0.162801 | O5: -0.1790231 | P5: -0.1861898 | Q5: -0.1801342 | R5: -0.1611899 | S5: -0.1550231 | T5: -0.1473009 | U5: -0.1521898 | V5: -0.1724678 | W5: -0.1554675 | X5: -0.1609675 | Y5: -0.1808567 | Z5: -0.2227463 | AA5: -0.2150239 | AB5: -0.1864679 | AC5: -0.1599676 | AD5: -0.1333561 | AE5: -0.0871331 | AF5: -0.0200765 | AG5: 0.0322577 | AH5: 0.0465912 | AI5: 0.0426467 | AJ5: 0.0546469 | AK5: 0.048869 | AL5: 0.0702027 | AM5: 0.1037032 | AN5: 0.1098144 | AO5: 0.1053143 | AP5: 0.1222035 | AQ5: 0.1017587 | AR5: 0.0941475 | AS5: 0.0454801 | AT5: 0.0005349 | AU5: -0.0461879 | AV5: -0.0340768 | AW5: 0.005035 | AX5: -0.0050761 | AY5: -0.0126318 | AZ5: 0.0144796 | BA5: 0.0132018 | BB5: 0.0166462 | BC5: 0.0040351 | BD5: 0.0196464 | BE5: 0.0298687 | BF5: 0.0480912 | BG5: 0.0133685 | BH5: -0.0297432 | BI5: -0.0276321 | BJ5: -0.0410768 | BK5: -0.080633 | BL5: -0.0761331 | BM5: -0.0644662 | BN5: -0.1002999 | BO5: -0.0926332 | BP5: -0.0571882 | BQ5: -0.0656328 | BR5: -0.1014109 | BS5: -0.1010777 | BT5: -0.0769107 | BU5: -0.0416324 | BV5: -0.0304097 | BW5: 0.0053129 | BX5: 0.0532024 | BY5: 0.0716471 | BZ5: 0.0638693 | CA5: 0.077925 | CB5: 0.0845916 | CC5: 0.0878695 | CD5: 0.0484246 | CE5: 0.0705359 | CF5: 0.080425 | CG5: 0.0895917 | CH5: 0.0503135 | CI5: 0.0382577 | CJ5: 0.0258131 | CK5: 0.0017573 | CL5: 0.0080907 | CM5: -0.0365209 | CN5: -0.0244653 | CO5: -0.0360209 | CP5: -0.0440768 | CQ5: -0.0512438 | CR5: -0.0472436 | CS5: -0.0409657 | CT5: -0.0588551
A6: 3 | B6: P | C6: 3.5548823 | D6: 3.5013733 | E6: 3.4931421 | F6: 3.4019134 | G6: 3.2740822 | H6: 3.2045467 | I6: 3.1360967 | J6: 3.1203489 | K6: 3.077141 | L6: 3.0804501 | M6: 2.9372377 | N6: 2.9274666 | O6: 3.023411 | P6: 3.09482 | Q6: 3.0122654 | R6: 3.0786934 | S6: 3.0424199 | T6: 3.0865722 | U6: 3.1221888 | V6: 3.1516933 | W6: 3.1964633 | X6: 3.2345188 | Y6: 3.2682846 | Z6: 3.0747378 | AA6: 3.4969978 | AB6: 3.64891 | AC6: 4.0095043 | AD6: 4.2837911 | AE6: 4.7192135 | AF6: 5.0008111 | AG6: 4.8992777 | AH6: 5.140389 | AI6: 5.4216223 | AJ6: 5.4401221 | AK6: 5.4031777 | AL6: 5.4699779 | AM6: 5.6424446 | AN6: 5.5276556 | AO6: 5.5174222 | AP6: 5.5228667 | AQ6: 5.2327666 | AR6: 5.0773888 | AS6: 5.3146558 | AT6: 5.3635778 | AU6: 5.333611 | AV6: 5.3356223 | AW6: 5.5184002 | AX6: 5.6397891 | AY6: 5.5560446 | AZ6: 5.377511 | BA6: 5.3036666 | BB6: 5.2493224 | BC6: 5.1690555 | BD6: 5.1566668 | BE6: 5.1562109 | BF6: 5.1292777 | BG6: 5.1019778 | BH6: 5.0255446 | BI6: 5.0216665 | BJ6: 4.8518 | BK6: 4.7917666 | BL6: 4.7354665 | BM6: 4.7346444 | BN6: 4.7692666 | BO6: 4.7939224 | BP6: 4.8163776 | BQ6: 4.8986111 | BR6: 4.9322557 | BS6: 4.8915443 | BT6: 4.8693776 | BU6: 4.8605776 | BV6: 4.6650224 | BW6: 4.5179224 | BX6: 4.6457887 | BY6: 4.4729443 | BZ6: 4.6659665 | CA6: 4.9520445 | CB6: 4.9879999 | CC6: 5.1875443 | CD6: 5.3538446 | CE6: 5.626811 | CF6: 5.6383224 | CG6: 5.6052999 | CH6: 5.5401001 | CI6: 5.4291553 | CJ6: 5.3243556 | CK6: 5.3469334 | CL6: 5.0152888 | CM6: 4.9112 | CN6: 4.8579111 | CO6: 4.5766668 | CP6: 4.3866668 | CQ6: 4.1042113 | CR6: 3.9962332 | CS6: 3.7963934 | CT6: 3.7121644
A7: 3 | B7: Q | C7: -0.4984967 | D7: -0.52487 | E7: -0.5544456 | F7: -0.5428256 | G7: -0.5329711 | H7: -0.5493944 | I7: -0.5991733 | J7: -0.59785 | K7: -0.5930266 | L7: -0.5691011 | M7: -0.5958678 | N7: -0.6248711 | O7: -0.5614545 | P7: -0.5704656 | Q7: -0.5877578 | R7: -0.54882 | S7: -0.6045733 | T7: -0.6053811 | U7: -0.6329322 | V7: -0.5688929 | W7: -0.5440022 | X7: -0.5533211 | Y7: -0.5662844 | Z7: -0.6218644 | AA7: -0.5196525 | AB7: -0.4829978 | AC7: -0.2883109 | AD7: -0.2423388 | AE7: -0.0341977 | AF7: 0.0743411 | AG7: -0.0382692 | AH7: 0.1040922 | AI7: 0.2173256 | AJ7: 0.1721267 | AK7: 0.1984467 | AL7: 0.2177256 | AM7: 0.2557573 | AN7: 0.2549487 | AO7: 0.2634293 | AP7: 0.2407229 | AQ7: 0.1268878 | AR7: 0.0756489 | AS7: 0.0801909 | AT7: 0.1096233 | AU7: 0.1739489 | AV7: 0.2005344 | AW7: 0.247643 | AX7: 0.3071176 | AY7: 0.2682226 | AZ7: 0.1398102 | BA7: 0.0910533 | BB7: 0.0987342 | BC7: 0.0559307 | BD7: 0.0065997 | BE7: -0.0036656 | BF7: -0.0037096 | BG7: 0.030468 | BH7: 0.0121191 | BI7: -0.0248493 | BJ7: -0.1987238 | BK7: -0.1638084 | BL7: -0.2192163 | BM7: -0.1432931 | BN7: -0.1091458 | BO7: -0.1023723 | BP7: -0.0492738 | BQ7: 0.0325711 | BR7: 0.1021827 | BS7: 0.0366896 | BT7: 0.0498716 | BU7: 0.0625179 | BV7: -0.0417938 | BW7: -0.0742234 | BX7: -0.0730296 | BY7: -0.2374579 | BZ7: -0.2060283 | CA7: -0.0828902 | CB7: -0.0773653 | CC7: -0.0580562 | CD7: -0.0727624 | CE7: -0.0049589 | CF7: -0.0686944 | CG7: -0.0955706 | CH7: -0.0907698 | CI7: -0.1573491 | CJ7: -0.1834627 | CK7: -0.1536564 | CL7: -0.268071 | CM7: -0.3341983 | CN7: -0.3354133 | CO7: -0.4486978 | CP7: -0.4372021 | CQ7: -0.49728 | CR7: -0.5215689 | CS7: -0.5360355 | CT7: -0.5377133
A8: 4 | B8: P | C8: 0.4145268 | D8: 0.3483594 | E8: 0.309581 | F8: 0.26208 | G8: 0.2401911 | H8: 0.259858 | I8: 0.1999681 | J8: 0.1999681 | K8: 0.1664121 | L8: 0.1660232 | M8: 0.1548008 | N8: 0.1361339 | O8: 0.1282448 | P8: 0.1599675 | Q8: 0.1435784 | R8: 0.1583008 | S8: 0.1699121 | T8: 0.1774676 | U8: 0.1681344 | V8: 0.2104128 | W8: 0.2193574 | X8: 0.2774137 | Y8: 0.1619675 | Z8: 0.1279116 | AA8: 0.1837459 | AB8: 0.2542467 | AC8: 0.2995252 | AD8: 0.4080268 | AE8: 0.4905837 | AF8: 0.6382527 | AG8: 0.7260318 | AH8: 0.7979773 | AI8: 0.8496446 | AJ8: 0.9081455 | AK8: 0.8539782 | AL8: 0.7899772 | AM8: 0.7639768 | AN8: 0.8359778 | AO8: 0.8487558 | AP8: 0.8547004 | AQ8: 0.8027552 | AR8: 0.7616433 | AS8: 0.7629212 | AT8: 0.8293667 | AU8: 0.6968647 | AV8: 0.7194761 | AW8: 0.6911979 | AX8: 0.7064203 | AY8: 0.8202553 | AZ8: 0.7805325 | BA8: 0.7793658 | BB8: 0.7485876 | BC8: 0.7129204 | BD8: 0.7160872 | BE8: 0.6654753 | BF8: 0.6023076 | BG8: 0.5126395 | BH8: 0.510695 | BI8: 0.5280843 | BJ8: 0.4831391 | BK8: 0.4631944 | BL8: 0.5774738 | BM8: 0.5608625 | BN8: 0.5688627 | BO8: 0.5362511 | BP8: 0.5374734 | BQ8: 0.4998615 | BR8: 0.5268065 | BS8: 0.4824724 | BT8: 0.5811407 | BU8: 0.5664182 | BV8: 0.5776962 | BW8: 0.5903631 | BX8: 0.7048648 | BY8: 0.7343096 | BZ8: 0.8083662 | CA8: 0.8577004 | CB8: 0.9112011 | CC8: 0.9415905 | CD8: 1.0123695 | CE8: 1.171483 | CF8: 1.2753179 | CG8: 1.2018167 | CH8: 1.1565938 | CI8: 1.1238712 | CJ8: 1.1069263 | CK8: 1.0126473 | CL8: 0.9714798 | CM8: 0.8863119 | CN8: 0.8802006 | CO8: 0.784866 | CP8: 0.7159205 | CQ8: 0.6238078 | CR8: 0.6089745 | CS8: 0.5081949 | CT8: 0.4621944
A9: 4 | B9: Q | C9: -0.5937662 | D9: -0.6455448 | E9: -0.6553782 | F9: -0.6397114 | G9: -0.6357114 | H9: -0.6405447 | I9: -0.6632673 | J9: -0.6669341 | K9: -0.6541005 | L9: -0.6717674 | M9: -0.6711564 | N9: -0.6496004 | O9: -0.6611007 | P9: -0.6779342 | Q9: -0.676323 | R9: -0.6714341 | S9: -0.6853785 | T9: -0.6749896 | U9: -0.6666006 | V9: -0.676934 | W9: -0.6315445 | X9: -0.6173777 | Y9: -0.6819342 | Z9: -0.7271571 | AA9: -0.7383239 | AB9: -0.7021566 | AC9: -0.6491559 | AD9: -0.5988218 | AE9: -0.5613212 | AF9: -0.4834312 | AG9: -0.4330415 | AH9: -0.3726517 | AI9: -0.3684295 | AJ9: -0.3867631 | AK9: -0.4056523 | AL9: -0.4041523 | AM9: -0.4205413 | AN9: -0.4288749 | AO9: -0.435486 | AP9: -0.4244303 | AQ9: -0.4220413 | AR9: -0.4377082 | AS9: -0.478431 | AT9: -0.4798756 | AU9: -0.5422097 | AV9: -0.5444875 | AW9: -0.5322098 | AX9: -0.5392653 | AY9: -0.5099872 | AZ9: -0.5145984 | BA9: -0.5208207 | BB9: -0.5118762 | BC9: -0.518154 | BD9: -0.5337097 | BE9: -0.5125983 | BF9: -0.5229318 | BG9: -0.5398209 | BH9: -0.5245429 | BI9: -0.55071 | BJ9: -0.606433 | BK9: -0.5879883 | BL9: -0.5728213 | BM9: -0.5983217 | BN9: -0.5982106 | BO9: -0.6256 | BP9: -0.5923217 | BQ9: -0.6378224 | BR9: -0.6278223 | BS9: -0.6221 | BT9: -0.5622656 | BU9: -0.521154 | BV9: -0.5305985 | BW9: -0.4996537 | BX9: -0.4235414 | BY9: -0.4035966 | BZ9: -0.3860965 | CA9: -0.3722629 | CB9: -0.3887632 | CC9: -0.39693 | CD9: -0.4112635 | CE9: -0.3520958 | CF9: -0.3413734 | CG9: -0.370874 | CH9: -0.3980967 | CI9: -0.4339304 | CJ9: -0.4468749 | CK9: -0.4759865 | CL9: -0.5008759 | CM9: -0.524654 | CN9: -0.4933758 | CO9: -0.5279319 | CP9: -0.5464321 | CQ9: -0.5443764 | CR9: -0.5683767 | CS9: -0.5772657 | CT9: -0.5563211
A10: 5 | B10: P | C10: 3.20333 | D10: 3.0646653 | E10: 2.8747947 | F10: 2.8008792 | G10: 2.704495 | H10: 2.6588452 | I10: 2.6056864 | J10: 2.5482094 | K10: 2.4251556 | L10: 2.3607619 | M10: 2.3766091 | N10: 2.356209 | O10: 2.3780284 | P10: 2.351124 | Q10: 2.3637776 | R10: 2.3481672 | S10: 2.3760774 | T10: 2.3603487 | U10: 2.3812804 | V10: 2.4124424 | W10: 2.547204 | X10: 2.6226571 | Y10: 2.5997722 | Z10: 2.4987755 | AA10: 2.6435297 | AB10: 2.8131783 | AC10: 2.864387 | AD10: 3.0737128 | AE10: 3.1913259 | AF10: 3.3445361 | AG10: 3.5383122 | AH10: 3.6368842 | AI10: 3.7909224 | AJ10: 3.8184185 | AK10: 3.8918598 | AL10: 3.9159868 | AM10: 3.8771365 | AN10: 3.9320109 | AO10: 4.0545316 | AP10: 4.0540586 | AQ10: 3.9913199 | AR10: 3.8852968 | AS10: 4.0024958 | AT10: 4.0221868 | AU10: 4.0260301 | AV10: 4.0006638 | AW10: 3.9924438 | AX10: 4.0608001 | AY10: 4.0114255 | AZ10: 4.1445899 | BA10: 4.1484928 | BB10: 4.100359 | BC10: 3.9923244 | BD10: 3.9784884 | BE10: 3.8734698 | BF10: 3.9205391 | BG10: 3.8459144 | BH10: 3.7725918 | BI10: 3.7725923 | BJ10: 3.7242811 | BK10: 3.6071999 | BL10: 3.6122851 | BM10: 3.6365292 | BN10: 3.6356418 | BO10: 3.6104519 | BP10: 3.5357692 | BQ10: 3.5042517 | BR10: 3.544698 | BS10: 3.5566425 | BT10: 3.5044882 | BU10: 3.4899416 | BV10: 3.5258346 | BW10: 3.6951885 | BX10: 3.6798739 | BY10: 3.6384816 | BZ10: 3.8116188 | CA10: 3.8060007 | CB10: 4.0052752 | CC10: 4.1985774 | CD10: 4.3563409 | CE10: 4.6584435 | CF10: 5.0604815 | CG10: 5.093359 | CH10: 4.9878087 | CI10: 4.8673568 | CJ10: 4.7272153 | CK10: 4.6546612 | CL10: 4.6188269 | CM10: 4.4594064 | CN10: 4.3585868 | CO10: 4.2538052 | CP10: 4.0592623 | CQ10: 3.9117284 | CR10: 3.7319686 | CS10: 3.536478 | CT10: 3.3390377
A11: 5 | B11: Q | C11: -0.6540117 | D11: -0.6750041 | E11: -0.7117832 | F11: -0.7078214 | G11: -0.7053971 | H11: -0.719707 | I11: -0.7419997 | J11: -0.7327751 | K11: -0.7517569 | L11: -0.7922031 | M11: -0.7771243 | N11: -0.7910792 | O11: -0.7975834 | P11: -0.8108292 | Q11: -0.7930309 | R11: -0.7744043 | S11: -0.7970515 | T11: -0.7937406 | U11: -0.7817956 | V11: -0.7969332 | W11: -0.6698592 | X11: -0.6854109 | Y11: -0.7211856 | Z11: -0.8151454 | AA11: -0.7976425 | AB11: -0.7797258 | AC11: -0.7473217 | AD11: -0.7145627 | AE11: -0.6289992 | AF11: -0.5571541 | AG11: -0.4977264 | AH11: -0.4832981 | AI11: -0.3819466 | AJ11: -0.3517894 | AK11: -0.3239382 | AL11: -0.3066128 | AM11: -0.2413906 | AN11: -0.2490777 | AO11: -0.2126526 | AP11: -0.247363 | AQ11: -0.219748 | AR11: -0.2730851 | AS11: -0.2520934 | AT11: -0.259958 | AU11: -0.281482 | AV11: -0.2794712 | AW11: -0.3322166 | AX11: -0.2969747 | AY11: -0.3108701 | AZ11: -0.3167239 | BA11: -0.2852658 | BB11: -0.2852661 | BC11: -0.2683546 | BD11: -0.2758049 | BE11: -0.3155414 | BF11: -0.2993392 | BG11: -0.3437475 | BH11: -0.4384761 | BI11: -0.4619517 | BJ11: -0.4451583 | BK11: -0.4433257 | BL11: -0.4373533 | BM11: -0.4628979 | BN11: -0.4564523 | BO11: -0.4770298 | BP11: -0.4754337 | BQ11: -0.4928184 | BR11: -0.5046448 | BS11: -0.5143425 | BT11: -0.5028712 | BU11: -0.5185999 | BV11: -0.4918131 | BW11: -0.4596451 | BX11: -0.4865507 | BY11: -0.4892707 | BZ11: -0.4701716 | CA11: -0.5178903 | CB11: -0.4899214 | CC11: -0.4987912 | CD11: -0.4976086 | CE11: -0.3542139 | CF11: -0.2949051 | CG11: -0.3192668 | CH11: -0.3661586 | CI11: -0.3853173 | CJ11: -0.4126364 | CK11: -0.4372348 | CL11: -0.4447447 | CM11: -0.4623072 | CN11: -0.4750797 | CO11: -0.491045 | CP11: -0.4924052 | CQ11: -0.5003282 | CR11: -0.5238625 | CS11: -0.5224429 | CT11: -0.5311357
A12: 6 | B12: P | C12: 5.2455335 | D12: 5.2306333 | E12: 5.1566334 | F12: 5.0042443 | G12: 4.9263668 | H12: 5.0031776 | I12: 4.8176446 | J12: 4.6022334 | K12: 4.5377336 | L12: 4.6232333 | M12: 4.7329445 | N12: 4.7203221 | O12: 4.6545558 | P12: 4.6740332 | Q12: 4.6012778 | R12: 4.4004335 | S12: 4.438189 | T12: 4.5582891 | U12: 4.5561557 | V12: 4.5423999 | W12: 4.6868443 | X12: 4.7352777 | Y12: 4.8480334 | Z12: 4.7812223 | AA12: 4.8740554 | AB12: 4.7917113 | AC12: 4.7772889 | AD12: 5.1511221 | AE12: 5.8862333 | AF12: 6.1572332 | AG12: 6.4099331 | AH12: 6.2546334 | AI12: 6.1100221 | AJ12: 6.4273 | AK12: 6.4530778 | AL12: 6.5772443 | AM12: 6.4214444 | AN12: 6.4080558 | AO12: 6.3860779 | AP12: 6.2197113 | AQ12: 6.1588335 | AR12: 5.9520779 | AS12: 5.9083333 | AT12: 6.0401001 | AU12: 6.3026109 | AV12: 6.3528891 | AW12: 6.3570666 | AX12: 6.1096001 | AY12: 6.0162554 | AZ12: 5.9604445 | BA12: 6.0053887 | BB12: 6.1145 | BC12: 5.9858112 | BD12: 6.124711 | BE12: 6.2367778 | BF12: 6.0242887 | BG12: 6.1250887 | BH12: 5.8308444 | BI12: 5.5814776 | BJ12: 5.4020224 | BK12: 5.2948666 | BL12: 5.5020776 | BM12: 5.6594667 | BN12: 5.7302999 | BO12: 5.8626332 | BP12: 5.7700443 | BQ12: 5.6410556 | BR12: 5.6127777 | BS12: 5.770278 | BT12: 5.7495112 | BU12: 5.6859112 | BV12: 5.4395776 | BW12: 5.3214555 | BX12: 5.2269778 | BY12: 5.3764887 | BZ12: 5.4140668 | CA12: 5.4129109 | CB12: 5.3795223 | CC12: 5.5345554 | CD12: 5.7525554 | CE12: 5.9203224 | CF12: 6.066 | CG12: 5.9881001 | CH12: 6.0333443 | CI12: 5.9297442 | CJ12: 6.0396557 | CK12: 5.720789 | CL12: 5.5690112 | CM12: 5.5319777 | CN12: 5.469511 | CO12: 5.4240665 | CP12: 5.3085999 | CQ12: 5.1965775 | CR12: 5.1888447 | CS12: 5.1954889 | CT12: 5.1205778
A13: 6 | B13: Q | C13: 0.5128289 | D13: 0.6056022 | E13: 0.6255966 | F13: 0.4823011 | G13: 0.4234478 | H13: 0.5446345 | I13: 0.4740389 | J13: 0.3050789 | K13: 0.275501 | L13: 0.2191242 | M13: 0.3582789 | N13: 0.3477558 | O13: 0.3815345 | P13: 0.4749389 | Q13: 0.42858 | R13: 0.2547363 | S13: 0.3281833 | T13: 0.3460522 | U13: 0.33734 | V13: 0.2880366 | W13: 0.46297 | X13: 0.4206378 | Y13: 0.4301067 | Z13: 0.4072478 | AA13: 0.3653611 | AB13: 0.2888987 | AC13: 0.3186893 | AD13: 0.4190389 | AE13: 0.7266589 | AF13: 0.8918744 | AG13: 0.87119 | AH13: 0.8707422 | AI13: 0.7605355 | AJ13: 0.8582922 | AK13: 0.9055455 | AL13: 0.9563144 | AM13: 0.87423 | AN13: 0.9333144 | AO13: 0.8677789 | AP13: 0.8580056 | AQ13: 0.8788056 | AR13: 0.7786155 | AS13: 0.6848411 | AT13: 0.6678289 | AU13: 0.9424511 | AV13: 0.9114389 | AW13: 0.8602155 | AX13: 0.8273444 | AY13: 0.7627989 | AZ13: 0.7399423 | BA13: 0.6994967 | BB13: 0.7697411 | BC13: 0.8693922 | BD13: 0.83874 | BE13: 0.8501189 | BF13: 0.7366722 | BG13: 0.7637345 | BH13: 0.7538978 | BI13: 0.6899644 | BJ13: 0.5923589 | BK13: 0.5698944 | BL13: 0.6698011 | BM13: 0.6844633 | BN13: 0.6751444 | BO13: 0.7212633 | BP13: 0.7249778 | BQ13: 0.7192422 | BR13: 0.5906789 | BS13: 0.75978 | BT13: 0.7925556 | BU13: 0.7978189 | BV13: 0.7070367 | BW13: 0.5829078 | BX13: 0.4924767 | BY13: 0.5815455 | BZ13: 0.6149644 | CA13: 0.5597489 | CB13: 0.5487145 | CC13: 0.5990633 | CD13: 0.7415267 | CE13: 0.8075044 | CF13: 0.7424878 | CG13: 0.6308967 | CH13: 0.6141889 | CI13: 0.6010967 | CJ13: 0.6940278 | CK13: 0.48171 | CL13: 0.4139711 | CM13: 0.3828756 | CN13: 0.3378978 | CO13: 0.4684422 | CP13: 0.50108 | CQ13: 0.43718 | CR13: 0.4217622 | CS13: 0.4158622 | CT13: 0.4731422
... A29: 14 | B29: Q | C29: 0.1903132 | D29: 0.2062109 | E29: 0.2126694 | F29: 0.2126694 | G29: 0.2126694 | H29: 0.2126694 | I29: 0.2126694 | J29: 0.2126694 | K29: 0.2126694 | L29: 0.2126694 | M29: 0.2126694 | N29: 0.2126694 | O29: 0.2106895 | P29: 0.211101 | Q29: 0.2096987 | R29: 0.2052598 | S29: 0.2063859 | T29: 0.2063859 | U29: 0.2063859 | V29: 0.2063859 | W29: 0.2063859 | X29: 0.2063859 | Y29: 0.2043705 | Z29: 0.2001872 | AA29: 0.1930072 | AB29: 0.1899123 | AC29: 0.1833808 | AD29: 0.1875609 | AE29: 0.1747627 | AF29: 0.1510366 | AG29: 0.1416407 | AH29: 0.1361002 | AI29: 0.1411938 | AJ29: 0.141141 | AK29: 0.1600617 | AL29: 0.1493138 | AM29: 0.1494521 | AN29: 0.1420506 | AO29: 0.1423 | AP29: 0.1508686 | AQ29: 0.1503918 | AR29: 0.1518426 | AS29: 0.1554361 | AT29: 0.1548178 | AU29: 0.1420757 | AV29: 0.1445214 | AW29: 0.1514801 | AX29: 0.1451084 | AY29: 0.1408124 | AZ29: 0.151244 | BA29: 0.1482744 | BB29: 0.1592791 | BC29: 0.1593864 | BD29: 0.1484057 | BE29: 0.1564542 | BF29: 0.1614515 | BG29: 0.1702414 | BH29: 0.1598281 | BI29: 0.1582365 | BJ29: 0.1516603 | BK29: 0.138062 | BL29: 0.14406 | BM29: 0.1466046 | BN29: 0.1556013 | BO29: 0.1497998 | BP29: 0.1456176 | BQ29: 0.1415595 | BR29: 0.1376994 | BS29: 0.1365276 | BT29: 0.1396845 | BU29: 0.14137 | BV29: 0.1355771 | BW29: 0.1449863 | BX29: 0.1377645 | BY29: 0.1508133 | BZ29: 0.1559312 | CA29: 0.1613247 | CB29: 0.1459777 | CC29: 0.1572808 | CD29: 0.1614846 | CE29: 0.1585748 | CF29: 0.158542 | CG29: 0.1640112 | CH29: 0.1654959 | CI29: 0.1603838 | CJ29: 0.1653423 | CK29: 0.1667244 | CL29: 0.1649588 | CM29: 0.1747278 | CN29: 0.1854055 | CO29: 0.1854055 | CP29: 0.1854055 | CQ29: 0.1854055 | CR29: 0.1854055 | CS29: 0.1854055 | CT29: 0.18921

Sheet KPC_35_S_Bd, 24h
A1: LoadID | B1: Type | C1: 0 | D1: 1 | E1: 2 | F1: 3 | G1: 4 | H1: 5 | I1: 6 | J1: 7 | K1: 8 | L1: 9 | M1: 10 | N1: 11 | O1: 12 | P1: 13 | Q1: 14 | R1: 15 | S1: 16 | T1: 17 | U1: 18 | V1: 19 | W1: 20 | X1: 21 | Y1: 22 | Z1: 23
A2: 1 | B2: P | C2: =AVERAGEIFS(KPC_35_S_Bd!$C2:$CT2,KPC_35_S_Bd!$C$1:$CT$1,'KPC_35_S_Bd, 24h'!C$1) -> 4.6571876 | D2: =AVERAGEIFS(KPC_35_S_Bd!$C2:$CT2,KPC_35_S_Bd!$C$1:$CT$1,'KPC_35_S_Bd, 24h'!D$1) -> 4.6702766 | E2: =AVERAGEIFS(KPC_35_S_Bd!$C2:$CT2,KPC_35_S_Bd!$C$1:$CT$1,'KPC_35_S_Bd, 24h'!E$1) -> 4.4635168 | F2: =AVERAGEIFS(KPC_35_S_Bd!$C2:$CT2,KPC_35_S_Bd!$C$1:$CT$1,'KPC_35_S_Bd, 24h'!F$1) -> 4.5050958 | G2: =AVERAGEIFS(KPC_35_S_Bd!$C2:$CT2,KPC_35_S_Bd!$C$1:$CT$1,'KPC_35_S_Bd, 24h'!G$1) -> 4.6162377 | H2: =AVERAGEIFS(KPC_35_S_Bd!$C2:$CT2,KPC_35_S_Bd!$C$1:$CT$1,'KPC_35_S_Bd, 24h'!H$1) -> 4.6519113 | I2: =AVERAGEIFS(KPC_35_S_Bd!$C2:$CT2,KPC_35_S_Bd!$C$1:$CT$1,'KPC_35_S_Bd, 24h'!I$1) -> 4.5425502 | J2: =AVERAGEIFS(KPC_35_S_Bd!$C2:$CT2,KPC_35_S_Bd!$C$1:$CT$1,'KPC_35_S_Bd, 24h'!J$1) -> 5.3853718 | ... Z2: =AVERAGEIFS(KPC_35_S_Bd!$C2:$CT2,KPC_35_S_Bd!$C$1:$CT$1,'KPC_35_S_Bd, 24h'!Z$1) -> 4.4492222
A3: 1 | B3: Q | C3: =AVERAGEIFS(KPC_35_S_Bd!$C3:$CT3,KPC_35_S_Bd!$C$1:$CT$1,'KPC_35_S_Bd, 24h'!C$1) -> 0.54699185 | D3: =AVERAGEIFS(KPC_35_S_Bd!$C3:$CT3,KPC_35_S_Bd!$C$1:$CT$1,'KPC_35_S_Bd, 24h'!D$1) -> 0.50018798 | E3: =AVERAGEIFS(KPC_35_S_Bd!$C3:$CT3,KPC_35_S_Bd!$C$1:$CT$1,'KPC_35_S_Bd, 24h'!E$1) -> 0.49996222 | F3: =AVERAGEIFS(KPC_35_S_Bd!$C3:$CT3,KPC_35_S_Bd!$C$1:$CT$1,'KPC_35_S_Bd, 24h'!F$1) -> 0.4625906 | G3: =AVERAGEIFS(KPC_35_S_Bd!$C3:$CT3,KPC_35_S_Bd!$C$1:$CT$1,'KPC_35_S_Bd, 24h'!G$1) -> 0.4722277 | H3: =AVERAGEIFS(KPC_35_S_Bd!$C3:$CT3,KPC_35_S_Bd!$C$1:$CT$1,'KPC_35_S_Bd, 24h'!H$1) -> 0.50589068 | I3: =AVERAGEIFS(KPC_35_S_Bd!$C3:$CT3,KPC_35_S_Bd!$C$1:$CT$1,'KPC_35_S_Bd, 24h'!I$1) -> 0.54020577 | J3: =AVERAGEIFS(KPC_35_S_Bd!$C3:$CT3,KPC_35_S_Bd!$C$1:$CT$1,'KPC_35_S_Bd, 24h'!J$1) -> 0.89652535 | ... Z3: =AVERAGEIFS(KPC_35_S_Bd!$C3:$CT3,KPC_35_S_Bd!$C$1:$CT$1,'KPC_35_S_Bd, 24h'!Z$1) -> 0.44071037
A4: 2 | B4: P | C4: =AVERAGEIFS(KPC_35_S_Bd!$C4:$CT4,KPC_35_S_Bd!$C$1:$CT$1,'KPC_35_S_Bd, 24h'!C$1) -> 1.415237 | D4: =AVERAGEIFS(KPC_35_S_Bd!$C4:$CT4,KPC_35_S_Bd!$C$1:$CT$1,'KPC_35_S_Bd, 24h'!D$1) -> 1.3032631 | E4: =AVERAGEIFS(KPC_35_S_Bd!$C4:$CT4,KPC_35_S_Bd!$C$1:$CT$1,'KPC_35_S_Bd, 24h'!E$1) -> 1.2094839 | F4: =AVERAGEIFS(KPC_35_S_Bd!$C4:$CT4,KPC_35_S_Bd!$C$1:$CT$1,'KPC_35_S_Bd, 24h'!F$1) -> 1.1771639 | G4: =AVERAGEIFS(KPC_35_S_Bd!$C4:$CT4,KPC_35_S_Bd!$C$1:$CT$1,'KPC_35_S_Bd, 24h'!G$1) -> 1.2224841 | H4: =AVERAGEIFS(KPC_35_S_Bd!$C4:$CT4,KPC_35_S_Bd!$C$1:$CT$1,'KPC_35_S_Bd, 24h'!H$1) -> 1.1864557 | I4: =AVERAGEIFS(KPC_35_S_Bd!$C4:$CT4,KPC_35_S_Bd!$C$1:$CT$1,'KPC_35_S_Bd, 24h'!I$1) -> 1.2038588 | J4: =AVERAGEIFS(KPC_35_S_Bd!$C4:$CT4,KPC_35_S_Bd!$C$1:$CT$1,'KPC_35_S_Bd, 24h'!J$1) -> 1.5966564 | ... Z4: =AVERAGEIFS(KPC_35_S_Bd!$C4:$CT4,KPC_35_S_Bd!$C$1:$CT$1,'KPC_35_S_Bd, 24h'!Z$1) -> 1.6720603
A5: 2 | B5: Q | C5: =AVERAGEIFS(KPC_35_S_Bd!$C5:$CT5,KPC_35_S_Bd!$C$1:$CT$1,'KPC_35_S_Bd, 24h'!C$1) -> -0.12920323 | D5: =AVERAGEIFS(KPC_35_S_Bd!$C5:$CT5,KPC_35_S_Bd!$C$1:$CT$1,'KPC_35_S_Bd, 24h'!D$1) -> -0.1272032 | E5: =AVERAGEIFS(KPC_35_S_Bd!$C5:$CT5,KPC_35_S_Bd!$C$1:$CT$1,'KPC_35_S_Bd, 24h'!E$1) -> -0.15043975 | F5: =AVERAGEIFS(KPC_35_S_Bd!$C5:$CT5,KPC_35_S_Bd!$C$1:$CT$1,'KPC_35_S_Bd, 24h'!F$1) -> -0.17663425 | G5: =AVERAGEIFS(KPC_35_S_Bd!$C5:$CT5,KPC_35_S_Bd!$C$1:$CT$1,'KPC_35_S_Bd, 24h'!G$1) -> -0.1567454 | H5: =AVERAGEIFS(KPC_35_S_Bd!$C5:$CT5,KPC_35_S_Bd!$C$1:$CT$1,'KPC_35_S_Bd, 24h'!H$1) -> -0.1800095 | I5: =AVERAGEIFS(KPC_35_S_Bd!$C5:$CT5,KPC_35_S_Bd!$C$1:$CT$1,'KPC_35_S_Bd, 24h'!I$1) -> -0.17370387 | J5: =AVERAGEIFS(KPC_35_S_Bd!$C5:$CT5,KPC_35_S_Bd!$C$1:$CT$1,'KPC_35_S_Bd, 24h'!J$1) -> -0.007090175 | ... Z5: =AVERAGEIFS(KPC_35_S_Bd!$C5:$CT5,KPC_35_S_Bd!$C$1:$CT$1,'KPC_35_S_Bd, 24h'!Z$1) -> -0.04957705
A6: 3 | B6: P | C6: =AVERAGEIFS(KPC_35_S_Bd!$C6:$CT6,KPC_35_S_Bd!$C$1:$CT$1,'KPC_35_S_Bd, 24h'!C$1) -> 3.4878278 | D6: =AVERAGEIFS(KPC_35_S_Bd!$C6:$CT6,KPC_35_S_Bd!$C$1:$CT$1,'KPC_35_S_Bd, 24h'!D$1) -> 3.1837686 | E6: =AVERAGEIFS(KPC_35_S_Bd!$C6:$CT6,KPC_35_S_Bd!$C$1:$CT$1,'KPC_35_S_Bd, 24h'!E$1) -> 3.0055739 | F6: =AVERAGEIFS(KPC_35_S_Bd!$C6:$CT6,KPC_35_S_Bd!$C$1:$CT$1,'KPC_35_S_Bd, 24h'!F$1) -> 3.0522975 | G6: =AVERAGEIFS(KPC_35_S_Bd!$C6:$CT6,KPC_35_S_Bd!$C$1:$CT$1,'KPC_35_S_Bd, 24h'!G$1) -> 3.1007185 | H6: =AVERAGEIFS(KPC_35_S_Bd!$C6:$CT6,KPC_35_S_Bd!$C$1:$CT$1,'KPC_35_S_Bd, 24h'!H$1) -> 3.1935011 | I6: =AVERAGEIFS(KPC_35_S_Bd!$C6:$CT6,KPC_35_S_Bd!$C$1:$CT$1,'KPC_35_S_Bd, 24h'!I$1) -> 3.8598008 | J6: =AVERAGEIFS(KPC_35_S_Bd!$C6:$CT6,KPC_35_S_Bd!$C$1:$CT$1,'KPC_35_S_Bd, 24h'!J$1) -> 4.9399228 | ... Z6: =AVERAGEIFS(KPC_35_S_Bd!$C6:$CT6,KPC_35_S_Bd!$C$1:$CT$1,'KPC_35_S_Bd, 24h'!Z$1) -> 3.9022506
A7: 3 | B7: Q | C7: =AVERAGEIFS(KPC_35_S_Bd!$C7:$CT7,KPC_35_S_Bd!$C$1:$CT$1,'KPC_35_S_Bd, 24h'!C$1) -> -0.53015948 | D7: =AVERAGEIFS(KPC_35_S_Bd!$C7:$CT7,KPC_35_S_Bd!$C$1:$CT$1,'KPC_35_S_Bd, 24h'!D$1) -> -0.5698472 | E7: =AVERAGEIFS(KPC_35_S_Bd!$C7:$CT7,KPC_35_S_Bd!$C$1:$CT$1,'KPC_35_S_Bd, 24h'!E$1) -> -0.59571665 | F7: =AVERAGEIFS(KPC_35_S_Bd!$C7:$CT7,KPC_35_S_Bd!$C$1:$CT$1,'KPC_35_S_Bd, 24h'!F$1) -> -0.56712447 | G7: =AVERAGEIFS(KPC_35_S_Bd!$C7:$CT7,KPC_35_S_Bd!$C$1:$CT$1,'KPC_35_S_Bd, 24h'!G$1) -> -0.60294487 | H7: =AVERAGEIFS(KPC_35_S_Bd!$C7:$CT7,KPC_35_S_Bd!$C$1:$CT$1,'KPC_35_S_Bd, 24h'!H$1) -> -0.57136802 | I7: =AVERAGEIFS(KPC_35_S_Bd!$C7:$CT7,KPC_35_S_Bd!$C$1:$CT$1,'KPC_35_S_Bd, 24h'!I$1) -> -0.383325 | J7: =AVERAGEIFS(KPC_35_S_Bd!$C7:$CT7,KPC_35_S_Bd!$C$1:$CT$1,'KPC_35_S_Bd, 24h'!J$1) -> 0.0264916 | ... Z7: =AVERAGEIFS(KPC_35_S_Bd!$C7:$CT7,KPC_35_S_Bd!$C$1:$CT$1,'KPC_35_S_Bd, 24h'!Z$1) -> -0.52314943
A8: 4 | B8: P | C8: =AVERAGEIFS(KPC_35_S_Bd!$C8:$CT8,KPC_35_S_Bd!$C$1:$CT$1,'KPC_35_S_Bd, 24h'!C$1) -> 0.3336368 | D8: =AVERAGEIFS(KPC_35_S_Bd!$C8:$CT8,KPC_35_S_Bd!$C$1:$CT$1,'KPC_35_S_Bd, 24h'!D$1) -> 0.22499632 | E8: =AVERAGEIFS(KPC_35_S_Bd!$C8:$CT8,KPC_35_S_Bd!$C$1:$CT$1,'KPC_35_S_Bd, 24h'!E$1) -> 0.1558425 | F8: =AVERAGEIFS(KPC_35_S_Bd!$C8:$CT8,KPC_35_S_Bd!$C$1:$CT$1,'KPC_35_S_Bd, 24h'!F$1) -> 0.14752287 | G8: =AVERAGEIFS(KPC_35_S_Bd!$C8:$CT8,KPC_35_S_Bd!$C$1:$CT$1,'KPC_35_S_Bd, 24h'!G$1) -> 0.18148172 | H8: =AVERAGEIFS(KPC_35_S_Bd!$C8:$CT8,KPC_35_S_Bd!$C$1:$CT$1,'KPC_35_S_Bd, 24h'!H$1) -> 0.19666255 | I8: =AVERAGEIFS(KPC_35_S_Bd!$C8:$CT8,KPC_35_S_Bd!$C$1:$CT$1,'KPC_35_S_Bd, 24h'!I$1) -> 0.28638615 | J8: =AVERAGEIFS(KPC_35_S_Bd!$C8:$CT8,KPC_35_S_Bd!$C$1:$CT$1,'KPC_35_S_Bd, 24h'!J$1) -> 0.66321137 | ... Z8: =AVERAGEIFS(KPC_35_S_Bd!$C8:$CT8,KPC_35_S_Bd!$C$1:$CT$1,'KPC_35_S_Bd, 24h'!Z$1) -> 0.5507929
A9: 4 | B9: Q | C9: =AVERAGEIFS(KPC_35_S_Bd!$C9:$CT9,KPC_35_S_Bd!$C$1:$CT$1,'KPC_35_S_Bd, 24h'!C$1) -> -0.63360015 | D9: =AVERAGEIFS(KPC_35_S_Bd!$C9:$CT9,KPC_35_S_Bd!$C$1:$CT$1,'KPC_35_S_Bd, 24h'!D$1) -> -0.65161437 | E9: =AVERAGEIFS(KPC_35_S_Bd!$C9:$CT9,KPC_35_S_Bd!$C$1:$CT$1,'KPC_35_S_Bd, 24h'!E$1) -> -0.66165618 | F9: =AVERAGEIFS(KPC_35_S_Bd!$C9:$CT9,KPC_35_S_Bd!$C$1:$CT$1,'KPC_35_S_Bd, 24h'!F$1) -> -0.671698 | G9: =AVERAGEIFS(KPC_35_S_Bd!$C9:$CT9,KPC_35_S_Bd!$C$1:$CT$1,'KPC_35_S_Bd, 24h'!G$1) -> -0.67597568 | H9: =AVERAGEIFS(KPC_35_S_Bd!$C9:$CT9,KPC_35_S_Bd!$C$1:$CT$1,'KPC_35_S_Bd, 24h'!H$1) -> -0.66450338 | I9: =AVERAGEIFS(KPC_35_S_Bd!$C9:$CT9,KPC_35_S_Bd!$C$1:$CT$1,'KPC_35_S_Bd, 24h'!I$1) -> -0.67211455 | J9: =AVERAGEIFS(KPC_35_S_Bd!$C9:$CT9,KPC_35_S_Bd!$C$1:$CT$1,'KPC_35_S_Bd, 24h'!J$1) -> -0.4626114 | ... Z9: =AVERAGEIFS(KPC_35_S_Bd!$C9:$CT9,KPC_35_S_Bd!$C$1:$CT$1,'KPC_35_S_Bd, 24h'!Z$1) -> -0.56158497
A10: 5 | B10: P | C10: =AVERAGEIFS(KPC_35_S_Bd!$C10:$CT10,KPC_35_S_Bd!$C$1:$CT$1,'KPC_35_S_Bd, 24h'!C$1) -> 2.9859173 | D10: =AVERAGEIFS(KPC_35_S_Bd!$C10:$CT10,KPC_35_S_Bd!$C$1:$CT$1,'KPC_35_S_Bd, 24h'!D$1) -> 2.629309 | E10: =AVERAGEIFS(KPC_35_S_Bd!$C10:$CT10,KPC_35_S_Bd!$C$1:$CT$1,'KPC_35_S_Bd, 24h'!E$1) -> 2.3796839 | F10: =AVERAGEIFS(KPC_35_S_Bd!$C10:$CT10,KPC_35_S_Bd!$C$1:$CT$1,'KPC_35_S_Bd, 24h'!F$1) -> 2.3602743 | G10: =AVERAGEIFS(KPC_35_S_Bd!$C10:$CT10,KPC_35_S_Bd!$C$1:$CT$1,'KPC_35_S_Bd, 24h'!G$1) -> 2.3825372 | H10: =AVERAGEIFS(KPC_35_S_Bd!$C10:$CT10,KPC_35_S_Bd!$C$1:$CT$1,'KPC_35_S_Bd, 24h'!H$1) -> 2.5671022 | I10: =AVERAGEIFS(KPC_35_S_Bd!$C10:$CT10,KPC_35_S_Bd!$C$1:$CT$1,'KPC_35_S_Bd, 24h'!I$1) -> 2.8487019 | J10: =AVERAGEIFS(KPC_35_S_Bd!$C10:$CT10,KPC_35_S_Bd!$C$1:$CT$1,'KPC_35_S_Bd, 24h'!J$1) -> 3.4277646 | ... Z10: =AVERAGEIFS(KPC_35_S_Bd!$C10:$CT10,KPC_35_S_Bd!$C$1:$CT$1,'KPC_35_S_Bd, 24h'!Z$1) -> 3.6298032
A11: 5 | B11: Q | C11: =AVERAGEIFS(KPC_35_S_Bd!$C11:$CT11,KPC_35_S_Bd!$C$1:$CT$1,'KPC_35_S_Bd, 24h'!C$1) -> -0.6871551 | D11: =AVERAGEIFS(KPC_35_S_Bd!$C11:$CT11,KPC_35_S_Bd!$C$1:$CT$1,'KPC_35_S_Bd, 24h'!D$1) -> -0.72496973 | E11: =AVERAGEIFS(KPC_35_S_Bd!$C11:$CT11,KPC_35_S_Bd!$C$1:$CT$1,'KPC_35_S_Bd, 24h'!E$1) -> -0.77804087 | F11: =AVERAGEIFS(KPC_35_S_Bd!$C11:$CT11,KPC_35_S_Bd!$C$1:$CT$1,'KPC_35_S_Bd, 24h'!F$1) -> -0.79396195 | G11: =AVERAGEIFS(KPC_35_S_Bd!$C11:$CT11,KPC_35_S_Bd!$C$1:$CT$1,'KPC_35_S_Bd, 24h'!G$1) -> -0.79238023 | H11: =AVERAGEIFS(KPC_35_S_Bd!$C11:$CT11,KPC_35_S_Bd!$C$1:$CT$1,'KPC_35_S_Bd, 24h'!H$1) -> -0.72290027 | I11: =AVERAGEIFS(KPC_35_S_Bd!$C11:$CT11,KPC_35_S_Bd!$C$1:$CT$1,'KPC_35_S_Bd, 24h'!I$1) -> -0.75981318 | J11: =AVERAGEIFS(KPC_35_S_Bd!$C11:$CT11,KPC_35_S_Bd!$C$1:$CT$1,'KPC_35_S_Bd, 24h'!J$1) -> -0.54179445 | ... Z11: =AVERAGEIFS(KPC_35_S_Bd!$C11:$CT11,KPC_35_S_Bd!$C$1:$CT$1,'KPC_35_S_Bd, 24h'!Z$1) -> -0.51944233
A12: 6 | B12: P | C12: =AVERAGEIFS(KPC_35_S_Bd!$C12:$CT12,KPC_35_S_Bd!$C$1:$CT$1,'KPC_35_S_Bd, 24h'!C$1) -> 5.1592611 | D12: =AVERAGEIFS(KPC_35_S_Bd!$C12:$CT12,KPC_35_S_Bd!$C$1:$CT$1,'KPC_35_S_Bd, 24h'!D$1) -> 4.8373556 | E12: =AVERAGEIFS(KPC_35_S_Bd!$C12:$CT12,KPC_35_S_Bd!$C$1:$CT$1,'KPC_35_S_Bd, 24h'!E$1) -> 4.6535584 | F12: =AVERAGEIFS(KPC_35_S_Bd!$C12:$CT12,KPC_35_S_Bd!$C$1:$CT$1,'KPC_35_S_Bd, 24h'!F$1) -> 4.5825751 | G12: =AVERAGEIFS(KPC_35_S_Bd!$C12:$CT12,KPC_35_S_Bd!$C$1:$CT$1,'KPC_35_S_Bd, 24h'!G$1) -> 4.5237584 | H12: =AVERAGEIFS(KPC_35_S_Bd!$C12:$CT12,KPC_35_S_Bd!$C$1:$CT$1,'KPC_35_S_Bd, 24h'!H$1) -> 4.7628444 | I12: =AVERAGEIFS(KPC_35_S_Bd!$C12:$CT12,KPC_35_S_Bd!$C$1:$CT$1,'KPC_35_S_Bd, 24h'!I$1) -> 4.8985444 | J12: =AVERAGEIFS(KPC_35_S_Bd!$C12:$CT12,KPC_35_S_Bd!$C$1:$CT$1,'KPC_35_S_Bd, 24h'!J$1) -> 6.1770083 | ... Z12: =AVERAGEIFS(KPC_35_S_Bd!$C12:$CT12,KPC_35_S_Bd!$C$1:$CT$1,'KPC_35_S_Bd, 24h'!Z$1) -> 5.1753722
A13: 6 | B13: Q | C13: =AVERAGEIFS(KPC_35_S_Bd!$C13:$CT13,KPC_35_S_Bd!$C$1:$CT$1,'KPC_35_S_Bd, 24h'!C$1) -> 0.5565822 | D13: =AVERAGEIFS(KPC_35_S_Bd!$C13:$CT13,KPC_35_S_Bd!$C$1:$CT$1,'KPC_35_S_Bd, 24h'!D$1) -> 0.43680003 | E13: =AVERAGEIFS(KPC_35_S_Bd!$C13:$CT13,KPC_35_S_Bd!$C$1:$CT$1,'KPC_35_S_Bd, 24h'!E$1) -> 0.30016498 | F13: =AVERAGEIFS(KPC_35_S_Bd!$C13:$CT13,KPC_35_S_Bd!$C$1:$CT$1,'KPC_35_S_Bd, 24h'!F$1) -> 0.38494743 | G13: =AVERAGEIFS(KPC_35_S_Bd!$C13:$CT13,KPC_35_S_Bd!$C$1:$CT$1,'KPC_35_S_Bd, 24h'!G$1) -> 0.32490303 | H13: =AVERAGEIFS(KPC_35_S_Bd!$C13:$CT13,KPC_35_S_Bd!$C$1:$CT$1,'KPC_35_S_Bd, 24h'!H$1) -> 0.43024058 | I13: =AVERAGEIFS(KPC_35_S_Bd!$C13:$CT13,KPC_35_S_Bd!$C$1:$CT$1,'KPC_35_S_Bd, 24h'!I$1) -> 0.347997 | J13: =AVERAGEIFS(KPC_35_S_Bd!$C13:$CT13,KPC_35_S_Bd!$C$1:$CT$1,'KPC_35_S_Bd, 24h'!J$1) -> 0.84011638 | ... Z13: =AVERAGEIFS(KPC_35_S_Bd!$C13:$CT13,KPC_35_S_Bd!$C$1:$CT$1,'KPC_35_S_Bd, 24h'!Z$1) -> 0.43698665
... A29: 14 | B29: Q | C29: =AVERAGEIFS(KPC_35_S_Bd!$C29:$CT29,KPC_35_S_Bd!$C$1:$CT$1,'KPC_35_S_Bd, 24h'!C$1) -> 0.20546572 | D29: =AVERAGEIFS(KPC_35_S_Bd!$C29:$CT29,KPC_35_S_Bd!$C$1:$CT$1,'KPC_35_S_Bd, 24h'!D$1) -> 0.2126694 | E29: =AVERAGEIFS(KPC_35_S_Bd!$C29:$CT29,KPC_35_S_Bd!$C$1:$CT$1,'KPC_35_S_Bd, 24h'!E$1) -> 0.2126694 | F29: =AVERAGEIFS(KPC_35_S_Bd!$C29:$CT29,KPC_35_S_Bd!$C$1:$CT$1,'KPC_35_S_Bd, 24h'!F$1) -> 0.20918725 | G29: =AVERAGEIFS(KPC_35_S_Bd!$C29:$CT29,KPC_35_S_Bd!$C$1:$CT$1,'KPC_35_S_Bd, 24h'!G$1) -> 0.2063859 | H29: =AVERAGEIFS(KPC_35_S_Bd!$C29:$CT29,KPC_35_S_Bd!$C$1:$CT$1,'KPC_35_S_Bd, 24h'!H$1) -> 0.20433238 | I29: =AVERAGEIFS(KPC_35_S_Bd!$C29:$CT29,KPC_35_S_Bd!$C$1:$CT$1,'KPC_35_S_Bd, 24h'!I$1) -> 0.1884653 | J29: =AVERAGEIFS(KPC_35_S_Bd!$C29:$CT29,KPC_35_S_Bd!$C$1:$CT$1,'KPC_35_S_Bd, 24h'!J$1) -> 0.15088505 | ... Z29: =AVERAGEIFS(KPC_35_S_Bd!$C29:$CT29,KPC_35_S_Bd!$C$1:$CT$1,'KPC_35_S_Bd, 24h'!Z$1) -> 0.18635662
