Workbook

Sheet KPC_35_Su_Sa
A1: LoadID | B1: Type | C1: 0 | D1: 0 | E1: 0 | F1: 0 | G1: =C1+1 -> 1 | H1: =D1+1 -> 1 | I1: =E1+1 -> 1 | J1: =F1+1 -> 1 | K1: =G1+1 -> 2 | L1: =H1+1 -> 2 | M1: =I1+1 -> 2 | N1: =J1+1 -> 2 | ... CT1: =CP1+1 -> 23
A2: 1 | B2: P | C2: 6.2797027 | D2: 6.0658712 | E2: 6.1159115 | F2: 6.0861683 | G2: 6.0013413 | H2: 6.0995102 | I2: 6.0402346 | J2: 5.9636688 | K2: 5.9648314 | L2: 5.9871941 | M2: 5.96486 | N2: 5.9286761 | O2: 6.0083051 | P2: 6.1391792 | Q2: 5.9062047 | R2: 5.8088565 | S2: 5.6994553 | T2: 5.7924571 | U2: 5.6615663 | V2: 5.689723 | W2: 5.5950494 | X2: 5.7075648 | Y2: 5.5468621 | Z2: 5.5771818 | AA2: 5.5674129 | AB2: 5.2094822 | AC2: 5.2904944 | AD2: 5.033546 | AE2: 5.218605 | AF2: 5.2897964 | AG2: 5.2539401 | AH2: 5.0934401 | AI2: 4.9912181 | AJ2: 5.0391693 | AK2: 5.217474 | AL2: 5.4863162 | AM2: 5.4158058 | AN2: 5.096559 | AO2: 5.1470313 | AP2: 5.1724687 | AQ2: 4.9459181 | AR2: 4.9273582 | AS2: 5.134171 | AT2: 5.1618872 | AU2: 5.1306024 | AV2: 4.8610406 | AW2: 4.8390608 | AX2: 4.8882136 | AY2: 4.8238392 | AZ2: 4.8969808 | BA2: 4.8484793 | BB2: 5.0201778 | BC2: 5.0678868 | BD2: 5.3403335 | BE2: 5.2512708 | BF2: 5.2452669 | BG2: 5.4029069 | BH2: 5.3447685 | BI2: 5.3003659 | BJ2: 5.1749911 | BK2: 5.4098325 | BL2: 5.3945045 | BM2: 5.1024857 | BN2: 5.1263242 | BO2: 4.9922318 | BP2: 5.040803 | BQ2: 5.1860528 | BR2: 5.2464881 | BS2: 5.2578344 | BT2: 5.2059789 | BU2: 5.266489 | BV2: 5.2678809 | BW2: 5.3009901 | BX2: 5.1430392 | BY2: 5.2887468 | BZ2: 5.2294431 | CA2: 5.3993993 | CB2: 5.4878149 | CC2: 5.2712684 | CD2: 5.4460626 | CE2: 5.1893754 | CF2: 5.1128421 | CG2: 5.2913408 | CH2: 5.4156184 | CI2: 5.1515641 | CJ2: 5.3662491 | CK2: 5.1171179 | CL2: 4.9375014 | CM2: 5.1680207 | CN2: 4.8128476 | CO2: 5.0027332 | CP2: 4.9811659 | CQ2: 4.8681908 | CR2: 4.9861779 | CS2: 4.9579673 | CT2: 5.0066061
A3: 1 | B3: Q | C3: 0.4513519 | D3: 0.3658763 | E3: 0.4056939 | F3: 0.4345323 | G3: 0.4234006 | H3: 0.4291225 | I3: 0.4534777 | J3: 0.4369318 | K3: 0.4489532 | L3: 0.4699071 | M3: 0.4510417 | N3: 0.4360392 | O3: 0.4564176 | P3: 0.4037232 | Q3: 0.3599625 | R3: 0.3233158 | S3: 0.2747642 | T3: 0.3203392 | U3: 0.3455813 | V3: 0.3677698 | W3: 0.3597293 | X3: 0.3614306 | Y3: 0.3364981 | Z3: 0.3392037 | AA3: 0.3044515 | AB3: 0.2169739 | AC3: 0.2330934 | AD3: 0.1796714 | AE3: 0.2142293 | AF3: 0.1600342 | AG3: 0.1881368 | AH3: 0.1937419 | AI3: 0.242564 | AJ3: 0.2400126 | AK3: 0.2540833 | AL3: 0.3320521 | AM3: 0.3563677 | AN3: 0.3229677 | AO3: 0.2766583 | AP3: 0.2673036 | AQ3: 0.2110982 | AR3: 0.2767356 | AS3: 0.2815674 | AT3: 0.2805625 | AU3: 0.2698547 | AV3: 0.231779 | AW3: 0.260075 | AX3: 0.3117961 | AY3: 0.2592631 | AZ3: 0.298576 | BA3: 0.272406 | BB3: 0.3056886 | BC3: 0.309013 | BD3: 0.389225 | BE3: 0.401673 | BF3: 0.3407106 | BG3: 0.3415225 | BH3: 0.3584921 | BI3: 0.2955221 | BJ3: 0.2999674 | BK3: 0.3638292 | BL3: 0.3806425 | BM3: 0.3373088 | BN3: 0.3195274 | BO3: 0.273527 | BP3: 0.2403605 | BQ3: 0.2502177 | BR3: 0.2720581 | BS3: 0.2881002 | BT3: 0.2452698 | BU3: 0.27747 | BV3: 0.2501017 | BW3: 0.2583742 | BX3: 0.2316633 | BY3: 0.2366109 | BZ3: 0.1794006 | CA3: 0.287443 | CB3: 0.2524211 | CC3: 0.2513387 | CD3: 0.312724 | CE3: 0.2747641 | CF3: 0.2416748 | CG3: 0.3163576 | CH3: 0.275228 | CI3: 0.2219606 | CJ3: 0.2659119 | CK3: 0.2112144 | CL3: 0.2138816 | CM3: 0.2327455 | CN3: 0.1819521 | CO3: 0.1989604 | CP3: 0.2154277 | CQ3: 0.1938192 | CR3: 0.2069622 | CS3: 0.2347556 | CT3: 0.2401288
A4: 2 | B4: P | C4: 1.4702837 | D4: 1.4463208 | E4: 1.385591 | F4: 1.3560947 | G4: 1.3258932 | H4: 1.3364838 | I4: 1.3110622 | J4: 1.2872339 | K4: 1.2895545 | L4: 1.294906 | M4: 1.1672784 | N4: 1.2595412 | O4: 1.2045636 | P4: 1.1189935 | Q4: 1.1386354 | R4: 1.139367 | S4: 1.125213 | T4: 1.1440988 | U4: 1.1408225 | V4: 1.1088777 | W4: 1.1158696 | X4: 1.1096967 | Y4: 1.0620776 | Z4: 1.0934137 | AA4: 1.1297938 | AB4: 1.1581699 | AC4: 1.2086509 | AD4: 1.1862526 | AE4: 1.2520136 | AF4: 1.3568879 | AG4: 1.4623579 | AH4: 1.5136045 | AI4: 1.5555669 | AJ4: 1.5513304 | AK4: 1.5820345 | AL4: 1.7192874 | AM4: 1.7518967 | AN4: 1.8159517 | AO4: 1.7782342 | AP4: 1.7196755 | AQ4: 1.7163188 | AR4: 1.7350366 | AS4: 1.7400401 | AT4: 1.7655528 | AU4: 1.7348291 | AV4: 1.7210649 | AW4: 1.7856324 | AX4: 1.767037 | AY4: 1.7638795 | AZ4: 1.7677295 | BA4: 1.7717071 | BB4: 1.7796724 | BC4: 1.7563845 | BD4: 1.7236661 | BE4: 1.689286 | BF4: 1.6422886 | BG4: 1.5946164 | BH4: 1.515756 | BI4: 1.4704288 | BJ4: 1.4842563 | BK4: 1.4897656 | BL4: 1.5139418 | BM4: 1.5090058 | BN4: 1.5139358 | BO4: 1.5068901 | BP4: 1.4785709 | BQ4: 1.4801095 | BR4: 1.4324471 | BS4: 1.4505932 | BT4: 1.4736003 | BU4: 1.4522208 | BV4: 1.5207312 | BW4: 1.5334724 | BX4: 1.542219 | BY4: 1.5853066 | BZ4: 1.6091461 | CA4: 1.7161952 | CB4: 1.7055547 | CC4: 1.7491488 | CD4: 1.7285153 | CE4: 1.7033647 | CF4: 1.7137449 | CG4: 1.763768 | CH4: 1.8119147 | CI4: 1.8425374 | CJ4: 1.818928 | CK4: 1.7468944 | CL4: 1.7148068 | CM4: 1.6898011 | CN4: 1.6289737 | CO4: 1.5154703 | CP4: 1.4677311 | CQ4: 1.3861207 | CR4: 1.3690915 | CS4: 1.3247063 | CT4: 1.254601
A5: 2 | B5: Q | C5: -0.028719 | D5: -0.0326516 | E5: -0.0444866 | F5: -0.0319033 | G5: -0.0353901 | H5: -0.0418315 | I5: -0.0397454 | J5: -0.035262 | K5: -0.0328422 | L5: -0.0396422 | M5: -0.0530194 | N5: -0.0266281 | O5: -0.0696436 | P5: -0.0445166 | Q5: -0.0360959 | R5: -0.0457254 | S5: -0.0487577 | T5: -0.0416407 | U5: -0.0450875 | V5: -0.0479373 | W5: -0.0428868 | X5: -0.0628103 | Y5: -0.0893012 | Z5: -0.0818199 | AA5: -0.077396 | AB5: -0.0781525 | AC5: -0.0531638 | AD5: -0.0466647 | AE5: -0.0132493 | AF5: 0.0168132 | AG5: 0.0710446 | AH5: 0.0950924 | AI5: 0.0903082 | AJ5: 0.0723654 | AK5: 0.046467 | AL5: 0.0977989 | AM5: 0.1140023 | AN5: 0.1050406 | AO5: 0.0977154 | AP5: 0.0491048 | AQ5: 0.0552826 | AR5: 0.0318695 | AS5: 0.0122185 | AT5: -0.0019894 | AU5: -0.0249087 | AV5: -0.0496796 | AW5: -0.0286386 | AX5: -0.0267195 | AY5: -0.035939 | AZ5: -0.0428517 | BA5: -0.0379437 | BB5: -0.0392573 | BC5: -0.0219256 | BD5: -0.0271313 | BE5: -0.0254264 | BF5: -0.0624612 | BG5: -0.0530321 | BH5: -0.0531396 | BI5: -0.0566679 | BJ5: -0.0694021 | BK5: -0.0467947 | BL5: -0.0522092 | BM5: -0.0468334 | BN5: -0.0204848 | BO5: -0.0218283 | BP5: -0.0295674 | BQ5: -0.0281213 | BR5: -0.0221096 | BS5: -0.0279967 | BT5: -0.0113902 | BU5: -0.006103 | BV5: 0.0117638 | BW5: 0.0297143 | BX5: 0.0637697 | BY5: 0.098345 | BZ5: 0.1156929 | CA5: 0.1456456 | CB5: 0.1496623 | CC5: 0.1435463 | CD5: 0.0977225 | CE5: 0.0750718 | CF5: 0.0596206 | CG5: 0.0625966 | CH5: 0.0698971 | CI5: 0.0619526 | CJ5: 0.0453473 | CK5: 0.028585 | CL5: 0.016638 | CM5: 0.0060378 | CN5: -0.0120696 | CO5: -0.042588 | CP5: -0.0510549 | CQ5: -0.068992 | CR5: -0.0406357 | CS5: -0.0378273 | CT5: -0.0583507
A6: 3 | B6: P | C6: 3.5515332 | D6: 3.4545555 | E6: 3.4271643 | F6: 3.3425088 | G6: 3.2344377 | H6: 3.2504177 | I6: 3.2709467 | J6: 3.1479867 | K6: 3.0794311 | L6: 2.9254622 | M6: 2.9619179 | N6: 3.1215 | O6: 3.0774112 | P6: 2.9703867 | Q6: 2.9489801 | R6: 2.9916377 | S6: 2.9497001 | T6: 3.045691 | U6: 3.0239155 | V6: 3.0166755 | W6: 3.0654511 | X6: 2.9830043 | Y6: 2.9470732 | Z6: 2.906359 | AA6: 3.1092677 | AB6: 3.3071244 | AC6: 3.2912445 | AD6: 3.4678333 | AE6: 3.6211333 | AF6: 3.8310666 | AG6: 3.8557 | AH6: 3.8909779 | AI6: 4.0250444 | AJ6: 4.0384445 | AK6: 4.0993891 | AL6: 4.1001444 | AM6: 4.0241556 | AN6: 3.9786777 | AO6: 4.1619778 | AP6: 4.2024446 | AQ6: 4.0684557 | AR6: 4.2361555 | AS6: 4.5137553 | AT6: 4.5645447 | AU6: 4.7335558 | AV6: 4.6432223 | AW6: 4.7471666 | AX6: 4.7470665 | AY6: 4.6796446 | AZ6: 4.617178 | BA6: 4.6457667 | BB6: 4.6868334 | BC6: 4.5045891 | BD6: 4.4761443 | BE6: 4.3796225 | BF6: 4.1890221 | BG6: 4.0092888 | BH6: 3.9923556 | BI6: 3.9234667 | BJ6: 3.8483667 | BK6: 3.792789 | BL6: 3.7972889 | BM6: 3.6165445 | BN6: 3.6203666 | BO6: 3.605211 | BP6: 3.6366999 | BQ6: 3.5351112 | BR6: 3.5142112 | BS6: 3.5726888 | BT6: 3.7057667 | BU6: 3.6902332 | BV6: 3.7359555 | BW6: 3.7352333 | BX6: 3.7875555 | BY6: 3.723789 | BZ6: 3.6801889 | CA6: 3.8401334 | CB6: 3.7909112 | CC6: 3.8869667 | CD6: 3.8733666 | CE6: 3.8463888 | CF6: 3.8308222 | CG6: 3.8569443 | CH6: 4.0062332 | CI6: 4.0408001 | CJ6: 4.0465331 | CK6: 3.9824667 | CL6: 3.9551666 | CM6: 3.8714666 | CN6: 3.8455112 | CO6: 3.7601779 | CP6: 3.6163778 | CQ6: 3.5290222 | CR6: 3.4263222 | CS6: 3.3682444 | CT6: 3.2517445
A7: 3 | B7: Q | C7: -0.14078 | D7: -0.1701446 | E7: -0.1440683 | F7: -0.1744118 | G7: -0.2250854 | H7: -0.2455016 | I7: -0.3579691 | J7: -0.3731647 | K7: -0.3250079 | L7: -0.3677896 | M7: -0.3753971 | N7: -0.3279026 | O7: -0.3368556 | P7: -0.3890499 | Q7: -0.3752547 | R7: -0.3665567 | S7: -0.3742728 | T7: -0.362895 | U7: -0.3584022 | V7: -0.3563672 | W7: -0.3462386 | X7: -0.4137422 | Y7: -0.4235717 | Z7: -0.4255529 | AA7: -0.3560337 | AB7: -0.3098164 | AC7: -0.313795 | AD7: -0.2525602 | AE7: -0.1786567 | AF7: -0.0968866 | AG7: -0.0352001 | AH7: -0.0634851 | AI7: -0.0411694 | AJ7: -0.0610526 | AK7: -0.1072846 | AL7: -0.1153012 | AM7: -0.1269614 | AN7: -0.1205602 | AO7: -0.0983684 | AP7: -0.0388452 | AQ7: -0.0484146 | AR7: -0.0509292 | AS7: -0.0219032 | AT7: -0.0260795 | AU7: 0.0125411 | AV7: -0.0205893 | AW7: -0.0054526 | AX7: -0.0610276 | AY7: -0.0484994 | AZ7: -0.0685956 | BA7: -0.0964118 | BB7: -0.1112857 | BC7: -0.1495624 | BD7: -0.1749609 | BE7: -0.2230091 | BF7: -0.3203691 | BG7: -0.2989192 | BH7: -0.3119396 | BI7: -0.3140929 | BJ7: -0.3280759 | BK7: -0.3456978 | BL7: -0.3289635 | BM7: -0.3432296 | BN7: -0.3356065 | BO7: -0.3020227 | BP7: -0.2667059 | BQ7: -0.3142353 | BR7: -0.3228111 | BS7: -0.325451 | BT7: -0.305006 | BU7: -0.313545 | BV7: -0.2811222 | BW7: -0.2713558 | BX7: -0.2568035 | BY7: -0.2605797 | BZ7: -0.270822 | CA7: -0.2462731 | CB7: -0.2581528 | CC7: -0.259448 | CD7: -0.2721958 | CE7: -0.2866378 | CF7: -0.2805236 | CG7: -0.2965333 | CH7: -0.2793341 | CI7: -0.2594073 | CJ7: -0.2606222 | CK7: -0.2693148 | CL7: -0.3341389 | CM7: -0.3346078 | CN7: -0.3375989 | CO7: -0.3410989 | CP7: -0.343 | CQ7: -0.3699689 | CR7: -0.3841656 | CS7: -0.3749111 | CT7: -0.4124833
A8: 4 | B8: P | C8: 0.3710056 | D8: 0.3164047 | E8: 0.3748043 | F8: 0.328606 | G8: 0.287035 | H8: 0.3097881 | I8: 0.2408469 | J8: 0.222955 | K8: 0.1908384 | L8: 0.2206733 | M8: 0.203574 | N8: 0.1573634 | O8: 0.2170189 | P8: 0.2573105 | Q8: 0.2641525 | R8: 0.2188273 | S8: 0.208944 | T8: 0.211722 | U8: 0.1741444 | V8: 0.1990933 | W8: 0.2403847 | X8: 0.2169131 | Y8: 0.0991824 | Z8: 0.1597656 | AA8: 0.2012467 | AB8: 0.2946448 | AC8: 0.3693192 | AD8: 0.4775703 | AE8: 0.5082365 | AF8: 0.6321253 | AG8: 0.7093411 | AH8: 0.8547522 | AI8: 0.813593 | AJ8: 0.8137541 | AK8: 0.7875589 | AL8: 0.7941136 | AM8: 0.8130473 | AN8: 0.8681958 | AO8: 0.870929 | AP8: 0.8864633 | AQ8: 0.8490148 | AR8: 0.9515715 | AS8: 0.9116271 | AT8: 0.9490108 | AU8: 0.8437155 | AV8: 0.8510934 | AW8: 0.8062488 | AX8: 0.8647567 | AY8: 0.90582 | AZ8: 0.8561181 | BA8: 0.9191082 | BB8: 0.8823086 | BC8: 0.8826571 | BD8: 0.8513429 | BE8: 0.8435305 | BF8: 0.7835953 | BG8: 0.7357448 | BH8: 0.6783113 | BI8: 0.6573937 | BJ8: 0.6146666 | BK8: 0.5818015 | BL8: 0.6312886 | BM8: 0.6898918 | BN8: 0.6355854 | BO8: 0.6001256 | BP8: 0.5820391 | BQ8: 0.5693321 | BR8: 0.6223388 | BS8: 0.6500967 | BT8: 0.6685004 | BU8: 0.648354 | BV8: 0.7315748 | BW8: 0.7730753 | BX8: 0.8032323 | BY8: 0.9012278 | BZ8: 0.8518423 | CA8: 0.8597 | CB8: 0.9083452 | CC8: 0.8763013 | CD8: 0.8888346 | CE8: 0.8786776 | CF8: 0.8390408 | CG8: 0.8052469 | CH8: 0.9225155 | CI8: 1.0241153 | CJ8: 1.041778 | CK8: 0.9785842 | CL8: 0.913046 | CM8: 0.8223583 | CN8: 0.7869884 | CO8: 0.7568747 | CP8: 0.6755441 | CQ8: 0.6663689 | CR8: 0.6109731 | CS8: 0.5146723 | CT8: 0.4724166
A9: 4 | B9: Q | C9: -0.4900431 | D9: -0.5315321 | E9: -0.5029393 | F9: -0.5290523 | G9: -0.531609 | H9: -0.5130687 | I9: -0.5232404 | J9: -0.5286837 | K9: -0.5340235 | L9: -0.5294578 | M9: -0.5225467 | N9: -0.5487375 | O9: -0.5394533 | P9: -0.5289265 | Q9: -0.5358955 | R9: -0.5501277 | S9: -0.5426233 | T9: -0.5479077 | U9: -0.5422444 | V9: -0.5249763 | W9: -0.5263528 | X9: -0.5763165 | Y9: -0.614728 | Z9: -0.5871739 | AA9: -0.575433 | AB9: -0.5845021 | AC9: -0.5279865 | AD9: -0.46542 | AE9: -0.4450781 | AF9: -0.4017235 | AG9: -0.3485467 | AH9: -0.3056648 | AI9: -0.320994 | AJ9: -0.3486287 | AK9: -0.3423354 | AL9: -0.3646022 | AM9: -0.3687965 | AN9: -0.3718854 | AO9: -0.4087892 | AP9: -0.4157879 | AQ9: -0.4186813 | AR9: -0.395754 | AS9: -0.4380942 | AT9: -0.4190387 | AU9: -0.4759939 | AV9: -0.5220682 | AW9: -0.5002875 | AX9: -0.5084865 | AY9: -0.4945056 | AZ9: -0.5219314 | BA9: -0.5142304 | BB9: -0.5047496 | BC9: -0.507211 | BD9: -0.5328026 | BE9: -0.5421962 | BF9: -0.5581707 | BG9: -0.5453942 | BH9: -0.5418444 | BI9: -0.545671 | BJ9: -0.5349644 | BK9: -0.5870623 | BL9: -0.5795271 | BM9: -0.5338803 | BN9: -0.5346665 | BO9: -0.5493366 | BP9: -0.5595055 | BQ9: -0.550813 | BR9: -0.5244612 | BS9: -0.5166745 | BT9: -0.5059497 | BU9: -0.4906159 | BV9: -0.4426087 | BW9: -0.425263 | BX9: -0.4171112 | BY9: -0.3623764 | BZ9: -0.3642502 | CA9: -0.3919756 | CB9: -0.3994611 | CC9: -0.4016857 | CD9: -0.4161323 | CE9: -0.4252381 | CF9: -0.4454421 | CG9: -0.456367 | CH9: -0.3873298 | CI9: -0.3764141 | CJ9: -0.385524 | CK9: -0.431673 | CL9: -0.4350823 | CM9: -0.4478802 | CN9: -0.4754385 | CO9: -0.4695109 | CP9: -0.4631131 | CQ9: -0.4513338 | CR9: -0.4905145 | CS9: -0.4967336 | CT9: -0.5062322
A10: 5 | B10: P | C10: 3.285464 | D10: 3.1075363 | E10: 3.002991 | F10: 2.9621906 | G10: 2.9825914 | H10: 2.8983288 | I10: 2.8099859 | J10: 2.7638035 | K10: 2.6931405 | L10: 2.6123667 | M10: 2.5629919 | N10: 2.5664811 | O10: 2.5175796 | P10: 2.532599 | Q10: 2.4948142 | R10: 2.5266268 | S10: 2.5123169 | T10: 2.5165741 | U10: 2.5398719 | V10: 2.4839339 | W10: 2.549747 | X10: 2.518585 | Y10: 2.3492312 | Z10: 2.4402349 | AA10: 2.5149779 | AB10: 2.5374477 | AC10: 2.6123669 | AD10: 2.7098751 | AE10: 2.8640916 | AF10: 2.9465795 | AG10: 3.133378 | AH10: 3.3178103 | AI10: 3.391192 | AJ10: 3.5378973 | AK10: 3.6072006 | AL10: 3.7713499 | AM10: 3.9059341 | AN10: 3.93751 | AO10: 3.9370372 | AP10: 4.1545238 | AQ10: 4.2322822 | AR10: 4.2857962 | AS10: 4.3786926 | AT10: 4.4459839 | AU10: 4.4702868 | AV10: 4.5174737 | AW10: 4.6158695 | AX10: 4.6954608 | AY10: 4.7087064 | AZ10: 4.7276282 | BA10: 4.6757693 | BB10: 4.6825695 | BC10: 4.6590352 | BD10: 4.618649 | BE10: 4.4898005 | BF10: 4.4169507 | BG10: 4.3145938 | BH10: 4.3012891 | BI10: 4.2035437 | BJ10: 4.1433482 | BK10: 4.1295109 | BL10: 4.0985847 | BM10: 4.0302877 | BN10: 4.0579615 | BO10: 4.0438881 | BP10: 3.9462023 | BQ10: 3.9266891 | BR10: 3.9394615 | BS10: 3.8631823 | BT10: 3.8865981 | BU10: 3.9262753 | BV10: 3.9097776 | BW10: 3.9481535 | BX10: 3.8649559 | BY10: 3.8668482 | BZ10: 3.8963544 | CA10: 3.9370966 | CB10: 3.9872997 | CC10: 4.0296383 | CD10: 3.9880099 | CE10: 4.0801363 | CF10: 4.0868177 | CG10: 4.1575389 | CH10: 4.3578191 | CI10: 4.6056986 | CJ10: 4.6091871 | CK10: 4.5191884 | CL10: 4.4343939 | CM10: 4.3989148 | CN10: 4.3745527 | CO10: 4.2454672 | CP10: 4.0500379 | CQ10: 3.9080029 | CR10: 3.7427301 | CS10: 3.5931861 | CT10: 3.523705
A11: 5 | B11: Q | C11: -0.2100505 | D11: -0.2572372 | E11: -0.2642147 | F11: -0.2772831 | G11: -0.256469 | H11: -0.2803584 | I11: -0.2846163 | J11: -0.3037753 | K11: -0.3274862 | L11: -0.3336359 | M11: -0.3437473 | N11: -0.334168 | O11: -0.3711842 | P11: -0.3668677 | Q11: -0.3804683 | R11: -0.3698837 | S11: -0.3689961 | T11: -0.3737862 | U11: -0.3647979 | V11: -0.4032343 | W11: -0.3665719 | X11: -0.3802318 | Y11: -0.4442119 | Z11: -0.4478194 | AA11: -0.4380036 | AB11: -0.451308 | AC11: -0.4369392 | AD11: -0.3948963 | AE11: -0.3834246 | AF11: -0.3607773 | AG11: -0.3286101 | AH11: -0.2953191 | AI11: -0.2974478 | AJ11: -0.2653977 | AK11: -0.2384333 | AL11: -0.1961551 | AM11: -0.1770554 | AN11: -0.2030141 | AO11: -0.1665298 | AP11: -0.153048 | AQ11: -0.1530482 | AR11: -0.1301647 | AS11: -0.1213534 | AT11: -0.0948028 | AU11: -0.1198164 | AV11: -0.0937981 | AW11: -0.0855788 | AX11: -0.1071022 | AY11: -0.1161495 | AZ11: -0.1290399 | BA11: -0.1301636 | BB11: -0.1392698 | BC11: -0.1177459 | BD11: -0.1434679 | BE11: -0.1725026 | BF11: -0.2022451 | BG11: -0.2209894 | BH11: -0.1962728 | BI11: -0.2107013 | BJ11: -0.218506 | BK11: -0.2189204 | BL11: -0.2039602 | BM11: -0.2002348 | BN11: -0.2179738 | BO11: -0.1980469 | BP11: -0.2289133 | BQ11: -0.2378422 | BR11: -0.2286173 | BS11: -0.2532168 | BT11: -0.2148993 | BU11: -0.1855111 | BV11: -0.1926071 | BW11: -0.1902414 | BX11: -0.1730341 | BY11: -0.1706101 | BZ11: -0.1997027 | CA11: -0.1880538 | CB11: -0.1858659 | CC11: -0.171556 | CD11: -0.2040191 | CE11: -0.1852748 | CF11: -0.1794203 | CG11: -0.2152541 | CH11: -0.0965768 | CI11: -0.0528794 | CJ11: -0.0726874 | CK11: -0.1026086 | CL11: -0.1074571 | CM11: -0.1175681 | CN11: -0.1197562 | CO11: -0.136609 | CP11: -0.1521602 | CQ11: -0.1547041 | CR11: -0.1900056 | CS11: -0.1885866 | CT11: -0.2031331
A12: 6 | B12: P | C12: 4.8678112 | D12: 4.7694778 | E12: 4.832211 | F12: 4.9491444 | G12: 4.8937001 | H12: 4.8907776 | I12: 4.881989 | J12: 4.9196887 | K12: 4.6441665 | L12: 4.5742998 | M12: 4.6833558 | N12: 4.8418221 | O12: 4.6206665 | P12: 4.6355109 | Q12: 4.7391558 | R12: 4.7991223 | S12: 4.7763109 | T12: 4.4893112 | U12: 4.515378 | V12: 4.598989 | W12: 4.7267332 | X12: 4.6632776 | Y12: 4.4058113 | Z12: 4.3751998 | AA12: 4.3884888 | AB12: 4.2712889 | AC12: 4.2120557 | AD12: 4.3583221 | AE12: 4.6611223 | AF12: 4.8004999 | AG12: 4.9103222 | AH12: 4.8352222 | AI12: 4.9300447 | AJ12: 5.0340443 | AK12: 5.0011334 | AL12: 5.1823335 | AM12: 5.1530333 | AN12: 5.2508669 | AO12: 5.4182668 | AP12: 5.4253001 | AQ12: 5.4697113 | AR12: 5.4891443 | AS12: 5.3477335 | AT12: 5.4115887 | AU12: 5.5002332 | AV12: 5.6257668 | AW12: 5.6685557 | AX12: 5.7563224 | AY12: 5.5590444 | AZ12: 5.5491776 | BA12: 5.6972332 | BB12: 5.5723886 | BC12: 5.4075332 | BD12: 5.5036998 | BE12: 5.3391333 | BF12: 5.1787558 | BG12: 4.9903998 | BH12: 4.9055109 | BI12: 4.906889 | BJ12: 4.8788223 | BK12: 4.9890223 | BL12: 5.1057224 | BM12: 5.0942445 | BN12: 4.9603443 | BO12: 4.9492779 | BP12: 4.9206667 | BQ12: 4.9136887 | BR12: 4.9217553 | BS12: 4.9164777 | BT12: 4.9076443 | BU12: 4.7265668 | BV12: 4.6163445 | BW12: 4.6917777 | BX12: 4.6878333 | BY12: 4.6517444 | BZ12: 4.6550331 | CA12: 4.8492446 | CB12: 5.0092998 | CC12: 5.0377111 | CD12: 4.9912558 | CE12: 4.8501668 | CF12: 4.8128109 | CG12: 4.6955557 | CH12: 4.9364333 | CI12: 5.0735779 | CJ12: 5.0263224 | CK12: 5.0804887 | CL12: 5.2333331 | CM12: 5.0871668 | CN12: 4.9071221 | CO12: 4.849122 | CP12: 4.7213445 | CQ12: 4.5285554 | CR12: 4.6003222 | CS12: 4.7100444 | CT12: 4.6830668
A13: 6 | B13: Q | C13: 0.69356 | D13: 0.5294967 | E13: 0.5933189 | F13: 0.59225 | G13: 0.5921034 | H13: 0.6496389 | I13: 0.6491544 | J13: 0.7047978 | K13: 0.5717822 | L13: 0.5219089 | M13: 0.6008489 | N13: 0.7085645 | O13: 0.6377456 | P13: 0.5892833 | Q13: 0.61663 | R13: 0.7903622 | S13: 0.7713611 | T13: 0.4986756 | U13: 0.5513656 | V13: 0.7012189 | W13: 0.7550955 | X13: 0.8111811 | Y13: 0.59298 | Z13: 0.5432433 | AA13: 0.5568711 | AB13: 0.5135067 | AC13: 0.4524378 | AD13: 0.5444244 | AE13: 0.71136 | AF13: 0.6654556 | AG13: 0.7087833 | AH13: 0.6532944 | AI13: 0.6594945 | AJ13: 0.6658989 | AK13: 0.6408345 | AL13: 0.8173544 | AM13: 0.8091255 | AN13: 0.8319322 | AO13: 0.9452745 | AP13: 0.9136844 | AQ13: 0.91172 | AR13: 0.8407167 | AS13: 0.7192633 | AT13: 0.7359878 | AU13: 0.8440145 | AV13: 0.8644966 | AW13: 0.8386866 | AX13: 0.8960711 | AY13: 0.8326478 | AZ13: 0.7807744 | BA13: 0.8529367 | BB13: 0.8436856 | BC13: 0.8094811 | BD13: 0.8503722 | BE13: 0.8332145 | BF13: 0.74202 | BG13: 0.6993234 | BH13: 0.6764455 | BI13: 0.6619611 | BJ13: 0.6134289 | BK13: 0.6849333 | BL13: 0.7415333 | BM13: 0.7341033 | BN13: 0.6526945 | BO13: 0.56843 | BP13: 0.6275634 | BQ13: 0.6390134 | BR13: 0.6833789 | BS13: 0.7439178 | BT13: 0.7478366 | BU13: 0.6144733 | BV13: 0.4783745 | BW13: 0.5335566 | BX13: 0.5454478 | BY13: 0.5100634 | BZ13: 0.48816 | CA13: 0.6473666 | CB13: 0.7391378 | CC13: 0.6667266 | CD13: 0.7033845 | CE13: 0.64598 | CF13: 0.6518744 | CG13: 0.5516989 | CH13: 0.5746089 | CI13: 0.5681456 | CJ13: 0.5205944 | CK13: 0.5906656 | CL13: 0.8421856 | CM13: 0.80726 | CN13: 0.6883433 | CO13: 0.6274922 | CP13: 0.5516344 | CQ13: 0.5355366 | CR13: 0.5335022 | CS13: 0.6457089 | CT13: 0.6771522
... A29: 14 | B29: Q | C29: 0.1200138 | D29: 0.1200138 | E29: 0.1145853 | F29: 0.1109214 | G29: 0.1109214 | H29: 0.1102794 | I29: 0.1110919 | J29: 0.1110919 | K29: 0.1110919 | L29: 0.1110919 | M29: 0.1110919 | N29: 0.1110919 | O29: 0.1110919 | P29: 0.1110919 | Q29: 0.1110919 | R29: 0.1110919 | S29: 0.1110919 | T29: 0.1110919 | U29: 0.1110919 | V29: 0.1110919 | W29: 0.1110919 | X29: 0.1110919 | Y29: 0.1110919 | Z29: 0.1110919 | AA29: 0.1110919 | AB29: 0.1110919 | AC29: 0.1110919 | AD29: 0.1110919 | AE29: 0.1110919 | AF29: 0.1034037 | AG29: 0.1041486 | AH29: 0.1053056 | AI29: 0.1035599 | AJ29: 0.0972112 | AK29: 0.0982137 | AL29: 0.0953502 | AM29: 0.0785421 | AN29: 0.0937771 | AO29: 0.0937771 | AP29: 0.0937771 | AQ29: 0.0921178 | AR29: 0.088583 | AS29: 0.0873094 | AT29: 0.0887885 | AU29: 0.0724249 | AV29: 0.0803853 | AW29: 0.0793902 | AX29: 0.0824185 | AY29: 0.0814217 | AZ29: 0.0849203 | BA29: 0.0931735 | BB29: 0.0916322 | BC29: 0.100416 | BD29: 0.0990664 | BE29: 0.0990664 | BF29: 0.0973662 | BG29: 0.0939716 | BH29: 0.0840909 | BI29: 0.0935671 | BJ29: 0.093802 | BK29: 0.0944713 | BL29: 0.1059612 | BM29: 0.0984255 | BN29: 0.0926078 | BO29: 0.0937994 | BP29: 0.0953203 | BQ29: 0.0885075 | BR29: 0.0885075 | BS29: 0.0885075 | BT29: 0.0935315 | BU29: 0.0892771 | BV29: 0.0890074 | BW29: 0.0946974 | BX29: 0.0946974 | BY29: 0.0946974 | BZ29: 0.0946974 | CA29: 0.0946974 | CB29: 0.0946974 | CC29: 0.0946974 | CD29: 0.0936981 | CE29: 0.096273 | CF29: 0.0915865 | CG29: 0.0915865 | CH29: 0.0994725 | CI29: 0.1118648 | CJ29: 0.1118648 | CK29: 0.1118648 | CL29: 0.1115697 | CM29: 0.1074382 | CN29: 0.1074382 | CO29: 0.1074382 | CP29: 0.1074382 | CQ29: 0.1074382 | CR29: 0.1074382 | CS29: 0.1257522 | CT29: 0.127539

Sheet KPC_35_Su_Sa, 24h
A1: LoadID | B1: Type | C1: 0 | D1: 1 | E1: 2 | F1: 3 | G1: 4 | H1: 5 | I1: 6 | J1: 7 | K1: 8 | L1: 9 | M1: 10 | N1: 11 | O1: 12 | P1: 13 | Q1: 14 | R1: 15 | S1: 16 | T1: 17 | U1: 18 | V1: 19 | W1: 20 | X1: 21 | Y1: 22 | Z1: 23
A2: 1 | B2: P | C2: =AVERAGEIFS(KPC_35_Su_Sa!$C2:$CT2,KPC_35_Su_Sa!$C$1:$CT$1,'KPC_35_Su_Sa, 24h'!C$1) -> 6.1369134 | D2: =AVERAGEIFS(KPC_35_Su_Sa!$C2:$CT2,KPC_35_Su_Sa!$C$1:$CT$1,'KPC_35_Su_Sa, 24h'!D$1) -> 6.0261887 | E2: =AVERAGEIFS(KPC_35_Su_Sa!$C2:$CT2,KPC_35_Su_Sa!$C$1:$CT$1,'KPC_35_Su_Sa, 24h'!E$1) -> 5.9613904 | F2: =AVERAGEIFS(KPC_35_Su_Sa!$C2:$CT2,KPC_35_Su_Sa!$C$1:$CT$1,'KPC_35_Su_Sa, 24h'!F$1) -> 5.9656364 | G2: =AVERAGEIFS(KPC_35_Su_Sa!$C2:$CT2,KPC_35_Su_Sa!$C$1:$CT$1,'KPC_35_Su_Sa, 24h'!G$1) -> 5.7108004 | H2: =AVERAGEIFS(KPC_35_Su_Sa!$C2:$CT2,KPC_35_Su_Sa!$C$1:$CT$1,'KPC_35_Su_Sa, 24h'!H$1) -> 5.6066645 | I2: =AVERAGEIFS(KPC_35_Su_Sa!$C2:$CT2,KPC_35_Su_Sa!$C$1:$CT$1,'KPC_35_Su_Sa, 24h'!I$1) -> 5.2752339 | J2: =AVERAGEIFS(KPC_35_Su_Sa!$C2:$CT2,KPC_35_Su_Sa!$C$1:$CT$1,'KPC_35_Su_Sa, 24h'!J$1) -> 5.2139454 | ... Z2: =AVERAGEIFS(KPC_35_Su_Sa!$C2:$CT2,KPC_35_Su_Sa!$C$1:$CT$1,'KPC_35_Su_Sa, 24h'!Z$1) -> 4.9547355
A3: 1 | B3: Q | C3: =AVERAGEIFS(KPC_35_Su_Sa!$C3:$CT3,KPC_35_Su_Sa!$C$1:$CT$1,'KPC_35_Su_Sa, 24h'!C$1) -> 0.4143636 | D3: =AVERAGEIFS(KPC_35_Su_Sa!$C3:$CT3,KPC_35_Su_Sa!$C$1:$CT$1,'KPC_35_Su_Sa, 24h'!D$1) -> 0.43573315 | E3: =AVERAGEIFS(KPC_35_Su_Sa!$C3:$CT3,KPC_35_Su_Sa!$C$1:$CT$1,'KPC_35_Su_Sa, 24h'!E$1) -> 0.4514853 | F3: =AVERAGEIFS(KPC_35_Su_Sa!$C3:$CT3,KPC_35_Su_Sa!$C$1:$CT$1,'KPC_35_Su_Sa, 24h'!F$1) -> 0.38585477 | G3: =AVERAGEIFS(KPC_35_Su_Sa!$C3:$CT3,KPC_35_Su_Sa!$C$1:$CT$1,'KPC_35_Su_Sa, 24h'!G$1) -> 0.32711362 | H3: =AVERAGEIFS(KPC_35_Su_Sa!$C3:$CT3,KPC_35_Su_Sa!$C$1:$CT$1,'KPC_35_Su_Sa, 24h'!H$1) -> 0.34921543 | I3: =AVERAGEIFS(KPC_35_Su_Sa!$C3:$CT3,KPC_35_Su_Sa!$C$1:$CT$1,'KPC_35_Su_Sa, 24h'!I$1) -> 0.23354755 | J3: =AVERAGEIFS(KPC_35_Su_Sa!$C3:$CT3,KPC_35_Su_Sa!$C$1:$CT$1,'KPC_35_Su_Sa, 24h'!J$1) -> 0.18903555 | ... Z3: =AVERAGEIFS(KPC_35_Su_Sa!$C3:$CT3,KPC_35_Su_Sa!$C$1:$CT$1,'KPC_35_Su_Sa, 24h'!Z$1) -> 0.21891645
A4: 2 | B4: P | C4: =AVERAGEIFS(KPC_35_Su_Sa!$C4:$CT4,KPC_35_Su_Sa!$C$1:$CT$1,'KPC_35_Su_Sa, 24h'!C$1) -> 1.4145725 | D4: =AVERAGEIFS(KPC_35_Su_Sa!$C4:$CT4,KPC_35_Su_Sa!$C$1:$CT$1,'KPC_35_Su_Sa, 24h'!D$1) -> 1.3151683 | E4: =AVERAGEIFS(KPC_35_Su_Sa!$C4:$CT4,KPC_35_Su_Sa!$C$1:$CT$1,'KPC_35_Su_Sa, 24h'!E$1) -> 1.25282 | F4: =AVERAGEIFS(KPC_35_Su_Sa!$C4:$CT4,KPC_35_Su_Sa!$C$1:$CT$1,'KPC_35_Su_Sa, 24h'!F$1) -> 1.1503899 | G4: =AVERAGEIFS(KPC_35_Su_Sa!$C4:$CT4,KPC_35_Su_Sa!$C$1:$CT$1,'KPC_35_Su_Sa, 24h'!G$1) -> 1.129753 | H4: =AVERAGEIFS(KPC_35_Su_Sa!$C4:$CT4,KPC_35_Su_Sa!$C$1:$CT$1,'KPC_35_Su_Sa, 24h'!H$1) -> 1.0952644 | I4: =AVERAGEIFS(KPC_35_Su_Sa!$C4:$CT4,KPC_35_Su_Sa!$C$1:$CT$1,'KPC_35_Su_Sa, 24h'!I$1) -> 1.1707168 | J4: =AVERAGEIFS(KPC_35_Su_Sa!$C4:$CT4,KPC_35_Su_Sa!$C$1:$CT$1,'KPC_35_Su_Sa, 24h'!J$1) -> 1.396216 | ... Z4: =AVERAGEIFS(KPC_35_Su_Sa!$C4:$CT4,KPC_35_Su_Sa!$C$1:$CT$1,'KPC_35_Su_Sa, 24h'!Z$1) -> 1.3336299
A5: 2 | B5: Q | C5: =AVERAGEIFS(KPC_35_Su_Sa!$C5:$CT5,KPC_35_Su_Sa!$C$1:$CT$1,'KPC_35_Su_Sa, 24h'!C$1) -> -0.034440125 | D5: =AVERAGEIFS(KPC_35_Su_Sa!$C5:$CT5,KPC_35_Su_Sa!$C$1:$CT$1,'KPC_35_Su_Sa, 24h'!D$1) -> -0.03805725 | E5: =AVERAGEIFS(KPC_35_Su_Sa!$C5:$CT5,KPC_35_Su_Sa!$C$1:$CT$1,'KPC_35_Su_Sa, 24h'!E$1) -> -0.038032975 | F5: =AVERAGEIFS(KPC_35_Su_Sa!$C5:$CT5,KPC_35_Su_Sa!$C$1:$CT$1,'KPC_35_Su_Sa, 24h'!F$1) -> -0.048995375 | G5: =AVERAGEIFS(KPC_35_Su_Sa!$C5:$CT5,KPC_35_Su_Sa!$C$1:$CT$1,'KPC_35_Su_Sa, 24h'!G$1) -> -0.0458558 | H5: =AVERAGEIFS(KPC_35_Su_Sa!$C5:$CT5,KPC_35_Su_Sa!$C$1:$CT$1,'KPC_35_Su_Sa, 24h'!H$1) -> -0.06920455 | I5: =AVERAGEIFS(KPC_35_Su_Sa!$C5:$CT5,KPC_35_Su_Sa!$C$1:$CT$1,'KPC_35_Su_Sa, 24h'!I$1) -> -0.06384425 | J5: =AVERAGEIFS(KPC_35_Su_Sa!$C5:$CT5,KPC_35_Su_Sa!$C$1:$CT$1,'KPC_35_Su_Sa, 24h'!J$1) -> 0.042425225 | ... Z5: =AVERAGEIFS(KPC_35_Su_Sa!$C5:$CT5,KPC_35_Su_Sa!$C$1:$CT$1,'KPC_35_Su_Sa, 24h'!Z$1) -> -0.051451425
A6: 3 | B6: P | C6: =AVERAGEIFS(KPC_35_Su_Sa!$C6:$CT6,KPC_35_Su_Sa!$C$1:$CT$1,'KPC_35_Su_Sa, 24h'!C$1) -> 3.4439405 | D6: =AVERAGEIFS(KPC_35_Su_Sa!$C6:$CT6,KPC_35_Su_Sa!$C$1:$CT$1,'KPC_35_Su_Sa, 24h'!D$1) -> 3.2259472 | E6: =AVERAGEIFS(KPC_35_Su_Sa!$C6:$CT6,KPC_35_Su_Sa!$C$1:$CT$1,'KPC_35_Su_Sa, 24h'!E$1) -> 3.0220778 | F6: =AVERAGEIFS(KPC_35_Su_Sa!$C6:$CT6,KPC_35_Su_Sa!$C$1:$CT$1,'KPC_35_Su_Sa, 24h'!F$1) -> 2.9971039 | G6: =AVERAGEIFS(KPC_35_Su_Sa!$C6:$CT6,KPC_35_Su_Sa!$C$1:$CT$1,'KPC_35_Su_Sa, 24h'!G$1) -> 3.0089955 | H6: =AVERAGEIFS(KPC_35_Su_Sa!$C6:$CT6,KPC_35_Su_Sa!$C$1:$CT$1,'KPC_35_Su_Sa, 24h'!H$1) -> 2.9754719 | I6: =AVERAGEIFS(KPC_35_Su_Sa!$C6:$CT6,KPC_35_Su_Sa!$C$1:$CT$1,'KPC_35_Su_Sa, 24h'!I$1) -> 3.2938675 | J6: =AVERAGEIFS(KPC_35_Su_Sa!$C6:$CT6,KPC_35_Su_Sa!$C$1:$CT$1,'KPC_35_Su_Sa, 24h'!J$1) -> 3.7997195 | ... Z6: =AVERAGEIFS(KPC_35_Su_Sa!$C6:$CT6,KPC_35_Su_Sa!$C$1:$CT$1,'KPC_35_Su_Sa, 24h'!Z$1) -> 3.3938333
A7: 3 | B7: Q | C7: =AVERAGEIFS(KPC_35_Su_Sa!$C7:$CT7,KPC_35_Su_Sa!$C$1:$CT$1,'KPC_35_Su_Sa, 24h'!C$1) -> -0.15735118 | D7: =AVERAGEIFS(KPC_35_Su_Sa!$C7:$CT7,KPC_35_Su_Sa!$C$1:$CT$1,'KPC_35_Su_Sa, 24h'!D$1) -> -0.3004302 | E7: =AVERAGEIFS(KPC_35_Su_Sa!$C7:$CT7,KPC_35_Su_Sa!$C$1:$CT$1,'KPC_35_Su_Sa, 24h'!E$1) -> -0.3490243 | F7: =AVERAGEIFS(KPC_35_Su_Sa!$C7:$CT7,KPC_35_Su_Sa!$C$1:$CT$1,'KPC_35_Su_Sa, 24h'!F$1) -> -0.36692923 | G7: =AVERAGEIFS(KPC_35_Su_Sa!$C7:$CT7,KPC_35_Su_Sa!$C$1:$CT$1,'KPC_35_Su_Sa, 24h'!G$1) -> -0.3629843 | H7: =AVERAGEIFS(KPC_35_Su_Sa!$C7:$CT7,KPC_35_Su_Sa!$C$1:$CT$1,'KPC_35_Su_Sa, 24h'!H$1) -> -0.40227635 | I7: =AVERAGEIFS(KPC_35_Su_Sa!$C7:$CT7,KPC_35_Su_Sa!$C$1:$CT$1,'KPC_35_Su_Sa, 24h'!I$1) -> -0.30805132 | J7: =AVERAGEIFS(KPC_35_Su_Sa!$C7:$CT7,KPC_35_Su_Sa!$C$1:$CT$1,'KPC_35_Su_Sa, 24h'!J$1) -> -0.093557125 | ... Z7: =AVERAGEIFS(KPC_35_Su_Sa!$C7:$CT7,KPC_35_Su_Sa!$C$1:$CT$1,'KPC_35_Su_Sa, 24h'!Z$1) -> -0.38538222
A8: 4 | B8: P | C8: =AVERAGEIFS(KPC_35_Su_Sa!$C8:$CT8,KPC_35_Su_Sa!$C$1:$CT$1,'KPC_35_Su_Sa, 24h'!C$1) -> 0.34770515 | D8: =AVERAGEIFS(KPC_35_Su_Sa!$C8:$CT8,KPC_35_Su_Sa!$C$1:$CT$1,'KPC_35_Su_Sa, 24h'!D$1) -> 0.26515625 | E8: =AVERAGEIFS(KPC_35_Su_Sa!$C8:$CT8,KPC_35_Su_Sa!$C$1:$CT$1,'KPC_35_Su_Sa, 24h'!E$1) -> 0.19311227 | F8: =AVERAGEIFS(KPC_35_Su_Sa!$C8:$CT8,KPC_35_Su_Sa!$C$1:$CT$1,'KPC_35_Su_Sa, 24h'!F$1) -> 0.2393273 | G8: =AVERAGEIFS(KPC_35_Su_Sa!$C8:$CT8,KPC_35_Su_Sa!$C$1:$CT$1,'KPC_35_Su_Sa, 24h'!G$1) -> 0.19847592 | H8: =AVERAGEIFS(KPC_35_Su_Sa!$C8:$CT8,KPC_35_Su_Sa!$C$1:$CT$1,'KPC_35_Su_Sa, 24h'!H$1) -> 0.17906145 | I8: =AVERAGEIFS(KPC_35_Su_Sa!$C8:$CT8,KPC_35_Su_Sa!$C$1:$CT$1,'KPC_35_Su_Sa, 24h'!I$1) -> 0.33569525 | J8: =AVERAGEIFS(KPC_35_Su_Sa!$C8:$CT8,KPC_35_Su_Sa!$C$1:$CT$1,'KPC_35_Su_Sa, 24h'!J$1) -> 0.67611378 | ... Z8: =AVERAGEIFS(KPC_35_Su_Sa!$C8:$CT8,KPC_35_Su_Sa!$C$1:$CT$1,'KPC_35_Su_Sa, 24h'!Z$1) -> 0.56610772
A9: 4 | B9: Q | C9: =AVERAGEIFS(KPC_35_Su_Sa!$C9:$CT9,KPC_35_Su_Sa!$C$1:$CT$1,'KPC_35_Su_Sa, 24h'!C$1) -> -0.5133917 | D9: =AVERAGEIFS(KPC_35_Su_Sa!$C9:$CT9,KPC_35_Su_Sa!$C$1:$CT$1,'KPC_35_Su_Sa, 24h'!D$1) -> -0.52415045 | E9: =AVERAGEIFS(KPC_35_Su_Sa!$C9:$CT9,KPC_35_Su_Sa!$C$1:$CT$1,'KPC_35_Su_Sa, 24h'!E$1) -> -0.53369137 | F9: =AVERAGEIFS(KPC_35_Su_Sa!$C9:$CT9,KPC_35_Su_Sa!$C$1:$CT$1,'KPC_35_Su_Sa, 24h'!F$1) -> -0.53860075 | G9: =AVERAGEIFS(KPC_35_Su_Sa!$C9:$CT9,KPC_35_Su_Sa!$C$1:$CT$1,'KPC_35_Su_Sa, 24h'!G$1) -> -0.53943792 | H9: =AVERAGEIFS(KPC_35_Su_Sa!$C9:$CT9,KPC_35_Su_Sa!$C$1:$CT$1,'KPC_35_Su_Sa, 24h'!H$1) -> -0.5761428 | I9: =AVERAGEIFS(KPC_35_Su_Sa!$C9:$CT9,KPC_35_Su_Sa!$C$1:$CT$1,'KPC_35_Su_Sa, 24h'!I$1) -> -0.5383354 | J9: =AVERAGEIFS(KPC_35_Su_Sa!$C9:$CT9,KPC_35_Su_Sa!$C$1:$CT$1,'KPC_35_Su_Sa, 24h'!J$1) -> -0.37525327 | ... Z9: =AVERAGEIFS(KPC_35_Su_Sa!$C9:$CT9,KPC_35_Su_Sa!$C$1:$CT$1,'KPC_35_Su_Sa, 24h'!Z$1) -> -0.48620352
A10: 5 | B10: P | C10: =AVERAGEIFS(KPC_35_Su_Sa!$C10:$CT10,KPC_35_Su_Sa!$C$1:$CT$1,'KPC_35_Su_Sa, 24h'!C$1) -> 3.0895455 | D10: =AVERAGEIFS(KPC_35_Su_Sa!$C10:$CT10,KPC_35_Su_Sa!$C$1:$CT$1,'KPC_35_Su_Sa, 24h'!D$1) -> 2.8636774 | E10: =AVERAGEIFS(KPC_35_Su_Sa!$C10:$CT10,KPC_35_Su_Sa!$C$1:$CT$1,'KPC_35_Su_Sa, 24h'!E$1) -> 2.6087451 | F10: =AVERAGEIFS(KPC_35_Su_Sa!$C10:$CT10,KPC_35_Su_Sa!$C$1:$CT$1,'KPC_35_Su_Sa, 24h'!F$1) -> 2.5179049 | G10: =AVERAGEIFS(KPC_35_Su_Sa!$C10:$CT10,KPC_35_Su_Sa!$C$1:$CT$1,'KPC_35_Su_Sa, 24h'!G$1) -> 2.5131742 | H10: =AVERAGEIFS(KPC_35_Su_Sa!$C10:$CT10,KPC_35_Su_Sa!$C$1:$CT$1,'KPC_35_Su_Sa, 24h'!H$1) -> 2.4644495 | I10: =AVERAGEIFS(KPC_35_Su_Sa!$C10:$CT10,KPC_35_Su_Sa!$C$1:$CT$1,'KPC_35_Su_Sa, 24h'!I$1) -> 2.5936669 | J10: =AVERAGEIFS(KPC_35_Su_Sa!$C10:$CT10,KPC_35_Su_Sa!$C$1:$CT$1,'KPC_35_Su_Sa, 24h'!J$1) -> 3.0654649 | ... Z10: =AVERAGEIFS(KPC_35_Su_Sa!$C10:$CT10,KPC_35_Su_Sa!$C$1:$CT$1,'KPC_35_Su_Sa, 24h'!Z$1) -> 3.691906
A11: 5 | B11: Q | C11: =AVERAGEIFS(KPC_35_Su_Sa!$C11:$CT11,KPC_35_Su_Sa!$C$1:$CT$1,'KPC_35_Su_Sa, 24h'!C$1) -> -0.25219638 | D11: =AVERAGEIFS(KPC_35_Su_Sa!$C11:$CT11,KPC_35_Su_Sa!$C$1:$CT$1,'KPC_35_Su_Sa, 24h'!D$1) -> -0.28130475 | E11: =AVERAGEIFS(KPC_35_Su_Sa!$C11:$CT11,KPC_35_Su_Sa!$C$1:$CT$1,'KPC_35_Su_Sa, 24h'!E$1) -> -0.33475935 | F11: =AVERAGEIFS(KPC_35_Su_Sa!$C11:$CT11,KPC_35_Su_Sa!$C$1:$CT$1,'KPC_35_Su_Sa, 24h'!F$1) -> -0.37210098 | G11: =AVERAGEIFS(KPC_35_Su_Sa!$C11:$CT11,KPC_35_Su_Sa!$C$1:$CT$1,'KPC_35_Su_Sa, 24h'!G$1) -> -0.37770363 | H11: =AVERAGEIFS(KPC_35_Su_Sa!$C11:$CT11,KPC_35_Su_Sa!$C$1:$CT$1,'KPC_35_Su_Sa, 24h'!H$1) -> -0.40970875 | I11: =AVERAGEIFS(KPC_35_Su_Sa!$C11:$CT11,KPC_35_Su_Sa!$C$1:$CT$1,'KPC_35_Su_Sa, 24h'!I$1) -> -0.43028678 | J11: =AVERAGEIFS(KPC_35_Su_Sa!$C11:$CT11,KPC_35_Su_Sa!$C$1:$CT$1,'KPC_35_Su_Sa, 24h'!J$1) -> -0.34203277 | ... Z11: =AVERAGEIFS(KPC_35_Su_Sa!$C11:$CT11,KPC_35_Su_Sa!$C$1:$CT$1,'KPC_35_Su_Sa, 24h'!Z$1) -> -0.18410735
A12: 6 | B12: P | C12: =AVERAGEIFS(KPC_35_Su_Sa!$C12:$CT12,KPC_35_Su_Sa!$C$1:$CT$1,'KPC_35_Su_Sa, 24h'!C$1) -> 4.8546611 | D12: =AVERAGEIFS(KPC_35_Su_Sa!$C12:$CT12,KPC_35_Su_Sa!$C$1:$CT$1,'KPC_35_Su_Sa, 24h'!D$1) -> 4.8965389 | E12: =AVERAGEIFS(KPC_35_Su_Sa!$C12:$CT12,KPC_35_Su_Sa!$C$1:$CT$1,'KPC_35_Su_Sa, 24h'!E$1) -> 4.685911 | F12: =AVERAGEIFS(KPC_35_Su_Sa!$C12:$CT12,KPC_35_Su_Sa!$C$1:$CT$1,'KPC_35_Su_Sa, 24h'!F$1) -> 4.6986139 | G12: =AVERAGEIFS(KPC_35_Su_Sa!$C12:$CT12,KPC_35_Su_Sa!$C$1:$CT$1,'KPC_35_Su_Sa, 24h'!G$1) -> 4.5949973 | H12: =AVERAGEIFS(KPC_35_Su_Sa!$C12:$CT12,KPC_35_Su_Sa!$C$1:$CT$1,'KPC_35_Su_Sa, 24h'!H$1) -> 4.5427555 | I12: =AVERAGEIFS(KPC_35_Su_Sa!$C12:$CT12,KPC_35_Su_Sa!$C$1:$CT$1,'KPC_35_Su_Sa, 24h'!I$1) -> 4.3075389 | J12: =AVERAGEIFS(KPC_35_Su_Sa!$C12:$CT12,KPC_35_Su_Sa!$C$1:$CT$1,'KPC_35_Su_Sa, 24h'!J$1) -> 4.8017917 | ... Z12: =AVERAGEIFS(KPC_35_Su_Sa!$C12:$CT12,KPC_35_Su_Sa!$C$1:$CT$1,'KPC_35_Su_Sa, 24h'!Z$1) -> 4.6304972
A13: 6 | B13: Q | C13: =AVERAGEIFS(KPC_35_Su_Sa!$C13:$CT13,KPC_35_Su_Sa!$C$1:$CT$1,'KPC_35_Su_Sa, 24h'!C$1) -> 0.6021564 | D13: =AVERAGEIFS(KPC_35_Su_Sa!$C13:$CT13,KPC_35_Su_Sa!$C$1:$CT$1,'KPC_35_Su_Sa, 24h'!D$1) -> 0.64892363 | E13: =AVERAGEIFS(KPC_35_Su_Sa!$C13:$CT13,KPC_35_Su_Sa!$C$1:$CT$1,'KPC_35_Su_Sa, 24h'!E$1) -> 0.60077612 | F13: =AVERAGEIFS(KPC_35_Su_Sa!$C13:$CT13,KPC_35_Su_Sa!$C$1:$CT$1,'KPC_35_Su_Sa, 24h'!F$1) -> 0.65850528 | G13: =AVERAGEIFS(KPC_35_Su_Sa!$C13:$CT13,KPC_35_Su_Sa!$C$1:$CT$1,'KPC_35_Su_Sa, 24h'!G$1) -> 0.6306553 | H13: =AVERAGEIFS(KPC_35_Su_Sa!$C13:$CT13,KPC_35_Su_Sa!$C$1:$CT$1,'KPC_35_Su_Sa, 24h'!H$1) -> 0.67562497 | I13: =AVERAGEIFS(KPC_35_Su_Sa!$C13:$CT13,KPC_35_Su_Sa!$C$1:$CT$1,'KPC_35_Su_Sa, 24h'!I$1) -> 0.51681 | J13: =AVERAGEIFS(KPC_35_Su_Sa!$C13:$CT13,KPC_35_Su_Sa!$C$1:$CT$1,'KPC_35_Su_Sa, 24h'!J$1) -> 0.68472332 | ... Z13: =AVERAGEIFS(KPC_35_Su_Sa!$C13:$CT13,KPC_35_Su_Sa!$C$1:$CT$1,'KPC_35_Su_Sa, 24h'!Z$1) -> 0.59797497
... A29: 14 | B29: Q | C29: =AVERAGEIFS(KPC_35_Su_Sa!$C29:$CT29,KPC_35_Su_Sa!$C$1:$CT$1,'KPC_35_Su_Sa, 24h'!C$1) -> 0.11638358 | D29: =AVERAGEIFS(KPC_35_Su_Sa!$C29:$CT29,KPC_35_Su_Sa!$C$1:$CT$1,'KPC_35_Su_Sa, 24h'!D$1) -> 0.11084615 | E29: =AVERAGEIFS(KPC_35_Su_Sa!$C29:$CT29,KPC_35_Su_Sa!$C$1:$CT$1,'KPC_35_Su_Sa, 24h'!E$1) -> 0.1110919 | F29: =AVERAGEIFS(KPC_35_Su_Sa!$C29:$CT29,KPC_35_Su_Sa!$C$1:$CT$1,'KPC_35_Su_Sa, 24h'!F$1) -> 0.1110919 | G29: =AVERAGEIFS(KPC_35_Su_Sa!$C29:$CT29,KPC_35_Su_Sa!$C$1:$CT$1,'KPC_35_Su_Sa, 24h'!G$1) -> 0.1110919 | H29: =AVERAGEIFS(KPC_35_Su_Sa!$C29:$CT29,KPC_35_Su_Sa!$C$1:$CT$1,'KPC_35_Su_Sa, 24h'!H$1) -> 0.1110919 | I29: =AVERAGEIFS(KPC_35_Su_Sa!$C29:$CT29,KPC_35_Su_Sa!$C$1:$CT$1,'KPC_35_Su_Sa, 24h'!I$1) -> 0.1110919 | J29: =AVERAGEIFS(KPC_35_Su_Sa!$C29:$CT29,KPC_35_Su_Sa!$C$1:$CT$1,'KPC_35_Su_Sa, 24h'!J$1) -> 0.10598745 | ... Z29: =AVERAGEIFS(KPC_35_Su_Sa!$C29:$CT29,KPC_35_Su_Sa!$C$1:$CT$1,'KPC_35_Su_Sa, 24h'!Z$1) -> 0.1170419
