Workbook

Sheet KPC_35_Su_Su
A1: LoadID | B1: Type | C1: 0 | D1: 0 | E1: 0 | F1: 0 | G1: =C1+1 -> 1 | H1: =D1+1 -> 1 | I1: =E1+1 -> 1 | J1: =F1+1 -> 1 | K1: =G1+1 -> 2 | L1: =H1+1 -> 2 | M1: =I1+1 -> 2 | N1: =J1+1 -> 2 | ... CT1: =CP1+1 -> 23
A2: 1 | B2: P | C2: 5.0405636 | D2: 4.8647704 | E2: 4.6667557 | F2: 4.7101707 | G2: 4.7338939 | H2: 4.6742549 | I2: 4.4678082 | J2: 4.51298 | K2: 4.5203981 | L2: 4.5300941 | M2: 4.4153237 | N2: 4.3764806 | O2: 4.5486388 | P2: 4.5361514 | Q2: 4.3778276 | R2: 4.455904 | S2: 4.4956627 | T2: 4.4319029 | U2: 4.3323426 | V2: 4.5007 | W2: 4.2958779 | X2: 4.462091 | Y2: 4.5084167 | Z2: 4.5406861 | AA2: 4.4144182 | AB2: 4.477077 | AC2: 4.3371439 | AD2: 4.5012817 | AE2: 4.4007244 | AF2: 4.4156451 | AG2: 4.6305356 | AH2: 4.8619227 | AI2: 4.6750665 | AJ2: 4.686058 | AK2: 4.9339852 | AL2: 4.9236722 | AM2: 5.1090264 | AN2: 5.1483598 | AO2: 5.2269993 | AP2: 5.1500053 | AQ2: 5.0760326 | AR2: 5.2400813 | AS2: 5.1199374 | AT2: 5.1266127 | AU2: 5.2063918 | AV2: 5.1054702 | AW2: 5.0307751 | AX2: 5.0005178 | AY2: 4.9079094 | AZ2: 4.9463816 | BA2: 5.1485267 | BB2: 5.0347552 | BC2: 5.0864863 | BD2: 5.116601 | BE2: 4.9789987 | BF2: 5.2689834 | BG2: 5.094718 | BH2: 5.02876 | BI2: 5.058877 | BJ2: 5.0741467 | BK2: 4.9150167 | BL2: 5.0470858 | BM2: 5.3185744 | BN2: 5.3565588 | BO2: 5.4588842 | BP2: 5.4765296 | BQ2: 5.3656349 | BR2: 5.4323683 | BS2: 5.1976695 | BT2: 5.0998101 | BU2: 5.1283765 | BV2: 5.2491164 | BW2: 5.163712 | BX2: 4.9798336 | BY2: 5.1160212 | BZ2: 5.2221494 | CA2: 5.1578608 | CB2: 5.1767025 | CC2: 5.2581253 | CD2: 5.2019 | CE2: 5.4476862 | CF2: 5.3188858 | CG2: 5.281158 | CH2: 5.1233945 | CI2: 5.1560421 | CJ2: 5.1045752 | CK2: 4.8939905 | CL2: 4.6170697 | CM2: 4.8228345 | CN2: 4.9142766 | CO2: 4.8077888 | CP2: 4.6751895 | CQ2: 4.6609664 | CR2: 4.856802 | CS2: 4.7225428 | CT2: 4.5881186
A3: 1 | B3: Q | C3: 0.1364158 | D3: 0.1327047 | E3: 0.1302694 | F3: 0.1197937 | G3: 0.1277569 | H3: 0.1219199 | I3: 0.1090475 | J3: 0.1123332 | K3: 0.0963298 | L3: 0.1078105 | M3: 0.0755717 | N3: 0.0774658 | O3: 0.1348309 | P3: 0.0742962 | Q3: 0.0700053 | R3: 0.092039 | S3: 0.1145365 | T3: 0.1287618 | U3: 0.1297282 | V3: 0.1060711 | W3: 0.1027852 | X3: 0.1129517 | Y3: 0.0952087 | Z3: 0.1803672 | AA3: 0.1251282 | AB3: 0.0886375 | AC3: 0.0817566 | AD3: 0.093044 | AE3: 0.1230023 | AF3: 0.1374208 | AG3: 0.1137636 | AH3: 0.1344442 | AI3: 0.1318543 | AJ3: 0.0960592 | AK3: 0.1759605 | AL3: 0.1783569 | AM3: 0.2348714 | AN3: 0.2967207 | AO3: 0.2764262 | AP3: 0.2458883 | AQ3: 0.1910746 | AR3: 0.280949 | AS3: 0.2781271 | AT3: 0.2363405 | AU3: 0.2628582 | AV3: 0.2533488 | AW3: 0.2441489 | AX3: 0.2924683 | AY3: 0.2399355 | AZ3: 0.245038 | BA3: 0.2943625 | BB3: 0.2623555 | BC3: 0.2255943 | BD3: 0.2335188 | BE3: 0.2008931 | BF3: 0.2798665 | BG3: 0.2256327 | BH3: 0.2036763 | BI3: 0.2437236 | BJ3: 0.2349487 | BK3: 0.2227336 | BL3: 0.2417136 | BM3: 0.3108298 | BN3: 0.3404018 | BO3: 0.3904994 | BP3: 0.3714845 | BQ3: 0.281838 | BR3: 0.2867086 | BS3: 0.2192932 | BT3: 0.1900309 | BU3: 0.1955975 | BV3: 0.1998108 | BW3: 0.2056478 | BX3: 0.1843872 | BY3: 0.2062663 | BZ3: 0.2127991 | CA3: 0.2051068 | CB3: 0.2081606 | CC3: 0.2325907 | CD3: 0.1914612 | CE3: 0.2420614 | CF3: 0.2206462 | CG3: 0.1878276 | CH3: 0.1276795 | CI3: 0.1920024 | CJ3: 0.2073486 | CK3: 0.1495198 | CL3: 0.150061 | CM3: 0.189799 | CN3: 0.2460042 | CO3: 0.2195251 | CP3: 0.1491335 | CQ3: 0.1734865 | CR3: 0.1897217 | CS3: 0.1376528 | CT3: 0.1342897
A4: 2 | B4: P | C4: 1.169627 | D4: 1.1147684 | E4: 1.0856916 | F4: 1.0641729 | G4: 1.0316271 | H4: 1.0170912 | I4: 1.0199466 | J4: 1.0133225 | K4: 0.9904628 | L4: 0.9645551 | M4: 0.9370239 | N4: 0.9256251 | O4: 0.9300713 | P4: 0.9216803 | Q4: 0.9271744 | R4: 0.8906631 | S4: 0.9021078 | T4: 0.9057894 | U4: 0.9110176 | V4: 0.8989958 | W4: 0.9047706 | X4: 0.8704107 | Y4: 0.8685468 | Z4: 0.8885163 | AA4: 0.9105158 | AB4: 0.9404278 | AC4: 0.9964873 | AD4: 1.0556568 | AE4: 1.1388445 | AF4: 1.1864421 | AG4: 1.3003563 | AH4: 1.3916267 | AI4: 1.4817915 | AJ4: 1.4766107 | AK4: 1.5695421 | AL4: 1.644459 | AM4: 1.6963806 | AN4: 1.7073358 | AO4: 1.7240168 | AP4: 1.7793745 | AQ4: 1.7632092 | AR4: 1.7531489 | AS4: 1.7236019 | AT4: 1.6648383 | AU4: 1.6881536 | AV4: 1.6881031 | AW4: 1.7056309 | AX4: 1.6938496 | AY4: 1.6729593 | AZ4: 1.6597393 | BA4: 1.6209489 | BB4: 1.5864984 | BC4: 1.5143852 | BD4: 1.4128921 | BE4: 1.3941159 | BF4: 1.3572409 | BG4: 1.2865732 | BH4: 1.2901306 | BI4: 1.2658722 | BJ4: 1.2496992 | BK4: 1.2000067 | BL4: 1.1778057 | BM4: 1.1918925 | BN4: 1.1729792 | BO4: 1.196811 | BP4: 1.2005857 | BQ4: 1.1358007 | BR4: 1.1745203 | BS4: 1.1840843 | BT4: 1.2196651 | BU4: 1.2148604 | BV4: 1.2293586 | BW4: 1.2517365 | BX4: 1.3095254 | BY4: 1.3308755 | BZ4: 1.388227 | CA4: 1.4880894 | CB4: 1.5096047 | CC4: 1.5169451 | CD4: 1.5832634 | CE4: 1.5476912 | CF4: 1.5453982 | CG4: 1.5732516 | CH4: 1.705984 | CI4: 1.7271519 | CJ4: 1.6674554 | CK4: 1.6389154 | CL4: 1.596613 | CM4: 1.5764365 | CN4: 1.5443493 | CO4: 1.4598007 | CP4: 1.4365072 | CQ4: 1.3524549 | CR4: 1.2753792 | CS4: 1.1845646 | CT4: 1.1356719
A5: 2 | B5: Q | C5: -0.1153786 | D5: -0.1344645 | E5: -0.1283509 | F5: -0.1320305 | G5: -0.1352504 | H5: -0.1398807 | I5: -0.1464325 | J5: -0.154329 | K5: -0.1468591 | L5: -0.1554909 | M5: -0.1414515 | N5: -0.1463502 | O5: -0.1461881 | P5: -0.1571914 | Q5: -0.1669403 | R5: -0.1762934 | S5: -0.1713458 | T5: -0.1498905 | U5: -0.1594339 | V5: -0.149253 | W5: -0.1571567 | X5: -0.1558844 | Y5: -0.1652526 | Z5: -0.1497544 | AA5: -0.1307454 | AB5: -0.1510211 | AC5: -0.1244983 | AD5: -0.1223951 | AE5: -0.0774537 | AF5: -0.0409199 | AG5: -0.0030025 | AH5: 0.0227589 | AI5: 0.0353366 | AJ5: 0.0096388 | AK5: 0.0239023 | AL5: 0.0441997 | AM5: 0.0555015 | AN5: 0.0424651 | AO5: 0.0335481 | AP5: 0.0403369 | AQ5: 0.0241848 | AR5: -0.0074803 | AS5: -0.0088044 | AT5: -0.0098951 | AU5: -0.0298875 | AV5: -0.0343115 | AW5: -0.0361916 | AX5: -0.0576924 | AY5: -0.0464423 | AZ5: -0.061213 | BA5: -0.0776787 | BB5: -0.0753363 | BC5: -0.0998354 | BD5: -0.1100806 | BE5: -0.1045031 | BF5: -0.1002573 | BG5: -0.0868375 | BH5: -0.0907263 | BI5: -0.1092059 | BJ5: -0.0985838 | BK5: -0.1056423 | BL5: -0.1026696 | BM5: -0.1076524 | BN5: -0.0935445 | BO5: -0.095762 | BP5: -0.0834499 | BQ5: -0.1122304 | BR5: -0.1201579 | BS5: -0.1071524 | BT5: -0.1024695 | BU5: -0.0948504 | BV5: -0.0742424 | BW5: -0.048223 | BX5: -0.022703 | BY5: 0.013232 | BZ5: 0.0321246 | CA5: 0.0528653 | CB5: 0.050651 | CC5: 0.0515386 | CD5: 0.0358398 | CE5: 0.0121566 | CF5: -0.0062873 | CG5: -0.0299947 | CH5: 0.018182 | CI5: 0.017195 | CJ5: -0.0118914 | CK5: -0.0175114 | CL5: -0.0475584 | CM5: -0.0514042 | CN5: -0.0501876 | CO5: -0.0573382 | CP5: -0.074149 | CQ5: -0.0745422 | CR5: -0.0898485 | CS5: -0.1209997 | CT5: -0.1246288
A6: 3 | B6: P | C6: 3.1512222 | D6: 3.0643823 | E6: 3.0342801 | F6: 2.9326556 | G6: 2.8865645 | H6: 2.8310978 | I6: 2.8155489 | J6: 2.784291 | K6: 2.7781823 | L6: 2.7406011 | M6: 2.7141833 | N6: 2.8081 | O6: 2.695441 | P6: 2.7119977 | Q6: 2.6059334 | R6: 2.405221 | S6: 2.4610968 | T6: 2.4215989 | U6: 2.4531066 | V6: 2.4194012 | W6: 2.4835956 | X6: 2.3753822 | Y6: 2.3541188 | Z6: 2.3734901 | AA6: 2.4310079 | AB6: 2.40433 | AC6: 2.4977722 | AD6: 2.5849967 | AE6: 2.6872489 | AF6: 2.8261311 | AG6: 3.0396667 | AH6: 3.0905445 | AI6: 3.1885111 | AJ6: 3.213789 | AK6: 3.2993333 | AL6: 3.3450556 | AM6: 3.4475667 | AN6: 3.4866333 | AO6: 3.5602555 | AP6: 3.7188444 | AQ6: 3.7538111 | AR6: 3.7543557 | AS6: 3.8313334 | AT6: 3.826411 | AU6: 3.8974111 | AV6: 3.9035332 | AW6: 3.9100111 | AX6: 3.8957667 | AY6: 3.9115443 | AZ6: 3.8155668 | BA6: 3.7402999 | BB6: 3.6624889 | BC6: 3.6535332 | BD6: 3.4664333 | BE6: 3.3937666 | BF6: 3.2809222 | BG6: 3.1852889 | BH6: 3.2258556 | BI6: 3.217489 | BJ6: 3.0965889 | BK6: 3.0711668 | BL6: 3.0297222 | BM6: 2.9872668 | BN6: 2.9723001 | BO6: 2.9691999 | BP6: 2.9236112 | BQ6: 2.9809666 | BR6: 3.0554333 | BS6: 3.0131888 | BT6: 3.0186446 | BU6: 3.0246778 | BV6: 3.0989332 | BW6: 3.1991999 | BX6: 3.1557333 | BY6: 3.1438444 | BZ6: 3.1659334 | CA6: 3.2122111 | CB6: 3.2760112 | CC6: 3.3184555 | CD6: 3.2974443 | CE6: 3.3476443 | CF6: 3.4592667 | CG6: 3.4353223 | CH6: 3.7099667 | CI6: 3.7024443 | CJ6: 3.7247443 | CK6: 3.7156222 | CL6: 3.5915999 | CM6: 3.5080779 | CN6: 3.5396333 | CO6: 3.4444335 | CP6: 3.2821112 | CQ6: 3.0866954 | CR6: 3.0207689 | CS6: 2.9660778 | CT6: 2.8793933
A7: 3 | B7: Q | C7: -0.4618333 | D7: -0.4737522 | E7: -0.4559811 | F7: -0.4649289 | G7: -0.4673667 | H7: -0.4617367 | I7: -0.4532367 | J7: -0.4749989 | K7: -0.4615045 | L7: -0.48955 | M7: -0.4802256 | N7: -0.4470678 | O7: -0.4802689 | P7: -0.4784078 | Q7: -0.5110555 | R7: -0.5922667 | S7: -0.5325533 | T7: -0.5543111 | U7: -0.5635833 | V7: -0.5633973 | W7: -0.5225677 | X7: -0.5622622 | Y7: -0.5451834 | Z7: -0.5309167 | AA7: -0.5062133 | AB7: -0.5600278 | AC7: -0.5400833 | AD7: -0.5514367 | AE7: -0.5060844 | AF7: -0.4394378 | AG7: -0.3996633 | AH7: -0.3921189 | AI7: -0.3767956 | AJ7: -0.3622456 | AK7: -0.3512773 | AL7: -0.33912 | AM7: -0.3006876 | AN7: -0.3226227 | AO7: -0.3223542 | AP7: -0.2529463 | AQ7: -0.2560061 | AR7: -0.2864245 | AS7: -0.295196 | AT7: -0.2884226 | AU7: -0.2867264 | AV7: -0.3003691 | AW7: -0.3009391 | AX7: -0.3062892 | AY7: -0.2918999 | AZ7: -0.286653 | BA7: -0.2705167 | BB7: -0.3150753 | BC7: -0.3393553 | BD7: -0.3388973 | BE7: -0.343103 | BF7: -0.3335157 | BG7: -0.3797754 | BH7: -0.4153711 | BI7: -0.4060256 | BJ7: -0.4173333 | BK7: -0.4022245 | BL7: -0.42255 | BM7: -0.3958689 | BN7: -0.3795029 | BO7: -0.3691198 | BP7: -0.3619713 | BQ7: -0.3633271 | BR7: -0.3424492 | BS7: -0.3740398 | BT7: -0.3637363 | BU7: -0.3660611 | BV7: -0.3597962 | BW7: -0.2999527 | BX7: -0.2951718 | BY7: -0.3262084 | BZ7: -0.3266878 | CA7: -0.3585122 | CB7: -0.3269209 | CC7: -0.3715749 | CD7: -0.4034311 | CE7: -0.40503 | CF7: -0.3380113 | CG7: -0.3820611 | CH7: -0.3482978 | CI7: -0.3688478 | CJ7: -0.3845522 | CK7: -0.3861958 | CL7: -0.4221951 | CM7: -0.4350078 | CN7: -0.4165145 | CO7: -0.4367056 | CP7: -0.4974211 | CQ7: -0.5031367 | CR7: -0.5000544 | CS7: -0.5000727 | CT7: -0.4911078
A8: 4 | B8: P | C8: 0.3834616 | D8: 0.3491595 | E8: 0.3700526 | F8: 0.3386532 | G8: 0.297582 | H8: 0.2983856 | I8: 0.2639502 | J8: 0.2146884 | K8: 0.2108924 | L8: 0.2186168 | M8: 0.191024 | N8: 0.1468671 | O8: 0.1860589 | P8: 0.220901 | Q8: 0.3753799 | R8: 1.061812 | S8: 0.5471673 | T8: 0.3787018 | U8: 0.1609996 | V8: 0.1374704 | W8: 0.172237 | X8: 0.1112348 | Y8: 0.0171654 | Z8: 0.0279428 | AA8: 0.1252145 | AB8: 0.2049265 | AC8: 0.2993107 | AD8: 0.3885195 | AE8: 0.487866 | AF8: 0.5523399 | AG8: 0.5907775 | AH8: 0.6684364 | AI8: 0.7395142 | AJ8: 0.7416836 | AK8: 0.7352154 | AL8: 0.8384952 | AM8: 0.8235281 | AN8: 0.8876755 | AO8: 0.924437 | AP8: 1.0066878 | AQ8: 0.944626 | AR8: 1.0262592 | AS8: 1.048329 | AT8: 1.0409991 | AU8: 1.0782079 | AV8: 1.0947264 | AW8: 1.0126027 | AX8: 0.9516257 | AY8: 0.9573323 | AZ8: 0.9005518 | BA8: 0.8712682 | BB8: 0.7872309 | BC8: 0.7487946 | BD8: 0.6806371 | BE8: 0.6196244 | BF8: 0.6140662 | BG8: 0.5693275 | BH8: 0.5724345 | BI8: 0.4775672 | BJ8: 0.4597049 | BK8: 0.4750443 | BL8: 0.5070107 | BM8: 0.5013334 | BN8: 0.4791877 | BO8: 0.4204598 | BP8: 0.4658082 | BQ8: 0.4391929 | BR8: 0.4736121 | BS8: 0.4397232 | BT8: 0.5092791 | BU8: 0.4986622 | BV8: 0.5326778 | BW8: 0.6041052 | BX8: 0.6407515 | BY8: 0.7401208 | BZ8: 0.7313391 | CA8: 0.7715656 | CB8: 0.8401644 | CC8: 0.7666208 | CD8: 0.7823046 | CE8: 0.8205354 | CF8: 0.8537866 | CG8: 0.8287903 | CH8: 0.928961 | CI8: 1.0464487 | CJ8: 1.0733076 | CK8: 0.9998834 | CL8: 1.3529592 | CM8: 1.0052654 | CN8: 0.8525143 | CO8: 0.7393401 | CP8: 0.6853289 | CQ8: 0.6110752 | CR8: 0.5809522 | CS8: 0.4479822 | CT8: 0.4057988
A9: 4 | B9: Q | C9: -0.5426987 | D9: -0.5867726 | E9: -0.5705376 | F9: -0.5566831 | G9: -0.5631116 | H9: -0.5666489 | I9: -0.5511829 | J9: -0.5781363 | K9: -0.5625447 | L9: -0.5783681 | M9: -0.5543165 | N9: -0.5603533 | O9: -0.5698222 | P9: -0.5534846 | Q9: -0.5866123 | R9: -0.5711464 | S9: -0.5672494 | T9: -0.5670487 | U9: -0.5876189 | V9: -0.580129 | W9: -0.5802006 | X9: -0.6182874 | Y9: -0.6466798 | Z9: -0.6419391 | AA9: -0.6227787 | AB9: -0.6011109 | AC9: -0.5672557 | AD9: -0.522516 | AE9: -0.4946791 | AF9: -0.457892 | AG9: -0.4268164 | AH9: -0.3945533 | AI9: -0.375573 | AJ9: -0.3834341 | AK9: -0.4222839 | AL9: -0.4203696 | AM9: -0.4280113 | AN9: -0.427511 | AO9: -0.4412261 | AP9: -0.4327317 | AQ9: -0.4392286 | AR9: -0.455547 | AS9: -0.4681662 | AT9: -0.4842212 | AU9: -0.4601434 | AV9: -0.4615577 | AW9: -0.5070306 | AX9: -0.4981862 | AY9: -0.4874167 | AZ9: -0.5237938 | BA9: -0.5174785 | BB9: -0.5298681 | BC9: -0.535432 | BD9: -0.563717 | BE9: -0.5698346 | BF9: -0.5405539 | BG9: -0.5153569 | BH9: -0.5263866 | BI9: -0.5594528 | BJ9: -0.5656028 | BK9: -0.5569552 | BL9: -0.5409611 | BM9: -0.54172 | BN9: -0.5598028 | BO9: -0.5777006 | BP9: -0.5584619 | BQ9: -0.5429127 | BR9: -0.5335919 | BS9: -0.5560058 | BT9: -0.5282237 | BU9: -0.4926279 | BV9: -0.4800567 | BW9: -0.4526048 | BX9: -0.4454042 | BY9: -0.3746989 | BZ9: -0.3626645 | CA9: -0.3600767 | CB9: -0.3593556 | CC9: -0.3992453 | CD9: -0.4059573 | CE9: -0.4201697 | CF9: -0.4145742 | CG9: -0.4180864 | CH9: -0.350375 | CI9: -0.3638848 | CJ9: -0.3837489 | CK9: -0.4215433 | CL9: -0.4190861 | CM9: -0.4273255 | CN9: -0.4368541 | CO9: -0.4577721 | CP9: -0.4766753 | CQ9: -0.4663071 | CR9: -0.4737881 | CS9: -0.4998067 | CT9: -0.508625
A10: 5 | B10: P | C10: 3.1825154 | D10: 3.0788579 | E10: 2.9722435 | F10: 2.8523233 | G10: 2.7548742 | H10: 2.7189229 | I10: 2.6915441 | J10: 2.6334763 | K10: 2.5854027 | L10: 2.5540047 | M10: 2.5541227 | N10: 2.5512249 | O10: 2.5149186 | P10: 2.5164561 | Q10: 2.469743 | R10: 2.4318392 | S10: 2.4404726 | T10: 2.4323115 | U10: 2.4230871 | V10: 2.4245651 | W10: 2.4437232 | X10: 2.2914596 | Y10: 2.2105069 | Z10: 2.3090823 | AA10: 2.3443239 | AB10: 2.441535 | AC10: 2.5314162 | AD10: 2.5930319 | AE10: 2.7816024 | AF10: 2.8885126 | AG10: 3.0327346 | AH10: 3.1268735 | AI10: 3.2265098 | AJ10: 3.3734512 | AK10: 3.4967408 | AL10: 3.7002144 | AM10: 3.9469121 | AN10: 4.0113649 | AO10: 4.1973357 | AP10: 4.2894034 | AQ10: 4.4307275 | AR10: 4.5873671 | AS10: 4.6803827 | AT10: 4.7942705 | AU10: 4.901536 | AV10: 5.0400801 | AW10: 5.0120521 | AX10: 5.0142994 | AY10: 4.9789972 | AZ10: 4.8731523 | BA10: 4.7604465 | BB10: 4.6504612 | BC10: 4.4335661 | BD10: 4.2357697 | BE10: 4.0392766 | BF10: 4.012548 | BG10: 3.8516507 | BH10: 3.7361076 | BI10: 3.6833022 | BJ10: 3.6251757 | BK10: 3.6583481 | BL10: 3.658762 | BM10: 3.5839612 | BN10: 3.5619648 | BO10: 3.4493778 | BP10: 3.4913013 | BQ10: 3.3811984 | BR10: 3.4287403 | BS10: 3.4143717 | BT10: 3.341877 | BU10: 3.3750496 | BV10: 3.4169142 | BW10: 3.4678853 | BX10: 3.5706568 | BY10: 3.5752094 | BZ10: 3.6113987 | CA10: 3.5989218 | CB10: 3.6161885 | CC10: 3.7064824 | CD10: 3.7968354 | CE10: 3.861881 | CF10: 3.8818085 | CG10: 3.9755318 | CH10: 4.3856692 | CI10: 4.4882035 | CJ10: 4.5123301 | CK10: 4.5538402 | CL10: 4.4707012 | CM10: 4.3932381 | CN10: 4.3747301 | CO10: 4.3195004 | CP10: 4.1366072 | CQ10: 3.8629446 | CR10: 3.6899257 | CS10: 3.5458205 | CT10: 3.3770003
A11: 5 | B11: Q | C11: -0.3718945 | D11: -0.4031751 | E11: -0.4105069 | F11: -0.4138771 | G11: -0.4394814 | H11: -0.4296658 | I11: -0.4232794 | J11: -0.4603546 | K11: -0.460178 | L11: -0.4684562 | M11: -0.4539692 | N11: -0.4539686 | O11: -0.4719453 | P11: -0.4689891 | Q11: -0.4879113 | R11: -0.5165309 | S11: -0.5116225 | T11: -0.5179498 | U11: -0.5093759 | V11: -0.5182458 | W11: -0.5190734 | X11: -0.5569775 | Y11: -0.5897954 | Z11: -0.5961215 | AA11: -0.5889673 | AB11: -0.5741248 | AC11: -0.5423113 | AD11: -0.5420756 | AE11: -0.4920494 | AF11: -0.4565706 | AG11: -0.4192588 | AH11: -0.3900481 | AI11: -0.3928865 | AJ11: -0.315659 | AK11: -0.2954364 | AL11: -0.2554642 | AM11: -0.1978696 | AN11: -0.1723838 | AO11: -0.134895 | AP11: -0.1263203 | AQ11: -0.0988832 | AR11: -0.0711503 | AS11: -0.069849 | AT11: -0.0470832 | AU11: -0.0150928 | AV11: -0.0075245 | AW11: -0.0071105 | AX11: -0.0078206 | AY11: -0.0521103 | AZ11: -0.0739297 | BA11: -0.0996517 | BB11: -0.0904864 | BC11: -0.1343628 | BD11: -0.155059 | BE11: -0.1641648 | BF11: -0.1952674 | BG11: -0.2067394 | BH11: -0.2203388 | BI11: -0.2264297 | BJ11: -0.2327563 | BK11: -0.1915427 | BL11: -0.2177969 | BM11: -0.2392617 | BN11: -0.2284994 | BO11: -0.2537488 | BP11: -0.2339396 | BQ11: -0.2757458 | BR11: -0.2671718 | BS11: -0.254045 | BT11: -0.27953 | BU11: -0.2325207 | BV11: -0.2564692 | BW11: -0.238789 | BX11: -0.2081001 | BY11: -0.2499648 | BZ11: -0.2172649 | CA11: -0.239676 | CB11: -0.236956 | CC11: -0.2543995 | CD11: -0.2450565 | CE11: -0.2313382 | CF11: -0.2625003 | CG11: -0.2530991 | CH11: -0.0220123 | CI11: -0.0534114 | CJ11: -0.0737523 | CK11: -0.0883576 | CL11: -0.0975818 | CM11: -0.1154397 | CN11: -0.1463054 | CO11: -0.1348351 | CP11: -0.1322345 | CQ11: -0.1682452 | CR11: -0.2007675 | CS11: -0.2103468 | CT11: -0.2327579
A12: 6 | B12: P | C12: 4.5141001 | D12: 4.4800553 | E12: 4.1544666 | F12: 4.1821556 | G12: 4.2022667 | H12: 4.278789 | I12: 4.408289 | J12: 4.3473887 | K12: 4.0336666 | L12: 4.0590553 | M12: 4.3298335 | N12: 4.3237891 | O12: 4.2916002 | P12: 4.1733446 | Q12: 4.1508446 | R12: 4.0236111 | S12: 4.0409112 | T12: 4.2003222 | U12: 4.2647109 | V12: 4.2204442 | W12: 4.123589 | X12: 3.8971112 | Y12: 3.9341888 | Z12: 3.7840667 | AA12: 3.8147223 | AB12: 3.7328889 | AC12: 3.7397666 | AD12: 3.8571334 | AE12: 3.9881999 | AF12: 4.0834446 | AG12: 4.0738778 | AH12: 4.2280111 | AI12: 4.2537556 | AJ12: 4.3635554 | AK12: 4.5527887 | AL12: 4.704411 | AM12: 4.7271442 | AN12: 4.9726667 | AO12: 5.0251446 | AP12: 5.0022335 | AQ12: 4.9917111 | AR12: 5.2471333 | AS12: 5.293211 | AT12: 5.3015332 | AU12: 5.4229112 | AV12: 5.5988779 | AW12: 5.4537225 | AX12: 5.372478 | AY12: 5.3847556 | AZ12: 5.322422 | BA12: 5.3520112 | BB12: 5.1918998 | BC12: 4.9309001 | BD12: 4.9303331 | BE12: 4.8713779 | BF12: 4.829411 | BG12: 4.7733998 | BH12: 4.8389997 | BI12: 4.7243333 | BJ12: 4.5241446 | BK12: 4.5124888 | BL12: 4.6766334 | BM12: 4.6485 | BN12: 4.631711 | BO12: 4.6720667 | BP12: 4.5666223 | BQ12: 4.5423665 | BR12: 4.6236334 | BS12: 4.4182 | BT12: 4.3607779 | BU12: 4.3731446 | BV12: 4.415278 | BW12: 4.3781443 | BX12: 4.3948998 | BY12: 4.4701557 | BZ12: 4.607811 | CA12: 4.6163335 | CB12: 4.3823113 | CC12: 4.4080558 | CD12: 4.5784669 | CE12: 4.7685556 | CF12: 4.579 | CG12: 4.3836999 | CH12: 4.8074665 | CI12: 4.9985557 | CJ12: 4.9111333 | CK12: 4.9091334 | CL12: 4.7975001 | CM12: 4.4535112 | CN12: 4.3498554 | CO12: 4.2861776 | CP12: 4.4470553 | CQ12: 4.4425554 | CR12: 4.4975891 | CS12: 4.6123776 | CT12: 4.4828224
A13: 6 | B13: Q | C13: 0.6049045 | D13: 0.6177878 | E13: 0.4758545 | F13: 0.4578322 | G13: 0.5040067 | H13: 0.5821545 | I13: 0.6888089 | J13: 0.6916178 | K13: 0.4680511 | L13: 0.4309511 | M13: 0.6163811 | N13: 0.5780144 | O13: 0.6297544 | P13: 0.5174611 | Q13: 0.43352 | R13: 0.4454111 | S13: 0.4403633 | T13: 0.5606789 | U13: 0.6252078 | V13: 0.60499 | W13: 0.5682778 | X13: 0.3732411 | Y13: 0.4584478 | Z13: 0.4400233 | AA13: 0.4229755 | AB13: 0.3386256 | AC13: 0.3456122 | AD13: 0.38996 | AE13: 0.3984967 | AF13: 0.4406611 | AG13: 0.4752167 | AH13: 0.4746811 | AI13: 0.53005 | AJ13: 0.5551 | AK13: 0.5805833 | AL13: 0.6417233 | AM13: 0.6752533 | AN13: 0.7344956 | AO13: 0.75516 | AP13: 0.7119945 | AQ13: 0.6433678 | AR13: 0.7827767 | AS13: 0.7665622 | AT13: 0.7544211 | AU13: 0.8006311 | AV13: 0.8976833 | AW13: 0.8169867 | AX13: 0.8248922 | AY13: 0.8824267 | AZ13: 0.7809911 | BA13: 0.8072444 | BB13: 0.8067144 | BC13: 0.71265 | BD13: 0.7180455 | BE13: 0.6544689 | BF13: 0.6905322 | BG13: 0.6889144 | BH13: 0.7238011 | BI13: 0.6988145 | BJ13: 0.59995 | BK13: 0.6012545 | BL13: 0.7222533 | BM13: 0.7090978 | BN13: 0.6828689 | BO13: 0.6737211 | BP13: 0.6276122 | BQ13: 0.5837045 | BR13: 0.6558756 | BS13: 0.4858311 | BT13: 0.55185 | BU13: 0.6380411 | BV13: 0.6132422 | BW13: 0.5834622 | BX13: 0.6228622 | BY13: 0.6782445 | BZ13: 0.7180178 | CA13: 0.66389 | CB13: 0.5120655 | CC13: 0.5734222 | CD13: 0.6308 | CE13: 0.6937733 | CF13: 0.5593722 | CG13: 0.4800711 | CH13: 0.6494811 | CI13: 0.6540033 | CJ13: 0.6199811 | CK13: 0.6461311 | CL13: 0.7372333 | CM13: 0.5715345 | CN13: 0.5108622 | CO13: 0.5156956 | CP13: 0.5804167 | CQ13: 0.4940078 | CR13: 0.52649 | CS13: 0.5848733 | CT13: 0.6227078
... A29: 14 | B29: Q | C29: 0.127539 | D29: 0.127539 | E29: 0.127539 | F29: 0.127539 | G29: 0.127539 | H29: 0.127539 | I29: 0.127539 | J29: 0.127539 | K29: 0.127539 | L29: 0.127539 | M29: 0.127539 | N29: 0.127539 | O29: 0.127539 | P29: 0.127539 | Q29: 0.1322627 | R29: 0.1332369 | S29: 0.1321762 | T29: 0.1321762 | U29: 0.1321762 | V29: 0.1321762 | W29: 0.1321762 | X29: 0.1321762 | Y29: 0.1321762 | Z29: 0.1321762 | AA29: 0.1321762 | AB29: 0.1321762 | AC29: 0.1180318 | AD29: 0.1221701 | AE29: 0.1313065 | AF29: 0.1313065 | AG29: 0.1163138 | AH29: 0.110223 | AI29: 0.110223 | AJ29: 0.110223 | AK29: 0.110223 | AL29: 0.1029918 | AM29: 0.0964503 | AN29: 0.0882581 | AO29: 0.0882581 | AP29: 0.0882581 | AQ29: 0.0882581 | AR29: 0.0882581 | AS29: 0.0882581 | AT29: 0.0882581 | AU29: 0.0882581 | AV29: 0.0882581 | AW29: 0.0882581 | AX29: 0.0882581 | AY29: 0.0882581 | AZ29: 0.0874785 | BA29: 0.084216 | BB29: 0.0928958 | BC29: 0.1073062 | BD29: 0.1073062 | BE29: 0.1073062 | BF29: 0.1073062 | BG29: 0.1073062 | BH29: 0.1031611 | BI29: 0.0992738 | BJ29: 0.0992428 | BK29: 0.0991671 | BL29: 0.0989441 | BM29: 0.0989441 | BN29: 0.0965112 | BO29: 0.0969072 | BP29: 0.1036638 | BQ29: 0.1016046 | BR29: 0.1016046 | BS29: 0.1016046 | BT29: 0.1016046 | BU29: 0.1016046 | BV29: 0.1016046 | BW29: 0.1016046 | BX29: 0.1016046 | BY29: 0.1016046 | BZ29: 0.1016046 | CA29: 0.1016046 | CB29: 0.0966009 | CC29: 0.1015939 | CD29: 0.1015939 | CE29: 0.1015939 | CF29: 0.1015939 | CG29: 0.1015939 | CH29: 0.1053016 | CI29: 0.1039025 | CJ29: 0.1175045 | CK29: 0.1012576 | CL29: 0.1197228 | CM29: 0.1217745 | CN29: 0.1045423 | CO29: 0.101368 | CP29: 0.101368 | CQ29: 0.1089864 | CR29: 0.109072 | CS29: 0.109072 | CT29: 0.1154523

Sheet KPC_35_Su_Su, 24h
A1: LoadID | B1: Type | C1: 0 | D1: 1 | E1: 2 | F1: 3 | G1: 4 | H1: 5 | I1: 6 | J1: 7 | K1: 8 | L1: 9 | M1: 10 | N1: 11 | O1: 12 | P1: 13 | Q1: 14 | R1: 15 | S1: 16 | T1: 17 | U1: 18 | V1: 19 | W1: 20 | X1: 21 | Y1: 22 | Z1: 23
A2: 1 | B2: P | C2: =AVERAGEIFS(KPC_35_Su_Su!$C2:$CT2,KPC_35_Su_Su!$C$1:$CT$1,'KPC_35_Su_Su, 24h'!C$1) -> 4.8205651 | D2: =AVERAGEIFS(KPC_35_Su_Su!$C2:$CT2,KPC_35_Su_Su!$C$1:$CT$1,'KPC_35_Su_Su, 24h'!D$1) -> 4.5972342 | E2: =AVERAGEIFS(KPC_35_Su_Su!$C2:$CT2,KPC_35_Su_Su!$C$1:$CT$1,'KPC_35_Su_Su, 24h'!E$1) -> 4.4605741 | F2: =AVERAGEIFS(KPC_35_Su_Su!$C2:$CT2,KPC_35_Su_Su!$C$1:$CT$1,'KPC_35_Su_Su, 24h'!F$1) -> 4.4796305 | G2: =AVERAGEIFS(KPC_35_Su_Su!$C2:$CT2,KPC_35_Su_Su!$C$1:$CT$1,'KPC_35_Su_Su, 24h'!G$1) -> 4.4401521 | H2: =AVERAGEIFS(KPC_35_Su_Su!$C2:$CT2,KPC_35_Su_Su!$C$1:$CT$1,'KPC_35_Su_Su, 24h'!H$1) -> 4.4517679 | I2: =AVERAGEIFS(KPC_35_Su_Su!$C2:$CT2,KPC_35_Su_Su!$C$1:$CT$1,'KPC_35_Su_Su, 24h'!I$1) -> 4.4324802 | J2: =AVERAGEIFS(KPC_35_Su_Su!$C2:$CT2,KPC_35_Su_Su!$C$1:$CT$1,'KPC_35_Su_Su, 24h'!J$1) -> 4.5772069 | ... Z2: =AVERAGEIFS(KPC_35_Su_Su!$C2:$CT2,KPC_35_Su_Su!$C$1:$CT$1,'KPC_35_Su_Su, 24h'!Z$1) -> 4.7071075
A3: 1 | B3: Q | C3: =AVERAGEIFS(KPC_35_Su_Su!$C3:$CT3,KPC_35_Su_Su!$C$1:$CT$1,'KPC_35_Su_Su, 24h'!C$1) -> 0.1297959 | D3: =AVERAGEIFS(KPC_35_Su_Su!$C3:$CT3,KPC_35_Su_Su!$C$1:$CT$1,'KPC_35_Su_Su, 24h'!D$1) -> 0.11776438 | E3: =AVERAGEIFS(KPC_35_Su_Su!$C3:$CT3,KPC_35_Su_Su!$C$1:$CT$1,'KPC_35_Su_Su, 24h'!E$1) -> 0.08929445 | F3: =AVERAGEIFS(KPC_35_Su_Su!$C3:$CT3,KPC_35_Su_Su!$C$1:$CT$1,'KPC_35_Su_Su, 24h'!F$1) -> 0.09279285 | G3: =AVERAGEIFS(KPC_35_Su_Su!$C3:$CT3,KPC_35_Su_Su!$C$1:$CT$1,'KPC_35_Su_Su, 24h'!G$1) -> 0.1197744 | H3: =AVERAGEIFS(KPC_35_Su_Su!$C3:$CT3,KPC_35_Su_Su!$C$1:$CT$1,'KPC_35_Su_Su, 24h'!H$1) -> 0.1228282 | I3: =AVERAGEIFS(KPC_35_Su_Su!$C3:$CT3,KPC_35_Su_Su!$C$1:$CT$1,'KPC_35_Su_Su, 24h'!I$1) -> 0.097141575 | J3: =AVERAGEIFS(KPC_35_Su_Su!$C3:$CT3,KPC_35_Su_Su!$C$1:$CT$1,'KPC_35_Su_Su, 24h'!J$1) -> 0.12715772 | ... Z3: =AVERAGEIFS(KPC_35_Su_Su!$C3:$CT3,KPC_35_Su_Su!$C$1:$CT$1,'KPC_35_Su_Su, 24h'!Z$1) -> 0.15878768
A4: 2 | B4: P | C4: =AVERAGEIFS(KPC_35_Su_Su!$C4:$CT4,KPC_35_Su_Su!$C$1:$CT$1,'KPC_35_Su_Su, 24h'!C$1) -> 1.108565 | D4: =AVERAGEIFS(KPC_35_Su_Su!$C4:$CT4,KPC_35_Su_Su!$C$1:$CT$1,'KPC_35_Su_Su, 24h'!D$1) -> 1.0204969 | E4: =AVERAGEIFS(KPC_35_Su_Su!$C4:$CT4,KPC_35_Su_Su!$C$1:$CT$1,'KPC_35_Su_Su, 24h'!E$1) -> 0.95441673 | F4: =AVERAGEIFS(KPC_35_Su_Su!$C4:$CT4,KPC_35_Su_Su!$C$1:$CT$1,'KPC_35_Su_Su, 24h'!F$1) -> 0.91739728 | G4: =AVERAGEIFS(KPC_35_Su_Su!$C4:$CT4,KPC_35_Su_Su!$C$1:$CT$1,'KPC_35_Su_Su, 24h'!G$1) -> 0.90447765 | H4: =AVERAGEIFS(KPC_35_Su_Su!$C4:$CT4,KPC_35_Su_Su!$C$1:$CT$1,'KPC_35_Su_Su, 24h'!H$1) -> 0.8830611 | I4: =AVERAGEIFS(KPC_35_Su_Su!$C4:$CT4,KPC_35_Su_Su!$C$1:$CT$1,'KPC_35_Su_Su, 24h'!I$1) -> 0.97577192 | J4: =AVERAGEIFS(KPC_35_Su_Su!$C4:$CT4,KPC_35_Su_Su!$C$1:$CT$1,'KPC_35_Su_Su, 24h'!J$1) -> 1.2543174 | ... Z4: =AVERAGEIFS(KPC_35_Su_Su!$C4:$CT4,KPC_35_Su_Su!$C$1:$CT$1,'KPC_35_Su_Su, 24h'!Z$1) -> 1.2370177
A5: 2 | B5: Q | C5: =AVERAGEIFS(KPC_35_Su_Su!$C5:$CT5,KPC_35_Su_Su!$C$1:$CT$1,'KPC_35_Su_Su, 24h'!C$1) -> -0.12755612 | D5: =AVERAGEIFS(KPC_35_Su_Su!$C5:$CT5,KPC_35_Su_Su!$C$1:$CT$1,'KPC_35_Su_Su, 24h'!D$1) -> -0.14397315 | E5: =AVERAGEIFS(KPC_35_Su_Su!$C5:$CT5,KPC_35_Su_Su!$C$1:$CT$1,'KPC_35_Su_Su, 24h'!E$1) -> -0.14753793 | F5: =AVERAGEIFS(KPC_35_Su_Su!$C5:$CT5,KPC_35_Su_Su!$C$1:$CT$1,'KPC_35_Su_Su, 24h'!F$1) -> -0.1616533 | G5: =AVERAGEIFS(KPC_35_Su_Su!$C5:$CT5,KPC_35_Su_Su!$C$1:$CT$1,'KPC_35_Su_Su, 24h'!G$1) -> -0.1574808 | H5: =AVERAGEIFS(KPC_35_Su_Su!$C5:$CT5,KPC_35_Su_Su!$C$1:$CT$1,'KPC_35_Su_Su, 24h'!H$1) -> -0.15701202 | I5: =AVERAGEIFS(KPC_35_Su_Su!$C5:$CT5,KPC_35_Su_Su!$C$1:$CT$1,'KPC_35_Su_Su, 24h'!I$1) -> -0.13216498 | J5: =AVERAGEIFS(KPC_35_Su_Su!$C5:$CT5,KPC_35_Su_Su!$C$1:$CT$1,'KPC_35_Su_Su, 24h'!J$1) -> -0.0246543 | ... Z5: =AVERAGEIFS(KPC_35_Su_Su!$C5:$CT5,KPC_35_Su_Su!$C$1:$CT$1,'KPC_35_Su_Su, 24h'!Z$1) -> -0.1025048
A6: 3 | B6: P | C6: =AVERAGEIFS(KPC_35_Su_Su!$C6:$CT6,KPC_35_Su_Su!$C$1:$CT$1,'KPC_35_Su_Su, 24h'!C$1) -> 3.0456351 | D6: =AVERAGEIFS(KPC_35_Su_Su!$C6:$CT6,KPC_35_Su_Su!$C$1:$CT$1,'KPC_35_Su_Su, 24h'!D$1) -> 2.8293755 | E6: =AVERAGEIFS(KPC_35_Su_Su!$C6:$CT6,KPC_35_Su_Su!$C$1:$CT$1,'KPC_35_Su_Su, 24h'!E$1) -> 2.7602667 | F6: =AVERAGEIFS(KPC_35_Su_Su!$C6:$CT6,KPC_35_Su_Su!$C$1:$CT$1,'KPC_35_Su_Su, 24h'!F$1) -> 2.6046483 | G6: =AVERAGEIFS(KPC_35_Su_Su!$C6:$CT6,KPC_35_Su_Su!$C$1:$CT$1,'KPC_35_Su_Su, 24h'!G$1) -> 2.4388009 | H6: =AVERAGEIFS(KPC_35_Su_Su!$C6:$CT6,KPC_35_Su_Su!$C$1:$CT$1,'KPC_35_Su_Su, 24h'!H$1) -> 2.3966467 | I6: =AVERAGEIFS(KPC_35_Su_Su!$C6:$CT6,KPC_35_Su_Su!$C$1:$CT$1,'KPC_35_Su_Su, 24h'!I$1) -> 2.4795267 | J6: =AVERAGEIFS(KPC_35_Su_Su!$C6:$CT6,KPC_35_Su_Su!$C$1:$CT$1,'KPC_35_Su_Su, 24h'!J$1) -> 2.9108978 | ... Z6: =AVERAGEIFS(KPC_35_Su_Su!$C6:$CT6,KPC_35_Su_Su!$C$1:$CT$1,'KPC_35_Su_Su, 24h'!Z$1) -> 2.9882339
A7: 3 | B7: Q | C7: =AVERAGEIFS(KPC_35_Su_Su!$C7:$CT7,KPC_35_Su_Su!$C$1:$CT$1,'KPC_35_Su_Su, 24h'!C$1) -> -0.46412387 | D7: =AVERAGEIFS(KPC_35_Su_Su!$C7:$CT7,KPC_35_Su_Su!$C$1:$CT$1,'KPC_35_Su_Su, 24h'!D$1) -> -0.46433475 | E7: =AVERAGEIFS(KPC_35_Su_Su!$C7:$CT7,KPC_35_Su_Su!$C$1:$CT$1,'KPC_35_Su_Su, 24h'!E$1) -> -0.46958698 | F7: =AVERAGEIFS(KPC_35_Su_Su!$C7:$CT7,KPC_35_Su_Su!$C$1:$CT$1,'KPC_35_Su_Su, 24h'!F$1) -> -0.51549973 | G7: =AVERAGEIFS(KPC_35_Su_Su!$C7:$CT7,KPC_35_Su_Su!$C$1:$CT$1,'KPC_35_Su_Su, 24h'!G$1) -> -0.55346125 | H7: =AVERAGEIFS(KPC_35_Su_Su!$C7:$CT7,KPC_35_Su_Su!$C$1:$CT$1,'KPC_35_Su_Su, 24h'!H$1) -> -0.5402325 | I7: =AVERAGEIFS(KPC_35_Su_Su!$C7:$CT7,KPC_35_Su_Su!$C$1:$CT$1,'KPC_35_Su_Su, 24h'!I$1) -> -0.53944028 | J7: =AVERAGEIFS(KPC_35_Su_Su!$C7:$CT7,KPC_35_Su_Su!$C$1:$CT$1,'KPC_35_Su_Su, 24h'!J$1) -> -0.4343261 | ... Z7: =AVERAGEIFS(KPC_35_Su_Su!$C7:$CT7,KPC_35_Su_Su!$C$1:$CT$1,'KPC_35_Su_Su, 24h'!Z$1) -> -0.4985929
A8: 4 | B8: P | C8: =AVERAGEIFS(KPC_35_Su_Su!$C8:$CT8,KPC_35_Su_Su!$C$1:$CT$1,'KPC_35_Su_Su, 24h'!C$1) -> 0.36033172 | D8: =AVERAGEIFS(KPC_35_Su_Su!$C8:$CT8,KPC_35_Su_Su!$C$1:$CT$1,'KPC_35_Su_Su, 24h'!D$1) -> 0.26865155 | E8: =AVERAGEIFS(KPC_35_Su_Su!$C8:$CT8,KPC_35_Su_Su!$C$1:$CT$1,'KPC_35_Su_Su, 24h'!E$1) -> 0.19185008 | F8: =AVERAGEIFS(KPC_35_Su_Su!$C8:$CT8,KPC_35_Su_Su!$C$1:$CT$1,'KPC_35_Su_Su, 24h'!F$1) -> 0.46103795 | G8: =AVERAGEIFS(KPC_35_Su_Su!$C8:$CT8,KPC_35_Su_Su!$C$1:$CT$1,'KPC_35_Su_Su, 24h'!G$1) -> 0.30608477 | H8: =AVERAGEIFS(KPC_35_Su_Su!$C8:$CT8,KPC_35_Su_Su!$C$1:$CT$1,'KPC_35_Su_Su, 24h'!H$1) -> 0.082145 | I8: =AVERAGEIFS(KPC_35_Su_Su!$C8:$CT8,KPC_35_Su_Su!$C$1:$CT$1,'KPC_35_Su_Su, 24h'!I$1) -> 0.2544928 | J8: =AVERAGEIFS(KPC_35_Su_Su!$C8:$CT8,KPC_35_Su_Su!$C$1:$CT$1,'KPC_35_Su_Su, 24h'!J$1) -> 0.57485495 | ... Z8: =AVERAGEIFS(KPC_35_Su_Su!$C8:$CT8,KPC_35_Su_Su!$C$1:$CT$1,'KPC_35_Su_Su, 24h'!Z$1) -> 0.5114521
A9: 4 | B9: Q | C9: =AVERAGEIFS(KPC_35_Su_Su!$C9:$CT9,KPC_35_Su_Su!$C$1:$CT$1,'KPC_35_Su_Su, 24h'!C$1) -> -0.564173 | D9: =AVERAGEIFS(KPC_35_Su_Su!$C9:$CT9,KPC_35_Su_Su!$C$1:$CT$1,'KPC_35_Su_Su, 24h'!D$1) -> -0.56476993 | E9: =AVERAGEIFS(KPC_35_Su_Su!$C9:$CT9,KPC_35_Su_Su!$C$1:$CT$1,'KPC_35_Su_Su, 24h'!E$1) -> -0.56389565 | F9: =AVERAGEIFS(KPC_35_Su_Su!$C9:$CT9,KPC_35_Su_Su!$C$1:$CT$1,'KPC_35_Su_Su, 24h'!F$1) -> -0.57026637 | G9: =AVERAGEIFS(KPC_35_Su_Su!$C9:$CT9,KPC_35_Su_Su!$C$1:$CT$1,'KPC_35_Su_Su, 24h'!G$1) -> -0.5755115 | H9: =AVERAGEIFS(KPC_35_Su_Su!$C9:$CT9,KPC_35_Su_Su!$C$1:$CT$1,'KPC_35_Su_Su, 24h'!H$1) -> -0.62177673 | I9: =AVERAGEIFS(KPC_35_Su_Su!$C9:$CT9,KPC_35_Su_Su!$C$1:$CT$1,'KPC_35_Su_Su, 24h'!I$1) -> -0.57841533 | J9: =AVERAGEIFS(KPC_35_Su_Su!$C9:$CT9,KPC_35_Su_Su!$C$1:$CT$1,'KPC_35_Su_Su, 24h'!J$1) -> -0.4434852 | ... Z9: =AVERAGEIFS(KPC_35_Su_Su!$C9:$CT9,KPC_35_Su_Su!$C$1:$CT$1,'KPC_35_Su_Su, 24h'!Z$1) -> -0.48713173
A10: 5 | B10: P | C10: =AVERAGEIFS(KPC_35_Su_Su!$C10:$CT10,KPC_35_Su_Su!$C$1:$CT$1,'KPC_35_Su_Su, 24h'!C$1) -> 3.021485 | D10: =AVERAGEIFS(KPC_35_Su_Su!$C10:$CT10,KPC_35_Su_Su!$C$1:$CT$1,'KPC_35_Su_Su, 24h'!D$1) -> 2.6997044 | E10: =AVERAGEIFS(KPC_35_Su_Su!$C10:$CT10,KPC_35_Su_Su!$C$1:$CT$1,'KPC_35_Su_Su, 24h'!E$1) -> 2.5611887 | F10: =AVERAGEIFS(KPC_35_Su_Su!$C10:$CT10,KPC_35_Su_Su!$C$1:$CT$1,'KPC_35_Su_Su, 24h'!F$1) -> 2.4832392 | G10: =AVERAGEIFS(KPC_35_Su_Su!$C10:$CT10,KPC_35_Su_Su!$C$1:$CT$1,'KPC_35_Su_Su, 24h'!G$1) -> 2.4301091 | H10: =AVERAGEIFS(KPC_35_Su_Su!$C10:$CT10,KPC_35_Su_Su!$C$1:$CT$1,'KPC_35_Su_Su, 24h'!H$1) -> 2.313693 | I10: =AVERAGEIFS(KPC_35_Su_Su!$C10:$CT10,KPC_35_Su_Su!$C$1:$CT$1,'KPC_35_Su_Su, 24h'!I$1) -> 2.4775767 | J10: =AVERAGEIFS(KPC_35_Su_Su!$C10:$CT10,KPC_35_Su_Su!$C$1:$CT$1,'KPC_35_Su_Su, 24h'!J$1) -> 2.9574308 | ... Z10: =AVERAGEIFS(KPC_35_Su_Su!$C10:$CT10,KPC_35_Su_Su!$C$1:$CT$1,'KPC_35_Su_Su, 24h'!Z$1) -> 3.6189228
A11: 5 | B11: Q | C11: =AVERAGEIFS(KPC_35_Su_Su!$C11:$CT11,KPC_35_Su_Su!$C$1:$CT$1,'KPC_35_Su_Su, 24h'!C$1) -> -0.3998634 | D11: =AVERAGEIFS(KPC_35_Su_Su!$C11:$CT11,KPC_35_Su_Su!$C$1:$CT$1,'KPC_35_Su_Su, 24h'!D$1) -> -0.4381953 | E11: =AVERAGEIFS(KPC_35_Su_Su!$C11:$CT11,KPC_35_Su_Su!$C$1:$CT$1,'KPC_35_Su_Su, 24h'!E$1) -> -0.459143 | F11: =AVERAGEIFS(KPC_35_Su_Su!$C11:$CT11,KPC_35_Su_Su!$C$1:$CT$1,'KPC_35_Su_Su, 24h'!F$1) -> -0.48634415 | G11: =AVERAGEIFS(KPC_35_Su_Su!$C11:$CT11,KPC_35_Su_Su!$C$1:$CT$1,'KPC_35_Su_Su, 24h'!G$1) -> -0.5142985 | H11: =AVERAGEIFS(KPC_35_Su_Su!$C11:$CT11,KPC_35_Su_Su!$C$1:$CT$1,'KPC_35_Su_Su, 24h'!H$1) -> -0.56549195 | I11: =AVERAGEIFS(KPC_35_Su_Su!$C11:$CT11,KPC_35_Su_Su!$C$1:$CT$1,'KPC_35_Su_Su, 24h'!I$1) -> -0.56186975 | J11: =AVERAGEIFS(KPC_35_Su_Su!$C11:$CT11,KPC_35_Su_Su!$C$1:$CT$1,'KPC_35_Su_Su, 24h'!J$1) -> -0.43948172 | ... Z11: =AVERAGEIFS(KPC_35_Su_Su!$C11:$CT11,KPC_35_Su_Su!$C$1:$CT$1,'KPC_35_Su_Su, 24h'!Z$1) -> -0.20302935
A12: 6 | B12: P | C12: =AVERAGEIFS(KPC_35_Su_Su!$C12:$CT12,KPC_35_Su_Su!$C$1:$CT$1,'KPC_35_Su_Su, 24h'!C$1) -> 4.3326944 | D12: =AVERAGEIFS(KPC_35_Su_Su!$C12:$CT12,KPC_35_Su_Su!$C$1:$CT$1,'KPC_35_Su_Su, 24h'!D$1) -> 4.3091833 | E12: =AVERAGEIFS(KPC_35_Su_Su!$C12:$CT12,KPC_35_Su_Su!$C$1:$CT$1,'KPC_35_Su_Su, 24h'!E$1) -> 4.1865861 | F12: =AVERAGEIFS(KPC_35_Su_Su!$C12:$CT12,KPC_35_Su_Su!$C$1:$CT$1,'KPC_35_Su_Su, 24h'!F$1) -> 4.1598501 | G12: =AVERAGEIFS(KPC_35_Su_Su!$C12:$CT12,KPC_35_Su_Su!$C$1:$CT$1,'KPC_35_Su_Su, 24h'!G$1) -> 4.1815971 | H12: =AVERAGEIFS(KPC_35_Su_Su!$C12:$CT12,KPC_35_Su_Su!$C$1:$CT$1,'KPC_35_Su_Su, 24h'!H$1) -> 3.9347389 | I12: =AVERAGEIFS(KPC_35_Su_Su!$C12:$CT12,KPC_35_Su_Su!$C$1:$CT$1,'KPC_35_Su_Su, 24h'!I$1) -> 3.7861278 | J12: =AVERAGEIFS(KPC_35_Su_Su!$C12:$CT12,KPC_35_Su_Su!$C$1:$CT$1,'KPC_35_Su_Su, 24h'!J$1) -> 4.0933833 | ... Z12: =AVERAGEIFS(KPC_35_Su_Su!$C12:$CT12,KPC_35_Su_Su!$C$1:$CT$1,'KPC_35_Su_Su, 24h'!Z$1) -> 4.5088361
A13: 6 | B13: Q | C13: =AVERAGEIFS(KPC_35_Su_Su!$C13:$CT13,KPC_35_Su_Su!$C$1:$CT$1,'KPC_35_Su_Su, 24h'!C$1) -> 0.53909475 | D13: =AVERAGEIFS(KPC_35_Su_Su!$C13:$CT13,KPC_35_Su_Su!$C$1:$CT$1,'KPC_35_Su_Su, 24h'!D$1) -> 0.61664697 | E13: =AVERAGEIFS(KPC_35_Su_Su!$C13:$CT13,KPC_35_Su_Su!$C$1:$CT$1,'KPC_35_Su_Su, 24h'!E$1) -> 0.52334942 | F13: =AVERAGEIFS(KPC_35_Su_Su!$C13:$CT13,KPC_35_Su_Su!$C$1:$CT$1,'KPC_35_Su_Su, 24h'!F$1) -> 0.50653665 | G13: =AVERAGEIFS(KPC_35_Su_Su!$C13:$CT13,KPC_35_Su_Su!$C$1:$CT$1,'KPC_35_Su_Su, 24h'!G$1) -> 0.55781 | H13: =AVERAGEIFS(KPC_35_Su_Su!$C13:$CT13,KPC_35_Su_Su!$C$1:$CT$1,'KPC_35_Su_Su, 24h'!H$1) -> 0.4599975 | I13: =AVERAGEIFS(KPC_35_Su_Su!$C13:$CT13,KPC_35_Su_Su!$C$1:$CT$1,'KPC_35_Su_Su, 24h'!I$1) -> 0.37429333 | J13: =AVERAGEIFS(KPC_35_Su_Su!$C13:$CT13,KPC_35_Su_Su!$C$1:$CT$1,'KPC_35_Su_Su, 24h'!J$1) -> 0.4472639 | ... Z13: =AVERAGEIFS(KPC_35_Su_Su!$C13:$CT13,KPC_35_Su_Su!$C$1:$CT$1,'KPC_35_Su_Su, 24h'!Z$1) -> 0.55701973
... A29: 14 | B29: Q | C29: =AVERAGEIFS(KPC_35_Su_Su!$C29:$CT29,KPC_35_Su_Su!$C$1:$CT$1,'KPC_35_Su_Su, 24h'!C$1) -> 0.127539 | D29: =AVERAGEIFS(KPC_35_Su_Su!$C29:$CT29,KPC_35_Su_Su!$C$1:$CT$1,'KPC_35_Su_Su, 24h'!D$1) -> 0.127539 | E29: =AVERAGEIFS(KPC_35_Su_Su!$C29:$CT29,KPC_35_Su_Su!$C$1:$CT$1,'KPC_35_Su_Su, 24h'!E$1) -> 0.127539 | F29: =AVERAGEIFS(KPC_35_Su_Su!$C29:$CT29,KPC_35_Su_Su!$C$1:$CT$1,'KPC_35_Su_Su, 24h'!F$1) -> 0.1301444 | G29: =AVERAGEIFS(KPC_35_Su_Su!$C29:$CT29,KPC_35_Su_Su!$C$1:$CT$1,'KPC_35_Su_Su, 24h'!G$1) -> 0.1321762 | H29: =AVERAGEIFS(KPC_35_Su_Su!$C29:$CT29,KPC_35_Su_Su!$C$1:$CT$1,'KPC_35_Su_Su, 24h'!H$1) -> 0.1321762 | I29: =AVERAGEIFS(KPC_35_Su_Su!$C29:$CT29,KPC_35_Su_Su!$C$1:$CT$1,'KPC_35_Su_Su, 24h'!I$1) -> 0.12613858 | J29: =AVERAGEIFS(KPC_35_Su_Su!$C29:$CT29,KPC_35_Su_Su!$C$1:$CT$1,'KPC_35_Su_Su, 24h'!J$1) -> 0.12228745 | ... Z29: =AVERAGEIFS(KPC_35_Su_Su!$C29:$CT29,KPC_35_Su_Su!$C$1:$CT$1,'KPC_35_Su_Su, 24h'!Z$1) -> 0.11064567
