Workbook

Sheet Scenarios
A1: NumScenarios | B1: 3 | C1: =1/$B$1 -> 0.33333333 | D1: =1/$B$1 -> 0.33333333 | E1: =1/$B$1 -> 0.33333333
A3: Year | B3: 2027
A5: Growth factors (cumul.) | B5: Value
A6: Active Power | B6: =(1+[1]Main!$B$4)^($B$3-[1]Main!$B$1) -> 1.050625
A7: Flexibility | B7: =(1+[1]Main!$B$5)^($B$3-[1]Main!$B$1) -> 1.0404

Sheet Cp, Winter
A1: Scenario | B1: 0 | C1: 1 | D1: 2 | E1: 3 | F1: 4 | G1: 5 | H1: 6 | I1: 7 | J1: 8 | K1: 9 | L1: 10 | M1: 11 | N1: 12 | O1: 13 | P1: 14 | Q1: 15 | R1: 16 | S1: 17 | T1: 18 | U1: 19 | V1: 20 | W1: 21 | X1: 22 | Y1: 23
A2: 1 | B2: ='[1]Energy, Winter'!B2*Scenarios!$B$6 -> 96.394844 | C2: ='[1]Energy, Winter'!C2*Scenarios!$B$6 -> 90.542862 | D2: ='[1]Energy, Winter'!D2*Scenarios!$B$6 -> 86.256312 | E2: ='[1]Energy, Winter'!E2*Scenarios!$B$6 -> 84.05 | F2: ='[1]Energy, Winter'!F2*Scenarios!$B$6 -> 83.62975 | G2: ='[1]Energy, Winter'!G2*Scenarios!$B$6 -> 85.205687 | H2: ='[1]Energy, Winter'!H2*Scenarios!$B$6 -> 90.259194 | I2: ='[1]Energy, Winter'!I2*Scenarios!$B$6 -> 107.21628 | ... Y2: ='[1]Energy, Winter'!Y2*Scenarios!$B$6 -> 97.981287
A3: 2 | B3: ='[1]Energy, Winter'!B3*Scenarios!$B$6 -> 93.484612 | C3: ='[1]Energy, Winter'!C3*Scenarios!$B$6 -> 90.826531 | D3: ='[1]Energy, Winter'!D3*Scenarios!$B$6 -> 89.292619 | E3: ='[1]Energy, Winter'!E3*Scenarios!$B$6 -> 87.201875 | F3: ='[1]Energy, Winter'!F3*Scenarios!$B$6 -> 87.348962 | G3: ='[1]Energy, Winter'!G3*Scenarios!$B$6 -> 89.303125 | H3: ='[1]Energy, Winter'!H3*Scenarios!$B$6 -> 93.505625 | I3: ='[1]Energy, Winter'!I3*Scenarios!$B$6 -> 105.0625 | ... Y3: ='[1]Energy, Winter'!Y3*Scenarios!$B$6 -> 100.32418
A4: 3 | B4: ='[1]Energy, Winter'!B4*Scenarios!$B$6 -> 97.004206 | C4: ='[1]Energy, Winter'!C4*Scenarios!$B$6 -> 94.682325 | D4: ='[1]Energy, Winter'!D4*Scenarios!$B$6 -> 91.414881 | E4: ='[1]Energy, Winter'!E4*Scenarios!$B$6 -> 90.143625 | F4: ='[1]Energy, Winter'!F4*Scenarios!$B$6 -> 89.303125 | G4: ='[1]Energy, Winter'!G4*Scenarios!$B$6 -> 90.668937 | H4: ='[1]Energy, Winter'!H4*Scenarios!$B$6 -> 99.809375 | I4: ='[1]Energy, Winter'!I4*Scenarios!$B$6 -> 109.20196 | ... Y4: ='[1]Energy, Winter'!Y4*Scenarios!$B$6 -> 97.371925

Sheet Cp, Spring
A1: Scenario | B1: 0 | C1: 1 | D1: 2 | E1: 3 | F1: 4 | G1: 5 | H1: 6 | I1: 7 | J1: 8 | K1: 9 | L1: 10 | M1: 11 | N1: 12 | O1: 13 | P1: 14 | Q1: 15 | R1: 16 | S1: 17 | T1: 18 | U1: 19 | V1: 20 | W1: 21 | X1: 22 | Y1: 23
A2: 1 | B2: ='[1]Energy, Spring'!B2*Scenarios!$B$6 -> 46.2275 | C2: ='[1]Energy, Spring'!C2*Scenarios!$B$6 -> 48.980137 | D2: ='[1]Energy, Spring'!D2*Scenarios!$B$6 -> 50.5981 | E2: ='[1]Energy, Spring'!E2*Scenarios!$B$6 -> 50.85025 | F2: ='[1]Energy, Spring'!F2*Scenarios!$B$6 -> 53.056562 | G2: ='[1]Energy, Spring'!G2*Scenarios!$B$6 -> 58.824494 | H2: ='[1]Energy, Spring'!H2*Scenarios!$B$6 -> 61.797762 | I2: ='[1]Energy, Spring'!I2*Scenarios!$B$6 -> 52.510237 | ... Y2: ='[1]Energy, Spring'!Y2*Scenarios!$B$6 -> 76.096769
A3: 2 | B3: ='[1]Energy, Spring'!B3*Scenarios!$B$6 -> 74.069063 | C3: ='[1]Energy, Spring'!C3*Scenarios!$B$6 -> 72.629706 | D3: ='[1]Energy, Spring'!D3*Scenarios!$B$6 -> 72.493125 | E3: ='[1]Energy, Spring'!E3*Scenarios!$B$6 -> 71.453006 | F3: ='[1]Energy, Spring'!F3*Scenarios!$B$6 -> 72.325025 | G3: ='[1]Energy, Spring'!G3*Scenarios!$B$6 -> 70.391875 | H3: ='[1]Energy, Spring'!H3*Scenarios!$B$6 -> 71.35845 | I3: ='[1]Energy, Spring'!I3*Scenarios!$B$6 -> 76.559044 | ... Y3: ='[1]Energy, Spring'!Y3*Scenarios!$B$6 -> 75.645
A4: 3 | B4: ='[1]Energy, Spring'!B4*Scenarios!$B$6 -> 72.388063 | C4: ='[1]Energy, Spring'!C4*Scenarios!$B$6 -> 69.236187 | D4: ='[1]Energy, Spring'!D4*Scenarios!$B$6 -> 69.67745 | E4: ='[1]Energy, Spring'!E4*Scenarios!$B$6 -> 68.038475 | F4: ='[1]Energy, Spring'!F4*Scenarios!$B$6 -> 71.316425 | G4: ='[1]Energy, Spring'!G4*Scenarios!$B$6 -> 66.084312 | H4: ='[1]Energy, Spring'!H4*Scenarios!$B$6 -> 69.793019 | I4: ='[1]Energy, Spring'!I4*Scenarios!$B$6 -> 61.545612 | ... Y4: ='[1]Energy, Spring'!Y4*Scenarios!$B$6 -> 75.645

Sheet Cp, Summer
A1: Scenario | B1: 0 | C1: 1 | D1: 2 | E1: 3 | F1: 4 | G1: 5 | H1: 6 | I1: 7 | J1: 8 | K1: 9 | L1: 10 | M1: 11 | N1: 12 | O1: 13 | P1: 14 | Q1: 15 | R1: 16 | S1: 17 | T1: 18 | U1: 19 | V1: 20 | W1: 21 | X1: 22 | Y1: 23
A2: 1 | B2: ='[1]Energy, Summer'!B2*Scenarios!$B$6 -> 118.86771 | C2: ='[1]Energy, Summer'!C2*Scenarios!$B$6 -> 118.06924 | D2: ='[1]Energy, Summer'!D2*Scenarios!$B$6 -> 118.3424 | E2: ='[1]Energy, Summer'!E2*Scenarios!$B$6 -> 118.27936 | F2: ='[1]Energy, Summer'!F2*Scenarios!$B$6 -> 118.59455 | G2: ='[1]Energy, Summer'!G2*Scenarios!$B$6 -> 122.75502 | H2: ='[1]Energy, Summer'!H2*Scenarios!$B$6 -> 126.83145 | I2: ='[1]Energy, Summer'!I2*Scenarios!$B$6 -> 122.75502 | ... Y2: ='[1]Energy, Summer'!Y2*Scenarios!$B$6 -> 119.60315
A3: 2 | B3: ='[1]Energy, Summer'!B3*Scenarios!$B$6 -> 112.64801 | C3: ='[1]Energy, Summer'!C3*Scenarios!$B$6 -> 112.63751 | D3: ='[1]Energy, Summer'!D3*Scenarios!$B$6 -> 112.63751 | E3: ='[1]Energy, Summer'!E3*Scenarios!$B$6 -> 99.809375 | F3: ='[1]Energy, Summer'!F3*Scenarios!$B$6 -> 107.62602 | G3: ='[1]Energy, Summer'!G3*Scenarios!$B$6 -> 110.31562 | H3: ='[1]Energy, Summer'!H3*Scenarios!$B$6 -> 120.92694 | I3: ='[1]Energy, Summer'!I3*Scenarios!$B$6 -> 107.62602 | ... Y3: ='[1]Energy, Summer'!Y3*Scenarios!$B$6 -> 113.20484
A4: 3 | B4: ='[1]Energy, Summer'!B4*Scenarios!$B$6 -> 114.1399 | C4: ='[1]Energy, Summer'!C4*Scenarios!$B$6 -> 109.92689 | D4: ='[1]Energy, Summer'!D4*Scenarios!$B$6 -> 110.57828 | E4: ='[1]Energy, Summer'!E4*Scenarios!$B$6 -> 98.370019 | F4: ='[1]Energy, Summer'!F4*Scenarios!$B$6 -> 99.147481 | G4: ='[1]Energy, Summer'!G4*Scenarios!$B$6 -> 104.48466 | H4: ='[1]Energy, Summer'!H4*Scenarios!$B$6 -> 119.03581 | I4: ='[1]Energy, Summer'!I4*Scenarios!$B$6 -> 115.43217 | ... Y4: ='[1]Energy, Summer'!Y4*Scenarios!$B$6 -> 77.987894

Sheet Cp, Autumn
A1: Scenario | B1: 0 | C1: 1 | D1: 2 | E1: 3 | F1: 4 | G1: 5 | H1: 6 | I1: 7 | J1: 8 | K1: 9 | L1: 10 | M1: 11 | N1: 12 | O1: 13 | P1: 14 | Q1: 15 | R1: 16 | S1: 17 | T1: 18 | U1: 19 | V1: 20 | W1: 21 | X1: 22 | Y1: 23
A2: 1 | B2: ='[1]Energy, Autumn'!B2*Scenarios!$B$6 -> 96.699525 | C2: ='[1]Energy, Autumn'!C2*Scenarios!$B$6 -> 94.514225 | D2: ='[1]Energy, Autumn'!D2*Scenarios!$B$6 -> 94.629794 | E2: ='[1]Energy, Autumn'!E2*Scenarios!$B$6 -> 88.063387 | F2: ='[1]Energy, Autumn'!F2*Scenarios!$B$6 -> 89.68135 | G2: ='[1]Energy, Autumn'!G2*Scenarios!$B$6 -> 94.440681 | H2: ='[1]Energy, Autumn'!H2*Scenarios!$B$6 -> 109.41209 | I2: ='[1]Energy, Autumn'!I2*Scenarios!$B$6 -> 127.28322 | ... Y2: ='[1]Energy, Autumn'!Y2*Scenarios!$B$6 -> 115.19052
A3: 2 | B3: ='[1]Energy, Autumn'!B3*Scenarios!$B$6 -> 84.05 | C3: ='[1]Energy, Autumn'!C3*Scenarios!$B$6 -> 80.677494 | D3: ='[1]Energy, Autumn'!D3*Scenarios!$B$6 -> 78.796875 | E3: ='[1]Energy, Autumn'!E3*Scenarios!$B$6 -> 76.264869 | F3: ='[1]Energy, Autumn'!F3*Scenarios!$B$6 -> 74.583869 | G3: ='[1]Energy, Autumn'!G3*Scenarios!$B$6 -> 80.898125 | H3: ='[1]Energy, Autumn'!H3*Scenarios!$B$6 -> 92.864744 | I3: ='[1]Energy, Autumn'!I3*Scenarios!$B$6 -> 112.7951 | ... Y3: ='[1]Energy, Autumn'!Y3*Scenarios!$B$6 -> 107.16375
A4: 3 | B4: ='[1]Energy, Autumn'!B4*Scenarios!$B$6 -> 90.85805 | C4: ='[1]Energy, Autumn'!C4*Scenarios!$B$6 -> 85.846569 | D4: ='[1]Energy, Autumn'!D4*Scenarios!$B$6 -> 78.796875 | E4: ='[1]Energy, Autumn'!E4*Scenarios!$B$6 -> 74.279187 | F4: ='[1]Energy, Autumn'!F4*Scenarios!$B$6 -> 74.258175 | G4: ='[1]Energy, Autumn'!G4*Scenarios!$B$6 -> 75.287787 | H4: ='[1]Energy, Autumn'!H4*Scenarios!$B$6 -> 77.57815 | I4: ='[1]Energy, Autumn'!I4*Scenarios!$B$6 -> 81.94875 | ... Y4: ='[1]Energy, Autumn'!Y4*Scenarios!$B$6 -> 100.49228

Sheet Flex, Winter
A1: Scenario | B1: 0 | C1: 1 | D1: 2 | E1: 3 | F1: 4 | G1: 5 | H1: 6 | I1: 7 | J1: 8 | K1: 9 | L1: 10 | M1: 11 | N1: 12 | O1: 13 | P1: 14 | Q1: 15 | R1: 16 | S1: 17 | T1: 18 | U1: 19 | V1: 20 | W1: 21 | X1: 22 | Y1: 23
A2: 1 | B2: ='[1]Flexibility, Winter'!B2*Scenarios!$B$6 -> 48.197422 | C2: ='[1]Flexibility, Winter'!C2*Scenarios!$B$6 -> 45.271431 | D2: ='[1]Flexibility, Winter'!D2*Scenarios!$B$6 -> 43.128156 | E2: ='[1]Flexibility, Winter'!E2*Scenarios!$B$6 -> 42.025 | F2: ='[1]Flexibility, Winter'!F2*Scenarios!$B$6 -> 41.814875 | G2: ='[1]Flexibility, Winter'!G2*Scenarios!$B$6 -> 42.602844 | H2: ='[1]Flexibility, Winter'!H2*Scenarios!$B$6 -> 45.129597 | I2: ='[1]Flexibility, Winter'!I2*Scenarios!$B$6 -> 53.608141 | ... Y2: ='[1]Flexibility, Winter'!Y2*Scenarios!$B$6 -> 48.990644
A3: 2 | B3: ='[1]Flexibility, Winter'!B3*Scenarios!$B$6 -> 46.742306 | C3: ='[1]Flexibility, Winter'!C3*Scenarios!$B$6 -> 45.413266 | D3: ='[1]Flexibility, Winter'!D3*Scenarios!$B$6 -> 44.646309 | E3: ='[1]Flexibility, Winter'!E3*Scenarios!$B$6 -> 43.600937 | F3: ='[1]Flexibility, Winter'!F3*Scenarios!$B$6 -> 43.674481 | G3: ='[1]Flexibility, Winter'!G3*Scenarios!$B$6 -> 44.651562 | H3: ='[1]Flexibility, Winter'!H3*Scenarios!$B$6 -> 46.752812 | I3: ='[1]Flexibility, Winter'!I3*Scenarios!$B$6 -> 52.53125 | ... Y3: ='[1]Flexibility, Winter'!Y3*Scenarios!$B$6 -> 50.162091
A4: 3 | B4: ='[1]Flexibility, Winter'!B4*Scenarios!$B$6 -> 48.502103 | C4: ='[1]Flexibility, Winter'!C4*Scenarios!$B$6 -> 47.341162 | D4: ='[1]Flexibility, Winter'!D4*Scenarios!$B$6 -> 45.707441 | E4: ='[1]Flexibility, Winter'!E4*Scenarios!$B$6 -> 45.071812 | F4: ='[1]Flexibility, Winter'!F4*Scenarios!$B$6 -> 44.651562 | G4: ='[1]Flexibility, Winter'!G4*Scenarios!$B$6 -> 45.334469 | H4: ='[1]Flexibility, Winter'!H4*Scenarios!$B$6 -> 49.904687 | I4: ='[1]Flexibility, Winter'!I4*Scenarios!$B$6 -> 54.600981 | ... Y4: ='[1]Flexibility, Winter'!Y4*Scenarios!$B$6 -> 48.685963

Sheet Flex, Spring
A1: Scenario | B1: 0 | C1: 1 | D1: 2 | E1: 3 | F1: 4 | G1: 5 | H1: 6 | I1: 7 | J1: 8 | K1: 9 | L1: 10 | M1: 11 | N1: 12 | O1: 13 | P1: 14 | Q1: 15 | R1: 16 | S1: 17 | T1: 18 | U1: 19 | V1: 20 | W1: 21 | X1: 22 | Y1: 23
A2: 1 | B2: ='[1]Flexibility, Spring'!B2*Scenarios!$B$6 -> 23.11375 | C2: ='[1]Flexibility, Spring'!C2*Scenarios!$B$6 -> 24.490069 | D2: ='[1]Flexibility, Spring'!D2*Scenarios!$B$6 -> 25.29905 | E2: ='[1]Flexibility, Spring'!E2*Scenarios!$B$6 -> 25.425125 | F2: ='[1]Flexibility, Spring'!F2*Scenarios!$B$6 -> 26.528281 | G2: ='[1]Flexibility, Spring'!G2*Scenarios!$B$6 -> 29.412247 | H2: ='[1]Flexibility, Spring'!H2*Scenarios!$B$6 -> 30.898881 | I2: ='[1]Flexibility, Spring'!I2*Scenarios!$B$6 -> 26.255119 | ... Y2: ='[1]Flexibility, Spring'!Y2*Scenarios!$B$6 -> 38.048384
A3: 2 | B3: ='[1]Flexibility, Spring'!B3*Scenarios!$B$6 -> 37.034531 | C3: ='[1]Flexibility, Spring'!C3*Scenarios!$B$6 -> 36.314853 | D3: ='[1]Flexibility, Spring'!D3*Scenarios!$B$6 -> 36.246562 | E3: ='[1]Flexibility, Spring'!E3*Scenarios!$B$6 -> 35.726503 | F3: ='[1]Flexibility, Spring'!F3*Scenarios!$B$6 -> 36.162512 | G3: ='[1]Flexibility, Spring'!G3*Scenarios!$B$6 -> 35.195937 | H3: ='[1]Flexibility, Spring'!H3*Scenarios!$B$6 -> 35.679225 | I3: ='[1]Flexibility, Spring'!I3*Scenarios!$B$6 -> 38.279522 | ... Y3: ='[1]Flexibility, Spring'!Y3*Scenarios!$B$6 -> 37.8225
A4: 3 | B4: ='[1]Flexibility, Spring'!B4*Scenarios!$B$6 -> 36.194031 | C4: ='[1]Flexibility, Spring'!C4*Scenarios!$B$6 -> 34.618094 | D4: ='[1]Flexibility, Spring'!D4*Scenarios!$B$6 -> 34.838725 | E4: ='[1]Flexibility, Spring'!E4*Scenarios!$B$6 -> 34.019238 | F4: ='[1]Flexibility, Spring'!F4*Scenarios!$B$6 -> 35.658212 | G4: ='[1]Flexibility, Spring'!G4*Scenarios!$B$6 -> 33.042156 | H4: ='[1]Flexibility, Spring'!H4*Scenarios!$B$6 -> 34.896509 | I4: ='[1]Flexibility, Spring'!I4*Scenarios!$B$6 -> 30.772806 | ... Y4: ='[1]Flexibility, Spring'!Y4*Scenarios!$B$6 -> 37.8225

Sheet Flex, Summer
A1: Scenario | B1: 0 | C1: 1 | D1: 2 | E1: 3 | F1: 4 | G1: 5 | H1: 6 | I1: 7 | J1: 8 | K1: 9 | L1: 10 | M1: 11 | N1: 12 | O1: 13 | P1: 14 | Q1: 15 | R1: 16 | S1: 17 | T1: 18 | U1: 19 | V1: 20 | W1: 21 | X1: 22 | Y1: 23
A2: 1 | B2: ='[1]Flexibility, Summer'!B2*Scenarios!$B$6 -> 59.433856 | C2: ='[1]Flexibility, Summer'!C2*Scenarios!$B$6 -> 59.034619 | D2: ='[1]Flexibility, Summer'!D2*Scenarios!$B$6 -> 59.1712 | E2: ='[1]Flexibility, Summer'!E2*Scenarios!$B$6 -> 59.139681 | F2: ='[1]Flexibility, Summer'!F2*Scenarios!$B$6 -> 59.297275 | G2: ='[1]Flexibility, Summer'!G2*Scenarios!$B$6 -> 61.377512 | H2: ='[1]Flexibility, Summer'!H2*Scenarios!$B$6 -> 63.415725 | I2: ='[1]Flexibility, Summer'!I2*Scenarios!$B$6 -> 61.377512 | ... Y2: ='[1]Flexibility, Summer'!Y2*Scenarios!$B$6 -> 59.801575
A3: 2 | B3: ='[1]Flexibility, Summer'!B3*Scenarios!$B$6 -> 56.324006 | C3: ='[1]Flexibility, Summer'!C3*Scenarios!$B$6 -> 56.318753 | D3: ='[1]Flexibility, Summer'!D3*Scenarios!$B$6 -> 56.318753 | E3: ='[1]Flexibility, Summer'!E3*Scenarios!$B$6 -> 49.904687 | F3: ='[1]Flexibility, Summer'!F3*Scenarios!$B$6 -> 53.813012 | G3: ='[1]Flexibility, Summer'!G3*Scenarios!$B$6 -> 55.157812 | H3: ='[1]Flexibility, Summer'!H3*Scenarios!$B$6 -> 60.463469 | I3: ='[1]Flexibility, Summer'!I3*Scenarios!$B$6 -> 53.813012 | ... Y3: ='[1]Flexibility, Summer'!Y3*Scenarios!$B$6 -> 56.602422
A4: 3 | B4: ='[1]Flexibility, Summer'!B4*Scenarios!$B$6 -> 57.06995 | C4: ='[1]Flexibility, Summer'!C4*Scenarios!$B$6 -> 54.963447 | D4: ='[1]Flexibility, Summer'!D4*Scenarios!$B$6 -> 55.289141 | E4: ='[1]Flexibility, Summer'!E4*Scenarios!$B$6 -> 49.185009 | F4: ='[1]Flexibility, Summer'!F4*Scenarios!$B$6 -> 49.573741 | G4: ='[1]Flexibility, Summer'!G4*Scenarios!$B$6 -> 52.242328 | H4: ='[1]Flexibility, Summer'!H4*Scenarios!$B$6 -> 59.517906 | I4: ='[1]Flexibility, Summer'!I4*Scenarios!$B$6 -> 57.716084 | ... Y4: ='[1]Flexibility, Summer'!Y4*Scenarios!$B$6 -> 38.993947

Sheet Flex, Autumn
A1: Scenario | B1: 0 | C1: 1 | D1: 2 | E1: 3 | F1: 4 | G1: 5 | H1: 6 | I1: 7 | J1: 8 | K1: 9 | L1: 10 | M1: 11 | N1: 12 | O1: 13 | P1: 14 | Q1: 15 | R1: 16 | S1: 17 | T1: 18 | U1: 19 | V1: 20 | W1: 21 | X1: 22 | Y1: 23
A2: 1 | B2: ='[1]Flexibility, Autumn'!B2*Scenarios!$B$6 -> 48.349762 | C2: ='[1]Flexibility, Autumn'!C2*Scenarios!$B$6 -> 47.257112 | D2: ='[1]Flexibility, Autumn'!D2*Scenarios!$B$6 -> 47.314897 | E2: ='[1]Flexibility, Autumn'!E2*Scenarios!$B$6 -> 44.031694 | F2: ='[1]Flexibility, Autumn'!F2*Scenarios!$B$6 -> 44.840675 | G2: ='[1]Flexibility, Autumn'!G2*Scenarios!$B$6 -> 47.220341 | H2: ='[1]Flexibility, Autumn'!H2*Scenarios!$B$6 -> 54.706044 | I2: ='[1]Flexibility, Autumn'!I2*Scenarios!$B$6 -> 63.641609 | ... Y2: ='[1]Flexibility, Autumn'!Y2*Scenarios!$B$6 -> 57.595262
A3: 2 | B3: ='[1]Flexibility, Autumn'!B3*Scenarios!$B$6 -> 42.025 | C3: ='[1]Flexibility, Autumn'!C3*Scenarios!$B$6 -> 40.338747 | D3: ='[1]Flexibility, Autumn'!D3*Scenarios!$B$6 -> 39.398438 | E3: ='[1]Flexibility, Autumn'!E3*Scenarios!$B$6 -> 38.132434 | F3: ='[1]Flexibility, Autumn'!F3*Scenarios!$B$6 -> 37.291934 | G3: ='[1]Flexibility, Autumn'!G3*Scenarios!$B$6 -> 40.449062 | H3: ='[1]Flexibility, Autumn'!H3*Scenarios!$B$6 -> 46.432372 | I3: ='[1]Flexibility, Autumn'!I3*Scenarios!$B$6 -> 56.39755 | ... Y3: ='[1]Flexibility, Autumn'!Y3*Scenarios!$B$6 -> 53.581875
A4: 3 | B4: ='[1]Flexibility, Autumn'!B4*Scenarios!$B$6 -> 45.429025 | C4: ='[1]Flexibility, Autumn'!C4*Scenarios!$B$6 -> 42.923284 | D4: ='[1]Flexibility, Autumn'!D4*Scenarios!$B$6 -> 39.398438 | E4: ='[1]Flexibility, Autumn'!E4*Scenarios!$B$6 -> 37.139594 | F4: ='[1]Flexibility, Autumn'!F4*Scenarios!$B$6 -> 37.129088 | G4: ='[1]Flexibility, Autumn'!G4*Scenarios!$B$6 -> 37.643894 | H4: ='[1]Flexibility, Autumn'!H4*Scenarios!$B$6 -> 38.789075 | I4: ='[1]Flexibility, Autumn'!I4*Scenarios!$B$6 -> 40.974375 | ... Y4: ='[1]Flexibility, Autumn'!Y4*Scenarios!$B$6 -> 50.246141
