Workbook

Sheet Characterization
A1: LoadID | B1: Pc | C1: Qc | D1: FL Ratio | G1: Pc_prev | H1: Qc_prev
A2: 1 | B2: 3.699 | C2: 3.153 | D2: =B2/SUM($B$2:$B$27) -> 0.0091438928 | G2: {=MAX(ABS('Pc, Original'!$D2:$AA2))} -> 3.413 | H2: {=MAX(ABS('Qc, Original'!$D2:$AA2))} -> 1.746
A3: 2 | B3: 25.397 | C3: -0.4 | D3: =B3/SUM($B$2:$B$27) -> 0.062781143 | G3: {=MAX(ABS('Pc, Original'!$D3:$AA3))} -> 28.921 | H3: {=MAX(ABS('Qc, Original'!$D3:$AA3))} -> 1.4321956
A4: 3 | B4: 38.622 | C4: 2.379 | D4: =B4/SUM($B$2:$B$27) -> 0.095473217 | G4: {=MAX(ABS('Pc, Original'!$D4:$AA4))} -> 34.794 | H4: {=MAX(ABS('Qc, Original'!$D4:$AA4))} -> 1.3238855
A5: 4 | B5: 46.624 | C5: 7.775 | D5: =B5/SUM($B$2:$B$27) -> 0.11525408 | G5: {=MAX(ABS('Pc, Original'!$D5:$AA5))} -> 93.512 | H5: {=MAX(ABS('Qc, Original'!$D5:$AA5))} -> 1.2717971
A6: 5 | B6: 9.816 | C6: 1.853 | D6: =B6/SUM($B$2:$B$27) -> 0.024265059 | G6: {=MAX(ABS('Pc, Original'!$D6:$AA6))} -> 11.846 | H6: {=MAX(ABS('Qc, Original'!$D6:$AA6))} -> 4.177
A7: 6 | B7: 0 | C7: 0 | D7: =B7/SUM($B$2:$B$27) -> 0 | G7: {=MAX(ABS('Pc, Original'!$D7:$AA7))} -> 0 | H7: {=MAX(ABS('Qc, Original'!$D7:$AA7))} -> 2.1778489
A8: 7 | B8: 18.896 | C8: 8.754 | D8: =B8/SUM($B$2:$B$27) -> 0.046710732 | G8: {=MAX(ABS('Pc, Original'!$D8:$AA8))} -> 33.956 | H8: {=MAX(ABS('Qc, Original'!$D8:$AA8))} -> 3.4942609
A9: 8 | B9: 32.695 | C9: 4.319 | D9: =B9/SUM($B$2:$B$27) -> 0.080821729 | G9: {=MAX(ABS('Pc, Original'!$D9:$AA9))} -> 46.826 | H9: {=MAX(ABS('Qc, Original'!$D9:$AA9))} -> 2.8115218
A10: 9 | B10: 18.8523 | C10: -1.46 | D10: =B10/SUM($B$2:$B$27) -> 0.046602706 | G10: {=MAX(ABS('Pc, Original'!$D10:$AA10))} -> 306.237 | H10: {=MAX(ABS('Qc, Original'!$D10:$AA10))} -> 4.493
A11: 10 | B11: 4.318 | C11: -7.359 | D11: =B11/SUM($B$2:$B$27) -> 0.010674055 | G11: {=MAX(ABS('Pc, Original'!$D11:$AA11))} -> 5.977 | H11: {=MAX(ABS('Qc, Original'!$D11:$AA11))} -> 4.740963
A12: 11 | B12: 33.231 | C12: 3.907 | D12: =B12/SUM($B$2:$B$27) -> 0.082146716 | G12: {=MAX(ABS('Pc, Original'!$D12:$AA12))} -> 50.107 | H12: {=MAX(ABS('Qc, Original'!$D12:$AA12))} -> 1.799825
A13: 12 | B13: 8.225 | C13: -0.011 | D13: =B13/SUM($B$2:$B$27) -> 0.020332122 | G13: {=MAX(ABS('Pc, Original'!$D13:$AA13))} -> 10.687 | H13: {=MAX(ABS('Qc, Original'!$D13:$AA13))} -> 1.9473087
... A25: 24 | B25: 42.909 | C25: 12.673 | D25: =B25/SUM($B$2:$B$27) -> 0.10607064 | G25: {=MAX(ABS('Pc, Original'!$D25:$AA25))} -> 34.15 | H25: {=MAX(ABS('Qc, Original'!$D25:$AA25))} -> 102.11979
A26: 25 | B26: 0 | C26: 0 | D26: =B26/SUM($B$2:$B$27) -> 0
A27: 26 | B27: 0 | C27: 0 | D27: =B27/SUM($B$2:$B$27) -> 0

Sheet Growth Factors
A1: Growth Factor | B1: Value, [%]
A2: Load | B2: 0.01
A3: Flexible Load | B3: 0.025

Sheet Pc, Original
A1: LoadID | B1: Season | C1: Scenario | D1: 0 | E1: 1 | F1: 2 | G1: 3 | H1: 4 | I1: 5 | J1: 6 | K1: 7 | L1: 8 | M1: 9 | N1: 10 | O1: 11 | P1: 12 | Q1: 13 | R1: 14 | S1: 15 | T1: 16 | U1: 17 | V1: 18 | W1: 19 | X1: 20 | Y1: 21 | Z1: 22 | AA1: 23
A2: 1 | B2: Winter | C2: 1 | D2: 2.202 | E2: 0.946 | F2: 2.041 | G2: 0.763 | H2: 0.727 | I2: 1.575 | J2: 1.56 | K2: 2.392 | L2: 0.852 | M2: 2.421 | N2: 0.52 | O2: 1.631 | P2: 0.714 | Q2: 1.675 | R2: 3.331 | S2: 0.948 | T2: 0.214 | U2: 3.413 | V2: 3.074 | W2: 0.613 | X2: 2.726 | Y2: 2.07 | Z2: 1.522 | AA2: 0.546
A3: 2 | B3: Winter | C3: 1 | D3: 18.407 | E3: 17.169 | F3: 16.268 | G3: 16.153 | H3: 16.348 | I3: 17.97 | J3: 21.443 | K3: 25.81 | L3: 28.101 | M3: 28.451 | N3: 27.684 | O3: 27.826 | P3: 27.803 | Q3: 27.349 | R3: 25.791 | S3: 25.052 | T3: 26.09 | U3: 28.921 | V3: 28.817 | W3: 28.22 | X3: 27.735 | Y3: 25.995 | Z3: 22.741 | AA3: 20.632
A4: 3 | B4: Winter | C4: 1 | D4: 19.706 | E4: 18.312 | F4: 16.572 | G4: 17.824 | H4: 17.762 | I4: 18.516 | J4: 27.557 | K4: 30.691 | L4: 33.648 | M4: 33.666 | N4: 31.801 | O4: 34.794 | P4: 32.814 | Q4: 30.718 | R4: 29.786 | S4: 27.832 | T4: 27.85 | U4: 29.484 | V4: 29.484 | W4: 29.928 | X4: 29.12 | Y4: 26.313 | Z4: 22.255 | AA4: 21.536
A5: 4 | B5: Winter | C5: 1 | D5: 61.586 | E5: 54.187 | F5: 51.015 | G5: 50.408 | H5: 52.763 | I5: 56.968 | J5: 68.743 | K5: 76.85 | L5: 81.339 | M5: 84.106 | N5: 84.875 | O5: 83.989 | P5: 83.513 | Q5: 81.792 | R5: 79.188 | S5: 77.754 | T5: 80.53 | U5: 91.171 | V5: 92.959 | W5: 93.512 | X5: 90.73 | Y5: 86.583 | Z5: 78.952 | AA5: 69.786
A6: 5 | B6: Winter | C6: 1 | D6: -6.975 | E6: -7.764 | F6: -8.514 | G6: -8.446 | H6: -8.181 | I6: 8.283 | J6: 9.944 | K6: 11.846 | L6: 5.426 | M6: -2.087 | N6: -2.938 | O6: -3.04 | P6: -2.818 | Q6: -3.85 | R6: -3.644 | S6: -4.68 | T6: -4.714 | U6: -2.715 | V6: -2.953 | W6: -2.719 | X6: -2.716 | Y6: -2.787 | Z6: -3.201 | AA6: -5.183
A7: 6 | B7: Winter | C7: 1 | D7: 0 | E7: 0 | F7: 0 | G7: 0 | H7: 0 | I7: 0 | J7: 0 | K7: 0 | L7: 0 | M7: 0 | N7: 0 | O7: 0 | P7: 0 | Q7: 0 | R7: 0 | S7: 0 | T7: 0 | U7: 0 | V7: 0 | W7: 0 | X7: 0 | Y7: 0 | Z7: 0 | AA7: 0
A8: 7 | B8: Winter | C8: 1 | D8: 25.284 | E8: 26.898 | F8: 28.245 | G8: 31.85 | H8: 33.742 | I8: 20.721 | J8: 6.664 | K8: -19.903 | L8: -33.956 | M8: -24.656 | N8: -11.614 | O8: -8.803 | P8: -19.111 | Q8: -7.787 | R8: -8.959 | S8: -10.924 | T8: -14.737 | U8: -21.925 | V8: -23.223 | W8: -24.985 | X8: -24.98 | Y8: -14.324 | Z8: 5.07 | AA8: 22.432
A9: 8 | B9: Winter | C9: 1 | D9: 27.685 | E9: 25.509 | F9: 24.327 | G9: 23.831 | H9: 23.504 | I9: 24.915 | J9: 31.036 | K9: 35.316 | L9: 42.141 | M9: 45.347 | N9: 45.366 | O9: 46.19 | P9: 44.659 | Q9: 43.762 | R9: 43.309 | S9: 41.729 | T9: 41.88 | U9: 46.826 | V9: 40.63 | W9: 40.356 | X9: 40.476 | Y9: 38.536 | Z9: 33.446 | AA9: 29.6
A10: 9 | B10: Winter | C10: 1 | D10: 170.681 | E10: 149.541 | F10: 141.931 | G10: 138.574 | H10: 136.14 | I10: 154.669 | J10: 212.674 | K10: 256.557 | L10: 277.197 | M10: 274.157 | N10: 289.152 | O10: 296.415 | P10: 283.667 | Q10: 279.161 | R10: 260.77 | S10: 251.579 | T10: 260.755 | U10: 306.237 | V10: 305.034 | W10: 304.848 | X10: 303.585 | Y10: 286.204 | Z10: 248.786 | AA10: 212.409
A11: 10 | B11: Winter | C11: 1 | D11: 3.704 | E11: 3.621 | F11: 3.465 | G11: 3.508 | H11: 3.49 | I11: 3.71 | J11: 4.708 | K11: 5.345 | L11: 5.736 | M11: 5.977 | N11: 5.572 | O11: 5.755 | P11: 5.678 | Q11: 5.464 | R11: 5.186 | S11: 4.859 | T11: 4.885 | U11: 5.522 | V11: 5.547 | W11: 5.673 | X11: 5.496 | Y11: 5.331 | Z11: 4.67 | AA11: 4.133
A12: 11 | B12: Winter | C12: 1 | D12: 26.453 | E12: 25.649 | F12: 25.425 | G12: 25.599 | H12: 26.886 | I12: 30.725 | J12: 41.437 | K12: 48.474 | L12: 50.107 | M12: 46.856 | N12: 47.347 | O12: 47.479 | P12: 44.658 | Q12: 44.907 | R12: 42.016 | S12: 41.405 | T12: 42.244 | U12: 44.602 | V12: 43.831 | W12: 42.906 | X12: 41.851 | Y12: 37.4 | Z12: 32.894 | AA12: 28.629
A13: 12 | B13: Winter | C13: 1 | D13: 6.737 | E13: 6.536 | F13: 5.771 | G13: 6.059 | H13: 6.234 | I13: 7.067 | J13: 8.124 | K13: 9.754 | L13: 9.755 | M13: 10.094 | N13: 8.868 | O13: 9.269 | P13: 8.712 | Q13: 8.323 | R13: 8.571 | S13: 8.921 | T13: 9.948 | U13: 10.536 | V13: 10.005 | W13: 10.679 | X13: 10.687 | Y13: 9.3 | Z13: 7.92 | AA13: 7.791
... A53: 26 | B53: Summer | C53: 1 | D53: 0 | E53: 0 | F53: 0 | G53: 0 | H53: 0 | I53: 0 | J53: 0 | K53: 0 | L53: 0 | M53: 0 | N53: 0 | O53: 0 | P53: 0 | Q53: 0 | R53: 0 | S53: 0 | T53: 0 | U53: 0 | V53: 0 | W53: 0 | X53: 0 | Y53: 0 | Z53: 0 | AA53: 0
A54: 1 | B54: Spring | C54: 1 | D54: =SUMIFS(D$2:D$51,$A$2:$A$51,$A54,$B$2:$B$51,"Winter",$C$2:$C$51,$C54)*(2/3)+SUMIFS(D$2:D$51,$A$2:$A$51,$A54,$B$2:$B$51,"Summer",$C$2:$C$51,$C54)*(1/3) -> 1.5407594 | E54: =SUMIFS(E$2:E$51,$A$2:$A$51,$A54,$B$2:$B$51,"Winter",$C$2:$C$51,$C54)*(2/3)+SUMIFS(E$2:E$51,$A$2:$A$51,$A54,$B$2:$B$51,"Summer",$C$2:$C$51,$C54)*(1/3) -> 0.75746584 | F54: =SUMIFS(F$2:F$51,$A$2:$A$51,$A54,$B$2:$B$51,"Winter",$C$2:$C$51,$C54)*(2/3)+SUMIFS(F$2:F$51,$A$2:$A$51,$A54,$B$2:$B$51,"Summer",$C$2:$C$51,$C54)*(1/3) -> 1.6832617 | G54: =SUMIFS(G$2:G$51,$A$2:$A$51,$A54,$B$2:$B$51,"Winter",$C$2:$C$51,$C54)*(2/3)+SUMIFS(G$2:G$51,$A$2:$A$51,$A54,$B$2:$B$51,"Summer",$C$2:$C$51,$C54)*(1/3) -> 0.71036856 | H54: =SUMIFS(H$2:H$51,$A$2:$A$51,$A54,$B$2:$B$51,"Winter",$C$2:$C$51,$C54)*(2/3)+SUMIFS(H$2:H$51,$A$2:$A$51,$A54,$B$2:$B$51,"Summer",$C$2:$C$51,$C54)*(1/3) -> 0.94093793 | I54: =SUMIFS(I$2:I$51,$A$2:$A$51,$A54,$B$2:$B$51,"Winter",$C$2:$C$51,$C54)*(2/3)+SUMIFS(I$2:I$51,$A$2:$A$51,$A54,$B$2:$B$51,"Summer",$C$2:$C$51,$C54)*(1/3) -> 1.8354703 | J54: =SUMIFS(J$2:J$51,$A$2:$A$51,$A54,$B$2:$B$51,"Winter",$C$2:$C$51,$C54)*(2/3)+SUMIFS(J$2:J$51,$A$2:$A$51,$A54,$B$2:$B$51,"Summer",$C$2:$C$51,$C54)*(1/3) -> 1.5665563 | K54: =SUMIFS(K$2:K$51,$A$2:$A$51,$A54,$B$2:$B$51,"Winter",$C$2:$C$51,$C54)*(2/3)+SUMIFS(K$2:K$51,$A$2:$A$51,$A54,$B$2:$B$51,"Summer",$C$2:$C$51,$C54)*(1/3) -> 1.6563292 | ... AA54: =SUMIFS(AA$2:AA$51,$A$2:$A$51,$A54,$B$2:$B$51,"Winter",$C$2:$C$51,$C54)*(2/3)+SUMIFS(AA$2:AA$51,$A$2:$A$51,$A54,$B$2:$B$51,"Summer",$C$2:$C$51,$C54)*(1/3) -> 1.2376791
A55: 2 | B55: Spring | C55: 1 | D55: =SUMIFS(D$2:D$51,$A$2:$A$51,$A55,$B$2:$B$51,"Winter",$C$2:$C$51,$C55)*(2/3)+SUMIFS(D$2:D$51,$A$2:$A$51,$A55,$B$2:$B$51,"Summer",$C$2:$C$51,$C55)*(1/3) -> 18.776454 | E55: =SUMIFS(E$2:E$51,$A$2:$A$51,$A55,$B$2:$B$51,"Winter",$C$2:$C$51,$C55)*(2/3)+SUMIFS(E$2:E$51,$A$2:$A$51,$A55,$B$2:$B$51,"Summer",$C$2:$C$51,$C55)*(1/3) -> 17.356194 | F55: =SUMIFS(F$2:F$51,$A$2:$A$51,$A55,$B$2:$B$51,"Winter",$C$2:$C$51,$C55)*(2/3)+SUMIFS(F$2:F$51,$A$2:$A$51,$A55,$B$2:$B$51,"Summer",$C$2:$C$51,$C55)*(1/3) -> 16.652291 | G55: =SUMIFS(G$2:G$51,$A$2:$A$51,$A55,$B$2:$B$51,"Winter",$C$2:$C$51,$C55)*(2/3)+SUMIFS(G$2:G$51,$A$2:$A$51,$A55,$B$2:$B$51,"Summer",$C$2:$C$51,$C55)*(1/3) -> 16.56079 | H55: =SUMIFS(H$2:H$51,$A$2:$A$51,$A55,$B$2:$B$51,"Winter",$C$2:$C$51,$C55)*(2/3)+SUMIFS(H$2:H$51,$A$2:$A$51,$A55,$B$2:$B$51,"Summer",$C$2:$C$51,$C55)*(1/3) -> 16.691247 | I55: =SUMIFS(I$2:I$51,$A$2:$A$51,$A55,$B$2:$B$51,"Winter",$C$2:$C$51,$C55)*(2/3)+SUMIFS(I$2:I$51,$A$2:$A$51,$A55,$B$2:$B$51,"Summer",$C$2:$C$51,$C55)*(1/3) -> 17.721352 | J55: =SUMIFS(J$2:J$51,$A$2:$A$51,$A55,$B$2:$B$51,"Winter",$C$2:$C$51,$C55)*(2/3)+SUMIFS(J$2:J$51,$A$2:$A$51,$A55,$B$2:$B$51,"Summer",$C$2:$C$51,$C55)*(1/3) -> 20.493636 | K55: =SUMIFS(K$2:K$51,$A$2:$A$51,$A55,$B$2:$B$51,"Winter",$C$2:$C$51,$C55)*(2/3)+SUMIFS(K$2:K$51,$A$2:$A$51,$A55,$B$2:$B$51,"Summer",$C$2:$C$51,$C55)*(1/3) -> 24.565566 | ... AA55: =SUMIFS(AA$2:AA$51,$A$2:$A$51,$A55,$B$2:$B$51,"Winter",$C$2:$C$51,$C55)*(2/3)+SUMIFS(AA$2:AA$51,$A$2:$A$51,$A55,$B$2:$B$51,"Summer",$C$2:$C$51,$C55)*(1/3) -> 21.067732
A56: 3 | B56: Spring | C56: 1 | D56: =SUMIFS(D$2:D$51,$A$2:$A$51,$A56,$B$2:$B$51,"Winter",$C$2:$C$51,$C56)*(2/3)+SUMIFS(D$2:D$51,$A$2:$A$51,$A56,$B$2:$B$51,"Summer",$C$2:$C$51,$C56)*(1/3) -> 21.970989 | E56: =SUMIFS(E$2:E$51,$A$2:$A$51,$A56,$B$2:$B$51,"Winter",$C$2:$C$51,$C56)*(2/3)+SUMIFS(E$2:E$51,$A$2:$A$51,$A56,$B$2:$B$51,"Summer",$C$2:$C$51,$C56)*(1/3) -> 20.251309 | F56: =SUMIFS(F$2:F$51,$A$2:$A$51,$A56,$B$2:$B$51,"Winter",$C$2:$C$51,$C56)*(2/3)+SUMIFS(F$2:F$51,$A$2:$A$51,$A56,$B$2:$B$51,"Summer",$C$2:$C$51,$C56)*(1/3) -> 18.697616 | G56: =SUMIFS(G$2:G$51,$A$2:$A$51,$A56,$B$2:$B$51,"Winter",$C$2:$C$51,$C56)*(2/3)+SUMIFS(G$2:G$51,$A$2:$A$51,$A56,$B$2:$B$51,"Summer",$C$2:$C$51,$C56)*(1/3) -> 19.259955 | H56: =SUMIFS(H$2:H$51,$A$2:$A$51,$A56,$B$2:$B$51,"Winter",$C$2:$C$51,$C56)*(2/3)+SUMIFS(H$2:H$51,$A$2:$A$51,$A56,$B$2:$B$51,"Summer",$C$2:$C$51,$C56)*(1/3) -> 19.218622 | I56: =SUMIFS(I$2:I$51,$A$2:$A$51,$A56,$B$2:$B$51,"Winter",$C$2:$C$51,$C56)*(2/3)+SUMIFS(I$2:I$51,$A$2:$A$51,$A56,$B$2:$B$51,"Summer",$C$2:$C$51,$C56)*(1/3) -> 20.254105 | J56: =SUMIFS(J$2:J$51,$A$2:$A$51,$A56,$B$2:$B$51,"Winter",$C$2:$C$51,$C56)*(2/3)+SUMIFS(J$2:J$51,$A$2:$A$51,$A56,$B$2:$B$51,"Summer",$C$2:$C$51,$C56)*(1/3) -> 28.282461 | K56: =SUMIFS(K$2:K$51,$A$2:$A$51,$A56,$B$2:$B$51,"Winter",$C$2:$C$51,$C56)*(2/3)+SUMIFS(K$2:K$51,$A$2:$A$51,$A56,$B$2:$B$51,"Summer",$C$2:$C$51,$C56)*(1/3) -> 32.656981 | ... AA56: =SUMIFS(AA$2:AA$51,$A$2:$A$51,$A56,$B$2:$B$51,"Winter",$C$2:$C$51,$C56)*(2/3)+SUMIFS(AA$2:AA$51,$A$2:$A$51,$A56,$B$2:$B$51,"Summer",$C$2:$C$51,$C56)*(1/3) -> 24.386863
A57: 4 | B57: Spring | C57: 1 | D57: =SUMIFS(D$2:D$51,$A$2:$A$51,$A57,$B$2:$B$51,"Winter",$C$2:$C$51,$C57)*(2/3)+SUMIFS(D$2:D$51,$A$2:$A$51,$A57,$B$2:$B$51,"Summer",$C$2:$C$51,$C57)*(1/3) -> 54.034095 | E57: =SUMIFS(E$2:E$51,$A$2:$A$51,$A57,$B$2:$B$51,"Winter",$C$2:$C$51,$C57)*(2/3)+SUMIFS(E$2:E$51,$A$2:$A$51,$A57,$B$2:$B$51,"Summer",$C$2:$C$51,$C57)*(1/3) -> 47.54814 | F57: =SUMIFS(F$2:F$51,$A$2:$A$51,$A57,$B$2:$B$51,"Winter",$C$2:$C$51,$C57)*(2/3)+SUMIFS(F$2:F$51,$A$2:$A$51,$A57,$B$2:$B$51,"Summer",$C$2:$C$51,$C57)*(1/3) -> 44.812119 | G57: =SUMIFS(G$2:G$51,$A$2:$A$51,$A57,$B$2:$B$51,"Winter",$C$2:$C$51,$C57)*(2/3)+SUMIFS(G$2:G$51,$A$2:$A$51,$A57,$B$2:$B$51,"Summer",$C$2:$C$51,$C57)*(1/3) -> 44.06485 | H57: =SUMIFS(H$2:H$51,$A$2:$A$51,$A57,$B$2:$B$51,"Winter",$C$2:$C$51,$C57)*(2/3)+SUMIFS(H$2:H$51,$A$2:$A$51,$A57,$B$2:$B$51,"Summer",$C$2:$C$51,$C57)*(1/3) -> 46.263401 | I57: =SUMIFS(I$2:I$51,$A$2:$A$51,$A57,$B$2:$B$51,"Winter",$C$2:$C$51,$C57)*(2/3)+SUMIFS(I$2:I$51,$A$2:$A$51,$A57,$B$2:$B$51,"Summer",$C$2:$C$51,$C57)*(1/3) -> 48.134624 | J57: =SUMIFS(J$2:J$51,$A$2:$A$51,$A57,$B$2:$B$51,"Winter",$C$2:$C$51,$C57)*(2/3)+SUMIFS(J$2:J$51,$A$2:$A$51,$A57,$B$2:$B$51,"Summer",$C$2:$C$51,$C57)*(1/3) -> 57.739751 | K57: =SUMIFS(K$2:K$51,$A$2:$A$51,$A57,$B$2:$B$51,"Winter",$C$2:$C$51,$C57)*(2/3)+SUMIFS(K$2:K$51,$A$2:$A$51,$A57,$B$2:$B$51,"Summer",$C$2:$C$51,$C57)*(1/3) -> 65.058325 | ... AA57: =SUMIFS(AA$2:AA$51,$A$2:$A$51,$A57,$B$2:$B$51,"Winter",$C$2:$C$51,$C57)*(2/3)+SUMIFS(AA$2:AA$51,$A$2:$A$51,$A57,$B$2:$B$51,"Summer",$C$2:$C$51,$C57)*(1/3) -> 61.730958
A58: 5 | B58: Spring | C58: 1 | D58: =SUMIFS(D$2:D$51,$A$2:$A$51,$A58,$B$2:$B$51,"Winter",$C$2:$C$51,$C58)*(2/3)+SUMIFS(D$2:D$51,$A$2:$A$51,$A58,$B$2:$B$51,"Summer",$C$2:$C$51,$C58)*(1/3) -> -9.2898903 | E58: =SUMIFS(E$2:E$51,$A$2:$A$51,$A58,$B$2:$B$51,"Winter",$C$2:$C$51,$C58)*(2/3)+SUMIFS(E$2:E$51,$A$2:$A$51,$A58,$B$2:$B$51,"Summer",$C$2:$C$51,$C58)*(1/3) -> -9.1591123 | F58: =SUMIFS(F$2:F$51,$A$2:$A$51,$A58,$B$2:$B$51,"Winter",$C$2:$C$51,$C58)*(2/3)+SUMIFS(F$2:F$51,$A$2:$A$51,$A58,$B$2:$B$51,"Summer",$C$2:$C$51,$C58)*(1/3) -> -8.2583201 | G58: =SUMIFS(G$2:G$51,$A$2:$A$51,$A58,$B$2:$B$51,"Winter",$C$2:$C$51,$C58)*(2/3)+SUMIFS(G$2:G$51,$A$2:$A$51,$A58,$B$2:$B$51,"Summer",$C$2:$C$51,$C58)*(1/3) -> -8.0771564 | H58: =SUMIFS(H$2:H$51,$A$2:$A$51,$A58,$B$2:$B$51,"Winter",$C$2:$C$51,$C58)*(2/3)+SUMIFS(H$2:H$51,$A$2:$A$51,$A58,$B$2:$B$51,"Summer",$C$2:$C$51,$C58)*(1/3) -> -7.8241379 | I58: =SUMIFS(I$2:I$51,$A$2:$A$51,$A58,$B$2:$B$51,"Winter",$C$2:$C$51,$C58)*(2/3)+SUMIFS(I$2:I$51,$A$2:$A$51,$A58,$B$2:$B$51,"Summer",$C$2:$C$51,$C58)*(1/3) -> 3.1020238 | J58: =SUMIFS(J$2:J$51,$A$2:$A$51,$A58,$B$2:$B$51,"Winter",$C$2:$C$51,$C58)*(2/3)+SUMIFS(J$2:J$51,$A$2:$A$51,$A58,$B$2:$B$51,"Summer",$C$2:$C$51,$C58)*(1/3) -> 4.8433021 | K58: =SUMIFS(K$2:K$51,$A$2:$A$51,$A58,$B$2:$B$51,"Winter",$C$2:$C$51,$C58)*(2/3)+SUMIFS(K$2:K$51,$A$2:$A$51,$A58,$B$2:$B$51,"Summer",$C$2:$C$51,$C58)*(1/3) -> 7.0156141 | ... AA58: =SUMIFS(AA$2:AA$51,$A$2:$A$51,$A58,$B$2:$B$51,"Winter",$C$2:$C$51,$C58)*(2/3)+SUMIFS(AA$2:AA$51,$A$2:$A$51,$A58,$B$2:$B$51,"Summer",$C$2:$C$51,$C58)*(1/3) -> -3.7390863
A59: 6 | B59: Spring | C59: 1 | D59: =SUMIFS(D$2:D$51,$A$2:$A$51,$A59,$B$2:$B$51,"Winter",$C$2:$C$51,$C59)*(2/3)+SUMIFS(D$2:D$51,$A$2:$A$51,$A59,$B$2:$B$51,"Summer",$C$2:$C$51,$C59)*(1/3) -> 0 | E59: =SUMIFS(E$2:E$51,$A$2:$A$51,$A59,$B$2:$B$51,"Winter",$C$2:$C$51,$C59)*(2/3)+SUMIFS(E$2:E$51,$A$2:$A$51,$A59,$B$2:$B$51,"Summer",$C$2:$C$51,$C59)*(1/3) -> 0 | F59: =SUMIFS(F$2:F$51,$A$2:$A$51,$A59,$B$2:$B$51,"Winter",$C$2:$C$51,$C59)*(2/3)+SUMIFS(F$2:F$51,$A$2:$A$51,$A59,$B$2:$B$51,"Summer",$C$2:$C$51,$C59)*(1/3) -> 0 | G59: =SUMIFS(G$2:G$51,$A$2:$A$51,$A59,$B$2:$B$51,"Winter",$C$2:$C$51,$C59)*(2/3)+SUMIFS(G$2:G$51,$A$2:$A$51,$A59,$B$2:$B$51,"Summer",$C$2:$C$51,$C59)*(1/3) -> 0 | H59: =SUMIFS(H$2:H$51,$A$2:$A$51,$A59,$B$2:$B$51,"Winter",$C$2:$C$51,$C59)*(2/3)+SUMIFS(H$2:H$51,$A$2:$A$51,$A59,$B$2:$B$51,"Summer",$C$2:$C$51,$C59)*(1/3) -> 0 | I59: =SUMIFS(I$2:I$51,$A$2:$A$51,$A59,$B$2:$B$51,"Winter",$C$2:$C$51,$C59)*(2/3)+SUMIFS(I$2:I$51,$A$2:$A$51,$A59,$B$2:$B$51,"Summer",$C$2:$C$51,$C59)*(1/3) -> 0 | J59: =SUMIFS(J$2:J$51,$A$2:$A$51,$A59,$B$2:$B$51,"Winter",$C$2:$C$51,$C59)*(2/3)+SUMIFS(J$2:J$51,$A$2:$A$51,$A59,$B$2:$B$51,"Summer",$C$2:$C$51,$C59)*(1/3) -> 0 | K59: =SUMIFS(K$2:K$51,$A$2:$A$51,$A59,$B$2:$B$51,"Winter",$C$2:$C$51,$C59)*(2/3)+SUMIFS(K$2:K$51,$A$2:$A$51,$A59,$B$2:$B$51,"Summer",$C$2:$C$51,$C59)*(1/3) -> 0 | ... AA59: =SUMIFS(AA$2:AA$51,$A$2:$A$51,$A59,$B$2:$B$51,"Winter",$C$2:$C$51,$C59)*(2/3)+SUMIFS(AA$2:AA$51,$A$2:$A$51,$A59,$B$2:$B$51,"Summer",$C$2:$C$51,$C59)*(1/3) -> 0
A60: 7 | B60: Spring | C60: 1 | D60: =SUMIFS(D$2:D$51,$A$2:$A$51,$A60,$B$2:$B$51,"Winter",$C$2:$C$51,$C60)*(2/3)+SUMIFS(D$2:D$51,$A$2:$A$51,$A60,$B$2:$B$51,"Summer",$C$2:$C$51,$C60)*(1/3) -> 21.86396 | E60: =SUMIFS(E$2:E$51,$A$2:$A$51,$A60,$B$2:$B$51,"Winter",$C$2:$C$51,$C60)*(2/3)+SUMIFS(E$2:E$51,$A$2:$A$51,$A60,$B$2:$B$51,"Summer",$C$2:$C$51,$C60)*(1/3) -> 21.038534 | F60: =SUMIFS(F$2:F$51,$A$2:$A$51,$A60,$B$2:$B$51,"Winter",$C$2:$C$51,$C60)*(2/3)+SUMIFS(F$2:F$51,$A$2:$A$51,$A60,$B$2:$B$51,"Summer",$C$2:$C$51,$C60)*(1/3) -> 23.286951 | G60: =SUMIFS(G$2:G$51,$A$2:$A$51,$A60,$B$2:$B$51,"Winter",$C$2:$C$51,$C60)*(2/3)+SUMIFS(G$2:G$51,$A$2:$A$51,$A60,$B$2:$B$51,"Summer",$C$2:$C$51,$C60)*(1/3) -> 25.357367 | H60: =SUMIFS(H$2:H$51,$A$2:$A$51,$A60,$B$2:$B$51,"Winter",$C$2:$C$51,$C60)*(2/3)+SUMIFS(H$2:H$51,$A$2:$A$51,$A60,$B$2:$B$51,"Summer",$C$2:$C$51,$C60)*(1/3) -> 27.225471 | I60: =SUMIFS(I$2:I$51,$A$2:$A$51,$A60,$B$2:$B$51,"Winter",$C$2:$C$51,$C60)*(2/3)+SUMIFS(I$2:I$51,$A$2:$A$51,$A60,$B$2:$B$51,"Summer",$C$2:$C$51,$C60)*(1/3) -> 15.427307 | J60: =SUMIFS(J$2:J$51,$A$2:$A$51,$A60,$B$2:$B$51,"Winter",$C$2:$C$51,$C60)*(2/3)+SUMIFS(J$2:J$51,$A$2:$A$51,$A60,$B$2:$B$51,"Summer",$C$2:$C$51,$C60)*(1/3) -> 0.61698117 | K60: =SUMIFS(K$2:K$51,$A$2:$A$51,$A60,$B$2:$B$51,"Winter",$C$2:$C$51,$C60)*(2/3)+SUMIFS(K$2:K$51,$A$2:$A$51,$A60,$B$2:$B$51,"Summer",$C$2:$C$51,$C60)*(1/3) -> -12.991013 | ... AA60: =SUMIFS(AA$2:AA$51,$A$2:$A$51,$A60,$B$2:$B$51,"Winter",$C$2:$C$51,$C60)*(2/3)+SUMIFS(AA$2:AA$51,$A$2:$A$51,$A60,$B$2:$B$51,"Summer",$C$2:$C$51,$C60)*(1/3) -> 18.167349
A61: 8 | B61: Spring | C61: 1 | D61: =SUMIFS(D$2:D$51,$A$2:$A$51,$A61,$B$2:$B$51,"Winter",$C$2:$C$51,$C61)*(2/3)+SUMIFS(D$2:D$51,$A$2:$A$51,$A61,$B$2:$B$51,"Summer",$C$2:$C$51,$C61)*(1/3) -> 25.73649 | E61: =SUMIFS(E$2:E$51,$A$2:$A$51,$A61,$B$2:$B$51,"Winter",$C$2:$C$51,$C61)*(2/3)+SUMIFS(E$2:E$51,$A$2:$A$51,$A61,$B$2:$B$51,"Summer",$C$2:$C$51,$C61)*(1/3) -> 23.177607 | F61: =SUMIFS(F$2:F$51,$A$2:$A$51,$A61,$B$2:$B$51,"Winter",$C$2:$C$51,$C61)*(2/3)+SUMIFS(F$2:F$51,$A$2:$A$51,$A61,$B$2:$B$51,"Summer",$C$2:$C$51,$C61)*(1/3) -> 22.384391 | G61: =SUMIFS(G$2:G$51,$A$2:$A$51,$A61,$B$2:$B$51,"Winter",$C$2:$C$51,$C61)*(2/3)+SUMIFS(G$2:G$51,$A$2:$A$51,$A61,$B$2:$B$51,"Summer",$C$2:$C$51,$C61)*(1/3) -> 21.493816 | H61: =SUMIFS(H$2:H$51,$A$2:$A$51,$A61,$B$2:$B$51,"Winter",$C$2:$C$51,$C61)*(2/3)+SUMIFS(H$2:H$51,$A$2:$A$51,$A61,$B$2:$B$51,"Summer",$C$2:$C$51,$C61)*(1/3) -> 21.327267 | I61: =SUMIFS(I$2:I$51,$A$2:$A$51,$A61,$B$2:$B$51,"Winter",$C$2:$C$51,$C61)*(2/3)+SUMIFS(I$2:I$51,$A$2:$A$51,$A61,$B$2:$B$51,"Summer",$C$2:$C$51,$C61)*(1/3) -> 22.265991 | J61: =SUMIFS(J$2:J$51,$A$2:$A$51,$A61,$B$2:$B$51,"Winter",$C$2:$C$51,$C61)*(2/3)+SUMIFS(J$2:J$51,$A$2:$A$51,$A61,$B$2:$B$51,"Summer",$C$2:$C$51,$C61)*(1/3) -> 27.526568 | K61: =SUMIFS(K$2:K$51,$A$2:$A$51,$A61,$B$2:$B$51,"Winter",$C$2:$C$51,$C61)*(2/3)+SUMIFS(K$2:K$51,$A$2:$A$51,$A61,$B$2:$B$51,"Summer",$C$2:$C$51,$C61)*(1/3) -> 32.891073 | ... AA61: =SUMIFS(AA$2:AA$51,$A$2:$A$51,$A61,$B$2:$B$51,"Winter",$C$2:$C$51,$C61)*(2/3)+SUMIFS(AA$2:AA$51,$A$2:$A$51,$A61,$B$2:$B$51,"Summer",$C$2:$C$51,$C61)*(1/3) -> 27.48
A62: 9 | B62: Spring | C62: 1 | D62: =SUMIFS(D$2:D$51,$A$2:$A$51,$A62,$B$2:$B$51,"Winter",$C$2:$C$51,$C62)*(2/3)+SUMIFS(D$2:D$51,$A$2:$A$51,$A62,$B$2:$B$51,"Summer",$C$2:$C$51,$C62)*(1/3) -> 152.94528 | E62: =SUMIFS(E$2:E$51,$A$2:$A$51,$A62,$B$2:$B$51,"Winter",$C$2:$C$51,$C62)*(2/3)+SUMIFS(E$2:E$51,$A$2:$A$51,$A62,$B$2:$B$51,"Summer",$C$2:$C$51,$C62)*(1/3) -> 134.64442 | F62: =SUMIFS(F$2:F$51,$A$2:$A$51,$A62,$B$2:$B$51,"Winter",$C$2:$C$51,$C62)*(2/3)+SUMIFS(F$2:F$51,$A$2:$A$51,$A62,$B$2:$B$51,"Summer",$C$2:$C$51,$C62)*(1/3) -> 127.30117 | G62: =SUMIFS(G$2:G$51,$A$2:$A$51,$A62,$B$2:$B$51,"Winter",$C$2:$C$51,$C62)*(2/3)+SUMIFS(G$2:G$51,$A$2:$A$51,$A62,$B$2:$B$51,"Summer",$C$2:$C$51,$C62)*(1/3) -> 124.09201 | H62: =SUMIFS(H$2:H$51,$A$2:$A$51,$A62,$B$2:$B$51,"Winter",$C$2:$C$51,$C62)*(2/3)+SUMIFS(H$2:H$51,$A$2:$A$51,$A62,$B$2:$B$51,"Summer",$C$2:$C$51,$C62)*(1/3) -> 143.74063 | I62: =SUMIFS(I$2:I$51,$A$2:$A$51,$A62,$B$2:$B$51,"Winter",$C$2:$C$51,$C62)*(2/3)+SUMIFS(I$2:I$51,$A$2:$A$51,$A62,$B$2:$B$51,"Summer",$C$2:$C$51,$C62)*(1/3) -> 153.88115 | J62: =SUMIFS(J$2:J$51,$A$2:$A$51,$A62,$B$2:$B$51,"Winter",$C$2:$C$51,$C62)*(2/3)+SUMIFS(J$2:J$51,$A$2:$A$51,$A62,$B$2:$B$51,"Summer",$C$2:$C$51,$C62)*(1/3) -> 176.9448 | K62: =SUMIFS(K$2:K$51,$A$2:$A$51,$A62,$B$2:$B$51,"Winter",$C$2:$C$51,$C62)*(2/3)+SUMIFS(K$2:K$51,$A$2:$A$51,$A62,$B$2:$B$51,"Summer",$C$2:$C$51,$C62)*(1/3) -> 216.64297 | ... AA62: =SUMIFS(AA$2:AA$51,$A$2:$A$51,$A62,$B$2:$B$51,"Winter",$C$2:$C$51,$C62)*(2/3)+SUMIFS(AA$2:AA$51,$A$2:$A$51,$A62,$B$2:$B$51,"Summer",$C$2:$C$51,$C62)*(1/3) -> 186.10471
A63: 10 | B63: Spring | C63: 1 | D63: =SUMIFS(D$2:D$51,$A$2:$A$51,$A63,$B$2:$B$51,"Winter",$C$2:$C$51,$C63)*(2/3)+SUMIFS(D$2:D$51,$A$2:$A$51,$A63,$B$2:$B$51,"Summer",$C$2:$C$51,$C63)*(1/3) -> 3.6094503 | E63: =SUMIFS(E$2:E$51,$A$2:$A$51,$A63,$B$2:$B$51,"Winter",$C$2:$C$51,$C63)*(2/3)+SUMIFS(E$2:E$51,$A$2:$A$51,$A63,$B$2:$B$51,"Summer",$C$2:$C$51,$C63)*(1/3) -> 3.4824538 | F63: =SUMIFS(F$2:F$51,$A$2:$A$51,$A63,$B$2:$B$51,"Winter",$C$2:$C$51,$C63)*(2/3)+SUMIFS(F$2:F$51,$A$2:$A$51,$A63,$B$2:$B$51,"Summer",$C$2:$C$51,$C63)*(1/3) -> 3.2775407 | G63: =SUMIFS(G$2:G$51,$A$2:$A$51,$A63,$B$2:$B$51,"Winter",$C$2:$C$51,$C63)*(2/3)+SUMIFS(G$2:G$51,$A$2:$A$51,$A63,$B$2:$B$51,"Summer",$C$2:$C$51,$C63)*(1/3) -> 3.3313952 | H63: =SUMIFS(H$2:H$51,$A$2:$A$51,$A63,$B$2:$B$51,"Winter",$C$2:$C$51,$C63)*(2/3)+SUMIFS(H$2:H$51,$A$2:$A$51,$A63,$B$2:$B$51,"Summer",$C$2:$C$51,$C63)*(1/3) -> 3.3189063 | I63: =SUMIFS(I$2:I$51,$A$2:$A$51,$A63,$B$2:$B$51,"Winter",$C$2:$C$51,$C63)*(2/3)+SUMIFS(I$2:I$51,$A$2:$A$51,$A63,$B$2:$B$51,"Summer",$C$2:$C$51,$C63)*(1/3) -> 3.5078239 | J63: =SUMIFS(J$2:J$51,$A$2:$A$51,$A63,$B$2:$B$51,"Winter",$C$2:$C$51,$C63)*(2/3)+SUMIFS(J$2:J$51,$A$2:$A$51,$A63,$B$2:$B$51,"Summer",$C$2:$C$51,$C63)*(1/3) -> 4.3226594 | K63: =SUMIFS(K$2:K$51,$A$2:$A$51,$A63,$B$2:$B$51,"Winter",$C$2:$C$51,$C63)*(2/3)+SUMIFS(K$2:K$51,$A$2:$A$51,$A63,$B$2:$B$51,"Summer",$C$2:$C$51,$C63)*(1/3) -> 5.0229306 | ... AA63: =SUMIFS(AA$2:AA$51,$A$2:$A$51,$A63,$B$2:$B$51,"Winter",$C$2:$C$51,$C63)*(2/3)+SUMIFS(AA$2:AA$51,$A$2:$A$51,$A63,$B$2:$B$51,"Summer",$C$2:$C$51,$C63)*(1/3) -> 4.0655906
A64: 11 | B64: Spring | C64: 1 | D64: =SUMIFS(D$2:D$51,$A$2:$A$51,$A64,$B$2:$B$51,"Winter",$C$2:$C$51,$C64)*(2/3)+SUMIFS(D$2:D$51,$A$2:$A$51,$A64,$B$2:$B$51,"Summer",$C$2:$C$51,$C64)*(1/3) -> 24.423333 | E64: =SUMIFS(E$2:E$51,$A$2:$A$51,$A64,$B$2:$B$51,"Winter",$C$2:$C$51,$C64)*(2/3)+SUMIFS(E$2:E$51,$A$2:$A$51,$A64,$B$2:$B$51,"Summer",$C$2:$C$51,$C64)*(1/3) -> 24.004333 | F64: =SUMIFS(F$2:F$51,$A$2:$A$51,$A64,$B$2:$B$51,"Winter",$C$2:$C$51,$C64)*(2/3)+SUMIFS(F$2:F$51,$A$2:$A$51,$A64,$B$2:$B$51,"Summer",$C$2:$C$51,$C64)*(1/3) -> 23.390667 | G64: =SUMIFS(G$2:G$51,$A$2:$A$51,$A64,$B$2:$B$51,"Winter",$C$2:$C$51,$C64)*(2/3)+SUMIFS(G$2:G$51,$A$2:$A$51,$A64,$B$2:$B$51,"Summer",$C$2:$C$51,$C64)*(1/3) -> 23.895333 | H64: =SUMIFS(H$2:H$51,$A$2:$A$51,$A64,$B$2:$B$51,"Winter",$C$2:$C$51,$C64)*(2/3)+SUMIFS(H$2:H$51,$A$2:$A$51,$A64,$B$2:$B$51,"Summer",$C$2:$C$51,$C64)*(1/3) -> 24.672333 | I64: =SUMIFS(I$2:I$51,$A$2:$A$51,$A64,$B$2:$B$51,"Winter",$C$2:$C$51,$C64)*(2/3)+SUMIFS(I$2:I$51,$A$2:$A$51,$A64,$B$2:$B$51,"Summer",$C$2:$C$51,$C64)*(1/3) -> 27.606667 | J64: =SUMIFS(J$2:J$51,$A$2:$A$51,$A64,$B$2:$B$51,"Winter",$C$2:$C$51,$C64)*(2/3)+SUMIFS(J$2:J$51,$A$2:$A$51,$A64,$B$2:$B$51,"Summer",$C$2:$C$51,$C64)*(1/3) -> 37.149 | K64: =SUMIFS(K$2:K$51,$A$2:$A$51,$A64,$B$2:$B$51,"Winter",$C$2:$C$51,$C64)*(2/3)+SUMIFS(K$2:K$51,$A$2:$A$51,$A64,$B$2:$B$51,"Summer",$C$2:$C$51,$C64)*(1/3) -> 43.01 | ... AA64: =SUMIFS(AA$2:AA$51,$A$2:$A$51,$A64,$B$2:$B$51,"Winter",$C$2:$C$51,$C64)*(2/3)+SUMIFS(AA$2:AA$51,$A$2:$A$51,$A64,$B$2:$B$51,"Summer",$C$2:$C$51,$C64)*(1/3) -> 26.898667
A65: 12 | B65: Spring | C65: 1 | D65: =SUMIFS(D$2:D$51,$A$2:$A$51,$A65,$B$2:$B$51,"Winter",$C$2:$C$51,$C65)*(2/3)+SUMIFS(D$2:D$51,$A$2:$A$51,$A65,$B$2:$B$51,"Summer",$C$2:$C$51,$C65)*(1/3) -> 6.5215912 | E65: =SUMIFS(E$2:E$51,$A$2:$A$51,$A65,$B$2:$B$51,"Winter",$C$2:$C$51,$C65)*(2/3)+SUMIFS(E$2:E$51,$A$2:$A$51,$A65,$B$2:$B$51,"Summer",$C$2:$C$51,$C65)*(1/3) -> 6.4663358 | F65: =SUMIFS(F$2:F$51,$A$2:$A$51,$A65,$B$2:$B$51,"Winter",$C$2:$C$51,$C65)*(2/3)+SUMIFS(F$2:F$51,$A$2:$A$51,$A65,$B$2:$B$51,"Summer",$C$2:$C$51,$C65)*(1/3) -> 5.5479922 | G65: =SUMIFS(G$2:G$51,$A$2:$A$51,$A65,$B$2:$B$51,"Winter",$C$2:$C$51,$C65)*(2/3)+SUMIFS(G$2:G$51,$A$2:$A$51,$A65,$B$2:$B$51,"Summer",$C$2:$C$51,$C65)*(1/3) -> 5.8844937 | H65: =SUMIFS(H$2:H$51,$A$2:$A$51,$A65,$B$2:$B$51,"Winter",$C$2:$C$51,$C65)*(2/3)+SUMIFS(H$2:H$51,$A$2:$A$51,$A65,$B$2:$B$51,"Summer",$C$2:$C$51,$C65)*(1/3) -> 6.0249432 | I65: =SUMIFS(I$2:I$51,$A$2:$A$51,$A65,$B$2:$B$51,"Winter",$C$2:$C$51,$C65)*(2/3)+SUMIFS(I$2:I$51,$A$2:$A$51,$A65,$B$2:$B$51,"Summer",$C$2:$C$51,$C65)*(1/3) -> 6.4454186 | J65: =SUMIFS(J$2:J$51,$A$2:$A$51,$A65,$B$2:$B$51,"Winter",$C$2:$C$51,$C65)*(2/3)+SUMIFS(J$2:J$51,$A$2:$A$51,$A65,$B$2:$B$51,"Summer",$C$2:$C$51,$C65)*(1/3) -> 7.4332679 | K65: =SUMIFS(K$2:K$51,$A$2:$A$51,$A65,$B$2:$B$51,"Winter",$C$2:$C$51,$C65)*(2/3)+SUMIFS(K$2:K$51,$A$2:$A$51,$A65,$B$2:$B$51,"Summer",$C$2:$C$51,$C65)*(1/3) -> 8.8096347 | ... AA65: =SUMIFS(AA$2:AA$51,$A$2:$A$51,$A65,$B$2:$B$51,"Winter",$C$2:$C$51,$C65)*(2/3)+SUMIFS(AA$2:AA$51,$A$2:$A$51,$A65,$B$2:$B$51,"Summer",$C$2:$C$51,$C65)*(1/3) -> 7.4121447
... A77: 24 | B77: Spring | C77: 1 | D77: =SUMIFS(D$2:D$51,$A$2:$A$51,$A77,$B$2:$B$51,"Winter",$C$2:$C$51,$C77)*(2/3)+SUMIFS(D$2:D$51,$A$2:$A$51,$A77,$B$2:$B$51,"Summer",$C$2:$C$51,$C77)*(1/3) -> 15.468773 | E77: =SUMIFS(E$2:E$51,$A$2:$A$51,$A77,$B$2:$B$51,"Winter",$C$2:$C$51,$C77)*(2/3)+SUMIFS(E$2:E$51,$A$2:$A$51,$A77,$B$2:$B$51,"Summer",$C$2:$C$51,$C77)*(1/3) -> 10.699285 | F77: =SUMIFS(F$2:F$51,$A$2:$A$51,$A77,$B$2:$B$51,"Winter",$C$2:$C$51,$C77)*(2/3)+SUMIFS(F$2:F$51,$A$2:$A$51,$A77,$B$2:$B$51,"Summer",$C$2:$C$51,$C77)*(1/3) -> 11.438572 | G77: =SUMIFS(G$2:G$51,$A$2:$A$51,$A77,$B$2:$B$51,"Winter",$C$2:$C$51,$C77)*(2/3)+SUMIFS(G$2:G$51,$A$2:$A$51,$A77,$B$2:$B$51,"Summer",$C$2:$C$51,$C77)*(1/3) -> 8.5763099 | H77: =SUMIFS(H$2:H$51,$A$2:$A$51,$A77,$B$2:$B$51,"Winter",$C$2:$C$51,$C77)*(2/3)+SUMIFS(H$2:H$51,$A$2:$A$51,$A77,$B$2:$B$51,"Summer",$C$2:$C$51,$C77)*(1/3) -> 8.9107631 | I77: =SUMIFS(I$2:I$51,$A$2:$A$51,$A77,$B$2:$B$51,"Winter",$C$2:$C$51,$C77)*(2/3)+SUMIFS(I$2:I$51,$A$2:$A$51,$A77,$B$2:$B$51,"Summer",$C$2:$C$51,$C77)*(1/3) -> 10.81581 | J77: =SUMIFS(J$2:J$51,$A$2:$A$51,$A77,$B$2:$B$51,"Winter",$C$2:$C$51,$C77)*(2/3)+SUMIFS(J$2:J$51,$A$2:$A$51,$A77,$B$2:$B$51,"Summer",$C$2:$C$51,$C77)*(1/3) -> 16.349683 | K77: =SUMIFS(K$2:K$51,$A$2:$A$51,$A77,$B$2:$B$51,"Winter",$C$2:$C$51,$C77)*(2/3)+SUMIFS(K$2:K$51,$A$2:$A$51,$A77,$B$2:$B$51,"Summer",$C$2:$C$51,$C77)*(1/3) -> 28.513852 | ... AA77: =SUMIFS(AA$2:AA$51,$A$2:$A$51,$A77,$B$2:$B$51,"Winter",$C$2:$C$51,$C77)*(2/3)+SUMIFS(AA$2:AA$51,$A$2:$A$51,$A77,$B$2:$B$51,"Summer",$C$2:$C$51,$C77)*(1/3) -> 13.739217
A78: 25 | B78: Spring | C78: 1 | D78: 0 | E78: 0 | F78: 0 | G78: 0 | H78: 0 | I78: 0 | J78: 0 | K78: 0 | L78: 0 | M78: 0 | N78: 0 | O78: 0 | P78: 0 | Q78: 0 | R78: 0 | S78: 0 | T78: 0 | U78: 0 | V78: 0 | W78: 0 | X78: 0 | Y78: 0 | Z78: 0 | AA78: 0
A79: 26 | B79: Spring | C79: 1 | D79: 0 | E79: 0 | F79: 0 | G79: 0 | H79: 0 | I79: 0 | J79: 0 | K79: 0 | L79: 0 | M79: 0 | N79: 0 | O79: 0 | P79: 0 | Q79: 0 | R79: 0 | S79: 0 | T79: 0 | U79: 0 | V79: 0 | W79: 0 | X79: 0 | Y79: 0 | Z79: 0 | AA79: 0
A80: 1 | B80: Autumn | C80: 1 | D80: =SUMIFS(D$2:D$51,$A$2:$A$51,$A80,$B$2:$B$51,"Summer",$C$2:$C$51,$C80)*(2/3)+SUMIFS(D$2:D$51,$A$2:$A$51,$A80,$B$2:$B$51,"Winter",$C$2:$C$51,$C80)*(1/3) -> 0.87951876 | E80: =SUMIFS(E$2:E$51,$A$2:$A$51,$A80,$B$2:$B$51,"Summer",$C$2:$C$51,$C80)*(2/3)+SUMIFS(E$2:E$51,$A$2:$A$51,$A80,$B$2:$B$51,"Winter",$C$2:$C$51,$C80)*(1/3) -> 0.56893169 | F80: =SUMIFS(F$2:F$51,$A$2:$A$51,$A80,$B$2:$B$51,"Summer",$C$2:$C$51,$C80)*(2/3)+SUMIFS(F$2:F$51,$A$2:$A$51,$A80,$B$2:$B$51,"Winter",$C$2:$C$51,$C80)*(1/3) -> 1.3255234 | G80: =SUMIFS(G$2:G$51,$A$2:$A$51,$A80,$B$2:$B$51,"Summer",$C$2:$C$51,$C80)*(2/3)+SUMIFS(G$2:G$51,$A$2:$A$51,$A80,$B$2:$B$51,"Winter",$C$2:$C$51,$C80)*(1/3) -> 0.65773712 | H80: =SUMIFS(H$2:H$51,$A$2:$A$51,$A80,$B$2:$B$51,"Summer",$C$2:$C$51,$C80)*(2/3)+SUMIFS(H$2:H$51,$A$2:$A$51,$A80,$B$2:$B$51,"Winter",$C$2:$C$51,$C80)*(1/3) -> 1.1548759 | I80: =SUMIFS(I$2:I$51,$A$2:$A$51,$A80,$B$2:$B$51,"Summer",$C$2:$C$51,$C80)*(2/3)+SUMIFS(I$2:I$51,$A$2:$A$51,$A80,$B$2:$B$51,"Winter",$C$2:$C$51,$C80)*(1/3) -> 2.0959407 | J80: =SUMIFS(J$2:J$51,$A$2:$A$51,$A80,$B$2:$B$51,"Summer",$C$2:$C$51,$C80)*(2/3)+SUMIFS(J$2:J$51,$A$2:$A$51,$A80,$B$2:$B$51,"Winter",$C$2:$C$51,$C80)*(1/3) -> 1.5731126 | K80: =SUMIFS(K$2:K$51,$A$2:$A$51,$A80,$B$2:$B$51,"Summer",$C$2:$C$51,$C80)*(2/3)+SUMIFS(K$2:K$51,$A$2:$A$51,$A80,$B$2:$B$51,"Winter",$C$2:$C$51,$C80)*(1/3) -> 0.92065845 | ... AA80: =SUMIFS(AA$2:AA$51,$A$2:$A$51,$A80,$B$2:$B$51,"Summer",$C$2:$C$51,$C80)*(2/3)+SUMIFS(AA$2:AA$51,$A$2:$A$51,$A80,$B$2:$B$51,"Winter",$C$2:$C$51,$C80)*(1/3) -> 1.9293582
A81: 2 | B81: Autumn | C81: 1 | D81: =SUMIFS(D$2:D$51,$A$2:$A$51,$A81,$B$2:$B$51,"Summer",$C$2:$C$51,$C81)*(2/3)+SUMIFS(D$2:D$51,$A$2:$A$51,$A81,$B$2:$B$51,"Winter",$C$2:$C$51,$C81)*(1/3) -> 19.145909 | E81: =SUMIFS(E$2:E$51,$A$2:$A$51,$A81,$B$2:$B$51,"Summer",$C$2:$C$51,$C81)*(2/3)+SUMIFS(E$2:E$51,$A$2:$A$51,$A81,$B$2:$B$51,"Winter",$C$2:$C$51,$C81)*(1/3) -> 17.543387 | F81: =SUMIFS(F$2:F$51,$A$2:$A$51,$A81,$B$2:$B$51,"Summer",$C$2:$C$51,$C81)*(2/3)+SUMIFS(F$2:F$51,$A$2:$A$51,$A81,$B$2:$B$51,"Winter",$C$2:$C$51,$C81)*(1/3) -> 17.036582 | G81: =SUMIFS(G$2:G$51,$A$2:$A$51,$A81,$B$2:$B$51,"Summer",$C$2:$C$51,$C81)*(2/3)+SUMIFS(G$2:G$51,$A$2:$A$51,$A81,$B$2:$B$51,"Winter",$C$2:$C$51,$C81)*(1/3) -> 16.968581 | H81: =SUMIFS(H$2:H$51,$A$2:$A$51,$A81,$B$2:$B$51,"Summer",$C$2:$C$51,$C81)*(2/3)+SUMIFS(H$2:H$51,$A$2:$A$51,$A81,$B$2:$B$51,"Winter",$C$2:$C$51,$C81)*(1/3) -> 17.034494 | I81: =SUMIFS(I$2:I$51,$A$2:$A$51,$A81,$B$2:$B$51,"Summer",$C$2:$C$51,$C81)*(2/3)+SUMIFS(I$2:I$51,$A$2:$A$51,$A81,$B$2:$B$51,"Winter",$C$2:$C$51,$C81)*(1/3) -> 17.472705 | J81: =SUMIFS(J$2:J$51,$A$2:$A$51,$A81,$B$2:$B$51,"Summer",$C$2:$C$51,$C81)*(2/3)+SUMIFS(J$2:J$51,$A$2:$A$51,$A81,$B$2:$B$51,"Winter",$C$2:$C$51,$C81)*(1/3) -> 19.544272 | K81: =SUMIFS(K$2:K$51,$A$2:$A$51,$A81,$B$2:$B$51,"Summer",$C$2:$C$51,$C81)*(2/3)+SUMIFS(K$2:K$51,$A$2:$A$51,$A81,$B$2:$B$51,"Winter",$C$2:$C$51,$C81)*(1/3) -> 23.321132 | ... AA81: =SUMIFS(AA$2:AA$51,$A$2:$A$51,$A81,$B$2:$B$51,"Summer",$C$2:$C$51,$C81)*(2/3)+SUMIFS(AA$2:AA$51,$A$2:$A$51,$A81,$B$2:$B$51,"Winter",$C$2:$C$51,$C81)*(1/3) -> 21.503464
A82: 3 | B82: Autumn | C82: 1 | D82: =SUMIFS(D$2:D$51,$A$2:$A$51,$A82,$B$2:$B$51,"Summer",$C$2:$C$51,$C82)*(2/3)+SUMIFS(D$2:D$51,$A$2:$A$51,$A82,$B$2:$B$51,"Winter",$C$2:$C$51,$C82)*(1/3) -> 24.235978 | E82: =SUMIFS(E$2:E$51,$A$2:$A$51,$A82,$B$2:$B$51,"Summer",$C$2:$C$51,$C82)*(2/3)+SUMIFS(E$2:E$51,$A$2:$A$51,$A82,$B$2:$B$51,"Winter",$C$2:$C$51,$C82)*(1/3) -> 22.190618 | F82: =SUMIFS(F$2:F$51,$A$2:$A$51,$A82,$B$2:$B$51,"Summer",$C$2:$C$51,$C82)*(2/3)+SUMIFS(F$2:F$51,$A$2:$A$51,$A82,$B$2:$B$51,"Winter",$C$2:$C$51,$C82)*(1/3) -> 20.823232 | G82: =SUMIFS(G$2:G$51,$A$2:$A$51,$A82,$B$2:$B$51,"Summer",$C$2:$C$51,$C82)*(2/3)+SUMIFS(G$2:G$51,$A$2:$A$51,$A82,$B$2:$B$51,"Winter",$C$2:$C$51,$C82)*(1/3) -> 20.695911 | H82: =SUMIFS(H$2:H$51,$A$2:$A$51,$A82,$B$2:$B$51,"Summer",$C$2:$C$51,$C82)*(2/3)+SUMIFS(H$2:H$51,$A$2:$A$51,$A82,$B$2:$B$51,"Winter",$C$2:$C$51,$C82)*(1/3) -> 20.675244 | I82: =SUMIFS(I$2:I$51,$A$2:$A$51,$A82,$B$2:$B$51,"Summer",$C$2:$C$51,$C82)*(2/3)+SUMIFS(I$2:I$51,$A$2:$A$51,$A82,$B$2:$B$51,"Winter",$C$2:$C$51,$C82)*(1/3) -> 21.992211 | J82: =SUMIFS(J$2:J$51,$A$2:$A$51,$A82,$B$2:$B$51,"Summer",$C$2:$C$51,$C82)*(2/3)+SUMIFS(J$2:J$51,$A$2:$A$51,$A82,$B$2:$B$51,"Winter",$C$2:$C$51,$C82)*(1/3) -> 29.007922 | K82: =SUMIFS(K$2:K$51,$A$2:$A$51,$A82,$B$2:$B$51,"Summer",$C$2:$C$51,$C82)*(2/3)+SUMIFS(K$2:K$51,$A$2:$A$51,$A82,$B$2:$B$51,"Winter",$C$2:$C$51,$C82)*(1/3) -> 34.622962 | ... AA82: =SUMIFS(AA$2:AA$51,$A$2:$A$51,$A82,$B$2:$B$51,"Summer",$C$2:$C$51,$C82)*(2/3)+SUMIFS(AA$2:AA$51,$A$2:$A$51,$A82,$B$2:$B$51,"Winter",$C$2:$C$51,$C82)*(1/3) -> 27.237726
A83: 4 | B83: Autumn | C83: 1 | D83: =SUMIFS(D$2:D$51,$A$2:$A$51,$A83,$B$2:$B$51,"Summer",$C$2:$C$51,$C83)*(2/3)+SUMIFS(D$2:D$51,$A$2:$A$51,$A83,$B$2:$B$51,"Winter",$C$2:$C$51,$C83)*(1/3) -> 46.482191 | E83: =SUMIFS(E$2:E$51,$A$2:$A$51,$A83,$B$2:$B$51,"Summer",$C$2:$C$51,$C83)*(2/3)+SUMIFS(E$2:E$51,$A$2:$A$51,$A83,$B$2:$B$51,"Winter",$C$2:$C$51,$C83)*(1/3) -> 40.90928 | F83: =SUMIFS(F$2:F$51,$A$2:$A$51,$A83,$B$2:$B$51,"Summer",$C$2:$C$51,$C83)*(2/3)+SUMIFS(F$2:F$51,$A$2:$A$51,$A83,$B$2:$B$51,"Winter",$C$2:$C$51,$C83)*(1/3) -> 38.609237 | G83: =SUMIFS(G$2:G$51,$A$2:$A$51,$A83,$B$2:$B$51,"Summer",$C$2:$C$51,$C83)*(2/3)+SUMIFS(G$2:G$51,$A$2:$A$51,$A83,$B$2:$B$51,"Winter",$C$2:$C$51,$C83)*(1/3) -> 37.721701 | H83: =SUMIFS(H$2:H$51,$A$2:$A$51,$A83,$B$2:$B$51,"Summer",$C$2:$C$51,$C83)*(2/3)+SUMIFS(H$2:H$51,$A$2:$A$51,$A83,$B$2:$B$51,"Winter",$C$2:$C$51,$C83)*(1/3) -> 39.763801 | I83: =SUMIFS(I$2:I$51,$A$2:$A$51,$A83,$B$2:$B$51,"Summer",$C$2:$C$51,$C83)*(2/3)+SUMIFS(I$2:I$51,$A$2:$A$51,$A83,$B$2:$B$51,"Winter",$C$2:$C$51,$C83)*(1/3) -> 39.301247 | J83: =SUMIFS(J$2:J$51,$A$2:$A$51,$A83,$B$2:$B$51,"Summer",$C$2:$C$51,$C83)*(2/3)+SUMIFS(J$2:J$51,$A$2:$A$51,$A83,$B$2:$B$51,"Winter",$C$2:$C$51,$C83)*(1/3) -> 46.736502 | K83: =SUMIFS(K$2:K$51,$A$2:$A$51,$A83,$B$2:$B$51,"Summer",$C$2:$C$51,$C83)*(2/3)+SUMIFS(K$2:K$51,$A$2:$A$51,$A83,$B$2:$B$51,"Winter",$C$2:$C$51,$C83)*(1/3) -> 53.266651 | ... AA83: =SUMIFS(AA$2:AA$51,$A$2:$A$51,$A83,$B$2:$B$51,"Summer",$C$2:$C$51,$C83)*(2/3)+SUMIFS(AA$2:AA$51,$A$2:$A$51,$A83,$B$2:$B$51,"Winter",$C$2:$C$51,$C83)*(1/3) -> 53.675915
A84: 5 | B84: Autumn | C84: 1 | D84: =SUMIFS(D$2:D$51,$A$2:$A$51,$A84,$B$2:$B$51,"Summer",$C$2:$C$51,$C84)*(2/3)+SUMIFS(D$2:D$51,$A$2:$A$51,$A84,$B$2:$B$51,"Winter",$C$2:$C$51,$C84)*(1/3) -> -11.604781 | E84: =SUMIFS(E$2:E$51,$A$2:$A$51,$A84,$B$2:$B$51,"Summer",$C$2:$C$51,$C84)*(2/3)+SUMIFS(E$2:E$51,$A$2:$A$51,$A84,$B$2:$B$51,"Winter",$C$2:$C$51,$C84)*(1/3) -> -10.554225 | F84: =SUMIFS(F$2:F$51,$A$2:$A$51,$A84,$B$2:$B$51,"Summer",$C$2:$C$51,$C84)*(2/3)+SUMIFS(F$2:F$51,$A$2:$A$51,$A84,$B$2:$B$51,"Winter",$C$2:$C$51,$C84)*(1/3) -> -8.0026401 | G84: =SUMIFS(G$2:G$51,$A$2:$A$51,$A84,$B$2:$B$51,"Summer",$C$2:$C$51,$C84)*(2/3)+SUMIFS(G$2:G$51,$A$2:$A$51,$A84,$B$2:$B$51,"Winter",$C$2:$C$51,$C84)*(1/3) -> -7.7083128 | H84: =SUMIFS(H$2:H$51,$A$2:$A$51,$A84,$B$2:$B$51,"Summer",$C$2:$C$51,$C84)*(2/3)+SUMIFS(H$2:H$51,$A$2:$A$51,$A84,$B$2:$B$51,"Winter",$C$2:$C$51,$C84)*(1/3) -> -7.4672757 | I84: =SUMIFS(I$2:I$51,$A$2:$A$51,$A84,$B$2:$B$51,"Summer",$C$2:$C$51,$C84)*(2/3)+SUMIFS(I$2:I$51,$A$2:$A$51,$A84,$B$2:$B$51,"Winter",$C$2:$C$51,$C84)*(1/3) -> -2.0789525 | J84: =SUMIFS(J$2:J$51,$A$2:$A$51,$A84,$B$2:$B$51,"Summer",$C$2:$C$51,$C84)*(2/3)+SUMIFS(J$2:J$51,$A$2:$A$51,$A84,$B$2:$B$51,"Winter",$C$2:$C$51,$C84)*(1/3) -> -0.25739582 | K84: =SUMIFS(K$2:K$51,$A$2:$A$51,$A84,$B$2:$B$51,"Summer",$C$2:$C$51,$C84)*(2/3)+SUMIFS(K$2:K$51,$A$2:$A$51,$A84,$B$2:$B$51,"Winter",$C$2:$C$51,$C84)*(1/3) -> 2.1852283 | ... AA84: =SUMIFS(AA$2:AA$51,$A$2:$A$51,$A84,$B$2:$B$51,"Summer",$C$2:$C$51,$C84)*(2/3)+SUMIFS(AA$2:AA$51,$A$2:$A$51,$A84,$B$2:$B$51,"Winter",$C$2:$C$51,$C84)*(1/3) -> -2.2951725
A85: 6 | B85: Autumn | C85: 1 | D85: =SUMIFS(D$2:D$51,$A$2:$A$51,$A85,$B$2:$B$51,"Summer",$C$2:$C$51,$C85)*(2/3)+SUMIFS(D$2:D$51,$A$2:$A$51,$A85,$B$2:$B$51,"Winter",$C$2:$C$51,$C85)*(1/3) -> 0 | E85: =SUMIFS(E$2:E$51,$A$2:$A$51,$A85,$B$2:$B$51,"Summer",$C$2:$C$51,$C85)*(2/3)+SUMIFS(E$2:E$51,$A$2:$A$51,$A85,$B$2:$B$51,"Winter",$C$2:$C$51,$C85)*(1/3) -> 0 | F85: =SUMIFS(F$2:F$51,$A$2:$A$51,$A85,$B$2:$B$51,"Summer",$C$2:$C$51,$C85)*(2/3)+SUMIFS(F$2:F$51,$A$2:$A$51,$A85,$B$2:$B$51,"Winter",$C$2:$C$51,$C85)*(1/3) -> 0 | G85: =SUMIFS(G$2:G$51,$A$2:$A$51,$A85,$B$2:$B$51,"Summer",$C$2:$C$51,$C85)*(2/3)+SUMIFS(G$2:G$51,$A$2:$A$51,$A85,$B$2:$B$51,"Winter",$C$2:$C$51,$C85)*(1/3) -> 0 | H85: =SUMIFS(H$2:H$51,$A$2:$A$51,$A85,$B$2:$B$51,"Summer",$C$2:$C$51,$C85)*(2/3)+SUMIFS(H$2:H$51,$A$2:$A$51,$A85,$B$2:$B$51,"Winter",$C$2:$C$51,$C85)*(1/3) -> 0 | I85: =SUMIFS(I$2:I$51,$A$2:$A$51,$A85,$B$2:$B$51,"Summer",$C$2:$C$51,$C85)*(2/3)+SUMIFS(I$2:I$51,$A$2:$A$51,$A85,$B$2:$B$51,"Winter",$C$2:$C$51,$C85)*(1/3) -> 0 | J85: =SUMIFS(J$2:J$51,$A$2:$A$51,$A85,$B$2:$B$51,"Summer",$C$2:$C$51,$C85)*(2/3)+SUMIFS(J$2:J$51,$A$2:$A$51,$A85,$B$2:$B$51,"Winter",$C$2:$C$51,$C85)*(1/3) -> 0 | K85: =SUMIFS(K$2:K$51,$A$2:$A$51,$A85,$B$2:$B$51,"Summer",$C$2:$C$51,$C85)*(2/3)+SUMIFS(K$2:K$51,$A$2:$A$51,$A85,$B$2:$B$51,"Winter",$C$2:$C$51,$C85)*(1/3) -> 0 | ... AA85: =SUMIFS(AA$2:AA$51,$A$2:$A$51,$A85,$B$2:$B$51,"Summer",$C$2:$C$51,$C85)*(2/3)+SUMIFS(AA$2:AA$51,$A$2:$A$51,$A85,$B$2:$B$51,"Winter",$C$2:$C$51,$C85)*(1/3) -> 0
A86: 7 | B86: Autumn | C86: 1 | D86: =SUMIFS(D$2:D$51,$A$2:$A$51,$A86,$B$2:$B$51,"Summer",$C$2:$C$51,$C86)*(2/3)+SUMIFS(D$2:D$51,$A$2:$A$51,$A86,$B$2:$B$51,"Winter",$C$2:$C$51,$C86)*(1/3) -> 18.44392 | E86: =SUMIFS(E$2:E$51,$A$2:$A$51,$A86,$B$2:$B$51,"Summer",$C$2:$C$51,$C86)*(2/3)+SUMIFS(E$2:E$51,$A$2:$A$51,$A86,$B$2:$B$51,"Winter",$C$2:$C$51,$C86)*(1/3) -> 15.179067 | F86: =SUMIFS(F$2:F$51,$A$2:$A$51,$A86,$B$2:$B$51,"Summer",$C$2:$C$51,$C86)*(2/3)+SUMIFS(F$2:F$51,$A$2:$A$51,$A86,$B$2:$B$51,"Winter",$C$2:$C$51,$C86)*(1/3) -> 18.328901 | G86: =SUMIFS(G$2:G$51,$A$2:$A$51,$A86,$B$2:$B$51,"Summer",$C$2:$C$51,$C86)*(2/3)+SUMIFS(G$2:G$51,$A$2:$A$51,$A86,$B$2:$B$51,"Winter",$C$2:$C$51,$C86)*(1/3) -> 18.864734 | H86: =SUMIFS(H$2:H$51,$A$2:$A$51,$A86,$B$2:$B$51,"Summer",$C$2:$C$51,$C86)*(2/3)+SUMIFS(H$2:H$51,$A$2:$A$51,$A86,$B$2:$B$51,"Winter",$C$2:$C$51,$C86)*(1/3) -> 20.708942 | I86: =SUMIFS(I$2:I$51,$A$2:$A$51,$A86,$B$2:$B$51,"Summer",$C$2:$C$51,$C86)*(2/3)+SUMIFS(I$2:I$51,$A$2:$A$51,$A86,$B$2:$B$51,"Winter",$C$2:$C$51,$C86)*(1/3) -> 10.133615 | J86: =SUMIFS(J$2:J$51,$A$2:$A$51,$A86,$B$2:$B$51,"Summer",$C$2:$C$51,$C86)*(2/3)+SUMIFS(J$2:J$51,$A$2:$A$51,$A86,$B$2:$B$51,"Winter",$C$2:$C$51,$C86)*(1/3) -> -5.4300377 | K86: =SUMIFS(K$2:K$51,$A$2:$A$51,$A86,$B$2:$B$51,"Summer",$C$2:$C$51,$C86)*(2/3)+SUMIFS(K$2:K$51,$A$2:$A$51,$A86,$B$2:$B$51,"Winter",$C$2:$C$51,$C86)*(1/3) -> -6.0790253 | ... AA86: =SUMIFS(AA$2:AA$51,$A$2:$A$51,$A86,$B$2:$B$51,"Summer",$C$2:$C$51,$C86)*(2/3)+SUMIFS(AA$2:AA$51,$A$2:$A$51,$A86,$B$2:$B$51,"Winter",$C$2:$C$51,$C86)*(1/3) -> 13.902699
A87: 8 | B87: Autumn | C87: 1 | D87: =SUMIFS(D$2:D$51,$A$2:$A$51,$A87,$B$2:$B$51,"Summer",$C$2:$C$51,$C87)*(2/3)+SUMIFS(D$2:D$51,$A$2:$A$51,$A87,$B$2:$B$51,"Winter",$C$2:$C$51,$C87)*(1/3) -> 23.78798 | E87: =SUMIFS(E$2:E$51,$A$2:$A$51,$A87,$B$2:$B$51,"Summer",$C$2:$C$51,$C87)*(2/3)+SUMIFS(E$2:E$51,$A$2:$A$51,$A87,$B$2:$B$51,"Winter",$C$2:$C$51,$C87)*(1/3) -> 20.846215 | F87: =SUMIFS(F$2:F$51,$A$2:$A$51,$A87,$B$2:$B$51,"Summer",$C$2:$C$51,$C87)*(2/3)+SUMIFS(F$2:F$51,$A$2:$A$51,$A87,$B$2:$B$51,"Winter",$C$2:$C$51,$C87)*(1/3) -> 20.441783 | G87: =SUMIFS(G$2:G$51,$A$2:$A$51,$A87,$B$2:$B$51,"Summer",$C$2:$C$51,$C87)*(2/3)+SUMIFS(G$2:G$51,$A$2:$A$51,$A87,$B$2:$B$51,"Winter",$C$2:$C$51,$C87)*(1/3) -> 19.156631 | H87: =SUMIFS(H$2:H$51,$A$2:$A$51,$A87,$B$2:$B$51,"Summer",$C$2:$C$51,$C87)*(2/3)+SUMIFS(H$2:H$51,$A$2:$A$51,$A87,$B$2:$B$51,"Winter",$C$2:$C$51,$C87)*(1/3) -> 19.150534 | I87: =SUMIFS(I$2:I$51,$A$2:$A$51,$A87,$B$2:$B$51,"Summer",$C$2:$C$51,$C87)*(2/3)+SUMIFS(I$2:I$51,$A$2:$A$51,$A87,$B$2:$B$51,"Winter",$C$2:$C$51,$C87)*(1/3) -> 19.616981 | J87: =SUMIFS(J$2:J$51,$A$2:$A$51,$A87,$B$2:$B$51,"Summer",$C$2:$C$51,$C87)*(2/3)+SUMIFS(J$2:J$51,$A$2:$A$51,$A87,$B$2:$B$51,"Winter",$C$2:$C$51,$C87)*(1/3) -> 24.017135 | K87: =SUMIFS(K$2:K$51,$A$2:$A$51,$A87,$B$2:$B$51,"Summer",$C$2:$C$51,$C87)*(2/3)+SUMIFS(K$2:K$51,$A$2:$A$51,$A87,$B$2:$B$51,"Winter",$C$2:$C$51,$C87)*(1/3) -> 30.466145 | ... AA87: =SUMIFS(AA$2:AA$51,$A$2:$A$51,$A87,$B$2:$B$51,"Summer",$C$2:$C$51,$C87)*(2/3)+SUMIFS(AA$2:AA$51,$A$2:$A$51,$A87,$B$2:$B$51,"Winter",$C$2:$C$51,$C87)*(1/3) -> 25.36
A88: 9 | B88: Autumn | C88: 1 | D88: =SUMIFS(D$2:D$51,$A$2:$A$51,$A88,$B$2:$B$51,"Summer",$C$2:$C$51,$C88)*(2/3)+SUMIFS(D$2:D$51,$A$2:$A$51,$A88,$B$2:$B$51,"Winter",$C$2:$C$51,$C88)*(1/3) -> 135.20957 | E88: =SUMIFS(E$2:E$51,$A$2:$A$51,$A88,$B$2:$B$51,"Summer",$C$2:$C$51,$C88)*(2/3)+SUMIFS(E$2:E$51,$A$2:$A$51,$A88,$B$2:$B$51,"Winter",$C$2:$C$51,$C88)*(1/3) -> 119.74783 | F88: =SUMIFS(F$2:F$51,$A$2:$A$51,$A88,$B$2:$B$51,"Summer",$C$2:$C$51,$C88)*(2/3)+SUMIFS(F$2:F$51,$A$2:$A$51,$A88,$B$2:$B$51,"Winter",$C$2:$C$51,$C88)*(1/3) -> 112.67134 | G88: =SUMIFS(G$2:G$51,$A$2:$A$51,$A88,$B$2:$B$51,"Summer",$C$2:$C$51,$C88)*(2/3)+SUMIFS(G$2:G$51,$A$2:$A$51,$A88,$B$2:$B$51,"Winter",$C$2:$C$51,$C88)*(1/3) -> 109.61003 | H88: =SUMIFS(H$2:H$51,$A$2:$A$51,$A88,$B$2:$B$51,"Summer",$C$2:$C$51,$C88)*(2/3)+SUMIFS(H$2:H$51,$A$2:$A$51,$A88,$B$2:$B$51,"Winter",$C$2:$C$51,$C88)*(1/3) -> 151.34126 | I88: =SUMIFS(I$2:I$51,$A$2:$A$51,$A88,$B$2:$B$51,"Summer",$C$2:$C$51,$C88)*(2/3)+SUMIFS(I$2:I$51,$A$2:$A$51,$A88,$B$2:$B$51,"Winter",$C$2:$C$51,$C88)*(1/3) -> 153.09329 | J88: =SUMIFS(J$2:J$51,$A$2:$A$51,$A88,$B$2:$B$51,"Summer",$C$2:$C$51,$C88)*(2/3)+SUMIFS(J$2:J$51,$A$2:$A$51,$A88,$B$2:$B$51,"Winter",$C$2:$C$51,$C88)*(1/3) -> 141.21561 | K88: =SUMIFS(K$2:K$51,$A$2:$A$51,$A88,$B$2:$B$51,"Summer",$C$2:$C$51,$C88)*(2/3)+SUMIFS(K$2:K$51,$A$2:$A$51,$A88,$B$2:$B$51,"Winter",$C$2:$C$51,$C88)*(1/3) -> 176.72895 | ... AA88: =SUMIFS(AA$2:AA$51,$A$2:$A$51,$A88,$B$2:$B$51,"Summer",$C$2:$C$51,$C88)*(2/3)+SUMIFS(AA$2:AA$51,$A$2:$A$51,$A88,$B$2:$B$51,"Winter",$C$2:$C$51,$C88)*(1/3) -> 159.80043
A89: 10 | B89: Autumn | C89: 1 | D89: =SUMIFS(D$2:D$51,$A$2:$A$51,$A89,$B$2:$B$51,"Summer",$C$2:$C$51,$C89)*(2/3)+SUMIFS(D$2:D$51,$A$2:$A$51,$A89,$B$2:$B$51,"Winter",$C$2:$C$51,$C89)*(1/3) -> 3.5149007 | E89: =SUMIFS(E$2:E$51,$A$2:$A$51,$A89,$B$2:$B$51,"Summer",$C$2:$C$51,$C89)*(2/3)+SUMIFS(E$2:E$51,$A$2:$A$51,$A89,$B$2:$B$51,"Winter",$C$2:$C$51,$C89)*(1/3) -> 3.3439076 | F89: =SUMIFS(F$2:F$51,$A$2:$A$51,$A89,$B$2:$B$51,"Summer",$C$2:$C$51,$C89)*(2/3)+SUMIFS(F$2:F$51,$A$2:$A$51,$A89,$B$2:$B$51,"Winter",$C$2:$C$51,$C89)*(1/3) -> 3.0900815 | G89: =SUMIFS(G$2:G$51,$A$2:$A$51,$A89,$B$2:$B$51,"Summer",$C$2:$C$51,$C89)*(2/3)+SUMIFS(G$2:G$51,$A$2:$A$51,$A89,$B$2:$B$51,"Winter",$C$2:$C$51,$C89)*(1/3) -> 3.1547904 | H89: =SUMIFS(H$2:H$51,$A$2:$A$51,$A89,$B$2:$B$51,"Summer",$C$2:$C$51,$C89)*(2/3)+SUMIFS(H$2:H$51,$A$2:$A$51,$A89,$B$2:$B$51,"Winter",$C$2:$C$51,$C89)*(1/3) -> 3.1478126 | I89: =SUMIFS(I$2:I$51,$A$2:$A$51,$A89,$B$2:$B$51,"Summer",$C$2:$C$51,$C89)*(2/3)+SUMIFS(I$2:I$51,$A$2:$A$51,$A89,$B$2:$B$51,"Winter",$C$2:$C$51,$C89)*(1/3) -> 3.3056478 | J89: =SUMIFS(J$2:J$51,$A$2:$A$51,$A89,$B$2:$B$51,"Summer",$C$2:$C$51,$C89)*(2/3)+SUMIFS(J$2:J$51,$A$2:$A$51,$A89,$B$2:$B$51,"Winter",$C$2:$C$51,$C89)*(1/3) -> 3.9373187 | K89: =SUMIFS(K$2:K$51,$A$2:$A$51,$A89,$B$2:$B$51,"Summer",$C$2:$C$51,$C89)*(2/3)+SUMIFS(K$2:K$51,$A$2:$A$51,$A89,$B$2:$B$51,"Winter",$C$2:$C$51,$C89)*(1/3) -> 4.7008612 | ... AA89: =SUMIFS(AA$2:AA$51,$A$2:$A$51,$A89,$B$2:$B$51,"Summer",$C$2:$C$51,$C89)*(2/3)+SUMIFS(AA$2:AA$51,$A$2:$A$51,$A89,$B$2:$B$51,"Winter",$C$2:$C$51,$C89)*(1/3) -> 3.9981812
A90: 11 | B90: Autumn | C90: 1 | D90: =SUMIFS(D$2:D$51,$A$2:$A$51,$A90,$B$2:$B$51,"Summer",$C$2:$C$51,$C90)*(2/3)+SUMIFS(D$2:D$51,$A$2:$A$51,$A90,$B$2:$B$51,"Winter",$C$2:$C$51,$C90)*(1/3) -> 22.393667 | E90: =SUMIFS(E$2:E$51,$A$2:$A$51,$A90,$B$2:$B$51,"Summer",$C$2:$C$51,$C90)*(2/3)+SUMIFS(E$2:E$51,$A$2:$A$51,$A90,$B$2:$B$51,"Winter",$C$2:$C$51,$C90)*(1/3) -> 22.359667 | F90: =SUMIFS(F$2:F$51,$A$2:$A$51,$A90,$B$2:$B$51,"Summer",$C$2:$C$51,$C90)*(2/3)+SUMIFS(F$2:F$51,$A$2:$A$51,$A90,$B$2:$B$51,"Winter",$C$2:$C$51,$C90)*(1/3) -> 21.356333 | G90: =SUMIFS(G$2:G$51,$A$2:$A$51,$A90,$B$2:$B$51,"Summer",$C$2:$C$51,$C90)*(2/3)+SUMIFS(G$2:G$51,$A$2:$A$51,$A90,$B$2:$B$51,"Winter",$C$2:$C$51,$C90)*(1/3) -> 22.191667 | H90: =SUMIFS(H$2:H$51,$A$2:$A$51,$A90,$B$2:$B$51,"Summer",$C$2:$C$51,$C90)*(2/3)+SUMIFS(H$2:H$51,$A$2:$A$51,$A90,$B$2:$B$51,"Winter",$C$2:$C$51,$C90)*(1/3) -> 22.458667 | I90: =SUMIFS(I$2:I$51,$A$2:$A$51,$A90,$B$2:$B$51,"Summer",$C$2:$C$51,$C90)*(2/3)+SUMIFS(I$2:I$51,$A$2:$A$51,$A90,$B$2:$B$51,"Winter",$C$2:$C$51,$C90)*(1/3) -> 24.488333 | J90: =SUMIFS(J$2:J$51,$A$2:$A$51,$A90,$B$2:$B$51,"Summer",$C$2:$C$51,$C90)*(2/3)+SUMIFS(J$2:J$51,$A$2:$A$51,$A90,$B$2:$B$51,"Winter",$C$2:$C$51,$C90)*(1/3) -> 32.861 | K90: =SUMIFS(K$2:K$51,$A$2:$A$51,$A90,$B$2:$B$51,"Summer",$C$2:$C$51,$C90)*(2/3)+SUMIFS(K$2:K$51,$A$2:$A$51,$A90,$B$2:$B$51,"Winter",$C$2:$C$51,$C90)*(1/3) -> 37.546 | ... AA90: =SUMIFS(AA$2:AA$51,$A$2:$A$51,$A90,$B$2:$B$51,"Summer",$C$2:$C$51,$C90)*(2/3)+SUMIFS(AA$2:AA$51,$A$2:$A$51,$A90,$B$2:$B$51,"Winter",$C$2:$C$51,$C90)*(1/3) -> 25.168333
A91: 12 | B91: Autumn | C91: 1 | D91: =SUMIFS(D$2:D$51,$A$2:$A$51,$A91,$B$2:$B$51,"Summer",$C$2:$C$51,$C91)*(2/3)+SUMIFS(D$2:D$51,$A$2:$A$51,$A91,$B$2:$B$51,"Winter",$C$2:$C$51,$C91)*(1/3) -> 6.3061823 | E91: =SUMIFS(E$2:E$51,$A$2:$A$51,$A91,$B$2:$B$51,"Summer",$C$2:$C$51,$C91)*(2/3)+SUMIFS(E$2:E$51,$A$2:$A$51,$A91,$B$2:$B$51,"Winter",$C$2:$C$51,$C91)*(1/3) -> 6.3966715 | F91: =SUMIFS(F$2:F$51,$A$2:$A$51,$A91,$B$2:$B$51,"Summer",$C$2:$C$51,$C91)*(2/3)+SUMIFS(F$2:F$51,$A$2:$A$51,$A91,$B$2:$B$51,"Winter",$C$2:$C$51,$C91)*(1/3) -> 5.3249843 | G91: =SUMIFS(G$2:G$51,$A$2:$A$51,$A91,$B$2:$B$51,"Summer",$C$2:$C$51,$C91)*(2/3)+SUMIFS(G$2:G$51,$A$2:$A$51,$A91,$B$2:$B$51,"Winter",$C$2:$C$51,$C91)*(1/3) -> 5.7099875 | H91: =SUMIFS(H$2:H$51,$A$2:$A$51,$A91,$B$2:$B$51,"Summer",$C$2:$C$51,$C91)*(2/3)+SUMIFS(H$2:H$51,$A$2:$A$51,$A91,$B$2:$B$51,"Winter",$C$2:$C$51,$C91)*(1/3) -> 5.8158865 | I91: =SUMIFS(I$2:I$51,$A$2:$A$51,$A91,$B$2:$B$51,"Summer",$C$2:$C$51,$C91)*(2/3)+SUMIFS(I$2:I$51,$A$2:$A$51,$A91,$B$2:$B$51,"Winter",$C$2:$C$51,$C91)*(1/3) -> 5.8238371 | J91: =SUMIFS(J$2:J$51,$A$2:$A$51,$A91,$B$2:$B$51,"Summer",$C$2:$C$51,$C91)*(2/3)+SUMIFS(J$2:J$51,$A$2:$A$51,$A91,$B$2:$B$51,"Winter",$C$2:$C$51,$C91)*(1/3) -> 6.7425357 | K91: =SUMIFS(K$2:K$51,$A$2:$A$51,$A91,$B$2:$B$51,"Summer",$C$2:$C$51,$C91)*(2/3)+SUMIFS(K$2:K$51,$A$2:$A$51,$A91,$B$2:$B$51,"Winter",$C$2:$C$51,$C91)*(1/3) -> 7.8652694 | ... AA91: =SUMIFS(AA$2:AA$51,$A$2:$A$51,$A91,$B$2:$B$51,"Summer",$C$2:$C$51,$C91)*(2/3)+SUMIFS(AA$2:AA$51,$A$2:$A$51,$A91,$B$2:$B$51,"Winter",$C$2:$C$51,$C91)*(1/3) -> 7.0332893
... A103: 24 | B103: Autumn | C103: 1 | D103: =SUMIFS(D$2:D$51,$A$2:$A$51,$A103,$B$2:$B$51,"Summer",$C$2:$C$51,$C103)*(2/3)+SUMIFS(D$2:D$51,$A$2:$A$51,$A103,$B$2:$B$51,"Winter",$C$2:$C$51,$C103)*(1/3) -> 28.917547 | E103: =SUMIFS(E$2:E$51,$A$2:$A$51,$A103,$B$2:$B$51,"Summer",$C$2:$C$51,$C103)*(2/3)+SUMIFS(E$2:E$51,$A$2:$A$51,$A103,$B$2:$B$51,"Winter",$C$2:$C$51,$C103)*(1/3) -> 23.631569 | F103: =SUMIFS(F$2:F$51,$A$2:$A$51,$A103,$B$2:$B$51,"Summer",$C$2:$C$51,$C103)*(2/3)+SUMIFS(F$2:F$51,$A$2:$A$51,$A103,$B$2:$B$51,"Winter",$C$2:$C$51,$C103)*(1/3) -> 23.724144 | G103: =SUMIFS(G$2:G$51,$A$2:$A$51,$A103,$B$2:$B$51,"Summer",$C$2:$C$51,$C103)*(2/3)+SUMIFS(G$2:G$51,$A$2:$A$51,$A103,$B$2:$B$51,"Winter",$C$2:$C$51,$C103)*(1/3) -> 20.85762 | H103: =SUMIFS(H$2:H$51,$A$2:$A$51,$A103,$B$2:$B$51,"Summer",$C$2:$C$51,$C103)*(2/3)+SUMIFS(H$2:H$51,$A$2:$A$51,$A103,$B$2:$B$51,"Winter",$C$2:$C$51,$C103)*(1/3) -> 20.501526 | I103: =SUMIFS(I$2:I$51,$A$2:$A$51,$A103,$B$2:$B$51,"Summer",$C$2:$C$51,$C103)*(2/3)+SUMIFS(I$2:I$51,$A$2:$A$51,$A103,$B$2:$B$51,"Winter",$C$2:$C$51,$C103)*(1/3) -> 21.055619 | J103: =SUMIFS(J$2:J$51,$A$2:$A$51,$A103,$B$2:$B$51,"Summer",$C$2:$C$51,$C103)*(2/3)+SUMIFS(J$2:J$51,$A$2:$A$51,$A103,$B$2:$B$51,"Winter",$C$2:$C$51,$C103)*(1/3) -> 26.993367 | K103: =SUMIFS(K$2:K$51,$A$2:$A$51,$A103,$B$2:$B$51,"Summer",$C$2:$C$51,$C103)*(2/3)+SUMIFS(K$2:K$51,$A$2:$A$51,$A103,$B$2:$B$51,"Winter",$C$2:$C$51,$C103)*(1/3) -> 35.924705 | ... AA103: =SUMIFS(AA$2:AA$51,$A$2:$A$51,$A103,$B$2:$B$51,"Summer",$C$2:$C$51,$C103)*(2/3)+SUMIFS(AA$2:AA$51,$A$2:$A$51,$A103,$B$2:$B$51,"Winter",$C$2:$C$51,$C103)*(1/3) -> 24.468434
A104: 25 | B104: Autumn | C104: 1 | D104: 0 | E104: 0 | F104: 0 | G104: 0 | H104: 0 | I104: 0 | J104: 0 | K104: 0 | L104: 0 | M104: 0 | N104: 0 | O104: 0 | P104: 0 | Q104: 0 | R104: 0 | S104: 0 | T104: 0 | U104: 0 | V104: 0 | W104: 0 | X104: 0 | Y104: 0 | Z104: 0 | AA104: 0
A105: 26 | B105: Autumn | C105: 1 | D105: 0 | E105: 0 | F105: 0 | G105: 0 | H105: 0 | I105: 0 | J105: 0 | K105: 0 | L105: 0 | M105: 0 | N105: 0 | O105: 0 | P105: 0 | Q105: 0 | R105: 0 | S105: 0 | T105: 0 | U105: 0 | V105: 0 | W105: 0 | X105: 0 | Y105: 0 | Z105: 0 | AA105: 0

Sheet Qc, Original
A1: LoadID | B1: Season | C1: Scenario | D1: 0 | E1: 1 | F1: 2 | G1: 3 | H1: 4 | I1: 5 | J1: 6 | K1: 7 | L1: 8 | M1: 9 | N1: 10 | O1: 11 | P1: 12 | Q1: 13 | R1: 14 | S1: 15 | T1: 16 | U1: 17 | V1: 18 | W1: 19 | X1: 20 | Y1: 21 | Z1: 22 | AA1: 23
A2: 1 | B2: Winter | C2: 1 | D2: 0.521 | E2: 0.595 | F2: 1.326 | G2: 0.578 | H2: 0.511 | I2: 0.598 | J2: 0.641 | K2: 0.625 | L2: 0.426 | M2: 1.746 | N2: 0.159 | O2: 0.951 | P2: 0.352 | Q2: 0.443 | R2: 0.655 | S2: 0.823 | T2: 0.28 | U2: 1.186 | V2: 1.004 | W2: 0.398 | X2: 1.703 | Y2: 0.878 | Z2: 0.864 | AA2: 0.368
A3: 1 | B3: Summer | C3: 1 | D3: 0.32659953 | E3: 0.24118288 | F3: 0.29766986 | G3: -0.026231597 | H3: 0.98410756 | I3: 0.83632404 | J3: 0.69762632 | K3: -0.061785513 | L3: 0.58500499 | M3: 0.47965646 | N3: 0.085041632 | O3: 1.4321956 | P3: 0.37837021 | Q3: 0.15454809 | R3: 0.55458236 | S3: 0.55234239 | T3: 0.74650371 | U3: 0.85903774 | V3: 0.90570599 | W3: 0.2896854 | X3: 0.22165103 | Y3: -0.15655322 | Z3: 0.4901901 | AA3: 0.40190201
A4: 1 | B4: Spring | C4: 1 | D4: =SUMIFS(D$2:D$51,$A$2:$A$51,$A4,$B$2:$B$51,"Winter",$C$2:$C$51,$C4)*(2/3)+SUMIFS(D$2:D$51,$A$2:$A$51,$A4,$B$2:$B$51,"Summer",$C$2:$C$51,$C4)*(1/3) -> 0.45619984 | E4: =SUMIFS(E$2:E$51,$A$2:$A$51,$A4,$B$2:$B$51,"Winter",$C$2:$C$51,$C4)*(2/3)+SUMIFS(E$2:E$51,$A$2:$A$51,$A4,$B$2:$B$51,"Summer",$C$2:$C$51,$C4)*(1/3) -> 0.47706096 | F4: =SUMIFS(F$2:F$51,$A$2:$A$51,$A4,$B$2:$B$51,"Winter",$C$2:$C$51,$C4)*(2/3)+SUMIFS(F$2:F$51,$A$2:$A$51,$A4,$B$2:$B$51,"Summer",$C$2:$C$51,$C4)*(1/3) -> 0.98322329 | G4: =SUMIFS(G$2:G$51,$A$2:$A$51,$A4,$B$2:$B$51,"Winter",$C$2:$C$51,$C4)*(2/3)+SUMIFS(G$2:G$51,$A$2:$A$51,$A4,$B$2:$B$51,"Summer",$C$2:$C$51,$C4)*(1/3) -> 0.37658947 | H4: =SUMIFS(H$2:H$51,$A$2:$A$51,$A4,$B$2:$B$51,"Winter",$C$2:$C$51,$C4)*(2/3)+SUMIFS(H$2:H$51,$A$2:$A$51,$A4,$B$2:$B$51,"Summer",$C$2:$C$51,$C4)*(1/3) -> 0.66870252 | I4: =SUMIFS(I$2:I$51,$A$2:$A$51,$A4,$B$2:$B$51,"Winter",$C$2:$C$51,$C4)*(2/3)+SUMIFS(I$2:I$51,$A$2:$A$51,$A4,$B$2:$B$51,"Summer",$C$2:$C$51,$C4)*(1/3) -> 0.67744135 | J4: =SUMIFS(J$2:J$51,$A$2:$A$51,$A4,$B$2:$B$51,"Winter",$C$2:$C$51,$C4)*(2/3)+SUMIFS(J$2:J$51,$A$2:$A$51,$A4,$B$2:$B$51,"Summer",$C$2:$C$51,$C4)*(1/3) -> 0.65987544 | K4: =SUMIFS(K$2:K$51,$A$2:$A$51,$A4,$B$2:$B$51,"Winter",$C$2:$C$51,$C4)*(2/3)+SUMIFS(K$2:K$51,$A$2:$A$51,$A4,$B$2:$B$51,"Summer",$C$2:$C$51,$C4)*(1/3) -> 0.3960715 | ... AA4: =SUMIFS(AA$2:AA$51,$A$2:$A$51,$A4,$B$2:$B$51,"Winter",$C$2:$C$51,$C4)*(2/3)+SUMIFS(AA$2:AA$51,$A$2:$A$51,$A4,$B$2:$B$51,"Summer",$C$2:$C$51,$C4)*(1/3) -> 0.37930067
A5: 1 | B5: Autumn | C5: 1 | D5: =SUMIFS(D$2:D$51,$A$2:$A$51,$A5,$B$2:$B$51,"Summer",$C$2:$C$51,$C5)*(2/3)+SUMIFS(D$2:D$51,$A$2:$A$51,$A5,$B$2:$B$51,"Winter",$C$2:$C$51,$C5)*(1/3) -> 0.39139969 | E5: =SUMIFS(E$2:E$51,$A$2:$A$51,$A5,$B$2:$B$51,"Summer",$C$2:$C$51,$C5)*(2/3)+SUMIFS(E$2:E$51,$A$2:$A$51,$A5,$B$2:$B$51,"Winter",$C$2:$C$51,$C5)*(1/3) -> 0.35912192 | F5: =SUMIFS(F$2:F$51,$A$2:$A$51,$A5,$B$2:$B$51,"Summer",$C$2:$C$51,$C5)*(2/3)+SUMIFS(F$2:F$51,$A$2:$A$51,$A5,$B$2:$B$51,"Winter",$C$2:$C$51,$C5)*(1/3) -> 0.64044658 | G5: =SUMIFS(G$2:G$51,$A$2:$A$51,$A5,$B$2:$B$51,"Summer",$C$2:$C$51,$C5)*(2/3)+SUMIFS(G$2:G$51,$A$2:$A$51,$A5,$B$2:$B$51,"Winter",$C$2:$C$51,$C5)*(1/3) -> 0.17517894 | H5: =SUMIFS(H$2:H$51,$A$2:$A$51,$A5,$B$2:$B$51,"Summer",$C$2:$C$51,$C5)*(2/3)+SUMIFS(H$2:H$51,$A$2:$A$51,$A5,$B$2:$B$51,"Winter",$C$2:$C$51,$C5)*(1/3) -> 0.82640504 | I5: =SUMIFS(I$2:I$51,$A$2:$A$51,$A5,$B$2:$B$51,"Summer",$C$2:$C$51,$C5)*(2/3)+SUMIFS(I$2:I$51,$A$2:$A$51,$A5,$B$2:$B$51,"Winter",$C$2:$C$51,$C5)*(1/3) -> 0.75688269 | J5: =SUMIFS(J$2:J$51,$A$2:$A$51,$A5,$B$2:$B$51,"Summer",$C$2:$C$51,$C5)*(2/3)+SUMIFS(J$2:J$51,$A$2:$A$51,$A5,$B$2:$B$51,"Winter",$C$2:$C$51,$C5)*(1/3) -> 0.67875088 | K5: =SUMIFS(K$2:K$51,$A$2:$A$51,$A5,$B$2:$B$51,"Summer",$C$2:$C$51,$C5)*(2/3)+SUMIFS(K$2:K$51,$A$2:$A$51,$A5,$B$2:$B$51,"Winter",$C$2:$C$51,$C5)*(1/3) -> 0.16714299 | ... AA5: =SUMIFS(AA$2:AA$51,$A$2:$A$51,$A5,$B$2:$B$51,"Summer",$C$2:$C$51,$C5)*(2/3)+SUMIFS(AA$2:AA$51,$A$2:$A$51,$A5,$B$2:$B$51,"Winter",$C$2:$C$51,$C5)*(1/3) -> 0.39060134
A6: 2 | B6: Winter | C6: 1 | D6: -3.472 | E6: -3.774 | F6: -4.065 | G6: -4.035 | H6: -4.177 | I6: -3.718 | J6: -2.769 | K6: -1.14 | L6: -0.336 | M6: -0.052 | N6: -0.471 | O6: -0.347 | P6: -0.48 | Q6: -0.484 | R6: -1.223 | S6: -1.762 | T6: -1.567 | U6: -0.535 | V6: -0.778 | W6: -0.978 | X6: -1.536 | Y6: -1.994 | Z6: -2.675 | AA6: -3.011
A7: 2 | B7: Summer | C7: 1 | D7: -1.5187673 | E7: -1.974584 | F7: -2.1763726 | G7: -1.9860541 | H7: -2.1287828 | I7: -2.1778489 | J7: -1.8875205 | K7: -0.29365578 | L7: 0.94261344 | M7: 1.3722619 | N7: 1.0787206 | O7: 1.4368854 | P7: 1.2751207 | Q7: 1.313513 | R7: 0.67772451 | S7: 0.17133696 | T7: 0.38115646 | U7: 0.46297332 | V7: 0.27892399 | W7: -0.052032285 | X7: -0.20312568 | Y7: -0.1413198 | Z7: -0.67773339 | AA7: -0.91736732
A8: 2 | B8: Spring | C8: 1 | D8: =SUMIFS(D$2:D$51,$A$2:$A$51,$A8,$B$2:$B$51,"Winter",$C$2:$C$51,$C8)*(2/3)+SUMIFS(D$2:D$51,$A$2:$A$51,$A8,$B$2:$B$51,"Summer",$C$2:$C$51,$C8)*(1/3) -> -2.8209224 | E8: =SUMIFS(E$2:E$51,$A$2:$A$51,$A8,$B$2:$B$51,"Winter",$C$2:$C$51,$C8)*(2/3)+SUMIFS(E$2:E$51,$A$2:$A$51,$A8,$B$2:$B$51,"Summer",$C$2:$C$51,$C8)*(1/3) -> -3.1741947 | F8: =SUMIFS(F$2:F$51,$A$2:$A$51,$A8,$B$2:$B$51,"Winter",$C$2:$C$51,$C8)*(2/3)+SUMIFS(F$2:F$51,$A$2:$A$51,$A8,$B$2:$B$51,"Summer",$C$2:$C$51,$C8)*(1/3) -> -3.4354575 | G8: =SUMIFS(G$2:G$51,$A$2:$A$51,$A8,$B$2:$B$51,"Winter",$C$2:$C$51,$C8)*(2/3)+SUMIFS(G$2:G$51,$A$2:$A$51,$A8,$B$2:$B$51,"Summer",$C$2:$C$51,$C8)*(1/3) -> -3.352018 | H8: =SUMIFS(H$2:H$51,$A$2:$A$51,$A8,$B$2:$B$51,"Winter",$C$2:$C$51,$C8)*(2/3)+SUMIFS(H$2:H$51,$A$2:$A$51,$A8,$B$2:$B$51,"Summer",$C$2:$C$51,$C8)*(1/3) -> -3.4942609 | I8: =SUMIFS(I$2:I$51,$A$2:$A$51,$A8,$B$2:$B$51,"Winter",$C$2:$C$51,$C8)*(2/3)+SUMIFS(I$2:I$51,$A$2:$A$51,$A8,$B$2:$B$51,"Summer",$C$2:$C$51,$C8)*(1/3) -> -3.2046163 | J8: =SUMIFS(J$2:J$51,$A$2:$A$51,$A8,$B$2:$B$51,"Winter",$C$2:$C$51,$C8)*(2/3)+SUMIFS(J$2:J$51,$A$2:$A$51,$A8,$B$2:$B$51,"Summer",$C$2:$C$51,$C8)*(1/3) -> -2.4751735 | K8: =SUMIFS(K$2:K$51,$A$2:$A$51,$A8,$B$2:$B$51,"Winter",$C$2:$C$51,$C8)*(2/3)+SUMIFS(K$2:K$51,$A$2:$A$51,$A8,$B$2:$B$51,"Summer",$C$2:$C$51,$C8)*(1/3) -> -0.85788526 | ... AA8: =SUMIFS(AA$2:AA$51,$A$2:$A$51,$A8,$B$2:$B$51,"Winter",$C$2:$C$51,$C8)*(2/3)+SUMIFS(AA$2:AA$51,$A$2:$A$51,$A8,$B$2:$B$51,"Summer",$C$2:$C$51,$C8)*(1/3) -> -2.3131224
A9: 2 | B9: Autumn | C9: 1 | D9: =SUMIFS(D$2:D$51,$A$2:$A$51,$A9,$B$2:$B$51,"Summer",$C$2:$C$51,$C9)*(2/3)+SUMIFS(D$2:D$51,$A$2:$A$51,$A9,$B$2:$B$51,"Winter",$C$2:$C$51,$C9)*(1/3) -> -2.1698449 | E9: =SUMIFS(E$2:E$51,$A$2:$A$51,$A9,$B$2:$B$51,"Summer",$C$2:$C$51,$C9)*(2/3)+SUMIFS(E$2:E$51,$A$2:$A$51,$A9,$B$2:$B$51,"Winter",$C$2:$C$51,$C9)*(1/3) -> -2.5743893 | F9: =SUMIFS(F$2:F$51,$A$2:$A$51,$A9,$B$2:$B$51,"Summer",$C$2:$C$51,$C9)*(2/3)+SUMIFS(F$2:F$51,$A$2:$A$51,$A9,$B$2:$B$51,"Winter",$C$2:$C$51,$C9)*(1/3) -> -2.8059151 | G9: =SUMIFS(G$2:G$51,$A$2:$A$51,$A9,$B$2:$B$51,"Summer",$C$2:$C$51,$C9)*(2/3)+SUMIFS(G$2:G$51,$A$2:$A$51,$A9,$B$2:$B$51,"Winter",$C$2:$C$51,$C9)*(1/3) -> -2.669036 | H9: =SUMIFS(H$2:H$51,$A$2:$A$51,$A9,$B$2:$B$51,"Summer",$C$2:$C$51,$C9)*(2/3)+SUMIFS(H$2:H$51,$A$2:$A$51,$A9,$B$2:$B$51,"Winter",$C$2:$C$51,$C9)*(1/3) -> -2.8115218 | I9: =SUMIFS(I$2:I$51,$A$2:$A$51,$A9,$B$2:$B$51,"Summer",$C$2:$C$51,$C9)*(2/3)+SUMIFS(I$2:I$51,$A$2:$A$51,$A9,$B$2:$B$51,"Winter",$C$2:$C$51,$C9)*(1/3) -> -2.6912326 | J9: =SUMIFS(J$2:J$51,$A$2:$A$51,$A9,$B$2:$B$51,"Summer",$C$2:$C$51,$C9)*(2/3)+SUMIFS(J$2:J$51,$A$2:$A$51,$A9,$B$2:$B$51,"Winter",$C$2:$C$51,$C9)*(1/3) -> -2.181347 | K9: =SUMIFS(K$2:K$51,$A$2:$A$51,$A9,$B$2:$B$51,"Summer",$C$2:$C$51,$C9)*(2/3)+SUMIFS(K$2:K$51,$A$2:$A$51,$A9,$B$2:$B$51,"Winter",$C$2:$C$51,$C9)*(1/3) -> -0.57577052 | ... AA9: =SUMIFS(AA$2:AA$51,$A$2:$A$51,$A9,$B$2:$B$51,"Summer",$C$2:$C$51,$C9)*(2/3)+SUMIFS(AA$2:AA$51,$A$2:$A$51,$A9,$B$2:$B$51,"Winter",$C$2:$C$51,$C9)*(1/3) -> -1.6152449
A10: 3 | B10: Winter | C10: 1 | D10: 3.627 | E10: 4.493 | F10: 4.493 | G10: 4.493 | H10: 4.493 | I10: 3.64 | J10: 1.651 | K10: 0.213 | L10: -1.244 | M10: -1.244 | N10: -0.107 | O10: -1.297 | P10: -1.297 | Q10: -1.004 | R10: -0.125 | S10: 0.754 | T10: 1.047 | U10: 1.047 | V10: 1.047 | W10: 1.047 | X10: 1.047 | Y10: 2.184 | Z10: 3.338 | AA10: 3.338
A11: 3 | B11: Summer | C11: 1 | D11: -3.586525 | E11: -3.586525 | F11: -4.163744 | G11: -4.740963 | H11: -4.740963 | I11: -4.740963 | J11: -1.8903904 | K11: 0.39184475 | L11: 1.2443542 | M11: 1.2443542 | N11: 1.1377888 | O11: 1.5995617 | P11: 2.1679001 | Q11: 2.2345047 | R11: 1.2532339 | S11: 0.97794342 | T11: -0.15873337 | U11: -0.15873337 | V11: -0.15873337 | W11: -0.15873337 | X11: -1.0112438 | Y11: -1.295414 | Z11: -3.6220436 | AA11: -3.6220436
A12: 3 | B12: Spring | C12: 1 | D12: =SUMIFS(D$2:D$51,$A$2:$A$51,$A12,$B$2:$B$51,"Winter",$C$2:$C$51,$C12)*(2/3)+SUMIFS(D$2:D$51,$A$2:$A$51,$A12,$B$2:$B$51,"Summer",$C$2:$C$51,$C12)*(1/3) -> 1.2224917 | E12: =SUMIFS(E$2:E$51,$A$2:$A$51,$A12,$B$2:$B$51,"Winter",$C$2:$C$51,$C12)*(2/3)+SUMIFS(E$2:E$51,$A$2:$A$51,$A12,$B$2:$B$51,"Summer",$C$2:$C$51,$C12)*(1/3) -> 1.799825 | F12: =SUMIFS(F$2:F$51,$A$2:$A$51,$A12,$B$2:$B$51,"Winter",$C$2:$C$51,$C12)*(2/3)+SUMIFS(F$2:F$51,$A$2:$A$51,$A12,$B$2:$B$51,"Summer",$C$2:$C$51,$C12)*(1/3) -> 1.6074187 | G12: =SUMIFS(G$2:G$51,$A$2:$A$51,$A12,$B$2:$B$51,"Winter",$C$2:$C$51,$C12)*(2/3)+SUMIFS(G$2:G$51,$A$2:$A$51,$A12,$B$2:$B$51,"Summer",$C$2:$C$51,$C12)*(1/3) -> 1.4150123 | H12: =SUMIFS(H$2:H$51,$A$2:$A$51,$A12,$B$2:$B$51,"Winter",$C$2:$C$51,$C12)*(2/3)+SUMIFS(H$2:H$51,$A$2:$A$51,$A12,$B$2:$B$51,"Summer",$C$2:$C$51,$C12)*(1/3) -> 1.4150123 | I12: =SUMIFS(I$2:I$51,$A$2:$A$51,$A12,$B$2:$B$51,"Winter",$C$2:$C$51,$C12)*(2/3)+SUMIFS(I$2:I$51,$A$2:$A$51,$A12,$B$2:$B$51,"Summer",$C$2:$C$51,$C12)*(1/3) -> 0.84634567 | J12: =SUMIFS(J$2:J$51,$A$2:$A$51,$A12,$B$2:$B$51,"Winter",$C$2:$C$51,$C12)*(2/3)+SUMIFS(J$2:J$51,$A$2:$A$51,$A12,$B$2:$B$51,"Summer",$C$2:$C$51,$C12)*(1/3) -> 0.47053654 | K12: =SUMIFS(K$2:K$51,$A$2:$A$51,$A12,$B$2:$B$51,"Winter",$C$2:$C$51,$C12)*(2/3)+SUMIFS(K$2:K$51,$A$2:$A$51,$A12,$B$2:$B$51,"Summer",$C$2:$C$51,$C12)*(1/3) -> 0.27261492 | ... AA12: =SUMIFS(AA$2:AA$51,$A$2:$A$51,$A12,$B$2:$B$51,"Winter",$C$2:$C$51,$C12)*(2/3)+SUMIFS(AA$2:AA$51,$A$2:$A$51,$A12,$B$2:$B$51,"Summer",$C$2:$C$51,$C12)*(1/3) -> 1.0179855
A13: 3 | B13: Autumn | C13: 1 | D13: =SUMIFS(D$2:D$51,$A$2:$A$51,$A13,$B$2:$B$51,"Summer",$C$2:$C$51,$C13)*(2/3)+SUMIFS(D$2:D$51,$A$2:$A$51,$A13,$B$2:$B$51,"Winter",$C$2:$C$51,$C13)*(1/3) -> -1.1820166 | E13: =SUMIFS(E$2:E$51,$A$2:$A$51,$A13,$B$2:$B$51,"Summer",$C$2:$C$51,$C13)*(2/3)+SUMIFS(E$2:E$51,$A$2:$A$51,$A13,$B$2:$B$51,"Winter",$C$2:$C$51,$C13)*(1/3) -> -0.89334997 | F13: =SUMIFS(F$2:F$51,$A$2:$A$51,$A13,$B$2:$B$51,"Summer",$C$2:$C$51,$C13)*(2/3)+SUMIFS(F$2:F$51,$A$2:$A$51,$A13,$B$2:$B$51,"Winter",$C$2:$C$51,$C13)*(1/3) -> -1.2781626 | G13: =SUMIFS(G$2:G$51,$A$2:$A$51,$A13,$B$2:$B$51,"Summer",$C$2:$C$51,$C13)*(2/3)+SUMIFS(G$2:G$51,$A$2:$A$51,$A13,$B$2:$B$51,"Winter",$C$2:$C$51,$C13)*(1/3) -> -1.6629753 | H13: =SUMIFS(H$2:H$51,$A$2:$A$51,$A13,$B$2:$B$51,"Summer",$C$2:$C$51,$C13)*(2/3)+SUMIFS(H$2:H$51,$A$2:$A$51,$A13,$B$2:$B$51,"Winter",$C$2:$C$51,$C13)*(1/3) -> -1.6629753 | I13: =SUMIFS(I$2:I$51,$A$2:$A$51,$A13,$B$2:$B$51,"Summer",$C$2:$C$51,$C13)*(2/3)+SUMIFS(I$2:I$51,$A$2:$A$51,$A13,$B$2:$B$51,"Winter",$C$2:$C$51,$C13)*(1/3) -> -1.9473087 | J13: =SUMIFS(J$2:J$51,$A$2:$A$51,$A13,$B$2:$B$51,"Summer",$C$2:$C$51,$C13)*(2/3)+SUMIFS(J$2:J$51,$A$2:$A$51,$A13,$B$2:$B$51,"Winter",$C$2:$C$51,$C13)*(1/3) -> -0.70992693 | K13: =SUMIFS(K$2:K$51,$A$2:$A$51,$A13,$B$2:$B$51,"Summer",$C$2:$C$51,$C13)*(2/3)+SUMIFS(K$2:K$51,$A$2:$A$51,$A13,$B$2:$B$51,"Winter",$C$2:$C$51,$C13)*(1/3) -> 0.33222983 | ... AA13: =SUMIFS(AA$2:AA$51,$A$2:$A$51,$A13,$B$2:$B$51,"Summer",$C$2:$C$51,$C13)*(2/3)+SUMIFS(AA$2:AA$51,$A$2:$A$51,$A13,$B$2:$B$51,"Winter",$C$2:$C$51,$C13)*(1/3) -> -1.3020291
A14: 4 | B14: Winter | C14: 1 | D14: 7.679 | E14: 5.924 | F14: 5.071 | G14: 4.962 | H14: 5.64 | I14: 7.003 | J14: 10.865 | K14: 13.263 | L14: 15.324 | M14: 16.875 | N14: 17.018 | O14: 16.712 | P14: 16.783 | Q14: 16.612 | R14: 14.986 | S14: 14.239 | T14: 14.693 | U14: 20.027 | V14: 19.998 | W14: 19.388 | X14: 17.945 | Y14: 15.959 | Z14: 13.016 | AA14: 9.986
A15: 4 | B15: Summer | C15: 1 | D15: 4.2723774 | E15: 3.2734689 | F15: 3.1021022 | G15: 2.7092951 | H15: 3.1189349 | I15: 1.447546 | J15: 2.5256297 | K15: 4.8532959 | L15: 7.0600641 | M15: 8.3893197 | N15: 9.1585548 | O15: 9.4929236 | P15: 9.9196303 | Q15: 9.9946815 | R15: 9.9237395 | S15: 9.5933924 | T15: 9.1296433 | U15: 8.1015305 | V15: 8.0640485 | W15: 7.6713444 | X15: 6.9149351 | Y15: 8.2896568 | Z15: 7.4278342 | AA15: 5.9776219
A16: 4 | B16: Spring | C16: 1 | D16: =SUMIFS(D$2:D$51,$A$2:$A$51,$A16,$B$2:$B$51,"Winter",$C$2:$C$51,$C16)*(2/3)+SUMIFS(D$2:D$51,$A$2:$A$51,$A16,$B$2:$B$51,"Summer",$C$2:$C$51,$C16)*(1/3) -> 6.5434591 | E16: =SUMIFS(E$2:E$51,$A$2:$A$51,$A16,$B$2:$B$51,"Winter",$C$2:$C$51,$C16)*(2/3)+SUMIFS(E$2:E$51,$A$2:$A$51,$A16,$B$2:$B$51,"Summer",$C$2:$C$51,$C16)*(1/3) -> 5.0404896 | F16: =SUMIFS(F$2:F$51,$A$2:$A$51,$A16,$B$2:$B$51,"Winter",$C$2:$C$51,$C16)*(2/3)+SUMIFS(F$2:F$51,$A$2:$A$51,$A16,$B$2:$B$51,"Summer",$C$2:$C$51,$C16)*(1/3) -> 4.4147007 | G16: =SUMIFS(G$2:G$51,$A$2:$A$51,$A16,$B$2:$B$51,"Winter",$C$2:$C$51,$C16)*(2/3)+SUMIFS(G$2:G$51,$A$2:$A$51,$A16,$B$2:$B$51,"Summer",$C$2:$C$51,$C16)*(1/3) -> 4.2110984 | H16: =SUMIFS(H$2:H$51,$A$2:$A$51,$A16,$B$2:$B$51,"Winter",$C$2:$C$51,$C16)*(2/3)+SUMIFS(H$2:H$51,$A$2:$A$51,$A16,$B$2:$B$51,"Summer",$C$2:$C$51,$C16)*(1/3) -> 4.799645 | I16: =SUMIFS(I$2:I$51,$A$2:$A$51,$A16,$B$2:$B$51,"Winter",$C$2:$C$51,$C16)*(2/3)+SUMIFS(I$2:I$51,$A$2:$A$51,$A16,$B$2:$B$51,"Summer",$C$2:$C$51,$C16)*(1/3) -> 5.151182 | J16: =SUMIFS(J$2:J$51,$A$2:$A$51,$A16,$B$2:$B$51,"Winter",$C$2:$C$51,$C16)*(2/3)+SUMIFS(J$2:J$51,$A$2:$A$51,$A16,$B$2:$B$51,"Summer",$C$2:$C$51,$C16)*(1/3) -> 8.0852099 | K16: =SUMIFS(K$2:K$51,$A$2:$A$51,$A16,$B$2:$B$51,"Winter",$C$2:$C$51,$C16)*(2/3)+SUMIFS(K$2:K$51,$A$2:$A$51,$A16,$B$2:$B$51,"Summer",$C$2:$C$51,$C16)*(1/3) -> 10.459765 | ... AA16: =SUMIFS(AA$2:AA$51,$A$2:$A$51,$A16,$B$2:$B$51,"Winter",$C$2:$C$51,$C16)*(2/3)+SUMIFS(AA$2:AA$51,$A$2:$A$51,$A16,$B$2:$B$51,"Summer",$C$2:$C$51,$C16)*(1/3) -> 8.649874
A17: 4 | B17: Autumn | C17: 1 | D17: =SUMIFS(D$2:D$51,$A$2:$A$51,$A17,$B$2:$B$51,"Summer",$C$2:$C$51,$C17)*(2/3)+SUMIFS(D$2:D$51,$A$2:$A$51,$A17,$B$2:$B$51,"Winter",$C$2:$C$51,$C17)*(1/3) -> 5.4079182 | E17: =SUMIFS(E$2:E$51,$A$2:$A$51,$A17,$B$2:$B$51,"Summer",$C$2:$C$51,$C17)*(2/3)+SUMIFS(E$2:E$51,$A$2:$A$51,$A17,$B$2:$B$51,"Winter",$C$2:$C$51,$C17)*(1/3) -> 4.1569793 | F17: =SUMIFS(F$2:F$51,$A$2:$A$51,$A17,$B$2:$B$51,"Summer",$C$2:$C$51,$C17)*(2/3)+SUMIFS(F$2:F$51,$A$2:$A$51,$A17,$B$2:$B$51,"Winter",$C$2:$C$51,$C17)*(1/3) -> 3.7584014 | G17: =SUMIFS(G$2:G$51,$A$2:$A$51,$A17,$B$2:$B$51,"Summer",$C$2:$C$51,$C17)*(2/3)+SUMIFS(G$2:G$51,$A$2:$A$51,$A17,$B$2:$B$51,"Winter",$C$2:$C$51,$C17)*(1/3) -> 3.4601967 | H17: =SUMIFS(H$2:H$51,$A$2:$A$51,$A17,$B$2:$B$51,"Summer",$C$2:$C$51,$C17)*(2/3)+SUMIFS(H$2:H$51,$A$2:$A$51,$A17,$B$2:$B$51,"Winter",$C$2:$C$51,$C17)*(1/3) -> 3.9592899 | I17: =SUMIFS(I$2:I$51,$A$2:$A$51,$A17,$B$2:$B$51,"Summer",$C$2:$C$51,$C17)*(2/3)+SUMIFS(I$2:I$51,$A$2:$A$51,$A17,$B$2:$B$51,"Winter",$C$2:$C$51,$C17)*(1/3) -> 3.299364 | J17: =SUMIFS(J$2:J$51,$A$2:$A$51,$A17,$B$2:$B$51,"Summer",$C$2:$C$51,$C17)*(2/3)+SUMIFS(J$2:J$51,$A$2:$A$51,$A17,$B$2:$B$51,"Winter",$C$2:$C$51,$C17)*(1/3) -> 5.3054198 | K17: =SUMIFS(K$2:K$51,$A$2:$A$51,$A17,$B$2:$B$51,"Summer",$C$2:$C$51,$C17)*(2/3)+SUMIFS(K$2:K$51,$A$2:$A$51,$A17,$B$2:$B$51,"Winter",$C$2:$C$51,$C17)*(1/3) -> 7.6565306 | ... AA17: =SUMIFS(AA$2:AA$51,$A$2:$A$51,$A17,$B$2:$B$51,"Summer",$C$2:$C$51,$C17)*(2/3)+SUMIFS(AA$2:AA$51,$A$2:$A$51,$A17,$B$2:$B$51,"Winter",$C$2:$C$51,$C17)*(1/3) -> 7.313748
A18: 5 | B18: Winter | C18: 1 | D18: 0.361 | E18: 0.024 | F18: -0.458 | G18: -0.701 | H18: -0.525 | I18: 0.609 | J18: 1.845 | K18: 2.099 | L18: 1.674 | M18: 0.928 | N18: 0.266 | O18: 0.315 | P18: 0.497 | Q18: 0.248 | R18: 0.423 | S18: 0.303 | T18: 0.296 | U18: 0.349 | V18: 0.359 | W18: 0.445 | X18: 0.476 | Y18: 0.562 | Z18: 0.494 | AA18: -0.058
A19: 5 | B19: Summer | C19: 1 | D19: -0.83946111 | E19: -0.75332832 | F19: -0.8210041 | G19: -0.66411935 | H19: -0.72564278 | I19: -0.7564045 | J19: -0.87945136 | K19: -0.66719551 | L19: -0.75948066 | M19: -0.72564277 | N19: -0.82100409 | O19: -0.91328926 | P19: -0.69180489 | Q19: -0.66411935 | R19: -0.71333807 | S19: -0.76870918 | T19: -0.71333808 | U19: -0.66104317 | V19: -0.6671955 | W19: -0.58413887 | X19: -0.6887287 | Y19: -0.73179511 | Z19: -0.77486151 | AA19: -0.78101387
A20: 5 | B20: Spring | C20: 1 | D20: =SUMIFS(D$2:D$51,$A$2:$A$51,$A20,$B$2:$B$51,"Winter",$C$2:$C$51,$C20)*(2/3)+SUMIFS(D$2:D$51,$A$2:$A$51,$A20,$B$2:$B$51,"Summer",$C$2:$C$51,$C20)*(1/3) -> -0.039153705 | E20: =SUMIFS(E$2:E$51,$A$2:$A$51,$A20,$B$2:$B$51,"Winter",$C$2:$C$51,$C20)*(2/3)+SUMIFS(E$2:E$51,$A$2:$A$51,$A20,$B$2:$B$51,"Summer",$C$2:$C$51,$C20)*(1/3) -> -0.23510944 | F20: =SUMIFS(F$2:F$51,$A$2:$A$51,$A20,$B$2:$B$51,"Winter",$C$2:$C$51,$C20)*(2/3)+SUMIFS(F$2:F$51,$A$2:$A$51,$A20,$B$2:$B$51,"Summer",$C$2:$C$51,$C20)*(1/3) -> -0.57900137 | G20: =SUMIFS(G$2:G$51,$A$2:$A$51,$A20,$B$2:$B$51,"Winter",$C$2:$C$51,$C20)*(2/3)+SUMIFS(G$2:G$51,$A$2:$A$51,$A20,$B$2:$B$51,"Summer",$C$2:$C$51,$C20)*(1/3) -> -0.68870645 | H20: =SUMIFS(H$2:H$51,$A$2:$A$51,$A20,$B$2:$B$51,"Winter",$C$2:$C$51,$C20)*(2/3)+SUMIFS(H$2:H$51,$A$2:$A$51,$A20,$B$2:$B$51,"Summer",$C$2:$C$51,$C20)*(1/3) -> -0.59188093 | I20: =SUMIFS(I$2:I$51,$A$2:$A$51,$A20,$B$2:$B$51,"Winter",$C$2:$C$51,$C20)*(2/3)+SUMIFS(I$2:I$51,$A$2:$A$51,$A20,$B$2:$B$51,"Summer",$C$2:$C$51,$C20)*(1/3) -> 0.15386517 | J20: =SUMIFS(J$2:J$51,$A$2:$A$51,$A20,$B$2:$B$51,"Winter",$C$2:$C$51,$C20)*(2/3)+SUMIFS(J$2:J$51,$A$2:$A$51,$A20,$B$2:$B$51,"Summer",$C$2:$C$51,$C20)*(1/3) -> 0.93684955 | K20: =SUMIFS(K$2:K$51,$A$2:$A$51,$A20,$B$2:$B$51,"Winter",$C$2:$C$51,$C20)*(2/3)+SUMIFS(K$2:K$51,$A$2:$A$51,$A20,$B$2:$B$51,"Summer",$C$2:$C$51,$C20)*(1/3) -> 1.1769348 | ... AA20: =SUMIFS(AA$2:AA$51,$A$2:$A$51,$A20,$B$2:$B$51,"Winter",$C$2:$C$51,$C20)*(2/3)+SUMIFS(AA$2:AA$51,$A$2:$A$51,$A20,$B$2:$B$51,"Summer",$C$2:$C$51,$C20)*(1/3) -> -0.29900462
A21: 5 | B21: Autumn | C21: 1 | D21: =SUMIFS(D$2:D$51,$A$2:$A$51,$A21,$B$2:$B$51,"Summer",$C$2:$C$51,$C21)*(2/3)+SUMIFS(D$2:D$51,$A$2:$A$51,$A21,$B$2:$B$51,"Winter",$C$2:$C$51,$C21)*(1/3) -> -0.43930741 | E21: =SUMIFS(E$2:E$51,$A$2:$A$51,$A21,$B$2:$B$51,"Summer",$C$2:$C$51,$C21)*(2/3)+SUMIFS(E$2:E$51,$A$2:$A$51,$A21,$B$2:$B$51,"Winter",$C$2:$C$51,$C21)*(1/3) -> -0.49421888 | F21: =SUMIFS(F$2:F$51,$A$2:$A$51,$A21,$B$2:$B$51,"Summer",$C$2:$C$51,$C21)*(2/3)+SUMIFS(F$2:F$51,$A$2:$A$51,$A21,$B$2:$B$51,"Winter",$C$2:$C$51,$C21)*(1/3) -> -0.70000273 | G21: =SUMIFS(G$2:G$51,$A$2:$A$51,$A21,$B$2:$B$51,"Summer",$C$2:$C$51,$C21)*(2/3)+SUMIFS(G$2:G$51,$A$2:$A$51,$A21,$B$2:$B$51,"Winter",$C$2:$C$51,$C21)*(1/3) -> -0.6764129 | H21: =SUMIFS(H$2:H$51,$A$2:$A$51,$A21,$B$2:$B$51,"Summer",$C$2:$C$51,$C21)*(2/3)+SUMIFS(H$2:H$51,$A$2:$A$51,$A21,$B$2:$B$51,"Winter",$C$2:$C$51,$C21)*(1/3) -> -0.65876185 | I21: =SUMIFS(I$2:I$51,$A$2:$A$51,$A21,$B$2:$B$51,"Summer",$C$2:$C$51,$C21)*(2/3)+SUMIFS(I$2:I$51,$A$2:$A$51,$A21,$B$2:$B$51,"Winter",$C$2:$C$51,$C21)*(1/3) -> -0.30126967 | J21: =SUMIFS(J$2:J$51,$A$2:$A$51,$A21,$B$2:$B$51,"Summer",$C$2:$C$51,$C21)*(2/3)+SUMIFS(J$2:J$51,$A$2:$A$51,$A21,$B$2:$B$51,"Winter",$C$2:$C$51,$C21)*(1/3) -> 0.028699095 | K21: =SUMIFS(K$2:K$51,$A$2:$A$51,$A21,$B$2:$B$51,"Summer",$C$2:$C$51,$C21)*(2/3)+SUMIFS(K$2:K$51,$A$2:$A$51,$A21,$B$2:$B$51,"Winter",$C$2:$C$51,$C21)*(1/3) -> 0.25486966 | ... AA21: =SUMIFS(AA$2:AA$51,$A$2:$A$51,$A21,$B$2:$B$51,"Summer",$C$2:$C$51,$C21)*(2/3)+SUMIFS(AA$2:AA$51,$A$2:$A$51,$A21,$B$2:$B$51,"Winter",$C$2:$C$51,$C21)*(1/3) -> -0.54000925
A22: 6 | B22: Winter | C22: 1 | D22: 99.039 | E22: 99.395 | F22: 99.829 | G22: 99.799 | H22: 99.357 | I22: 98.572 | J22: 96.285 | K22: 94.515 | L22: 93.778 | M22: 71.175 | N22: 48.871 | O22: 48.582 | P22: 48.893 | Q22: 49.122 | R22: 49.399 | S22: 74.462 | T22: 95.005 | U22: 93.394 | V22: 93.521 | W22: 93.758 | X22: 94.708 | Y22: 95.475 | Z22: 96.586 | AA22: 97.918
A23: 6 | B23: Summer | C23: 1 | D23: 101.75903 | E23: 102.1935 | F23: 103.063 | G23: 103.2533 | H23: 103.50118 | I23: 103.85334 | J23: 102.49825 | K23: 98.102322 | L23: 97.436846 | M23: 97.218401 | N23: 97.301682 | O23: 96.699986 | P23: 95.940441 | Q23: 96.25325 | R23: 96.757107 | S23: 97.910679 | T23: 98.173159 | U23: 97.962952 | V23: 98.139202 | W23: 98.592007 | X23: 98.536606 | Y23: 98.180811 | Z23: 98.960447 | AA23: 99.768484
A24: 6 | B24: Spring | C24: 1 | D24: =SUMIFS(D$2:D$51,$A$2:$A$51,$A24,$B$2:$B$51,"Winter",$C$2:$C$51,$C24)*(2/3)+SUMIFS(D$2:D$51,$A$2:$A$51,$A24,$B$2:$B$51,"Summer",$C$2:$C$51,$C24)*(1/3) -> 99.945676 | E24: =SUMIFS(E$2:E$51,$A$2:$A$51,$A24,$B$2:$B$51,"Winter",$C$2:$C$51,$C24)*(2/3)+SUMIFS(E$2:E$51,$A$2:$A$51,$A24,$B$2:$B$51,"Summer",$C$2:$C$51,$C24)*(1/3) -> 100.32783 | F24: =SUMIFS(F$2:F$51,$A$2:$A$51,$A24,$B$2:$B$51,"Winter",$C$2:$C$51,$C24)*(2/3)+SUMIFS(F$2:F$51,$A$2:$A$51,$A24,$B$2:$B$51,"Summer",$C$2:$C$51,$C24)*(1/3) -> 100.907 | G24: =SUMIFS(G$2:G$51,$A$2:$A$51,$A24,$B$2:$B$51,"Winter",$C$2:$C$51,$C24)*(2/3)+SUMIFS(G$2:G$51,$A$2:$A$51,$A24,$B$2:$B$51,"Summer",$C$2:$C$51,$C24)*(1/3) -> 100.95043 | H24: =SUMIFS(H$2:H$51,$A$2:$A$51,$A24,$B$2:$B$51,"Winter",$C$2:$C$51,$C24)*(2/3)+SUMIFS(H$2:H$51,$A$2:$A$51,$A24,$B$2:$B$51,"Summer",$C$2:$C$51,$C24)*(1/3) -> 100.73839 | I24: =SUMIFS(I$2:I$51,$A$2:$A$51,$A24,$B$2:$B$51,"Winter",$C$2:$C$51,$C24)*(2/3)+SUMIFS(I$2:I$51,$A$2:$A$51,$A24,$B$2:$B$51,"Summer",$C$2:$C$51,$C24)*(1/3) -> 100.33245 | J24: =SUMIFS(J$2:J$51,$A$2:$A$51,$A24,$B$2:$B$51,"Winter",$C$2:$C$51,$C24)*(2/3)+SUMIFS(J$2:J$51,$A$2:$A$51,$A24,$B$2:$B$51,"Summer",$C$2:$C$51,$C24)*(1/3) -> 98.356084 | K24: =SUMIFS(K$2:K$51,$A$2:$A$51,$A24,$B$2:$B$51,"Winter",$C$2:$C$51,$C24)*(2/3)+SUMIFS(K$2:K$51,$A$2:$A$51,$A24,$B$2:$B$51,"Summer",$C$2:$C$51,$C24)*(1/3) -> 95.710774 | ... AA24: =SUMIFS(AA$2:AA$51,$A$2:$A$51,$A24,$B$2:$B$51,"Winter",$C$2:$C$51,$C24)*(2/3)+SUMIFS(AA$2:AA$51,$A$2:$A$51,$A24,$B$2:$B$51,"Summer",$C$2:$C$51,$C24)*(1/3) -> 98.534828
A25: 6 | B25: Autumn | C25: 1 | D25: =SUMIFS(D$2:D$51,$A$2:$A$51,$A25,$B$2:$B$51,"Summer",$C$2:$C$51,$C25)*(2/3)+SUMIFS(D$2:D$51,$A$2:$A$51,$A25,$B$2:$B$51,"Winter",$C$2:$C$51,$C25)*(1/3) -> 100.85235 | E25: =SUMIFS(E$2:E$51,$A$2:$A$51,$A25,$B$2:$B$51,"Summer",$C$2:$C$51,$C25)*(2/3)+SUMIFS(E$2:E$51,$A$2:$A$51,$A25,$B$2:$B$51,"Winter",$C$2:$C$51,$C25)*(1/3) -> 101.26067 | F25: =SUMIFS(F$2:F$51,$A$2:$A$51,$A25,$B$2:$B$51,"Summer",$C$2:$C$51,$C25)*(2/3)+SUMIFS(F$2:F$51,$A$2:$A$51,$A25,$B$2:$B$51,"Winter",$C$2:$C$51,$C25)*(1/3) -> 101.985 | G25: =SUMIFS(G$2:G$51,$A$2:$A$51,$A25,$B$2:$B$51,"Summer",$C$2:$C$51,$C25)*(2/3)+SUMIFS(G$2:G$51,$A$2:$A$51,$A25,$B$2:$B$51,"Winter",$C$2:$C$51,$C25)*(1/3) -> 102.10187 | H25: =SUMIFS(H$2:H$51,$A$2:$A$51,$A25,$B$2:$B$51,"Summer",$C$2:$C$51,$C25)*(2/3)+SUMIFS(H$2:H$51,$A$2:$A$51,$A25,$B$2:$B$51,"Winter",$C$2:$C$51,$C25)*(1/3) -> 102.11979 | I25: =SUMIFS(I$2:I$51,$A$2:$A$51,$A25,$B$2:$B$51,"Summer",$C$2:$C$51,$C25)*(2/3)+SUMIFS(I$2:I$51,$A$2:$A$51,$A25,$B$2:$B$51,"Winter",$C$2:$C$51,$C25)*(1/3) -> 102.09289 | J25: =SUMIFS(J$2:J$51,$A$2:$A$51,$A25,$B$2:$B$51,"Summer",$C$2:$C$51,$C25)*(2/3)+SUMIFS(J$2:J$51,$A$2:$A$51,$A25,$B$2:$B$51,"Winter",$C$2:$C$51,$C25)*(1/3) -> 100.42717 | K25: =SUMIFS(K$2:K$51,$A$2:$A$51,$A25,$B$2:$B$51,"Summer",$C$2:$C$51,$C25)*(2/3)+SUMIFS(K$2:K$51,$A$2:$A$51,$A25,$B$2:$B$51,"Winter",$C$2:$C$51,$C25)*(1/3) -> 96.906548 | ... AA25: =SUMIFS(AA$2:AA$51,$A$2:$A$51,$A25,$B$2:$B$51,"Summer",$C$2:$C$51,$C25)*(2/3)+SUMIFS(AA$2:AA$51,$A$2:$A$51,$A25,$B$2:$B$51,"Winter",$C$2:$C$51,$C25)*(1/3) -> 99.151656
A26: 7 | B26: Winter | C26: 1 | D26: 13.221 | E26: 12.96 | F26: 13.312 | G26: 13 | H26: 11.521 | I26: 10.038 | J26: 4.306 | K26: 2.68 | L26: 5.175 | M26: 3.172 | N26: 2.185 | O26: -2.929 | P26: 2.216 | Q26: 3.636 | R26: 5.705 | S26: 7.378 | T26: 7.909 | U26: 4.672 | V26: 4.581 | W26: 6.263 | X26: 8.724 | Y26: 10.547 | Z26: 10.658 | AA26: 11.141
A27: 7 | B27: Summer | C27: 1 | D27: 27.139389 | E27: 24.352226 | F27: 20.954649 | G27: 21.556767 | H27: 20.361646 | I27: 23.019941 | J27: 24.843399 | K27: 20.14712 | L27: 14.238856 | M27: 10.585312 | N27: 13.612579 | O27: 15.260577 | P27: 14.527155 | Q27: 14.366373 | R27: 17.851667 | S27: 19.653514 | T27: 21.113964 | U27: 25.9557 | V27: 25.292736 | W27: 24.122765 | X27: 26.175974 | Y27: 23.901957 | Z27: 25.845296 | AA27: 26.542307
A28: 7 | B28: Spring | C28: 1 | D28: =SUMIFS(D$2:D$51,$A$2:$A$51,$A28,$B$2:$B$51,"Winter",$C$2:$C$51,$C28)*(2/3)+SUMIFS(D$2:D$51,$A$2:$A$51,$A28,$B$2:$B$51,"Summer",$C$2:$C$51,$C28)*(1/3) -> 17.860463 | E28: =SUMIFS(E$2:E$51,$A$2:$A$51,$A28,$B$2:$B$51,"Winter",$C$2:$C$51,$C28)*(2/3)+SUMIFS(E$2:E$51,$A$2:$A$51,$A28,$B$2:$B$51,"Summer",$C$2:$C$51,$C28)*(1/3) -> 16.757409 | F28: =SUMIFS(F$2:F$51,$A$2:$A$51,$A28,$B$2:$B$51,"Winter",$C$2:$C$51,$C28)*(2/3)+SUMIFS(F$2:F$51,$A$2:$A$51,$A28,$B$2:$B$51,"Summer",$C$2:$C$51,$C28)*(1/3) -> 15.85955 | G28: =SUMIFS(G$2:G$51,$A$2:$A$51,$A28,$B$2:$B$51,"Winter",$C$2:$C$51,$C28)*(2/3)+SUMIFS(G$2:G$51,$A$2:$A$51,$A28,$B$2:$B$51,"Summer",$C$2:$C$51,$C28)*(1/3) -> 15.852256 | H28: =SUMIFS(H$2:H$51,$A$2:$A$51,$A28,$B$2:$B$51,"Winter",$C$2:$C$51,$C28)*(2/3)+SUMIFS(H$2:H$51,$A$2:$A$51,$A28,$B$2:$B$51,"Summer",$C$2:$C$51,$C28)*(1/3) -> 14.467882 | I28: =SUMIFS(I$2:I$51,$A$2:$A$51,$A28,$B$2:$B$51,"Winter",$C$2:$C$51,$C28)*(2/3)+SUMIFS(I$2:I$51,$A$2:$A$51,$A28,$B$2:$B$51,"Summer",$C$2:$C$51,$C28)*(1/3) -> 14.365314 | J28: =SUMIFS(J$2:J$51,$A$2:$A$51,$A28,$B$2:$B$51,"Winter",$C$2:$C$51,$C28)*(2/3)+SUMIFS(J$2:J$51,$A$2:$A$51,$A28,$B$2:$B$51,"Summer",$C$2:$C$51,$C28)*(1/3) -> 11.1518 | K28: =SUMIFS(K$2:K$51,$A$2:$A$51,$A28,$B$2:$B$51,"Winter",$C$2:$C$51,$C28)*(2/3)+SUMIFS(K$2:K$51,$A$2:$A$51,$A28,$B$2:$B$51,"Summer",$C$2:$C$51,$C28)*(1/3) -> 8.5023735 | ... AA28: =SUMIFS(AA$2:AA$51,$A$2:$A$51,$A28,$B$2:$B$51,"Winter",$C$2:$C$51,$C28)*(2/3)+SUMIFS(AA$2:AA$51,$A$2:$A$51,$A28,$B$2:$B$51,"Summer",$C$2:$C$51,$C28)*(1/3) -> 16.274769
A29: 7 | B29: Autumn | C29: 1 | D29: =SUMIFS(D$2:D$51,$A$2:$A$51,$A29,$B$2:$B$51,"Summer",$C$2:$C$51,$C29)*(2/3)+SUMIFS(D$2:D$51,$A$2:$A$51,$A29,$B$2:$B$51,"Winter",$C$2:$C$51,$C29)*(1/3) -> 22.499926 | E29: =SUMIFS(E$2:E$51,$A$2:$A$51,$A29,$B$2:$B$51,"Summer",$C$2:$C$51,$C29)*(2/3)+SUMIFS(E$2:E$51,$A$2:$A$51,$A29,$B$2:$B$51,"Winter",$C$2:$C$51,$C29)*(1/3) -> 20.554818 | F29: =SUMIFS(F$2:F$51,$A$2:$A$51,$A29,$B$2:$B$51,"Summer",$C$2:$C$51,$C29)*(2/3)+SUMIFS(F$2:F$51,$A$2:$A$51,$A29,$B$2:$B$51,"Winter",$C$2:$C$51,$C29)*(1/3) -> 18.407099 | G29: =SUMIFS(G$2:G$51,$A$2:$A$51,$A29,$B$2:$B$51,"Summer",$C$2:$C$51,$C29)*(2/3)+SUMIFS(G$2:G$51,$A$2:$A$51,$A29,$B$2:$B$51,"Winter",$C$2:$C$51,$C29)*(1/3) -> 18.704512 | H29: =SUMIFS(H$2:H$51,$A$2:$A$51,$A29,$B$2:$B$51,"Summer",$C$2:$C$51,$C29)*(2/3)+SUMIFS(H$2:H$51,$A$2:$A$51,$A29,$B$2:$B$51,"Winter",$C$2:$C$51,$C29)*(1/3) -> 17.414764 | I29: =SUMIFS(I$2:I$51,$A$2:$A$51,$A29,$B$2:$B$51,"Summer",$C$2:$C$51,$C29)*(2/3)+SUMIFS(I$2:I$51,$A$2:$A$51,$A29,$B$2:$B$51,"Winter",$C$2:$C$51,$C29)*(1/3) -> 18.692628 | J29: =SUMIFS(J$2:J$51,$A$2:$A$51,$A29,$B$2:$B$51,"Summer",$C$2:$C$51,$C29)*(2/3)+SUMIFS(J$2:J$51,$A$2:$A$51,$A29,$B$2:$B$51,"Winter",$C$2:$C$51,$C29)*(1/3) -> 17.997599 | K29: =SUMIFS(K$2:K$51,$A$2:$A$51,$A29,$B$2:$B$51,"Summer",$C$2:$C$51,$C29)*(2/3)+SUMIFS(K$2:K$51,$A$2:$A$51,$A29,$B$2:$B$51,"Winter",$C$2:$C$51,$C29)*(1/3) -> 14.324747 | ... AA29: =SUMIFS(AA$2:AA$51,$A$2:$A$51,$A29,$B$2:$B$51,"Summer",$C$2:$C$51,$C29)*(2/3)+SUMIFS(AA$2:AA$51,$A$2:$A$51,$A29,$B$2:$B$51,"Winter",$C$2:$C$51,$C29)*(1/3) -> 21.408538
A30: 8 | B30: Winter | C30: 1 | D30: -14.826 | E30: -15.959 | F30: -16.09 | G30: -16.129 | H30: -15.946 | I30: -15.26 | J30: -8.791 | K30: -2.706 | L30: 0.089 | M30: 1.291 | N30: 0.068 | O30: -0.573 | P30: -1.155 | Q30: -0.886 | R30: -3.119 | S30: -5.676 | T30: -5.72 | U30: -0.658 | V30: -0.919 | W30: -1.194 | X30: -2.773 | Y30: -5.639 | Z30: -8.563 | AA30: -10.388
A31: 8 | B31: Summer | C31: 1 | D31: -9.0199566 | E31: -11.569566 | F31: -11.672768 | G31: -11.743719 | H31: -11.614717 | I31: -11.565267 | J31: -9.5816333 | K31: -5.6833496 | L31: -3.7808423 | M31: -3.7067723 | N31: -3.6783705 | O31: -1.7653198 | P31: -1.2674868 | Q31: -1.5473158 | R31: -0.32147098 | S31: -2.4429281 | T31: -4.3188593 | U31: -4.224258 | V31: -5.032547 | W31: -4.5828652 | X31: -4.6602664 | Y31: -3.7716496 | Z31: -5.5984249 | AA31: -7.5044026
A32: 8 | B32: Spring | C32: 1 | D32: =SUMIFS(D$2:D$51,$A$2:$A$51,$A32,$B$2:$B$51,"Winter",$C$2:$C$51,$C32)*(2/3)+SUMIFS(D$2:D$51,$A$2:$A$51,$A32,$B$2:$B$51,"Summer",$C$2:$C$51,$C32)*(1/3) -> -12.890652 | E32: =SUMIFS(E$2:E$51,$A$2:$A$51,$A32,$B$2:$B$51,"Winter",$C$2:$C$51,$C32)*(2/3)+SUMIFS(E$2:E$51,$A$2:$A$51,$A32,$B$2:$B$51,"Summer",$C$2:$C$51,$C32)*(1/3) -> -14.495855 | F32: =SUMIFS(F$2:F$51,$A$2:$A$51,$A32,$B$2:$B$51,"Winter",$C$2:$C$51,$C32)*(2/3)+SUMIFS(F$2:F$51,$A$2:$A$51,$A32,$B$2:$B$51,"Summer",$C$2:$C$51,$C32)*(1/3) -> -14.617589 | G32: =SUMIFS(G$2:G$51,$A$2:$A$51,$A32,$B$2:$B$51,"Winter",$C$2:$C$51,$C32)*(2/3)+SUMIFS(G$2:G$51,$A$2:$A$51,$A32,$B$2:$B$51,"Summer",$C$2:$C$51,$C32)*(1/3) -> -14.66724 | H32: =SUMIFS(H$2:H$51,$A$2:$A$51,$A32,$B$2:$B$51,"Winter",$C$2:$C$51,$C32)*(2/3)+SUMIFS(H$2:H$51,$A$2:$A$51,$A32,$B$2:$B$51,"Summer",$C$2:$C$51,$C32)*(1/3) -> -14.502239 | I32: =SUMIFS(I$2:I$51,$A$2:$A$51,$A32,$B$2:$B$51,"Winter",$C$2:$C$51,$C32)*(2/3)+SUMIFS(I$2:I$51,$A$2:$A$51,$A32,$B$2:$B$51,"Summer",$C$2:$C$51,$C32)*(1/3) -> -14.028422 | J32: =SUMIFS(J$2:J$51,$A$2:$A$51,$A32,$B$2:$B$51,"Winter",$C$2:$C$51,$C32)*(2/3)+SUMIFS(J$2:J$51,$A$2:$A$51,$A32,$B$2:$B$51,"Summer",$C$2:$C$51,$C32)*(1/3) -> -9.0545444 | K32: =SUMIFS(K$2:K$51,$A$2:$A$51,$A32,$B$2:$B$51,"Winter",$C$2:$C$51,$C32)*(2/3)+SUMIFS(K$2:K$51,$A$2:$A$51,$A32,$B$2:$B$51,"Summer",$C$2:$C$51,$C32)*(1/3) -> -3.6984499 | ... AA32: =SUMIFS(AA$2:AA$51,$A$2:$A$51,$A32,$B$2:$B$51,"Winter",$C$2:$C$51,$C32)*(2/3)+SUMIFS(AA$2:AA$51,$A$2:$A$51,$A32,$B$2:$B$51,"Summer",$C$2:$C$51,$C32)*(1/3) -> -9.4268009
A33: 8 | B33: Autumn | C33: 1 | D33: =SUMIFS(D$2:D$51,$A$2:$A$51,$A33,$B$2:$B$51,"Summer",$C$2:$C$51,$C33)*(2/3)+SUMIFS(D$2:D$51,$A$2:$A$51,$A33,$B$2:$B$51,"Winter",$C$2:$C$51,$C33)*(1/3) -> -10.955304 | E33: =SUMIFS(E$2:E$51,$A$2:$A$51,$A33,$B$2:$B$51,"Summer",$C$2:$C$51,$C33)*(2/3)+SUMIFS(E$2:E$51,$A$2:$A$51,$A33,$B$2:$B$51,"Winter",$C$2:$C$51,$C33)*(1/3) -> -13.032711 | F33: =SUMIFS(F$2:F$51,$A$2:$A$51,$A33,$B$2:$B$51,"Summer",$C$2:$C$51,$C33)*(2/3)+SUMIFS(F$2:F$51,$A$2:$A$51,$A33,$B$2:$B$51,"Winter",$C$2:$C$51,$C33)*(1/3) -> -13.145179 | G33: =SUMIFS(G$2:G$51,$A$2:$A$51,$A33,$B$2:$B$51,"Summer",$C$2:$C$51,$C33)*(2/3)+SUMIFS(G$2:G$51,$A$2:$A$51,$A33,$B$2:$B$51,"Winter",$C$2:$C$51,$C33)*(1/3) -> -13.205479 | H33: =SUMIFS(H$2:H$51,$A$2:$A$51,$A33,$B$2:$B$51,"Summer",$C$2:$C$51,$C33)*(2/3)+SUMIFS(H$2:H$51,$A$2:$A$51,$A33,$B$2:$B$51,"Winter",$C$2:$C$51,$C33)*(1/3) -> -13.058478 | I33: =SUMIFS(I$2:I$51,$A$2:$A$51,$A33,$B$2:$B$51,"Summer",$C$2:$C$51,$C33)*(2/3)+SUMIFS(I$2:I$51,$A$2:$A$51,$A33,$B$2:$B$51,"Winter",$C$2:$C$51,$C33)*(1/3) -> -12.796844 | J33: =SUMIFS(J$2:J$51,$A$2:$A$51,$A33,$B$2:$B$51,"Summer",$C$2:$C$51,$C33)*(2/3)+SUMIFS(J$2:J$51,$A$2:$A$51,$A33,$B$2:$B$51,"Winter",$C$2:$C$51,$C33)*(1/3) -> -9.3180889 | K33: =SUMIFS(K$2:K$51,$A$2:$A$51,$A33,$B$2:$B$51,"Summer",$C$2:$C$51,$C33)*(2/3)+SUMIFS(K$2:K$51,$A$2:$A$51,$A33,$B$2:$B$51,"Winter",$C$2:$C$51,$C33)*(1/3) -> -4.6908997 | ... AA33: =SUMIFS(AA$2:AA$51,$A$2:$A$51,$A33,$B$2:$B$51,"Summer",$C$2:$C$51,$C33)*(2/3)+SUMIFS(AA$2:AA$51,$A$2:$A$51,$A33,$B$2:$B$51,"Winter",$C$2:$C$51,$C33)*(1/3) -> -8.4656018
A34: 9 | B34: Winter | C34: 1 | D34: -32.171 | E34: -37.098 | F34: -35.137 | G34: -36.38 | H34: -36.401 | I34: -35.715 | J34: -15.906 | K34: -0.644 | L34: 5.561 | M34: 12.935 | N34: 16.145 | O34: 15.049 | P34: 18.81 | Q34: 13.537 | R34: 12.872 | S34: 2.959 | T34: 0.873 | U34: 20.45 | V34: 21.344 | W34: 22.629 | X34: 12.316 | Y34: 0.926 | Z34: -6.541 | AA34: -10.465
A35: 9 | B35: Summer | C35: 1 | D35: -32.069511 | E35: -44.380937 | F35: -46.605247 | G35: -45.318696 | H35: -47.045962 | I35: -49.047189 | J35: -42.410268 | K35: -17.639629 | L35: -0.72770207 | M35: 7.0410109 | N35: 6.4351434 | O35: 7.2035462 | P35: 10.59916 | Q35: 9.3341444 | R35: 2.6415147 | S35: 1.4669523 | T35: 0.94157046 | U35: -2.8674442 | V35: -4.1663795 | W35: -3.0337122 | X35: -8.932852 | Y35: -3.3143615 | Z35: -10.433139 | AA35: -15.58641
A36: 9 | B36: Spring | C36: 1 | D36: =SUMIFS(D$2:D$51,$A$2:$A$51,$A36,$B$2:$B$51,"Winter",$C$2:$C$51,$C36)*(2/3)+SUMIFS(D$2:D$51,$A$2:$A$51,$A36,$B$2:$B$51,"Summer",$C$2:$C$51,$C36)*(1/3) -> -32.13717 | E36: =SUMIFS(E$2:E$51,$A$2:$A$51,$A36,$B$2:$B$51,"Winter",$C$2:$C$51,$C36)*(2/3)+SUMIFS(E$2:E$51,$A$2:$A$51,$A36,$B$2:$B$51,"Summer",$C$2:$C$51,$C36)*(1/3) -> -39.525646 | F36: =SUMIFS(F$2:F$51,$A$2:$A$51,$A36,$B$2:$B$51,"Winter",$C$2:$C$51,$C36)*(2/3)+SUMIFS(F$2:F$51,$A$2:$A$51,$A36,$B$2:$B$51,"Summer",$C$2:$C$51,$C36)*(1/3) -> -38.959749 | G36: =SUMIFS(G$2:G$51,$A$2:$A$51,$A36,$B$2:$B$51,"Winter",$C$2:$C$51,$C36)*(2/3)+SUMIFS(G$2:G$51,$A$2:$A$51,$A36,$B$2:$B$51,"Summer",$C$2:$C$51,$C36)*(1/3) -> -39.359565 | H36: =SUMIFS(H$2:H$51,$A$2:$A$51,$A36,$B$2:$B$51,"Winter",$C$2:$C$51,$C36)*(2/3)+SUMIFS(H$2:H$51,$A$2:$A$51,$A36,$B$2:$B$51,"Summer",$C$2:$C$51,$C36)*(1/3) -> -39.949321 | I36: =SUMIFS(I$2:I$51,$A$2:$A$51,$A36,$B$2:$B$51,"Winter",$C$2:$C$51,$C36)*(2/3)+SUMIFS(I$2:I$51,$A$2:$A$51,$A36,$B$2:$B$51,"Summer",$C$2:$C$51,$C36)*(1/3) -> -40.159063 | J36: =SUMIFS(J$2:J$51,$A$2:$A$51,$A36,$B$2:$B$51,"Winter",$C$2:$C$51,$C36)*(2/3)+SUMIFS(J$2:J$51,$A$2:$A$51,$A36,$B$2:$B$51,"Summer",$C$2:$C$51,$C36)*(1/3) -> -24.740756 | K36: =SUMIFS(K$2:K$51,$A$2:$A$51,$A36,$B$2:$B$51,"Winter",$C$2:$C$51,$C36)*(2/3)+SUMIFS(K$2:K$51,$A$2:$A$51,$A36,$B$2:$B$51,"Summer",$C$2:$C$51,$C36)*(1/3) -> -6.3092098 | ... AA36: =SUMIFS(AA$2:AA$51,$A$2:$A$51,$A36,$B$2:$B$51,"Winter",$C$2:$C$51,$C36)*(2/3)+SUMIFS(AA$2:AA$51,$A$2:$A$51,$A36,$B$2:$B$51,"Summer",$C$2:$C$51,$C36)*(1/3) -> -12.172137
A37: 9 | B37: Autumn | C37: 1 | D37: =SUMIFS(D$2:D$51,$A$2:$A$51,$A37,$B$2:$B$51,"Summer",$C$2:$C$51,$C37)*(2/3)+SUMIFS(D$2:D$51,$A$2:$A$51,$A37,$B$2:$B$51,"Winter",$C$2:$C$51,$C37)*(1/3) -> -32.103341 | E37: =SUMIFS(E$2:E$51,$A$2:$A$51,$A37,$B$2:$B$51,"Summer",$C$2:$C$51,$C37)*(2/3)+SUMIFS(E$2:E$51,$A$2:$A$51,$A37,$B$2:$B$51,"Winter",$C$2:$C$51,$C37)*(1/3) -> -41.953291 | F37: =SUMIFS(F$2:F$51,$A$2:$A$51,$A37,$B$2:$B$51,"Summer",$C$2:$C$51,$C37)*(2/3)+SUMIFS(F$2:F$51,$A$2:$A$51,$A37,$B$2:$B$51,"Winter",$C$2:$C$51,$C37)*(1/3) -> -42.782498 | G37: =SUMIFS(G$2:G$51,$A$2:$A$51,$A37,$B$2:$B$51,"Summer",$C$2:$C$51,$C37)*(2/3)+SUMIFS(G$2:G$51,$A$2:$A$51,$A37,$B$2:$B$51,"Winter",$C$2:$C$51,$C37)*(1/3) -> -42.33913 | H37: =SUMIFS(H$2:H$51,$A$2:$A$51,$A37,$B$2:$B$51,"Summer",$C$2:$C$51,$C37)*(2/3)+SUMIFS(H$2:H$51,$A$2:$A$51,$A37,$B$2:$B$51,"Winter",$C$2:$C$51,$C37)*(1/3) -> -43.497641 | I37: =SUMIFS(I$2:I$51,$A$2:$A$51,$A37,$B$2:$B$51,"Summer",$C$2:$C$51,$C37)*(2/3)+SUMIFS(I$2:I$51,$A$2:$A$51,$A37,$B$2:$B$51,"Winter",$C$2:$C$51,$C37)*(1/3) -> -44.603126 | J37: =SUMIFS(J$2:J$51,$A$2:$A$51,$A37,$B$2:$B$51,"Summer",$C$2:$C$51,$C37)*(2/3)+SUMIFS(J$2:J$51,$A$2:$A$51,$A37,$B$2:$B$51,"Winter",$C$2:$C$51,$C37)*(1/3) -> -33.575512 | K37: =SUMIFS(K$2:K$51,$A$2:$A$51,$A37,$B$2:$B$51,"Summer",$C$2:$C$51,$C37)*(2/3)+SUMIFS(K$2:K$51,$A$2:$A$51,$A37,$B$2:$B$51,"Winter",$C$2:$C$51,$C37)*(1/3) -> -11.97442 | ... AA37: =SUMIFS(AA$2:AA$51,$A$2:$A$51,$A37,$B$2:$B$51,"Summer",$C$2:$C$51,$C37)*(2/3)+SUMIFS(AA$2:AA$51,$A$2:$A$51,$A37,$B$2:$B$51,"Winter",$C$2:$C$51,$C37)*(1/3) -> -13.879274
A38: 10 | B38: Winter | C38: 1 | D38: -3.41 | E38: -3.41 | F38: -3.41 | G38: -3.41 | H38: -3.41 | I38: -3.41 | J38: -3.296 | K38: -3.012 | L38: -2.898 | M38: -2.727 | N38: -2.784 | O38: -2.727 | P38: -2.784 | Q38: -2.955 | R38: -2.955 | S38: -2.955 | T38: -3.125 | U38: -3.181 | V38: -3.181 | W38: -3.181 | X38: -3.181 | Y38: -3.245 | Z38: -3.435 | AA38: -3.435
A39: 10 | B39: Summer | C39: 1 | D39: -4.2929916 | E39: -4.2929916 | F39: -4.2929916 | G39: -4.2929916 | H39: -4.2929916 | I39: -4.2929916 | J39: -4.2929916 | K39: -4.0648365 | L39: -3.8191376 | M39: -3.7625885 | N39: -3.6806774 | O39: -3.7372284 | P39: -3.7372284 | Q39: -3.7372284 | R39: -3.7372284 | S39: -3.7372284 | T39: -3.8001175 | U39: -3.9887848 | V39: -3.9887848 | W39: -3.9887848 | X39: -3.9887848 | Y39: -4.1038361 | Z39: -4.2188873 | AA39: -4.2188873
A40: 10 | B40: Spring | C40: 1 | D40: =SUMIFS(D$2:D$51,$A$2:$A$51,$A40,$B$2:$B$51,"Winter",$C$2:$C$51,$C40)*(2/3)+SUMIFS(D$2:D$51,$A$2:$A$51,$A40,$B$2:$B$51,"Summer",$C$2:$C$51,$C40)*(1/3) -> -3.7043305 | E40: =SUMIFS(E$2:E$51,$A$2:$A$51,$A40,$B$2:$B$51,"Winter",$C$2:$C$51,$C40)*(2/3)+SUMIFS(E$2:E$51,$A$2:$A$51,$A40,$B$2:$B$51,"Summer",$C$2:$C$51,$C40)*(1/3) -> -3.7043305 | F40: =SUMIFS(F$2:F$51,$A$2:$A$51,$A40,$B$2:$B$51,"Winter",$C$2:$C$51,$C40)*(2/3)+SUMIFS(F$2:F$51,$A$2:$A$51,$A40,$B$2:$B$51,"Summer",$C$2:$C$51,$C40)*(1/3) -> -3.7043305 | G40: =SUMIFS(G$2:G$51,$A$2:$A$51,$A40,$B$2:$B$51,"Winter",$C$2:$C$51,$C40)*(2/3)+SUMIFS(G$2:G$51,$A$2:$A$51,$A40,$B$2:$B$51,"Summer",$C$2:$C$51,$C40)*(1/3) -> -3.7043305 | H40: =SUMIFS(H$2:H$51,$A$2:$A$51,$A40,$B$2:$B$51,"Winter",$C$2:$C$51,$C40)*(2/3)+SUMIFS(H$2:H$51,$A$2:$A$51,$A40,$B$2:$B$51,"Summer",$C$2:$C$51,$C40)*(1/3) -> -3.7043305 | I40: =SUMIFS(I$2:I$51,$A$2:$A$51,$A40,$B$2:$B$51,"Winter",$C$2:$C$51,$C40)*(2/3)+SUMIFS(I$2:I$51,$A$2:$A$51,$A40,$B$2:$B$51,"Summer",$C$2:$C$51,$C40)*(1/3) -> -3.7043305 | J40: =SUMIFS(J$2:J$51,$A$2:$A$51,$A40,$B$2:$B$51,"Winter",$C$2:$C$51,$C40)*(2/3)+SUMIFS(J$2:J$51,$A$2:$A$51,$A40,$B$2:$B$51,"Summer",$C$2:$C$51,$C40)*(1/3) -> -3.6283305 | K40: =SUMIFS(K$2:K$51,$A$2:$A$51,$A40,$B$2:$B$51,"Winter",$C$2:$C$51,$C40)*(2/3)+SUMIFS(K$2:K$51,$A$2:$A$51,$A40,$B$2:$B$51,"Summer",$C$2:$C$51,$C40)*(1/3) -> -3.3629455 | ... AA40: =SUMIFS(AA$2:AA$51,$A$2:$A$51,$A40,$B$2:$B$51,"Winter",$C$2:$C$51,$C40)*(2/3)+SUMIFS(AA$2:AA$51,$A$2:$A$51,$A40,$B$2:$B$51,"Summer",$C$2:$C$51,$C40)*(1/3) -> -3.6962958
A41: 10 | B41: Autumn | C41: 1 | D41: =SUMIFS(D$2:D$51,$A$2:$A$51,$A41,$B$2:$B$51,"Summer",$C$2:$C$51,$C41)*(2/3)+SUMIFS(D$2:D$51,$A$2:$A$51,$A41,$B$2:$B$51,"Winter",$C$2:$C$51,$C41)*(1/3) -> -3.9986611 | E41: =SUMIFS(E$2:E$51,$A$2:$A$51,$A41,$B$2:$B$51,"Summer",$C$2:$C$51,$C41)*(2/3)+SUMIFS(E$2:E$51,$A$2:$A$51,$A41,$B$2:$B$51,"Winter",$C$2:$C$51,$C41)*(1/3) -> -3.9986611 | F41: =SUMIFS(F$2:F$51,$A$2:$A$51,$A41,$B$2:$B$51,"Summer",$C$2:$C$51,$C41)*(2/3)+SUMIFS(F$2:F$51,$A$2:$A$51,$A41,$B$2:$B$51,"Winter",$C$2:$C$51,$C41)*(1/3) -> -3.9986611 | G41: =SUMIFS(G$2:G$51,$A$2:$A$51,$A41,$B$2:$B$51,"Summer",$C$2:$C$51,$C41)*(2/3)+SUMIFS(G$2:G$51,$A$2:$A$51,$A41,$B$2:$B$51,"Winter",$C$2:$C$51,$C41)*(1/3) -> -3.9986611 | H41: =SUMIFS(H$2:H$51,$A$2:$A$51,$A41,$B$2:$B$51,"Summer",$C$2:$C$51,$C41)*(2/3)+SUMIFS(H$2:H$51,$A$2:$A$51,$A41,$B$2:$B$51,"Winter",$C$2:$C$51,$C41)*(1/3) -> -3.9986611 | I41: =SUMIFS(I$2:I$51,$A$2:$A$51,$A41,$B$2:$B$51,"Summer",$C$2:$C$51,$C41)*(2/3)+SUMIFS(I$2:I$51,$A$2:$A$51,$A41,$B$2:$B$51,"Winter",$C$2:$C$51,$C41)*(1/3) -> -3.9986611 | J41: =SUMIFS(J$2:J$51,$A$2:$A$51,$A41,$B$2:$B$51,"Summer",$C$2:$C$51,$C41)*(2/3)+SUMIFS(J$2:J$51,$A$2:$A$51,$A41,$B$2:$B$51,"Winter",$C$2:$C$51,$C41)*(1/3) -> -3.9606611 | K41: =SUMIFS(K$2:K$51,$A$2:$A$51,$A41,$B$2:$B$51,"Summer",$C$2:$C$51,$C41)*(2/3)+SUMIFS(K$2:K$51,$A$2:$A$51,$A41,$B$2:$B$51,"Winter",$C$2:$C$51,$C41)*(1/3) -> -3.713891 | ... AA41: =SUMIFS(AA$2:AA$51,$A$2:$A$51,$A41,$B$2:$B$51,"Summer",$C$2:$C$51,$C41)*(2/3)+SUMIFS(AA$2:AA$51,$A$2:$A$51,$A41,$B$2:$B$51,"Winter",$C$2:$C$51,$C41)*(1/3) -> -3.9575916
A42: 11 | B42: Winter | C42: 1 | D42: 2.127 | E42: -1.297 | F42: -2.077 | G42: -0.911 | H42: -1.489 | I42: -0.242 | J42: 4.059 | K42: 7.299 | L42: 8.263 | M42: 6.865 | N42: 6.975 | O42: 7.047 | P42: 6.068 | Q42: 5.941 | R42: 4.181 | S42: 3.986 | T42: 3.485 | U42: 4.925 | V42: 4.549 | W42: 3.856 | X42: 3.407 | Y42: 1.914 | Z42: 0.614 | AA42: -0.906
A43: 11 | B43: Summer | C43: 1 | D43: -1.644 | E43: -1.802 | F43: -1.889 | G43: -1.016 | H43: -1.533 | I43: -1.646 | J43: 0.509 | K43: 2.707 | L43: 3.394 | M43: 4.062 | N43: 4.545 | O43: 4.479 | P43: 4.631 | Q43: 4.247 | R43: 3.209 | S43: 2.606 | T43: 2.058 | U43: 2.081 | V43: 1.61 | W43: 1.614 | X43: 1.005 | Y43: 1.217 | Z43: 0.82 | AA43: -0.509
A44: 11 | B44: Spring | C44: 1 | D44: =SUMIFS(D$2:D$51,$A$2:$A$51,$A44,$B$2:$B$51,"Winter",$C$2:$C$51,$C44)*(2/3)+SUMIFS(D$2:D$51,$A$2:$A$51,$A44,$B$2:$B$51,"Summer",$C$2:$C$51,$C44)*(1/3) -> 0.87 | E44: =SUMIFS(E$2:E$51,$A$2:$A$51,$A44,$B$2:$B$51,"Winter",$C$2:$C$51,$C44)*(2/3)+SUMIFS(E$2:E$51,$A$2:$A$51,$A44,$B$2:$B$51,"Summer",$C$2:$C$51,$C44)*(1/3) -> -1.4653333 | F44: =SUMIFS(F$2:F$51,$A$2:$A$51,$A44,$B$2:$B$51,"Winter",$C$2:$C$51,$C44)*(2/3)+SUMIFS(F$2:F$51,$A$2:$A$51,$A44,$B$2:$B$51,"Summer",$C$2:$C$51,$C44)*(1/3) -> -2.0143333 | G44: =SUMIFS(G$2:G$51,$A$2:$A$51,$A44,$B$2:$B$51,"Winter",$C$2:$C$51,$C44)*(2/3)+SUMIFS(G$2:G$51,$A$2:$A$51,$A44,$B$2:$B$51,"Summer",$C$2:$C$51,$C44)*(1/3) -> -0.946 | H44: =SUMIFS(H$2:H$51,$A$2:$A$51,$A44,$B$2:$B$51,"Winter",$C$2:$C$51,$C44)*(2/3)+SUMIFS(H$2:H$51,$A$2:$A$51,$A44,$B$2:$B$51,"Summer",$C$2:$C$51,$C44)*(1/3) -> -1.5036667 | I44: =SUMIFS(I$2:I$51,$A$2:$A$51,$A44,$B$2:$B$51,"Winter",$C$2:$C$51,$C44)*(2/3)+SUMIFS(I$2:I$51,$A$2:$A$51,$A44,$B$2:$B$51,"Summer",$C$2:$C$51,$C44)*(1/3) -> -0.71 | J44: =SUMIFS(J$2:J$51,$A$2:$A$51,$A44,$B$2:$B$51,"Winter",$C$2:$C$51,$C44)*(2/3)+SUMIFS(J$2:J$51,$A$2:$A$51,$A44,$B$2:$B$51,"Summer",$C$2:$C$51,$C44)*(1/3) -> 2.8756667 | K44: =SUMIFS(K$2:K$51,$A$2:$A$51,$A44,$B$2:$B$51,"Winter",$C$2:$C$51,$C44)*(2/3)+SUMIFS(K$2:K$51,$A$2:$A$51,$A44,$B$2:$B$51,"Summer",$C$2:$C$51,$C44)*(1/3) -> 5.7683333 | ... AA44: =SUMIFS(AA$2:AA$51,$A$2:$A$51,$A44,$B$2:$B$51,"Winter",$C$2:$C$51,$C44)*(2/3)+SUMIFS(AA$2:AA$51,$A$2:$A$51,$A44,$B$2:$B$51,"Summer",$C$2:$C$51,$C44)*(1/3) -> -0.77366667
A45: 11 | B45: Autumn | C45: 1 | D45: =SUMIFS(D$2:D$51,$A$2:$A$51,$A45,$B$2:$B$51,"Summer",$C$2:$C$51,$C45)*(2/3)+SUMIFS(D$2:D$51,$A$2:$A$51,$A45,$B$2:$B$51,"Winter",$C$2:$C$51,$C45)*(1/3) -> -0.387 | E45: =SUMIFS(E$2:E$51,$A$2:$A$51,$A45,$B$2:$B$51,"Summer",$C$2:$C$51,$C45)*(2/3)+SUMIFS(E$2:E$51,$A$2:$A$51,$A45,$B$2:$B$51,"Winter",$C$2:$C$51,$C45)*(1/3) -> -1.6336667 | F45: =SUMIFS(F$2:F$51,$A$2:$A$51,$A45,$B$2:$B$51,"Summer",$C$2:$C$51,$C45)*(2/3)+SUMIFS(F$2:F$51,$A$2:$A$51,$A45,$B$2:$B$51,"Winter",$C$2:$C$51,$C45)*(1/3) -> -1.9516667 | G45: =SUMIFS(G$2:G$51,$A$2:$A$51,$A45,$B$2:$B$51,"Summer",$C$2:$C$51,$C45)*(2/3)+SUMIFS(G$2:G$51,$A$2:$A$51,$A45,$B$2:$B$51,"Winter",$C$2:$C$51,$C45)*(1/3) -> -0.981 | H45: =SUMIFS(H$2:H$51,$A$2:$A$51,$A45,$B$2:$B$51,"Summer",$C$2:$C$51,$C45)*(2/3)+SUMIFS(H$2:H$51,$A$2:$A$51,$A45,$B$2:$B$51,"Winter",$C$2:$C$51,$C45)*(1/3) -> -1.5183333 | I45: =SUMIFS(I$2:I$51,$A$2:$A$51,$A45,$B$2:$B$51,"Summer",$C$2:$C$51,$C45)*(2/3)+SUMIFS(I$2:I$51,$A$2:$A$51,$A45,$B$2:$B$51,"Winter",$C$2:$C$51,$C45)*(1/3) -> -1.178 | J45: =SUMIFS(J$2:J$51,$A$2:$A$51,$A45,$B$2:$B$51,"Summer",$C$2:$C$51,$C45)*(2/3)+SUMIFS(J$2:J$51,$A$2:$A$51,$A45,$B$2:$B$51,"Winter",$C$2:$C$51,$C45)*(1/3) -> 1.6923333 | K45: =SUMIFS(K$2:K$51,$A$2:$A$51,$A45,$B$2:$B$51,"Summer",$C$2:$C$51,$C45)*(2/3)+SUMIFS(K$2:K$51,$A$2:$A$51,$A45,$B$2:$B$51,"Winter",$C$2:$C$51,$C45)*(1/3) -> 4.2376667 | ... AA45: =SUMIFS(AA$2:AA$51,$A$2:$A$51,$A45,$B$2:$B$51,"Summer",$C$2:$C$51,$C45)*(2/3)+SUMIFS(AA$2:AA$51,$A$2:$A$51,$A45,$B$2:$B$51,"Winter",$C$2:$C$51,$C45)*(1/3) -> -0.64133333
A46: 12 | B46: Winter | C46: 1 | D46: -1.448 | E46: -1.457 | F46: -1.592 | G46: -1.46 | H46: -1.465 | I46: -1.319 | J46: -0.899 | K46: -0.505 | L46: -0.368 | M46: -0.464 | N46: -0.673 | O46: -0.504 | P46: -0.577 | Q46: -0.564 | R46: -0.714 | S46: -0.719 | T46: -0.578 | U46: -0.499 | V46: -0.602 | W46: -0.668 | X46: -0.598 | Y46: -0.777 | Z46: -1.018 | AA46: -1.135
A47: 12 | B47: Summer | C47: 1 | D47: -0.92120519 | E47: -0.90984919 | F47: -1.1430318 | G47: -1.047229 | H47: -0.92803433 | I47: -1.2367813 | J47: -0.93978586 | K47: -0.6210497 | L47: -0.4212707 | M47: -0.21030731 | N47: -0.271481 | O47: -0.18674703 | P47: -0.078607945 | Q47: -0.11748903 | R47: -0.22778883 | S47: -0.1816975 | T47: -0.41618609 | U47: -0.3731208 | V47: -0.54204659 | W47: -0.54528373 | X47: -0.54123519 | Y47: -0.46673502 | Z47: -0.61489286 | AA47: -0.68245258
A48: 12 | B48: Spring | C48: 1 | D48: =SUMIFS(D$2:D$51,$A$2:$A$51,$A48,$B$2:$B$51,"Winter",$C$2:$C$51,$C48)*(2/3)+SUMIFS(D$2:D$51,$A$2:$A$51,$A48,$B$2:$B$51,"Summer",$C$2:$C$51,$C48)*(1/3) -> -1.2724017 | E48: =SUMIFS(E$2:E$51,$A$2:$A$51,$A48,$B$2:$B$51,"Winter",$C$2:$C$51,$C48)*(2/3)+SUMIFS(E$2:E$51,$A$2:$A$51,$A48,$B$2:$B$51,"Summer",$C$2:$C$51,$C48)*(1/3) -> -1.2746164 | F48: =SUMIFS(F$2:F$51,$A$2:$A$51,$A48,$B$2:$B$51,"Winter",$C$2:$C$51,$C48)*(2/3)+SUMIFS(F$2:F$51,$A$2:$A$51,$A48,$B$2:$B$51,"Summer",$C$2:$C$51,$C48)*(1/3) -> -1.4423439 | G48: =SUMIFS(G$2:G$51,$A$2:$A$51,$A48,$B$2:$B$51,"Winter",$C$2:$C$51,$C48)*(2/3)+SUMIFS(G$2:G$51,$A$2:$A$51,$A48,$B$2:$B$51,"Summer",$C$2:$C$51,$C48)*(1/3) -> -1.3224097 | H48: =SUMIFS(H$2:H$51,$A$2:$A$51,$A48,$B$2:$B$51,"Winter",$C$2:$C$51,$C48)*(2/3)+SUMIFS(H$2:H$51,$A$2:$A$51,$A48,$B$2:$B$51,"Summer",$C$2:$C$51,$C48)*(1/3) -> -1.2860114 | I48: =SUMIFS(I$2:I$51,$A$2:$A$51,$A48,$B$2:$B$51,"Winter",$C$2:$C$51,$C48)*(2/3)+SUMIFS(I$2:I$51,$A$2:$A$51,$A48,$B$2:$B$51,"Summer",$C$2:$C$51,$C48)*(1/3) -> -1.2915938 | J48: =SUMIFS(J$2:J$51,$A$2:$A$51,$A48,$B$2:$B$51,"Winter",$C$2:$C$51,$C48)*(2/3)+SUMIFS(J$2:J$51,$A$2:$A$51,$A48,$B$2:$B$51,"Summer",$C$2:$C$51,$C48)*(1/3) -> -0.91259529 | K48: =SUMIFS(K$2:K$51,$A$2:$A$51,$A48,$B$2:$B$51,"Winter",$C$2:$C$51,$C48)*(2/3)+SUMIFS(K$2:K$51,$A$2:$A$51,$A48,$B$2:$B$51,"Summer",$C$2:$C$51,$C48)*(1/3) -> -0.54368323 | ... AA48: =SUMIFS(AA$2:AA$51,$A$2:$A$51,$A48,$B$2:$B$51,"Winter",$C$2:$C$51,$C48)*(2/3)+SUMIFS(AA$2:AA$51,$A$2:$A$51,$A48,$B$2:$B$51,"Summer",$C$2:$C$51,$C48)*(1/3) -> -0.98415086
A49: 12 | B49: Autumn | C49: 1 | D49: =SUMIFS(D$2:D$51,$A$2:$A$51,$A49,$B$2:$B$51,"Summer",$C$2:$C$51,$C49)*(2/3)+SUMIFS(D$2:D$51,$A$2:$A$51,$A49,$B$2:$B$51,"Winter",$C$2:$C$51,$C49)*(1/3) -> -1.0968035 | E49: =SUMIFS(E$2:E$51,$A$2:$A$51,$A49,$B$2:$B$51,"Summer",$C$2:$C$51,$C49)*(2/3)+SUMIFS(E$2:E$51,$A$2:$A$51,$A49,$B$2:$B$51,"Winter",$C$2:$C$51,$C49)*(1/3) -> -1.0922328 | F49: =SUMIFS(F$2:F$51,$A$2:$A$51,$A49,$B$2:$B$51,"Summer",$C$2:$C$51,$C49)*(2/3)+SUMIFS(F$2:F$51,$A$2:$A$51,$A49,$B$2:$B$51,"Winter",$C$2:$C$51,$C49)*(1/3) -> -1.2926879 | G49: =SUMIFS(G$2:G$51,$A$2:$A$51,$A49,$B$2:$B$51,"Summer",$C$2:$C$51,$C49)*(2/3)+SUMIFS(G$2:G$51,$A$2:$A$51,$A49,$B$2:$B$51,"Winter",$C$2:$C$51,$C49)*(1/3) -> -1.1848193 | H49: =SUMIFS(H$2:H$51,$A$2:$A$51,$A49,$B$2:$B$51,"Summer",$C$2:$C$51,$C49)*(2/3)+SUMIFS(H$2:H$51,$A$2:$A$51,$A49,$B$2:$B$51,"Winter",$C$2:$C$51,$C49)*(1/3) -> -1.1070229 | I49: =SUMIFS(I$2:I$51,$A$2:$A$51,$A49,$B$2:$B$51,"Summer",$C$2:$C$51,$C49)*(2/3)+SUMIFS(I$2:I$51,$A$2:$A$51,$A49,$B$2:$B$51,"Winter",$C$2:$C$51,$C49)*(1/3) -> -1.2641875 | J49: =SUMIFS(J$2:J$51,$A$2:$A$51,$A49,$B$2:$B$51,"Summer",$C$2:$C$51,$C49)*(2/3)+SUMIFS(J$2:J$51,$A$2:$A$51,$A49,$B$2:$B$51,"Winter",$C$2:$C$51,$C49)*(1/3) -> -0.92619057 | K49: =SUMIFS(K$2:K$51,$A$2:$A$51,$A49,$B$2:$B$51,"Summer",$C$2:$C$51,$C49)*(2/3)+SUMIFS(K$2:K$51,$A$2:$A$51,$A49,$B$2:$B$51,"Winter",$C$2:$C$51,$C49)*(1/3) -> -0.58236647 | ... AA49: =SUMIFS(AA$2:AA$51,$A$2:$A$51,$A49,$B$2:$B$51,"Summer",$C$2:$C$51,$C49)*(2/3)+SUMIFS(AA$2:AA$51,$A$2:$A$51,$A49,$B$2:$B$51,"Winter",$C$2:$C$51,$C49)*(1/3) -> -0.83330172
A50: 13 | B50: Winter | C50: 1 | D50: -1.034 | E50: -1.034 | F50: -1.034 | G50: -1.034 | H50: -0.98 | I50: -1.01 | J50: -0.92 | K50: -0.89 | L50: -0.89 | M50: -0.988 | N50: -0.913 | O50: -0.888 | P50: -0.895 | Q50: -0.945 | R50: -0.918 | S50: -0.916 | T50: -0.942 | U50: -0.942 | V50: -0.942 | W50: -0.913 | X50: -0.91 | Y50: -0.989 | Z50: -0.989 | AA50: -0.989
A51: 13 | B51: Summer | C51: 1 | D51: -1.541 | E51: -1.356 | F51: -1.405 | G51: -1.567 | H51: -1.525 | I51: -1.23 | J51: -1.191 | K51: -1.24 | L51: -1.208 | M51: -0.993 | N51: -0.901 | O51: -0.851 | P51: -0.694 | Q51: -0.87 | R51: -1.282 | S51: -0.925 | T51: -0.909 | U51: -1.463 | V51: -1.466 | W51: -1.163 | X51: -1.35 | Y51: -1.153 | Z51: -1.357 | AA51: -1.517
A52: 13 | B52: Spring | C52: 1 | D52: =SUMIFS(D$2:D$51,$A$2:$A$51,$A52,$B$2:$B$51,"Winter",$C$2:$C$51,$C52)*(2/3)+SUMIFS(D$2:D$51,$A$2:$A$51,$A52,$B$2:$B$51,"Summer",$C$2:$C$51,$C52)*(1/3) -> -1.203 | E52: =SUMIFS(E$2:E$51,$A$2:$A$51,$A52,$B$2:$B$51,"Winter",$C$2:$C$51,$C52)*(2/3)+SUMIFS(E$2:E$51,$A$2:$A$51,$A52,$B$2:$B$51,"Summer",$C$2:$C$51,$C52)*(1/3) -> -1.1413333 | F52: =SUMIFS(F$2:F$51,$A$2:$A$51,$A52,$B$2:$B$51,"Winter",$C$2:$C$51,$C52)*(2/3)+SUMIFS(F$2:F$51,$A$2:$A$51,$A52,$B$2:$B$51,"Summer",$C$2:$C$51,$C52)*(1/3) -> -1.1576667 | G52: =SUMIFS(G$2:G$51,$A$2:$A$51,$A52,$B$2:$B$51,"Winter",$C$2:$C$51,$C52)*(2/3)+SUMIFS(G$2:G$51,$A$2:$A$51,$A52,$B$2:$B$51,"Summer",$C$2:$C$51,$C52)*(1/3) -> -1.2116667 | H52: =SUMIFS(H$2:H$51,$A$2:$A$51,$A52,$B$2:$B$51,"Winter",$C$2:$C$51,$C52)*(2/3)+SUMIFS(H$2:H$51,$A$2:$A$51,$A52,$B$2:$B$51,"Summer",$C$2:$C$51,$C52)*(1/3) -> -1.1616667 | I52: =SUMIFS(I$2:I$51,$A$2:$A$51,$A52,$B$2:$B$51,"Winter",$C$2:$C$51,$C52)*(2/3)+SUMIFS(I$2:I$51,$A$2:$A$51,$A52,$B$2:$B$51,"Summer",$C$2:$C$51,$C52)*(1/3) -> -1.0833333 | J52: =SUMIFS(J$2:J$51,$A$2:$A$51,$A52,$B$2:$B$51,"Winter",$C$2:$C$51,$C52)*(2/3)+SUMIFS(J$2:J$51,$A$2:$A$51,$A52,$B$2:$B$51,"Summer",$C$2:$C$51,$C52)*(1/3) -> -1.0103333 | K52: =SUMIFS(K$2:K$51,$A$2:$A$51,$A52,$B$2:$B$51,"Winter",$C$2:$C$51,$C52)*(2/3)+SUMIFS(K$2:K$51,$A$2:$A$51,$A52,$B$2:$B$51,"Summer",$C$2:$C$51,$C52)*(1/3) -> -1.0066667 | ... AA52: =SUMIFS(AA$2:AA$51,$A$2:$A$51,$A52,$B$2:$B$51,"Winter",$C$2:$C$51,$C52)*(2/3)+SUMIFS(AA$2:AA$51,$A$2:$A$51,$A52,$B$2:$B$51,"Summer",$C$2:$C$51,$C52)*(1/3) -> -1.165
A53: 13 | B53: Autumn | C53: 1 | D53: =SUMIFS(D$2:D$51,$A$2:$A$51,$A53,$B$2:$B$51,"Summer",$C$2:$C$51,$C53)*(2/3)+SUMIFS(D$2:D$51,$A$2:$A$51,$A53,$B$2:$B$51,"Winter",$C$2:$C$51,$C53)*(1/3) -> -1.372 | E53: =SUMIFS(E$2:E$51,$A$2:$A$51,$A53,$B$2:$B$51,"Summer",$C$2:$C$51,$C53)*(2/3)+SUMIFS(E$2:E$51,$A$2:$A$51,$A53,$B$2:$B$51,"Winter",$C$2:$C$51,$C53)*(1/3) -> -1.2486667 | F53: =SUMIFS(F$2:F$51,$A$2:$A$51,$A53,$B$2:$B$51,"Summer",$C$2:$C$51,$C53)*(2/3)+SUMIFS(F$2:F$51,$A$2:$A$51,$A53,$B$2:$B$51,"Winter",$C$2:$C$51,$C53)*(1/3) -> -1.2813333 | G53: =SUMIFS(G$2:G$51,$A$2:$A$51,$A53,$B$2:$B$51,"Summer",$C$2:$C$51,$C53)*(2/3)+SUMIFS(G$2:G$51,$A$2:$A$51,$A53,$B$2:$B$51,"Winter",$C$2:$C$51,$C53)*(1/3) -> -1.3893333 | H53: =SUMIFS(H$2:H$51,$A$2:$A$51,$A53,$B$2:$B$51,"Summer",$C$2:$C$51,$C53)*(2/3)+SUMIFS(H$2:H$51,$A$2:$A$51,$A53,$B$2:$B$51,"Winter",$C$2:$C$51,$C53)*(1/3) -> -1.3433333 | I53: =SUMIFS(I$2:I$51,$A$2:$A$51,$A53,$B$2:$B$51,"Summer",$C$2:$C$51,$C53)*(2/3)+SUMIFS(I$2:I$51,$A$2:$A$51,$A53,$B$2:$B$51,"Winter",$C$2:$C$51,$C53)*(1/3) -> -1.1566667 | J53: =SUMIFS(J$2:J$51,$A$2:$A$51,$A53,$B$2:$B$51,"Summer",$C$2:$C$51,$C53)*(2/3)+SUMIFS(J$2:J$51,$A$2:$A$51,$A53,$B$2:$B$51,"Winter",$C$2:$C$51,$C53)*(1/3) -> -1.1006667 | K53: =SUMIFS(K$2:K$51,$A$2:$A$51,$A53,$B$2:$B$51,"Summer",$C$2:$C$51,$C53)*(2/3)+SUMIFS(K$2:K$51,$A$2:$A$51,$A53,$B$2:$B$51,"Winter",$C$2:$C$51,$C53)*(1/3) -> -1.1233333 | ... AA53: =SUMIFS(AA$2:AA$51,$A$2:$A$51,$A53,$B$2:$B$51,"Summer",$C$2:$C$51,$C53)*(2/3)+SUMIFS(AA$2:AA$51,$A$2:$A$51,$A53,$B$2:$B$51,"Winter",$C$2:$C$51,$C53)*(1/3) -> -1.341
A54: 14 | B54: Winter | C54: 1 | D54: -0.153 | E54: -0.153 | F54: -0.153 | G54: -0.153 | H54: -0.153 | I54: -0.153 | J54: -0.153 | K54: -0.153 | L54: -0.153 | M54: -0.153 | N54: -0.153 | O54: -0.721 | P54: -0.911 | Q54: -0.911 | R54: -0.153 | S54: -0.153 | T54: -0.348 | U54: -0.933 | V54: -0.933 | W54: -0.933 | X54: -0.175 | Y54: -0.175 | Z54: -0.175 | AA54: -0.175
A55: 14 | B55: Summer | C55: 1 | D55: -0.16427803 | E55: -0.16427803 | F55: -0.16427803 | G55: -0.16427803 | H55: -0.16427803 | I55: -0.16427803 | J55: -0.73222256 | K55: -0.9215374 | L55: -0.9215374 | M55: -0.35359287 | N55: -0.16427803 | O55: -0.73222256 | P55: -0.12037849 | Q55: -0.12037849 | R55: -0.12037849 | S55: -0.12037849 | T55: -0.12037849 | U55: -0.12037849 | V55: -0.12037849 | W55: -0.12037849 | X55: -0.12037849 | Y55: -0.12037849 | Z55: -0.12037849 | AA55: -0.12037849
A56: 14 | B56: Spring | C56: 1 | D56: =SUMIFS(D$2:D$51,$A$2:$A$51,$A56,$B$2:$B$51,"Winter",$C$2:$C$51,$C56)*(2/3)+SUMIFS(D$2:D$51,$A$2:$A$51,$A56,$B$2:$B$51,"Summer",$C$2:$C$51,$C56)*(1/3) -> 0 | E56: =SUMIFS(E$2:E$51,$A$2:$A$51,$A56,$B$2:$B$51,"Winter",$C$2:$C$51,$C56)*(2/3)+SUMIFS(E$2:E$51,$A$2:$A$51,$A56,$B$2:$B$51,"Summer",$C$2:$C$51,$C56)*(1/3) -> 0 | F56: =SUMIFS(F$2:F$51,$A$2:$A$51,$A56,$B$2:$B$51,"Winter",$C$2:$C$51,$C56)*(2/3)+SUMIFS(F$2:F$51,$A$2:$A$51,$A56,$B$2:$B$51,"Summer",$C$2:$C$51,$C56)*(1/3) -> 0 | G56: =SUMIFS(G$2:G$51,$A$2:$A$51,$A56,$B$2:$B$51,"Winter",$C$2:$C$51,$C56)*(2/3)+SUMIFS(G$2:G$51,$A$2:$A$51,$A56,$B$2:$B$51,"Summer",$C$2:$C$51,$C56)*(1/3) -> 0 | H56: =SUMIFS(H$2:H$51,$A$2:$A$51,$A56,$B$2:$B$51,"Winter",$C$2:$C$51,$C56)*(2/3)+SUMIFS(H$2:H$51,$A$2:$A$51,$A56,$B$2:$B$51,"Summer",$C$2:$C$51,$C56)*(1/3) -> 0 | I56: =SUMIFS(I$2:I$51,$A$2:$A$51,$A56,$B$2:$B$51,"Winter",$C$2:$C$51,$C56)*(2/3)+SUMIFS(I$2:I$51,$A$2:$A$51,$A56,$B$2:$B$51,"Summer",$C$2:$C$51,$C56)*(1/3) -> 0 | J56: =SUMIFS(J$2:J$51,$A$2:$A$51,$A56,$B$2:$B$51,"Winter",$C$2:$C$51,$C56)*(2/3)+SUMIFS(J$2:J$51,$A$2:$A$51,$A56,$B$2:$B$51,"Summer",$C$2:$C$51,$C56)*(1/3) -> 0 | K56: =SUMIFS(K$2:K$51,$A$2:$A$51,$A56,$B$2:$B$51,"Winter",$C$2:$C$51,$C56)*(2/3)+SUMIFS(K$2:K$51,$A$2:$A$51,$A56,$B$2:$B$51,"Summer",$C$2:$C$51,$C56)*(1/3) -> 0 | ... AA56: =SUMIFS(AA$2:AA$51,$A$2:$A$51,$A56,$B$2:$B$51,"Winter",$C$2:$C$51,$C56)*(2/3)+SUMIFS(AA$2:AA$51,$A$2:$A$51,$A56,$B$2:$B$51,"Summer",$C$2:$C$51,$C56)*(1/3) -> 0
A57: 14 | B57: Autumn | C57: 1 | D57: =SUMIFS(D$2:D$51,$A$2:$A$51,$A57,$B$2:$B$51,"Summer",$C$2:$C$51,$C57)*(2/3)+SUMIFS(D$2:D$51,$A$2:$A$51,$A57,$B$2:$B$51,"Winter",$C$2:$C$51,$C57)*(1/3) -> 0 | E57: =SUMIFS(E$2:E$51,$A$2:$A$51,$A57,$B$2:$B$51,"Summer",$C$2:$C$51,$C57)*(2/3)+SUMIFS(E$2:E$51,$A$2:$A$51,$A57,$B$2:$B$51,"Winter",$C$2:$C$51,$C57)*(1/3) -> 0 | F57: =SUMIFS(F$2:F$51,$A$2:$A$51,$A57,$B$2:$B$51,"Summer",$C$2:$C$51,$C57)*(2/3)+SUMIFS(F$2:F$51,$A$2:$A$51,$A57,$B$2:$B$51,"Winter",$C$2:$C$51,$C57)*(1/3) -> 0 | G57: =SUMIFS(G$2:G$51,$A$2:$A$51,$A57,$B$2:$B$51,"Summer",$C$2:$C$51,$C57)*(2/3)+SUMIFS(G$2:G$51,$A$2:$A$51,$A57,$B$2:$B$51,"Winter",$C$2:$C$51,$C57)*(1/3) -> 0 | H57: =SUMIFS(H$2:H$51,$A$2:$A$51,$A57,$B$2:$B$51,"Summer",$C$2:$C$51,$C57)*(2/3)+SUMIFS(H$2:H$51,$A$2:$A$51,$A57,$B$2:$B$51,"Winter",$C$2:$C$51,$C57)*(1/3) -> 0 | I57: =SUMIFS(I$2:I$51,$A$2:$A$51,$A57,$B$2:$B$51,"Summer",$C$2:$C$51,$C57)*(2/3)+SUMIFS(I$2:I$51,$A$2:$A$51,$A57,$B$2:$B$51,"Winter",$C$2:$C$51,$C57)*(1/3) -> 0 | J57: =SUMIFS(J$2:J$51,$A$2:$A$51,$A57,$B$2:$B$51,"Summer",$C$2:$C$51,$C57)*(2/3)+SUMIFS(J$2:J$51,$A$2:$A$51,$A57,$B$2:$B$51,"Winter",$C$2:$C$51,$C57)*(1/3) -> 0 | K57: =SUMIFS(K$2:K$51,$A$2:$A$51,$A57,$B$2:$B$51,"Summer",$C$2:$C$51,$C57)*(2/3)+SUMIFS(K$2:K$51,$A$2:$A$51,$A57,$B$2:$B$51,"Winter",$C$2:$C$51,$C57)*(1/3) -> 0 | ... AA57: =SUMIFS(AA$2:AA$51,$A$2:$A$51,$A57,$B$2:$B$51,"Summer",$C$2:$C$51,$C57)*(2/3)+SUMIFS(AA$2:AA$51,$A$2:$A$51,$A57,$B$2:$B$51,"Winter",$C$2:$C$51,$C57)*(1/3) -> 0
A58: 15 | B58: Winter | C58: 1 | D58: -1.635 | E58: -1.635 | F58: -1.635 | G58: -1.635 | H58: -1.635 | I58: -1.635 | J58: -1.234 | K58: -0.266 | L58: -0.076 | M58: -0.076 | N58: -0.076 | O58: -0.076 | P58: -0.076 | Q58: -0.076 | R58: -0.271 | S58: -0.856 | T58: -0.856 | U58: -0.856 | V58: -0.856 | W58: -0.856 | X58: -0.856 | Y58: -0.856 | Z58: -1.613 | AA58: -1.613
A59: 15 | B59: Summer | C59: 1 | D59: -1.1190853 | E59: -1.1190853 | F59: -1.1190853 | G59: -1.1190853 | H59: -1.1190853 | I59: -1.1190853 | J59: -1.1190853 | K59: -0.36182499 | L59: 0.39543343 | M59: 0.39543343 | N59: 0.39543343 | O59: 0.39543343 | P59: 0.39543343 | Q59: 0.39543343 | R59: 0.39543343 | S59: 0.39543343 | T59: 0.39543343 | U59: 0.39543343 | V59: -0.17250967 | W59: -0.36182404 | X59: -0.36182404 | Y59: -0.36182404 | Z59: -0.36182404 | AA59: -0.36182404
A60: 15 | B60: Spring | C60: 1 | D60: =SUMIFS(D$2:D$51,$A$2:$A$51,$A60,$B$2:$B$51,"Winter",$C$2:$C$51,$C60)*(2/3)+SUMIFS(D$2:D$51,$A$2:$A$51,$A60,$B$2:$B$51,"Summer",$C$2:$C$51,$C60)*(1/3) -> 0 | E60: =SUMIFS(E$2:E$51,$A$2:$A$51,$A60,$B$2:$B$51,"Winter",$C$2:$C$51,$C60)*(2/3)+SUMIFS(E$2:E$51,$A$2:$A$51,$A60,$B$2:$B$51,"Summer",$C$2:$C$51,$C60)*(1/3) -> 0 | F60: =SUMIFS(F$2:F$51,$A$2:$A$51,$A60,$B$2:$B$51,"Winter",$C$2:$C$51,$C60)*(2/3)+SUMIFS(F$2:F$51,$A$2:$A$51,$A60,$B$2:$B$51,"Summer",$C$2:$C$51,$C60)*(1/3) -> 0 | G60: =SUMIFS(G$2:G$51,$A$2:$A$51,$A60,$B$2:$B$51,"Winter",$C$2:$C$51,$C60)*(2/3)+SUMIFS(G$2:G$51,$A$2:$A$51,$A60,$B$2:$B$51,"Summer",$C$2:$C$51,$C60)*(1/3) -> 0 | H60: =SUMIFS(H$2:H$51,$A$2:$A$51,$A60,$B$2:$B$51,"Winter",$C$2:$C$51,$C60)*(2/3)+SUMIFS(H$2:H$51,$A$2:$A$51,$A60,$B$2:$B$51,"Summer",$C$2:$C$51,$C60)*(1/3) -> 0 | I60: =SUMIFS(I$2:I$51,$A$2:$A$51,$A60,$B$2:$B$51,"Winter",$C$2:$C$51,$C60)*(2/3)+SUMIFS(I$2:I$51,$A$2:$A$51,$A60,$B$2:$B$51,"Summer",$C$2:$C$51,$C60)*(1/3) -> 0 | J60: =SUMIFS(J$2:J$51,$A$2:$A$51,$A60,$B$2:$B$51,"Winter",$C$2:$C$51,$C60)*(2/3)+SUMIFS(J$2:J$51,$A$2:$A$51,$A60,$B$2:$B$51,"Summer",$C$2:$C$51,$C60)*(1/3) -> 0 | K60: =SUMIFS(K$2:K$51,$A$2:$A$51,$A60,$B$2:$B$51,"Winter",$C$2:$C$51,$C60)*(2/3)+SUMIFS(K$2:K$51,$A$2:$A$51,$A60,$B$2:$B$51,"Summer",$C$2:$C$51,$C60)*(1/3) -> 0 | ... AA60: =SUMIFS(AA$2:AA$51,$A$2:$A$51,$A60,$B$2:$B$51,"Winter",$C$2:$C$51,$C60)*(2/3)+SUMIFS(AA$2:AA$51,$A$2:$A$51,$A60,$B$2:$B$51,"Summer",$C$2:$C$51,$C60)*(1/3) -> 0
A61: 15 | B61: Autumn | C61: 1 | D61: =SUMIFS(D$2:D$51,$A$2:$A$51,$A61,$B$2:$B$51,"Summer",$C$2:$C$51,$C61)*(2/3)+SUMIFS(D$2:D$51,$A$2:$A$51,$A61,$B$2:$B$51,"Winter",$C$2:$C$51,$C61)*(1/3) -> 0 | E61: =SUMIFS(E$2:E$51,$A$2:$A$51,$A61,$B$2:$B$51,"Summer",$C$2:$C$51,$C61)*(2/3)+SUMIFS(E$2:E$51,$A$2:$A$51,$A61,$B$2:$B$51,"Winter",$C$2:$C$51,$C61)*(1/3) -> 0 | F61: =SUMIFS(F$2:F$51,$A$2:$A$51,$A61,$B$2:$B$51,"Summer",$C$2:$C$51,$C61)*(2/3)+SUMIFS(F$2:F$51,$A$2:$A$51,$A61,$B$2:$B$51,"Winter",$C$2:$C$51,$C61)*(1/3) -> 0 | G61: =SUMIFS(G$2:G$51,$A$2:$A$51,$A61,$B$2:$B$51,"Summer",$C$2:$C$51,$C61)*(2/3)+SUMIFS(G$2:G$51,$A$2:$A$51,$A61,$B$2:$B$51,"Winter",$C$2:$C$51,$C61)*(1/3) -> 0 | H61: =SUMIFS(H$2:H$51,$A$2:$A$51,$A61,$B$2:$B$51,"Summer",$C$2:$C$51,$C61)*(2/3)+SUMIFS(H$2:H$51,$A$2:$A$51,$A61,$B$2:$B$51,"Winter",$C$2:$C$51,$C61)*(1/3) -> 0 | I61: =SUMIFS(I$2:I$51,$A$2:$A$51,$A61,$B$2:$B$51,"Summer",$C$2:$C$51,$C61)*(2/3)+SUMIFS(I$2:I$51,$A$2:$A$51,$A61,$B$2:$B$51,"Winter",$C$2:$C$51,$C61)*(1/3) -> 0 | J61: =SUMIFS(J$2:J$51,$A$2:$A$51,$A61,$B$2:$B$51,"Summer",$C$2:$C$51,$C61)*(2/3)+SUMIFS(J$2:J$51,$A$2:$A$51,$A61,$B$2:$B$51,"Winter",$C$2:$C$51,$C61)*(1/3) -> 0 | K61: =SUMIFS(K$2:K$51,$A$2:$A$51,$A61,$B$2:$B$51,"Summer",$C$2:$C$51,$C61)*(2/3)+SUMIFS(K$2:K$51,$A$2:$A$51,$A61,$B$2:$B$51,"Winter",$C$2:$C$51,$C61)*(1/3) -> 0 | ... AA61: =SUMIFS(AA$2:AA$51,$A$2:$A$51,$A61,$B$2:$B$51,"Summer",$C$2:$C$51,$C61)*(2/3)+SUMIFS(AA$2:AA$51,$A$2:$A$51,$A61,$B$2:$B$51,"Winter",$C$2:$C$51,$C61)*(1/3) -> 0
A62: 16 | B62: Winter | C62: 1 | D62: 0.772 | E62: 0.544 | F62: 0.325 | G62: 0.338 | H62: -0.162 | I62: 0.074 | J62: 1.65 | K62: 3.074 | L62: 4.376 | M62: 5.13 | N62: 5.062 | O62: 5.001 | P62: 4.881 | Q62: 4.645 | R62: 4.283 | S62: 3.37 | T62: 3.194 | U62: 3.697 | V62: 3.885 | W62: 3.683 | X62: 3.386 | Y62: 2.986 | Z62: 2.155 | AA62: 1.415
A63: 16 | B63: Summer | C63: 1 | D63: 1.4277744 | E63: 1.2041721 | F63: 0.98056984 | G63: 0.98056984 | H63: 0.98056984 | I63: 1.0364704 | J63: 1.6909776 | K63: 2.5168896 | L63: 3.557981 | M63: 4.3049183 | N63: 4.36942 | O63: 4.5414233 | P63: 4.7618003 | Q63: 5.3386836 | R63: 4.8158245 | S63: 4.6997237 | T63: 4.5793209 | U63: 3.9300113 | V63: 3.9945126 | W63: 3.7709084 | X63: 3.6032066 | Y63: 3.2500019 | Z63: 2.9354992 | AA63: 2.3632908
A64: 16 | B64: Spring | C64: 1 | D64: =SUMIFS(D$2:D$51,$A$2:$A$51,$A64,$B$2:$B$51,"Winter",$C$2:$C$51,$C64)*(2/3)+SUMIFS(D$2:D$51,$A$2:$A$51,$A64,$B$2:$B$51,"Summer",$C$2:$C$51,$C64)*(1/3) -> 0 | E64: =SUMIFS(E$2:E$51,$A$2:$A$51,$A64,$B$2:$B$51,"Winter",$C$2:$C$51,$C64)*(2/3)+SUMIFS(E$2:E$51,$A$2:$A$51,$A64,$B$2:$B$51,"Summer",$C$2:$C$51,$C64)*(1/3) -> 0 | F64: =SUMIFS(F$2:F$51,$A$2:$A$51,$A64,$B$2:$B$51,"Winter",$C$2:$C$51,$C64)*(2/3)+SUMIFS(F$2:F$51,$A$2:$A$51,$A64,$B$2:$B$51,"Summer",$C$2:$C$51,$C64)*(1/3) -> 0 | G64: =SUMIFS(G$2:G$51,$A$2:$A$51,$A64,$B$2:$B$51,"Winter",$C$2:$C$51,$C64)*(2/3)+SUMIFS(G$2:G$51,$A$2:$A$51,$A64,$B$2:$B$51,"Summer",$C$2:$C$51,$C64)*(1/3) -> 0 | H64: =SUMIFS(H$2:H$51,$A$2:$A$51,$A64,$B$2:$B$51,"Winter",$C$2:$C$51,$C64)*(2/3)+SUMIFS(H$2:H$51,$A$2:$A$51,$A64,$B$2:$B$51,"Summer",$C$2:$C$51,$C64)*(1/3) -> 0 | I64: =SUMIFS(I$2:I$51,$A$2:$A$51,$A64,$B$2:$B$51,"Winter",$C$2:$C$51,$C64)*(2/3)+SUMIFS(I$2:I$51,$A$2:$A$51,$A64,$B$2:$B$51,"Summer",$C$2:$C$51,$C64)*(1/3) -> 0 | J64: =SUMIFS(J$2:J$51,$A$2:$A$51,$A64,$B$2:$B$51,"Winter",$C$2:$C$51,$C64)*(2/3)+SUMIFS(J$2:J$51,$A$2:$A$51,$A64,$B$2:$B$51,"Summer",$C$2:$C$51,$C64)*(1/3) -> 0 | K64: =SUMIFS(K$2:K$51,$A$2:$A$51,$A64,$B$2:$B$51,"Winter",$C$2:$C$51,$C64)*(2/3)+SUMIFS(K$2:K$51,$A$2:$A$51,$A64,$B$2:$B$51,"Summer",$C$2:$C$51,$C64)*(1/3) -> 0 | ... AA64: =SUMIFS(AA$2:AA$51,$A$2:$A$51,$A64,$B$2:$B$51,"Winter",$C$2:$C$51,$C64)*(2/3)+SUMIFS(AA$2:AA$51,$A$2:$A$51,$A64,$B$2:$B$51,"Summer",$C$2:$C$51,$C64)*(1/3) -> 0
A65: 16 | B65: Autumn | C65: 1 | D65: =SUMIFS(D$2:D$51,$A$2:$A$51,$A65,$B$2:$B$51,"Summer",$C$2:$C$51,$C65)*(2/3)+SUMIFS(D$2:D$51,$A$2:$A$51,$A65,$B$2:$B$51,"Winter",$C$2:$C$51,$C65)*(1/3) -> 0 | E65: =SUMIFS(E$2:E$51,$A$2:$A$51,$A65,$B$2:$B$51,"Summer",$C$2:$C$51,$C65)*(2/3)+SUMIFS(E$2:E$51,$A$2:$A$51,$A65,$B$2:$B$51,"Winter",$C$2:$C$51,$C65)*(1/3) -> 0 | F65: =SUMIFS(F$2:F$51,$A$2:$A$51,$A65,$B$2:$B$51,"Summer",$C$2:$C$51,$C65)*(2/3)+SUMIFS(F$2:F$51,$A$2:$A$51,$A65,$B$2:$B$51,"Winter",$C$2:$C$51,$C65)*(1/3) -> 0 | G65: =SUMIFS(G$2:G$51,$A$2:$A$51,$A65,$B$2:$B$51,"Summer",$C$2:$C$51,$C65)*(2/3)+SUMIFS(G$2:G$51,$A$2:$A$51,$A65,$B$2:$B$51,"Winter",$C$2:$C$51,$C65)*(1/3) -> 0 | H65: =SUMIFS(H$2:H$51,$A$2:$A$51,$A65,$B$2:$B$51,"Summer",$C$2:$C$51,$C65)*(2/3)+SUMIFS(H$2:H$51,$A$2:$A$51,$A65,$B$2:$B$51,"Winter",$C$2:$C$51,$C65)*(1/3) -> 0 | I65: =SUMIFS(I$2:I$51,$A$2:$A$51,$A65,$B$2:$B$51,"Summer",$C$2:$C$51,$C65)*(2/3)+SUMIFS(I$2:I$51,$A$2:$A$51,$A65,$B$2:$B$51,"Winter",$C$2:$C$51,$C65)*(1/3) -> 0 | J65: =SUMIFS(J$2:J$51,$A$2:$A$51,$A65,$B$2:$B$51,"Summer",$C$2:$C$51,$C65)*(2/3)+SUMIFS(J$2:J$51,$A$2:$A$51,$A65,$B$2:$B$51,"Winter",$C$2:$C$51,$C65)*(1/3) -> 0 | K65: =SUMIFS(K$2:K$51,$A$2:$A$51,$A65,$B$2:$B$51,"Summer",$C$2:$C$51,$C65)*(2/3)+SUMIFS(K$2:K$51,$A$2:$A$51,$A65,$B$2:$B$51,"Winter",$C$2:$C$51,$C65)*(1/3) -> 0 | ... AA65: =SUMIFS(AA$2:AA$51,$A$2:$A$51,$A65,$B$2:$B$51,"Summer",$C$2:$C$51,$C65)*(2/3)+SUMIFS(AA$2:AA$51,$A$2:$A$51,$A65,$B$2:$B$51,"Winter",$C$2:$C$51,$C65)*(1/3) -> 0
A66: 17 | B66: Winter | C66: 1 | D66: -1.646 | E66: -1.889 | F66: -1.933 | G66: -1.915 | H66: -1.816 | I66: -1.586 | J66: -0.237 | K66: 0.587 | L66: 0.998 | M66: 0.579 | N66: 0.675 | O66: 1.049 | P66: 1.191 | Q66: 1.182 | R66: 0.533 | S66: 0.283 | T66: 0.288 | U66: 0.327 | V66: -0.071 | W66: -0.507 | X66: -0.134 | Y66: -0.547 | Z66: -1.452 | AA66: -1.514
A67: 17 | B67: Summer | C67: 1 | D67: -1.6571372 | E67: -1.941681 | F67: -1.8856331 | G67: -1.8168617 | H67: -1.8831956 | I67: -1.8198673 | J67: -0.67940237 | K67: 0.24841399 | L67: 0.26731763 | M67: 0.67682679 | N67: 0.67037741 | O67: 0.74022646 | P67: 0.98506561 | Q67: 0.88221799 | R67: -0.04078948 | S67: 0.010809757 | T67: 0.068589458 | U67: 0.18912211 | V67: 0.014836925 | W67: 0.053035785 | X67: 0.22678924 | Y67: -0.11937359 | Z67: -0.86040787 | AA67: -1.011335
A68: 17 | B68: Spring | C68: 1 | D68: =SUMIFS(D$2:D$51,$A$2:$A$51,$A68,$B$2:$B$51,"Winter",$C$2:$C$51,$C68)*(2/3)+SUMIFS(D$2:D$51,$A$2:$A$51,$A68,$B$2:$B$51,"Summer",$C$2:$C$51,$C68)*(1/3) -> 0 | E68: =SUMIFS(E$2:E$51,$A$2:$A$51,$A68,$B$2:$B$51,"Winter",$C$2:$C$51,$C68)*(2/3)+SUMIFS(E$2:E$51,$A$2:$A$51,$A68,$B$2:$B$51,"Summer",$C$2:$C$51,$C68)*(1/3) -> 0 | F68: =SUMIFS(F$2:F$51,$A$2:$A$51,$A68,$B$2:$B$51,"Winter",$C$2:$C$51,$C68)*(2/3)+SUMIFS(F$2:F$51,$A$2:$A$51,$A68,$B$2:$B$51,"Summer",$C$2:$C$51,$C68)*(1/3) -> 0 | G68: =SUMIFS(G$2:G$51,$A$2:$A$51,$A68,$B$2:$B$51,"Winter",$C$2:$C$51,$C68)*(2/3)+SUMIFS(G$2:G$51,$A$2:$A$51,$A68,$B$2:$B$51,"Summer",$C$2:$C$51,$C68)*(1/3) -> 0 | H68: =SUMIFS(H$2:H$51,$A$2:$A$51,$A68,$B$2:$B$51,"Winter",$C$2:$C$51,$C68)*(2/3)+SUMIFS(H$2:H$51,$A$2:$A$51,$A68,$B$2:$B$51,"Summer",$C$2:$C$51,$C68)*(1/3) -> 0 | I68: =SUMIFS(I$2:I$51,$A$2:$A$51,$A68,$B$2:$B$51,"Winter",$C$2:$C$51,$C68)*(2/3)+SUMIFS(I$2:I$51,$A$2:$A$51,$A68,$B$2:$B$51,"Summer",$C$2:$C$51,$C68)*(1/3) -> 0 | J68: =SUMIFS(J$2:J$51,$A$2:$A$51,$A68,$B$2:$B$51,"Winter",$C$2:$C$51,$C68)*(2/3)+SUMIFS(J$2:J$51,$A$2:$A$51,$A68,$B$2:$B$51,"Summer",$C$2:$C$51,$C68)*(1/3) -> 0 | K68: =SUMIFS(K$2:K$51,$A$2:$A$51,$A68,$B$2:$B$51,"Winter",$C$2:$C$51,$C68)*(2/3)+SUMIFS(K$2:K$51,$A$2:$A$51,$A68,$B$2:$B$51,"Summer",$C$2:$C$51,$C68)*(1/3) -> 0 | ... AA68: =SUMIFS(AA$2:AA$51,$A$2:$A$51,$A68,$B$2:$B$51,"Winter",$C$2:$C$51,$C68)*(2/3)+SUMIFS(AA$2:AA$51,$A$2:$A$51,$A68,$B$2:$B$51,"Summer",$C$2:$C$51,$C68)*(1/3) -> 0
A69: 17 | B69: Autumn | C69: 1 | D69: =SUMIFS(D$2:D$51,$A$2:$A$51,$A69,$B$2:$B$51,"Summer",$C$2:$C$51,$C69)*(2/3)+SUMIFS(D$2:D$51,$A$2:$A$51,$A69,$B$2:$B$51,"Winter",$C$2:$C$51,$C69)*(1/3) -> 0 | E69: =SUMIFS(E$2:E$51,$A$2:$A$51,$A69,$B$2:$B$51,"Summer",$C$2:$C$51,$C69)*(2/3)+SUMIFS(E$2:E$51,$A$2:$A$51,$A69,$B$2:$B$51,"Winter",$C$2:$C$51,$C69)*(1/3) -> 0 | F69: =SUMIFS(F$2:F$51,$A$2:$A$51,$A69,$B$2:$B$51,"Summer",$C$2:$C$51,$C69)*(2/3)+SUMIFS(F$2:F$51,$A$2:$A$51,$A69,$B$2:$B$51,"Winter",$C$2:$C$51,$C69)*(1/3) -> 0 | G69: =SUMIFS(G$2:G$51,$A$2:$A$51,$A69,$B$2:$B$51,"Summer",$C$2:$C$51,$C69)*(2/3)+SUMIFS(G$2:G$51,$A$2:$A$51,$A69,$B$2:$B$51,"Winter",$C$2:$C$51,$C69)*(1/3) -> 0 | H69: =SUMIFS(H$2:H$51,$A$2:$A$51,$A69,$B$2:$B$51,"Summer",$C$2:$C$51,$C69)*(2/3)+SUMIFS(H$2:H$51,$A$2:$A$51,$A69,$B$2:$B$51,"Winter",$C$2:$C$51,$C69)*(1/3) -> 0 | I69: =SUMIFS(I$2:I$51,$A$2:$A$51,$A69,$B$2:$B$51,"Summer",$C$2:$C$51,$C69)*(2/3)+SUMIFS(I$2:I$51,$A$2:$A$51,$A69,$B$2:$B$51,"Winter",$C$2:$C$51,$C69)*(1/3) -> 0 | J69: =SUMIFS(J$2:J$51,$A$2:$A$51,$A69,$B$2:$B$51,"Summer",$C$2:$C$51,$C69)*(2/3)+SUMIFS(J$2:J$51,$A$2:$A$51,$A69,$B$2:$B$51,"Winter",$C$2:$C$51,$C69)*(1/3) -> 0 | K69: =SUMIFS(K$2:K$51,$A$2:$A$51,$A69,$B$2:$B$51,"Summer",$C$2:$C$51,$C69)*(2/3)+SUMIFS(K$2:K$51,$A$2:$A$51,$A69,$B$2:$B$51,"Winter",$C$2:$C$51,$C69)*(1/3) -> 0 | ... AA69: =SUMIFS(AA$2:AA$51,$A$2:$A$51,$A69,$B$2:$B$51,"Summer",$C$2:$C$51,$C69)*(2/3)+SUMIFS(AA$2:AA$51,$A$2:$A$51,$A69,$B$2:$B$51,"Winter",$C$2:$C$51,$C69)*(1/3) -> 0
A70: 18 | B70: Winter | C70: 1 | D70: 3.446 | E70: 4.25 | F70: 4.25 | G70: 4.25 | H70: 4.25 | I70: 4.25 | J70: 2.105 | K70: 0.229 | L70: -0.04 | M70: -1.112 | N70: -0.308 | O70: -0.844 | P70: -1.112 | Q70: -1.112 | R70: -0.04 | S70: 0.776 | T70: 1.048 | U70: 1.048 | V70: 1.048 | W70: 1.316 | X70: 2.121 | Y70: 2.121 | Z70: 3.193 | AA70: 3.193
A71: 18 | B71: Summer | C71: 1 | D71: 1.771328 | E71: 1.771328 | F71: 1.771328 | G71: 1.771328 | H71: 1.771328 | I71: 1.771328 | J71: 1.2273493 | K71: -0.12094021 | L71: -0.38904381 | M71: -0.38904381 | N71: -0.38904381 | O71: -0.38904381 | P71: -0.38904381 | Q71: -0.38904381 | R71: -0.38904381 | S71: -0.38904381 | T71: -0.38904381 | U71: 0.41526699 | V71: 0.68337059 | W71: 0.68337059 | X71: 0.68337059 | Y71: 0.68337059 | Z71: 0.68337059 | AA71: 1.4876828
A72: 18 | B72: Spring | C72: 1 | D72: =SUMIFS(D$2:D$51,$A$2:$A$51,$A72,$B$2:$B$51,"Winter",$C$2:$C$51,$C72)*(2/3)+SUMIFS(D$2:D$51,$A$2:$A$51,$A72,$B$2:$B$51,"Summer",$C$2:$C$51,$C72)*(1/3) -> 0 | E72: =SUMIFS(E$2:E$51,$A$2:$A$51,$A72,$B$2:$B$51,"Winter",$C$2:$C$51,$C72)*(2/3)+SUMIFS(E$2:E$51,$A$2:$A$51,$A72,$B$2:$B$51,"Summer",$C$2:$C$51,$C72)*(1/3) -> 0 | F72: =SUMIFS(F$2:F$51,$A$2:$A$51,$A72,$B$2:$B$51,"Winter",$C$2:$C$51,$C72)*(2/3)+SUMIFS(F$2:F$51,$A$2:$A$51,$A72,$B$2:$B$51,"Summer",$C$2:$C$51,$C72)*(1/3) -> 0 | G72: =SUMIFS(G$2:G$51,$A$2:$A$51,$A72,$B$2:$B$51,"Winter",$C$2:$C$51,$C72)*(2/3)+SUMIFS(G$2:G$51,$A$2:$A$51,$A72,$B$2:$B$51,"Summer",$C$2:$C$51,$C72)*(1/3) -> 0 | H72: =SUMIFS(H$2:H$51,$A$2:$A$51,$A72,$B$2:$B$51,"Winter",$C$2:$C$51,$C72)*(2/3)+SUMIFS(H$2:H$51,$A$2:$A$51,$A72,$B$2:$B$51,"Summer",$C$2:$C$51,$C72)*(1/3) -> 0 | I72: =SUMIFS(I$2:I$51,$A$2:$A$51,$A72,$B$2:$B$51,"Winter",$C$2:$C$51,$C72)*(2/3)+SUMIFS(I$2:I$51,$A$2:$A$51,$A72,$B$2:$B$51,"Summer",$C$2:$C$51,$C72)*(1/3) -> 0 | J72: =SUMIFS(J$2:J$51,$A$2:$A$51,$A72,$B$2:$B$51,"Winter",$C$2:$C$51,$C72)*(2/3)+SUMIFS(J$2:J$51,$A$2:$A$51,$A72,$B$2:$B$51,"Summer",$C$2:$C$51,$C72)*(1/3) -> 0 | K72: =SUMIFS(K$2:K$51,$A$2:$A$51,$A72,$B$2:$B$51,"Winter",$C$2:$C$51,$C72)*(2/3)+SUMIFS(K$2:K$51,$A$2:$A$51,$A72,$B$2:$B$51,"Summer",$C$2:$C$51,$C72)*(1/3) -> 0 | ... AA72: =SUMIFS(AA$2:AA$51,$A$2:$A$51,$A72,$B$2:$B$51,"Winter",$C$2:$C$51,$C72)*(2/3)+SUMIFS(AA$2:AA$51,$A$2:$A$51,$A72,$B$2:$B$51,"Summer",$C$2:$C$51,$C72)*(1/3) -> 0
A73: 18 | B73: Autumn | C73: 1 | D73: =SUMIFS(D$2:D$51,$A$2:$A$51,$A73,$B$2:$B$51,"Summer",$C$2:$C$51,$C73)*(2/3)+SUMIFS(D$2:D$51,$A$2:$A$51,$A73,$B$2:$B$51,"Winter",$C$2:$C$51,$C73)*(1/3) -> 0 | E73: =SUMIFS(E$2:E$51,$A$2:$A$51,$A73,$B$2:$B$51,"Summer",$C$2:$C$51,$C73)*(2/3)+SUMIFS(E$2:E$51,$A$2:$A$51,$A73,$B$2:$B$51,"Winter",$C$2:$C$51,$C73)*(1/3) -> 0 | F73: =SUMIFS(F$2:F$51,$A$2:$A$51,$A73,$B$2:$B$51,"Summer",$C$2:$C$51,$C73)*(2/3)+SUMIFS(F$2:F$51,$A$2:$A$51,$A73,$B$2:$B$51,"Winter",$C$2:$C$51,$C73)*(1/3) -> 0 | G73: =SUMIFS(G$2:G$51,$A$2:$A$51,$A73,$B$2:$B$51,"Summer",$C$2:$C$51,$C73)*(2/3)+SUMIFS(G$2:G$51,$A$2:$A$51,$A73,$B$2:$B$51,"Winter",$C$2:$C$51,$C73)*(1/3) -> 0 | H73: =SUMIFS(H$2:H$51,$A$2:$A$51,$A73,$B$2:$B$51,"Summer",$C$2:$C$51,$C73)*(2/3)+SUMIFS(H$2:H$51,$A$2:$A$51,$A73,$B$2:$B$51,"Winter",$C$2:$C$51,$C73)*(1/3) -> 0 | I73: =SUMIFS(I$2:I$51,$A$2:$A$51,$A73,$B$2:$B$51,"Summer",$C$2:$C$51,$C73)*(2/3)+SUMIFS(I$2:I$51,$A$2:$A$51,$A73,$B$2:$B$51,"Winter",$C$2:$C$51,$C73)*(1/3) -> 0 | J73: =SUMIFS(J$2:J$51,$A$2:$A$51,$A73,$B$2:$B$51,"Summer",$C$2:$C$51,$C73)*(2/3)+SUMIFS(J$2:J$51,$A$2:$A$51,$A73,$B$2:$B$51,"Winter",$C$2:$C$51,$C73)*(1/3) -> 0 | K73: =SUMIFS(K$2:K$51,$A$2:$A$51,$A73,$B$2:$B$51,"Summer",$C$2:$C$51,$C73)*(2/3)+SUMIFS(K$2:K$51,$A$2:$A$51,$A73,$B$2:$B$51,"Winter",$C$2:$C$51,$C73)*(1/3) -> 0 | ... AA73: =SUMIFS(AA$2:AA$51,$A$2:$A$51,$A73,$B$2:$B$51,"Summer",$C$2:$C$51,$C73)*(2/3)+SUMIFS(AA$2:AA$51,$A$2:$A$51,$A73,$B$2:$B$51,"Winter",$C$2:$C$51,$C73)*(1/3) -> 0
A74: 19 | B74: Winter | C74: 1 | D74: 1.583 | E74: 1.009 | F74: 1.408 | G74: 1.549 | H74: 1.544 | I74: 1.412 | J74: 1.869 | K74: 1.758 | L74: 2.347 | M74: 1.962 | N74: 1.505 | O74: 1.419 | P74: 1.756 | Q74: 1.234 | R74: 1.317 | S74: 1.325 | T74: 1.748 | U74: 1.607 | V74: 1.53 | W74: 1.794 | X74: 1.868 | Y74: 1.437 | Z74: 1.161 | AA74: 1.398
A75: 19 | B75: Summer | C75: 1 | D75: 1.779 | E75: 1.315 | F75: 1.2 | G75: 1.065 | H75: 1.664 | I75: 1.565 | J75: 2.047 | K75: 2.122 | L75: 1.293 | M75: 0.699 | N75: 1.598 | O75: 1.509 | P75: 1.669 | Q75: 1.197 | R75: 1.236 | S75: 1.17 | T75: 1.274 | U75: 2.269 | V75: 2.066 | W75: 2.212 | X75: 2.367 | Y75: 2.187 | Z75: 1.59 | AA75: 1.466
A76: 19 | B76: Spring | C76: 1 | D76: =SUMIFS(D$2:D$51,$A$2:$A$51,$A76,$B$2:$B$51,"Winter",$C$2:$C$51,$C76)*(2/3)+SUMIFS(D$2:D$51,$A$2:$A$51,$A76,$B$2:$B$51,"Summer",$C$2:$C$51,$C76)*(1/3) -> 0 | E76: =SUMIFS(E$2:E$51,$A$2:$A$51,$A76,$B$2:$B$51,"Winter",$C$2:$C$51,$C76)*(2/3)+SUMIFS(E$2:E$51,$A$2:$A$51,$A76,$B$2:$B$51,"Summer",$C$2:$C$51,$C76)*(1/3) -> 0 | F76: =SUMIFS(F$2:F$51,$A$2:$A$51,$A76,$B$2:$B$51,"Winter",$C$2:$C$51,$C76)*(2/3)+SUMIFS(F$2:F$51,$A$2:$A$51,$A76,$B$2:$B$51,"Summer",$C$2:$C$51,$C76)*(1/3) -> 0 | G76: =SUMIFS(G$2:G$51,$A$2:$A$51,$A76,$B$2:$B$51,"Winter",$C$2:$C$51,$C76)*(2/3)+SUMIFS(G$2:G$51,$A$2:$A$51,$A76,$B$2:$B$51,"Summer",$C$2:$C$51,$C76)*(1/3) -> 0 | H76: =SUMIFS(H$2:H$51,$A$2:$A$51,$A76,$B$2:$B$51,"Winter",$C$2:$C$51,$C76)*(2/3)+SUMIFS(H$2:H$51,$A$2:$A$51,$A76,$B$2:$B$51,"Summer",$C$2:$C$51,$C76)*(1/3) -> 0 | I76: =SUMIFS(I$2:I$51,$A$2:$A$51,$A76,$B$2:$B$51,"Winter",$C$2:$C$51,$C76)*(2/3)+SUMIFS(I$2:I$51,$A$2:$A$51,$A76,$B$2:$B$51,"Summer",$C$2:$C$51,$C76)*(1/3) -> 0 | J76: =SUMIFS(J$2:J$51,$A$2:$A$51,$A76,$B$2:$B$51,"Winter",$C$2:$C$51,$C76)*(2/3)+SUMIFS(J$2:J$51,$A$2:$A$51,$A76,$B$2:$B$51,"Summer",$C$2:$C$51,$C76)*(1/3) -> 0 | K76: =SUMIFS(K$2:K$51,$A$2:$A$51,$A76,$B$2:$B$51,"Winter",$C$2:$C$51,$C76)*(2/3)+SUMIFS(K$2:K$51,$A$2:$A$51,$A76,$B$2:$B$51,"Summer",$C$2:$C$51,$C76)*(1/3) -> 0 | ... AA76: =SUMIFS(AA$2:AA$51,$A$2:$A$51,$A76,$B$2:$B$51,"Winter",$C$2:$C$51,$C76)*(2/3)+SUMIFS(AA$2:AA$51,$A$2:$A$51,$A76,$B$2:$B$51,"Summer",$C$2:$C$51,$C76)*(1/3) -> 0
A77: 19 | B77: Autumn | C77: 1 | D77: =SUMIFS(D$2:D$51,$A$2:$A$51,$A77,$B$2:$B$51,"Summer",$C$2:$C$51,$C77)*(2/3)+SUMIFS(D$2:D$51,$A$2:$A$51,$A77,$B$2:$B$51,"Winter",$C$2:$C$51,$C77)*(1/3) -> 0 | E77: =SUMIFS(E$2:E$51,$A$2:$A$51,$A77,$B$2:$B$51,"Summer",$C$2:$C$51,$C77)*(2/3)+SUMIFS(E$2:E$51,$A$2:$A$51,$A77,$B$2:$B$51,"Winter",$C$2:$C$51,$C77)*(1/3) -> 0 | F77: =SUMIFS(F$2:F$51,$A$2:$A$51,$A77,$B$2:$B$51,"Summer",$C$2:$C$51,$C77)*(2/3)+SUMIFS(F$2:F$51,$A$2:$A$51,$A77,$B$2:$B$51,"Winter",$C$2:$C$51,$C77)*(1/3) -> 0 | G77: =SUMIFS(G$2:G$51,$A$2:$A$51,$A77,$B$2:$B$51,"Summer",$C$2:$C$51,$C77)*(2/3)+SUMIFS(G$2:G$51,$A$2:$A$51,$A77,$B$2:$B$51,"Winter",$C$2:$C$51,$C77)*(1/3) -> 0 | H77: =SUMIFS(H$2:H$51,$A$2:$A$51,$A77,$B$2:$B$51,"Summer",$C$2:$C$51,$C77)*(2/3)+SUMIFS(H$2:H$51,$A$2:$A$51,$A77,$B$2:$B$51,"Winter",$C$2:$C$51,$C77)*(1/3) -> 0 | I77: =SUMIFS(I$2:I$51,$A$2:$A$51,$A77,$B$2:$B$51,"Summer",$C$2:$C$51,$C77)*(2/3)+SUMIFS(I$2:I$51,$A$2:$A$51,$A77,$B$2:$B$51,"Winter",$C$2:$C$51,$C77)*(1/3) -> 0 | J77: =SUMIFS(J$2:J$51,$A$2:$A$51,$A77,$B$2:$B$51,"Summer",$C$2:$C$51,$C77)*(2/3)+SUMIFS(J$2:J$51,$A$2:$A$51,$A77,$B$2:$B$51,"Winter",$C$2:$C$51,$C77)*(1/3) -> 0 | K77: =SUMIFS(K$2:K$51,$A$2:$A$51,$A77,$B$2:$B$51,"Summer",$C$2:$C$51,$C77)*(2/3)+SUMIFS(K$2:K$51,$A$2:$A$51,$A77,$B$2:$B$51,"Winter",$C$2:$C$51,$C77)*(1/3) -> 0 | ... AA77: =SUMIFS(AA$2:AA$51,$A$2:$A$51,$A77,$B$2:$B$51,"Summer",$C$2:$C$51,$C77)*(2/3)+SUMIFS(AA$2:AA$51,$A$2:$A$51,$A77,$B$2:$B$51,"Winter",$C$2:$C$51,$C77)*(1/3) -> 0
A78: 20 | B78: Winter | C78: 1 | D78: -2.191 | E78: -2.926 | F78: -3.052 | G78: -3.052 | H78: -3.052 | I78: -2.883 | J78: -1.46 | K78: -0.675 | L78: 0.256 | M78: 0.829 | N78: -0.343 | O78: -0.261 | P78: 0.115 | Q78: 0.038 | R78: -0.196 | S78: -1.095 | T78: -1.46 | U78: -0.572 | V78: -0.517 | W78: -0.212 | X78: -0.087 | Y78: -0.763 | Z78: -1.286 | AA78: -1.613
A79: 20 | B79: Summer | C79: 1 | D79: -0.31389601 | E79: -0.36210765 | F79: -0.63087833 | G79: -0.63789232 | H79: -0.38595994 | I79: -0.63268826 | J79: -0.51304986 | K79: 0.48616331 | L79: 1.3917879 | M79: 1.8145666 | N79: 1.2112062 | O79: 1.4751034 | P79: 1.6966378 | Q79: 1.7476369 | R79: 1.5652622 | S79: 1.1153003 | T79: 1.1263461 | U79: 1.0433422 | V79: 0.76140289 | W79: 0.8201891 | X79: 1.1026023 | Y79: 0.78034021 | Z79: 0.43829634 | AA79: 0.11722956
A80: 20 | B80: Spring | C80: 1 | D80: =SUMIFS(D$2:D$51,$A$2:$A$51,$A80,$B$2:$B$51,"Winter",$C$2:$C$51,$C80)*(2/3)+SUMIFS(D$2:D$51,$A$2:$A$51,$A80,$B$2:$B$51,"Summer",$C$2:$C$51,$C80)*(1/3) -> 0 | E80: =SUMIFS(E$2:E$51,$A$2:$A$51,$A80,$B$2:$B$51,"Winter",$C$2:$C$51,$C80)*(2/3)+SUMIFS(E$2:E$51,$A$2:$A$51,$A80,$B$2:$B$51,"Summer",$C$2:$C$51,$C80)*(1/3) -> 0 | F80: =SUMIFS(F$2:F$51,$A$2:$A$51,$A80,$B$2:$B$51,"Winter",$C$2:$C$51,$C80)*(2/3)+SUMIFS(F$2:F$51,$A$2:$A$51,$A80,$B$2:$B$51,"Summer",$C$2:$C$51,$C80)*(1/3) -> 0 | G80: =SUMIFS(G$2:G$51,$A$2:$A$51,$A80,$B$2:$B$51,"Winter",$C$2:$C$51,$C80)*(2/3)+SUMIFS(G$2:G$51,$A$2:$A$51,$A80,$B$2:$B$51,"Summer",$C$2:$C$51,$C80)*(1/3) -> 0 | H80: =SUMIFS(H$2:H$51,$A$2:$A$51,$A80,$B$2:$B$51,"Winter",$C$2:$C$51,$C80)*(2/3)+SUMIFS(H$2:H$51,$A$2:$A$51,$A80,$B$2:$B$51,"Summer",$C$2:$C$51,$C80)*(1/3) -> 0 | I80: =SUMIFS(I$2:I$51,$A$2:$A$51,$A80,$B$2:$B$51,"Winter",$C$2:$C$51,$C80)*(2/3)+SUMIFS(I$2:I$51,$A$2:$A$51,$A80,$B$2:$B$51,"Summer",$C$2:$C$51,$C80)*(1/3) -> 0 | J80: =SUMIFS(J$2:J$51,$A$2:$A$51,$A80,$B$2:$B$51,"Winter",$C$2:$C$51,$C80)*(2/3)+SUMIFS(J$2:J$51,$A$2:$A$51,$A80,$B$2:$B$51,"Summer",$C$2:$C$51,$C80)*(1/3) -> 0 | K80: =SUMIFS(K$2:K$51,$A$2:$A$51,$A80,$B$2:$B$51,"Winter",$C$2:$C$51,$C80)*(2/3)+SUMIFS(K$2:K$51,$A$2:$A$51,$A80,$B$2:$B$51,"Summer",$C$2:$C$51,$C80)*(1/3) -> 0 | ... AA80: =SUMIFS(AA$2:AA$51,$A$2:$A$51,$A80,$B$2:$B$51,"Winter",$C$2:$C$51,$C80)*(2/3)+SUMIFS(AA$2:AA$51,$A$2:$A$51,$A80,$B$2:$B$51,"Summer",$C$2:$C$51,$C80)*(1/3) -> 0
A81: 20 | B81: Autumn | C81: 1 | D81: =SUMIFS(D$2:D$51,$A$2:$A$51,$A81,$B$2:$B$51,"Summer",$C$2:$C$51,$C81)*(2/3)+SUMIFS(D$2:D$51,$A$2:$A$51,$A81,$B$2:$B$51,"Winter",$C$2:$C$51,$C81)*(1/3) -> 0 | E81: =SUMIFS(E$2:E$51,$A$2:$A$51,$A81,$B$2:$B$51,"Summer",$C$2:$C$51,$C81)*(2/3)+SUMIFS(E$2:E$51,$A$2:$A$51,$A81,$B$2:$B$51,"Winter",$C$2:$C$51,$C81)*(1/3) -> 0 | F81: =SUMIFS(F$2:F$51,$A$2:$A$51,$A81,$B$2:$B$51,"Summer",$C$2:$C$51,$C81)*(2/3)+SUMIFS(F$2:F$51,$A$2:$A$51,$A81,$B$2:$B$51,"Winter",$C$2:$C$51,$C81)*(1/3) -> 0 | G81: =SUMIFS(G$2:G$51,$A$2:$A$51,$A81,$B$2:$B$51,"Summer",$C$2:$C$51,$C81)*(2/3)+SUMIFS(G$2:G$51,$A$2:$A$51,$A81,$B$2:$B$51,"Winter",$C$2:$C$51,$C81)*(1/3) -> 0 | H81: =SUMIFS(H$2:H$51,$A$2:$A$51,$A81,$B$2:$B$51,"Summer",$C$2:$C$51,$C81)*(2/3)+SUMIFS(H$2:H$51,$A$2:$A$51,$A81,$B$2:$B$51,"Winter",$C$2:$C$51,$C81)*(1/3) -> 0 | I81: =SUMIFS(I$2:I$51,$A$2:$A$51,$A81,$B$2:$B$51,"Summer",$C$2:$C$51,$C81)*(2/3)+SUMIFS(I$2:I$51,$A$2:$A$51,$A81,$B$2:$B$51,"Winter",$C$2:$C$51,$C81)*(1/3) -> 0 | J81: =SUMIFS(J$2:J$51,$A$2:$A$51,$A81,$B$2:$B$51,"Summer",$C$2:$C$51,$C81)*(2/3)+SUMIFS(J$2:J$51,$A$2:$A$51,$A81,$B$2:$B$51,"Winter",$C$2:$C$51,$C81)*(1/3) -> 0 | K81: =SUMIFS(K$2:K$51,$A$2:$A$51,$A81,$B$2:$B$51,"Summer",$C$2:$C$51,$C81)*(2/3)+SUMIFS(K$2:K$51,$A$2:$A$51,$A81,$B$2:$B$51,"Winter",$C$2:$C$51,$C81)*(1/3) -> 0 | ... AA81: =SUMIFS(AA$2:AA$51,$A$2:$A$51,$A81,$B$2:$B$51,"Summer",$C$2:$C$51,$C81)*(2/3)+SUMIFS(AA$2:AA$51,$A$2:$A$51,$A81,$B$2:$B$51,"Winter",$C$2:$C$51,$C81)*(1/3) -> 0
A82: 21 | B82: Winter | C82: 1 | D82: 0.758 | E82: 0.758 | F82: 0.758 | G82: 0.758 | H82: 0.758 | I82: 0.758 | J82: 0.758 | K82: 0.758 | L82: 0.758 | M82: 0.758 | N82: 0.758 | O82: 0.758 | P82: 0.758 | Q82: 0.758 | R82: 0.758 | S82: 0.758 | T82: 0.758 | U82: 0.758 | V82: 0.758 | W82: 0.758 | X82: 0.758 | Y82: 0.758 | Z82: 0.758 | AA82: 0.758
A83: 21 | B83: Summer | C83: 1 | D83: 0.379 | E83: 0.435 | F83: 0.63 | G83: 0.725 | H83: -0.657 | I83: -0.518 | J83: 0.151 | K83: 1.011 | L83: 1.28 | M83: 1.348 | N83: 1.291 | O83: 1.223 | P83: 1.479 | Q83: 1.413 | R83: 1.177 | S83: 0.993 | T83: 0.848 | U83: 0.8 | V83: 0.866 | W83: 1.065 | X83: 0.995 | Y83: 1.028 | Z83: 0.344 | AA83: -0.411
A84: 21 | B84: Spring | C84: 1 | D84: =SUMIFS(D$2:D$51,$A$2:$A$51,$A84,$B$2:$B$51,"Winter",$C$2:$C$51,$C84)*(2/3)+SUMIFS(D$2:D$51,$A$2:$A$51,$A84,$B$2:$B$51,"Summer",$C$2:$C$51,$C84)*(1/3) -> 0 | E84: =SUMIFS(E$2:E$51,$A$2:$A$51,$A84,$B$2:$B$51,"Winter",$C$2:$C$51,$C84)*(2/3)+SUMIFS(E$2:E$51,$A$2:$A$51,$A84,$B$2:$B$51,"Summer",$C$2:$C$51,$C84)*(1/3) -> 0 | F84: =SUMIFS(F$2:F$51,$A$2:$A$51,$A84,$B$2:$B$51,"Winter",$C$2:$C$51,$C84)*(2/3)+SUMIFS(F$2:F$51,$A$2:$A$51,$A84,$B$2:$B$51,"Summer",$C$2:$C$51,$C84)*(1/3) -> 0 | G84: =SUMIFS(G$2:G$51,$A$2:$A$51,$A84,$B$2:$B$51,"Winter",$C$2:$C$51,$C84)*(2/3)+SUMIFS(G$2:G$51,$A$2:$A$51,$A84,$B$2:$B$51,"Summer",$C$2:$C$51,$C84)*(1/3) -> 0 | H84: =SUMIFS(H$2:H$51,$A$2:$A$51,$A84,$B$2:$B$51,"Winter",$C$2:$C$51,$C84)*(2/3)+SUMIFS(H$2:H$51,$A$2:$A$51,$A84,$B$2:$B$51,"Summer",$C$2:$C$51,$C84)*(1/3) -> 0 | I84: =SUMIFS(I$2:I$51,$A$2:$A$51,$A84,$B$2:$B$51,"Winter",$C$2:$C$51,$C84)*(2/3)+SUMIFS(I$2:I$51,$A$2:$A$51,$A84,$B$2:$B$51,"Summer",$C$2:$C$51,$C84)*(1/3) -> 0 | J84: =SUMIFS(J$2:J$51,$A$2:$A$51,$A84,$B$2:$B$51,"Winter",$C$2:$C$51,$C84)*(2/3)+SUMIFS(J$2:J$51,$A$2:$A$51,$A84,$B$2:$B$51,"Summer",$C$2:$C$51,$C84)*(1/3) -> 0 | K84: =SUMIFS(K$2:K$51,$A$2:$A$51,$A84,$B$2:$B$51,"Winter",$C$2:$C$51,$C84)*(2/3)+SUMIFS(K$2:K$51,$A$2:$A$51,$A84,$B$2:$B$51,"Summer",$C$2:$C$51,$C84)*(1/3) -> 0 | ... AA84: =SUMIFS(AA$2:AA$51,$A$2:$A$51,$A84,$B$2:$B$51,"Winter",$C$2:$C$51,$C84)*(2/3)+SUMIFS(AA$2:AA$51,$A$2:$A$51,$A84,$B$2:$B$51,"Summer",$C$2:$C$51,$C84)*(1/3) -> 0
A85: 21 | B85: Autumn | C85: 1 | D85: =SUMIFS(D$2:D$51,$A$2:$A$51,$A85,$B$2:$B$51,"Summer",$C$2:$C$51,$C85)*(2/3)+SUMIFS(D$2:D$51,$A$2:$A$51,$A85,$B$2:$B$51,"Winter",$C$2:$C$51,$C85)*(1/3) -> 0 | E85: =SUMIFS(E$2:E$51,$A$2:$A$51,$A85,$B$2:$B$51,"Summer",$C$2:$C$51,$C85)*(2/3)+SUMIFS(E$2:E$51,$A$2:$A$51,$A85,$B$2:$B$51,"Winter",$C$2:$C$51,$C85)*(1/3) -> 0 | F85: =SUMIFS(F$2:F$51,$A$2:$A$51,$A85,$B$2:$B$51,"Summer",$C$2:$C$51,$C85)*(2/3)+SUMIFS(F$2:F$51,$A$2:$A$51,$A85,$B$2:$B$51,"Winter",$C$2:$C$51,$C85)*(1/3) -> 0 | G85: =SUMIFS(G$2:G$51,$A$2:$A$51,$A85,$B$2:$B$51,"Summer",$C$2:$C$51,$C85)*(2/3)+SUMIFS(G$2:G$51,$A$2:$A$51,$A85,$B$2:$B$51,"Winter",$C$2:$C$51,$C85)*(1/3) -> 0 | H85: =SUMIFS(H$2:H$51,$A$2:$A$51,$A85,$B$2:$B$51,"Summer",$C$2:$C$51,$C85)*(2/3)+SUMIFS(H$2:H$51,$A$2:$A$51,$A85,$B$2:$B$51,"Winter",$C$2:$C$51,$C85)*(1/3) -> 0 | I85: =SUMIFS(I$2:I$51,$A$2:$A$51,$A85,$B$2:$B$51,"Summer",$C$2:$C$51,$C85)*(2/3)+SUMIFS(I$2:I$51,$A$2:$A$51,$A85,$B$2:$B$51,"Winter",$C$2:$C$51,$C85)*(1/3) -> 0 | J85: =SUMIFS(J$2:J$51,$A$2:$A$51,$A85,$B$2:$B$51,"Summer",$C$2:$C$51,$C85)*(2/3)+SUMIFS(J$2:J$51,$A$2:$A$51,$A85,$B$2:$B$51,"Winter",$C$2:$C$51,$C85)*(1/3) -> 0 | K85: =SUMIFS(K$2:K$51,$A$2:$A$51,$A85,$B$2:$B$51,"Summer",$C$2:$C$51,$C85)*(2/3)+SUMIFS(K$2:K$51,$A$2:$A$51,$A85,$B$2:$B$51,"Winter",$C$2:$C$51,$C85)*(1/3) -> 0 | ... AA85: =SUMIFS(AA$2:AA$51,$A$2:$A$51,$A85,$B$2:$B$51,"Summer",$C$2:$C$51,$C85)*(2/3)+SUMIFS(AA$2:AA$51,$A$2:$A$51,$A85,$B$2:$B$51,"Winter",$C$2:$C$51,$C85)*(1/3) -> 0
A86: 22 | B86: Winter | C86: 1 | D86: 1.658 | E86: 1.558 | F86: 1.294 | G86: 1.512 | H86: 1.491 | I86: 1.641 | J86: 1.754 | K86: 2.039 | L86: 1.939 | M86: 2.043 | N86: 2.039 | O86: 2.06 | P86: 2.269 | Q86: 2.265 | R86: 1.859 | S86: 1.767 | T86: 1.503 | U86: 1.541 | V86: 1.541 | W86: 1.759 | X86: 1.541 | Y86: 1.675 | Z86: 1.394 | AA86: 1.39
A87: 22 | B87: Summer | C87: 1 | D87: 0.36814308 | E87: 0.36814308 | F87: 0.36814308 | G87: 0.36814308 | H87: 0.36814308 | I87: 0.36814308 | J87: 0.36814308 | K87: 0.13370323 | L87: -0.10073662 | M87: -0.11329508 | N87: -0.054684638 | O87: -0.03375244 | P87: -0.03375244 | Q87: -0.03375244 | R87: -0.03375244 | S87: -0.03375244 | T87: -0.03375244 | U87: -0.03375244 | V87: 0.37232923 | W87: 0.18394089 | X87: 0.18394089 | Y87: 0.18394089 | Z87: 0.18394089 | AA87: 0.18394089
A88: 22 | B88: Spring | C88: 1 | D88: =SUMIFS(D$2:D$51,$A$2:$A$51,$A88,$B$2:$B$51,"Winter",$C$2:$C$51,$C88)*(2/3)+SUMIFS(D$2:D$51,$A$2:$A$51,$A88,$B$2:$B$51,"Summer",$C$2:$C$51,$C88)*(1/3) -> 0 | E88: =SUMIFS(E$2:E$51,$A$2:$A$51,$A88,$B$2:$B$51,"Winter",$C$2:$C$51,$C88)*(2/3)+SUMIFS(E$2:E$51,$A$2:$A$51,$A88,$B$2:$B$51,"Summer",$C$2:$C$51,$C88)*(1/3) -> 0 | F88: =SUMIFS(F$2:F$51,$A$2:$A$51,$A88,$B$2:$B$51,"Winter",$C$2:$C$51,$C88)*(2/3)+SUMIFS(F$2:F$51,$A$2:$A$51,$A88,$B$2:$B$51,"Summer",$C$2:$C$51,$C88)*(1/3) -> 0 | G88: =SUMIFS(G$2:G$51,$A$2:$A$51,$A88,$B$2:$B$51,"Winter",$C$2:$C$51,$C88)*(2/3)+SUMIFS(G$2:G$51,$A$2:$A$51,$A88,$B$2:$B$51,"Summer",$C$2:$C$51,$C88)*(1/3) -> 0 | H88: =SUMIFS(H$2:H$51,$A$2:$A$51,$A88,$B$2:$B$51,"Winter",$C$2:$C$51,$C88)*(2/3)+SUMIFS(H$2:H$51,$A$2:$A$51,$A88,$B$2:$B$51,"Summer",$C$2:$C$51,$C88)*(1/3) -> 0 | I88: =SUMIFS(I$2:I$51,$A$2:$A$51,$A88,$B$2:$B$51,"Winter",$C$2:$C$51,$C88)*(2/3)+SUMIFS(I$2:I$51,$A$2:$A$51,$A88,$B$2:$B$51,"Summer",$C$2:$C$51,$C88)*(1/3) -> 0 | J88: =SUMIFS(J$2:J$51,$A$2:$A$51,$A88,$B$2:$B$51,"Winter",$C$2:$C$51,$C88)*(2/3)+SUMIFS(J$2:J$51,$A$2:$A$51,$A88,$B$2:$B$51,"Summer",$C$2:$C$51,$C88)*(1/3) -> 0 | K88: =SUMIFS(K$2:K$51,$A$2:$A$51,$A88,$B$2:$B$51,"Winter",$C$2:$C$51,$C88)*(2/3)+SUMIFS(K$2:K$51,$A$2:$A$51,$A88,$B$2:$B$51,"Summer",$C$2:$C$51,$C88)*(1/3) -> 0 | ... AA88: =SUMIFS(AA$2:AA$51,$A$2:$A$51,$A88,$B$2:$B$51,"Winter",$C$2:$C$51,$C88)*(2/3)+SUMIFS(AA$2:AA$51,$A$2:$A$51,$A88,$B$2:$B$51,"Summer",$C$2:$C$51,$C88)*(1/3) -> 0
A89: 22 | B89: Autumn | C89: 1 | D89: =SUMIFS(D$2:D$51,$A$2:$A$51,$A89,$B$2:$B$51,"Summer",$C$2:$C$51,$C89)*(2/3)+SUMIFS(D$2:D$51,$A$2:$A$51,$A89,$B$2:$B$51,"Winter",$C$2:$C$51,$C89)*(1/3) -> 0 | E89: =SUMIFS(E$2:E$51,$A$2:$A$51,$A89,$B$2:$B$51,"Summer",$C$2:$C$51,$C89)*(2/3)+SUMIFS(E$2:E$51,$A$2:$A$51,$A89,$B$2:$B$51,"Winter",$C$2:$C$51,$C89)*(1/3) -> 0 | F89: =SUMIFS(F$2:F$51,$A$2:$A$51,$A89,$B$2:$B$51,"Summer",$C$2:$C$51,$C89)*(2/3)+SUMIFS(F$2:F$51,$A$2:$A$51,$A89,$B$2:$B$51,"Winter",$C$2:$C$51,$C89)*(1/3) -> 0 | G89: =SUMIFS(G$2:G$51,$A$2:$A$51,$A89,$B$2:$B$51,"Summer",$C$2:$C$51,$C89)*(2/3)+SUMIFS(G$2:G$51,$A$2:$A$51,$A89,$B$2:$B$51,"Winter",$C$2:$C$51,$C89)*(1/3) -> 0 | H89: =SUMIFS(H$2:H$51,$A$2:$A$51,$A89,$B$2:$B$51,"Summer",$C$2:$C$51,$C89)*(2/3)+SUMIFS(H$2:H$51,$A$2:$A$51,$A89,$B$2:$B$51,"Winter",$C$2:$C$51,$C89)*(1/3) -> 0 | I89: =SUMIFS(I$2:I$51,$A$2:$A$51,$A89,$B$2:$B$51,"Summer",$C$2:$C$51,$C89)*(2/3)+SUMIFS(I$2:I$51,$A$2:$A$51,$A89,$B$2:$B$51,"Winter",$C$2:$C$51,$C89)*(1/3) -> 0 | J89: =SUMIFS(J$2:J$51,$A$2:$A$51,$A89,$B$2:$B$51,"Summer",$C$2:$C$51,$C89)*(2/3)+SUMIFS(J$2:J$51,$A$2:$A$51,$A89,$B$2:$B$51,"Winter",$C$2:$C$51,$C89)*(1/3) -> 0 | K89: =SUMIFS(K$2:K$51,$A$2:$A$51,$A89,$B$2:$B$51,"Summer",$C$2:$C$51,$C89)*(2/3)+SUMIFS(K$2:K$51,$A$2:$A$51,$A89,$B$2:$B$51,"Winter",$C$2:$C$51,$C89)*(1/3) -> 0 | ... AA89: =SUMIFS(AA$2:AA$51,$A$2:$A$51,$A89,$B$2:$B$51,"Summer",$C$2:$C$51,$C89)*(2/3)+SUMIFS(AA$2:AA$51,$A$2:$A$51,$A89,$B$2:$B$51,"Winter",$C$2:$C$51,$C89)*(1/3) -> 0
A90: 23 | B90: Winter | C90: 1 | D90: 9.657 | E90: 7.95 | F90: 7.507 | G90: 6.912 | H90: 7.016 | I90: 7.295 | J90: 2.956 | K90: 0.587 | L90: 0.412 | M90: 0.912 | N90: 5.791 | O90: 4.957 | P90: 3.083 | Q90: 4.905 | R90: 6.951 | S90: 8.108 | T90: 7.237 | U90: 1.109 | V90: 2.315 | W90: 2.306 | X90: 2.635 | Y90: 5.131 | Z90: 8.057 | AA90: 7.004
A91: 23 | B91: Summer | C91: 1 | D91: -24.765778 | E91: -23.936287 | F91: -24.696962 | G91: -25.303293 | H91: -24.648731 | I91: -31.67169 | J91: -26.992126 | K91: -5.0992156 | L91: 0.51908936 | M91: -4.5200577 | N91: -6.6909418 | O91: -9.1605715 | P91: -11.066032 | Q91: -12.012319 | R91: -13.177393 | S91: -10.122701 | T91: -8.6296744 | U91: -9.4413803 | V91: -8.0042342 | W91: -10.679701 | X91: -17.214918 | Y91: -13.071286 | Z91: -14.948362 | AA91: -21.568266
A92: 23 | B92: Spring | C92: 1 | D92: =SUMIFS(D$2:D$51,$A$2:$A$51,$A92,$B$2:$B$51,"Winter",$C$2:$C$51,$C92)*(2/3)+SUMIFS(D$2:D$51,$A$2:$A$51,$A92,$B$2:$B$51,"Summer",$C$2:$C$51,$C92)*(1/3) -> 0 | E92: =SUMIFS(E$2:E$51,$A$2:$A$51,$A92,$B$2:$B$51,"Winter",$C$2:$C$51,$C92)*(2/3)+SUMIFS(E$2:E$51,$A$2:$A$51,$A92,$B$2:$B$51,"Summer",$C$2:$C$51,$C92)*(1/3) -> 0 | F92: =SUMIFS(F$2:F$51,$A$2:$A$51,$A92,$B$2:$B$51,"Winter",$C$2:$C$51,$C92)*(2/3)+SUMIFS(F$2:F$51,$A$2:$A$51,$A92,$B$2:$B$51,"Summer",$C$2:$C$51,$C92)*(1/3) -> 0 | G92: =SUMIFS(G$2:G$51,$A$2:$A$51,$A92,$B$2:$B$51,"Winter",$C$2:$C$51,$C92)*(2/3)+SUMIFS(G$2:G$51,$A$2:$A$51,$A92,$B$2:$B$51,"Summer",$C$2:$C$51,$C92)*(1/3) -> 0 | H92: =SUMIFS(H$2:H$51,$A$2:$A$51,$A92,$B$2:$B$51,"Winter",$C$2:$C$51,$C92)*(2/3)+SUMIFS(H$2:H$51,$A$2:$A$51,$A92,$B$2:$B$51,"Summer",$C$2:$C$51,$C92)*(1/3) -> 0 | I92: =SUMIFS(I$2:I$51,$A$2:$A$51,$A92,$B$2:$B$51,"Winter",$C$2:$C$51,$C92)*(2/3)+SUMIFS(I$2:I$51,$A$2:$A$51,$A92,$B$2:$B$51,"Summer",$C$2:$C$51,$C92)*(1/3) -> 0 | J92: =SUMIFS(J$2:J$51,$A$2:$A$51,$A92,$B$2:$B$51,"Winter",$C$2:$C$51,$C92)*(2/3)+SUMIFS(J$2:J$51,$A$2:$A$51,$A92,$B$2:$B$51,"Summer",$C$2:$C$51,$C92)*(1/3) -> 0 | K92: =SUMIFS(K$2:K$51,$A$2:$A$51,$A92,$B$2:$B$51,"Winter",$C$2:$C$51,$C92)*(2/3)+SUMIFS(K$2:K$51,$A$2:$A$51,$A92,$B$2:$B$51,"Summer",$C$2:$C$51,$C92)*(1/3) -> 0 | ... AA92: =SUMIFS(AA$2:AA$51,$A$2:$A$51,$A92,$B$2:$B$51,"Winter",$C$2:$C$51,$C92)*(2/3)+SUMIFS(AA$2:AA$51,$A$2:$A$51,$A92,$B$2:$B$51,"Summer",$C$2:$C$51,$C92)*(1/3) -> 0
A93: 23 | B93: Autumn | C93: 1 | D93: =SUMIFS(D$2:D$51,$A$2:$A$51,$A93,$B$2:$B$51,"Summer",$C$2:$C$51,$C93)*(2/3)+SUMIFS(D$2:D$51,$A$2:$A$51,$A93,$B$2:$B$51,"Winter",$C$2:$C$51,$C93)*(1/3) -> 0 | E93: =SUMIFS(E$2:E$51,$A$2:$A$51,$A93,$B$2:$B$51,"Summer",$C$2:$C$51,$C93)*(2/3)+SUMIFS(E$2:E$51,$A$2:$A$51,$A93,$B$2:$B$51,"Winter",$C$2:$C$51,$C93)*(1/3) -> 0 | F93: =SUMIFS(F$2:F$51,$A$2:$A$51,$A93,$B$2:$B$51,"Summer",$C$2:$C$51,$C93)*(2/3)+SUMIFS(F$2:F$51,$A$2:$A$51,$A93,$B$2:$B$51,"Winter",$C$2:$C$51,$C93)*(1/3) -> 0 | G93: =SUMIFS(G$2:G$51,$A$2:$A$51,$A93,$B$2:$B$51,"Summer",$C$2:$C$51,$C93)*(2/3)+SUMIFS(G$2:G$51,$A$2:$A$51,$A93,$B$2:$B$51,"Winter",$C$2:$C$51,$C93)*(1/3) -> 0 | H93: =SUMIFS(H$2:H$51,$A$2:$A$51,$A93,$B$2:$B$51,"Summer",$C$2:$C$51,$C93)*(2/3)+SUMIFS(H$2:H$51,$A$2:$A$51,$A93,$B$2:$B$51,"Winter",$C$2:$C$51,$C93)*(1/3) -> 0 | I93: =SUMIFS(I$2:I$51,$A$2:$A$51,$A93,$B$2:$B$51,"Summer",$C$2:$C$51,$C93)*(2/3)+SUMIFS(I$2:I$51,$A$2:$A$51,$A93,$B$2:$B$51,"Winter",$C$2:$C$51,$C93)*(1/3) -> 0 | J93: =SUMIFS(J$2:J$51,$A$2:$A$51,$A93,$B$2:$B$51,"Summer",$C$2:$C$51,$C93)*(2/3)+SUMIFS(J$2:J$51,$A$2:$A$51,$A93,$B$2:$B$51,"Winter",$C$2:$C$51,$C93)*(1/3) -> 0 | K93: =SUMIFS(K$2:K$51,$A$2:$A$51,$A93,$B$2:$B$51,"Summer",$C$2:$C$51,$C93)*(2/3)+SUMIFS(K$2:K$51,$A$2:$A$51,$A93,$B$2:$B$51,"Winter",$C$2:$C$51,$C93)*(1/3) -> 0 | ... AA93: =SUMIFS(AA$2:AA$51,$A$2:$A$51,$A93,$B$2:$B$51,"Summer",$C$2:$C$51,$C93)*(2/3)+SUMIFS(AA$2:AA$51,$A$2:$A$51,$A93,$B$2:$B$51,"Winter",$C$2:$C$51,$C93)*(1/3) -> 0
A94: 24 | B94: Winter | C94: 1 | D94: -18.967 | E94: -22.333 | F94: -21.738 | G94: -21.451 | H94: -21.359 | I94: -21.079 | J94: -5.942 | K94: 4.331 | L94: 8.089 | M94: 11.975 | N94: 7.673 | O94: 6.496 | P94: 6.76 | Q94: 7.072 | R94: 3.67 | S94: -2.017 | T94: -3.723 | U94: 5.268 | V94: 7.516 | W94: 5.577 | X94: 4.071 | Y94: 1.83 | Z94: -5.865 | AA94: -7.6
A95: 24 | B95: Summer | C95: 1 | D95: -7.942039 | E95: -12.751043 | F95: -11.376486 | G95: -11.201298 | H95: -10.684859 | I95: -13.026929 | J95: -8.3060572 | K95: -1.2879572 | L95: 0.49942661 | M95: 8.7117894 | N95: 9.918011 | O95: 9.1043909 | P95: 10.953074 | Q95: 12.075394 | R95: 9.5469711 | S95: 5.5109451 | T95: -0.77945017 | U95: -1.471411 | V95: -1.6383555 | W95: -3.6478846 | X95: -4.5753813 | Y95: -1.5420098 | Z95: -6.633615 | AA95: -9.4396524
A96: 24 | B96: Spring | C96: 1 | D96: =SUMIFS(D$2:D$51,$A$2:$A$51,$A96,$B$2:$B$51,"Winter",$C$2:$C$51,$C96)*(2/3)+SUMIFS(D$2:D$51,$A$2:$A$51,$A96,$B$2:$B$51,"Summer",$C$2:$C$51,$C96)*(1/3) -> 0 | E96: =SUMIFS(E$2:E$51,$A$2:$A$51,$A96,$B$2:$B$51,"Winter",$C$2:$C$51,$C96)*(2/3)+SUMIFS(E$2:E$51,$A$2:$A$51,$A96,$B$2:$B$51,"Summer",$C$2:$C$51,$C96)*(1/3) -> 0 | F96: =SUMIFS(F$2:F$51,$A$2:$A$51,$A96,$B$2:$B$51,"Winter",$C$2:$C$51,$C96)*(2/3)+SUMIFS(F$2:F$51,$A$2:$A$51,$A96,$B$2:$B$51,"Summer",$C$2:$C$51,$C96)*(1/3) -> 0 | G96: =SUMIFS(G$2:G$51,$A$2:$A$51,$A96,$B$2:$B$51,"Winter",$C$2:$C$51,$C96)*(2/3)+SUMIFS(G$2:G$51,$A$2:$A$51,$A96,$B$2:$B$51,"Summer",$C$2:$C$51,$C96)*(1/3) -> 0 | H96: =SUMIFS(H$2:H$51,$A$2:$A$51,$A96,$B$2:$B$51,"Winter",$C$2:$C$51,$C96)*(2/3)+SUMIFS(H$2:H$51,$A$2:$A$51,$A96,$B$2:$B$51,"Summer",$C$2:$C$51,$C96)*(1/3) -> 0 | I96: =SUMIFS(I$2:I$51,$A$2:$A$51,$A96,$B$2:$B$51,"Winter",$C$2:$C$51,$C96)*(2/3)+SUMIFS(I$2:I$51,$A$2:$A$51,$A96,$B$2:$B$51,"Summer",$C$2:$C$51,$C96)*(1/3) -> 0 | J96: =SUMIFS(J$2:J$51,$A$2:$A$51,$A96,$B$2:$B$51,"Winter",$C$2:$C$51,$C96)*(2/3)+SUMIFS(J$2:J$51,$A$2:$A$51,$A96,$B$2:$B$51,"Summer",$C$2:$C$51,$C96)*(1/3) -> 0 | K96: =SUMIFS(K$2:K$51,$A$2:$A$51,$A96,$B$2:$B$51,"Winter",$C$2:$C$51,$C96)*(2/3)+SUMIFS(K$2:K$51,$A$2:$A$51,$A96,$B$2:$B$51,"Summer",$C$2:$C$51,$C96)*(1/3) -> 0 | ... AA96: =SUMIFS(AA$2:AA$51,$A$2:$A$51,$A96,$B$2:$B$51,"Winter",$C$2:$C$51,$C96)*(2/3)+SUMIFS(AA$2:AA$51,$A$2:$A$51,$A96,$B$2:$B$51,"Summer",$C$2:$C$51,$C96)*(1/3) -> 0
A97: 24 | B97: Autumn | C97: 1 | D97: =SUMIFS(D$2:D$51,$A$2:$A$51,$A97,$B$2:$B$51,"Summer",$C$2:$C$51,$C97)*(2/3)+SUMIFS(D$2:D$51,$A$2:$A$51,$A97,$B$2:$B$51,"Winter",$C$2:$C$51,$C97)*(1/3) -> 0 | E97: =SUMIFS(E$2:E$51,$A$2:$A$51,$A97,$B$2:$B$51,"Summer",$C$2:$C$51,$C97)*(2/3)+SUMIFS(E$2:E$51,$A$2:$A$51,$A97,$B$2:$B$51,"Winter",$C$2:$C$51,$C97)*(1/3) -> 0 | F97: =SUMIFS(F$2:F$51,$A$2:$A$51,$A97,$B$2:$B$51,"Summer",$C$2:$C$51,$C97)*(2/3)+SUMIFS(F$2:F$51,$A$2:$A$51,$A97,$B$2:$B$51,"Winter",$C$2:$C$51,$C97)*(1/3) -> 0 | G97: =SUMIFS(G$2:G$51,$A$2:$A$51,$A97,$B$2:$B$51,"Summer",$C$2:$C$51,$C97)*(2/3)+SUMIFS(G$2:G$51,$A$2:$A$51,$A97,$B$2:$B$51,"Winter",$C$2:$C$51,$C97)*(1/3) -> 0 | H97: =SUMIFS(H$2:H$51,$A$2:$A$51,$A97,$B$2:$B$51,"Summer",$C$2:$C$51,$C97)*(2/3)+SUMIFS(H$2:H$51,$A$2:$A$51,$A97,$B$2:$B$51,"Winter",$C$2:$C$51,$C97)*(1/3) -> 0 | I97: =SUMIFS(I$2:I$51,$A$2:$A$51,$A97,$B$2:$B$51,"Summer",$C$2:$C$51,$C97)*(2/3)+SUMIFS(I$2:I$51,$A$2:$A$51,$A97,$B$2:$B$51,"Winter",$C$2:$C$51,$C97)*(1/3) -> 0 | J97: =SUMIFS(J$2:J$51,$A$2:$A$51,$A97,$B$2:$B$51,"Summer",$C$2:$C$51,$C97)*(2/3)+SUMIFS(J$2:J$51,$A$2:$A$51,$A97,$B$2:$B$51,"Winter",$C$2:$C$51,$C97)*(1/3) -> 0 | K97: =SUMIFS(K$2:K$51,$A$2:$A$51,$A97,$B$2:$B$51,"Summer",$C$2:$C$51,$C97)*(2/3)+SUMIFS(K$2:K$51,$A$2:$A$51,$A97,$B$2:$B$51,"Winter",$C$2:$C$51,$C97)*(1/3) -> 0 | ... AA97: =SUMIFS(AA$2:AA$51,$A$2:$A$51,$A97,$B$2:$B$51,"Summer",$C$2:$C$51,$C97)*(2/3)+SUMIFS(AA$2:AA$51,$A$2:$A$51,$A97,$B$2:$B$51,"Winter",$C$2:$C$51,$C97)*(1/3) -> 0
A98: 25 | B98: Winter | C98: 1 | D98: 0 | E98: 0 | F98: 0 | G98: 0 | H98: 0 | I98: 0 | J98: 0 | K98: 0 | L98: 0 | M98: 0 | N98: 0 | O98: 0 | P98: 0 | Q98: 0 | R98: 0 | S98: 0 | T98: 0 | U98: 0 | V98: 0 | W98: 0 | X98: 0 | Y98: 0 | Z98: 0 | AA98: 0
A99: 25 | B99: Summer | C99: 1 | D99: 0 | E99: 0 | F99: 0 | G99: 0 | H99: 0 | I99: 0 | J99: 0 | K99: 0 | L99: 0 | M99: 0 | N99: 0 | O99: 0 | P99: 0 | Q99: 0 | R99: 0 | S99: 0 | T99: 0 | U99: 0 | V99: 0 | W99: 0 | X99: 0 | Y99: 0 | Z99: 0 | AA99: 0
A100: 25 | B100: Spring | C100: 1 | D100: 0 | E100: 0 | F100: 0 | G100: 0 | H100: 0 | I100: 0 | J100: 0 | K100: 0 | L100: 0 | M100: 0 | N100: 0 | O100: 0 | P100: 0 | Q100: 0 | R100: 0 | S100: 0 | T100: 0 | U100: 0 | V100: 0 | W100: 0 | X100: 0 | Y100: 0 | Z100: 0 | AA100: 0
...

Sheet Pc
A1: LoadID | B1: Season | C1: Scenario | D1: 0 | E1: 1 | F1: 2 | G1: 3 | H1: 4 | I1: 5 | J1: 6 | K1: 7 | L1: 8 | M1: 9 | N1: 10 | O1: 11 | P1: 12 | Q1: 13 | R1: 14 | S1: 15 | T1: 16 | U1: 17 | V1: 18 | W1: 19 | X1: 20 | Y1: 21 | Z1: 22 | AA1: 23
A2: 1 | B2: Winter | C2: 1 | D2: {='Pc, Original'!D2/MAX(ABS('Pc, Original'!$D2:$AA2))} -> 0.64518019 | E2: {='Pc, Original'!E2/MAX(ABS('Pc, Original'!$D2:$AA2))} -> 0.27717551 | F2: {='Pc, Original'!F2/MAX(ABS('Pc, Original'!$D2:$AA2))} -> 0.59800762 | G2: {='Pc, Original'!G2/MAX(ABS('Pc, Original'!$D2:$AA2))} -> 0.22355699 | H2: {='Pc, Original'!H2/MAX(ABS('Pc, Original'!$D2:$AA2))} -> 0.21300908 | I2: {='Pc, Original'!I2/MAX(ABS('Pc, Original'!$D2:$AA2))} -> 0.46147085 | J2: {='Pc, Original'!J2/MAX(ABS('Pc, Original'!$D2:$AA2))} -> 0.45707589 | K2: {='Pc, Original'!K2/MAX(ABS('Pc, Original'!$D2:$AA2))} -> 0.70084969 | ... AA2: {='Pc, Original'!AA2/MAX(ABS('Pc, Original'!$D2:$AA2))} -> 0.15997656
A3: 2 | B3: Winter | C3: 1 | D3: {='Pc, Original'!D3/MAX(ABS('Pc, Original'!$D3:$AA3))} -> 0.63645794 | E3: {='Pc, Original'!E3/MAX(ABS('Pc, Original'!$D3:$AA3))} -> 0.59365167 | F3: {='Pc, Original'!F3/MAX(ABS('Pc, Original'!$D3:$AA3))} -> 0.56249784 | G3: {='Pc, Original'!G3/MAX(ABS('Pc, Original'!$D3:$AA3))} -> 0.55852149 | H3: {='Pc, Original'!H3/MAX(ABS('Pc, Original'!$D3:$AA3))} -> 0.565264 | I3: {='Pc, Original'!I3/MAX(ABS('Pc, Original'!$D3:$AA3))} -> 0.62134781 | J3: {='Pc, Original'!J3/MAX(ABS('Pc, Original'!$D3:$AA3))} -> 0.74143356 | K3: {='Pc, Original'!K3/MAX(ABS('Pc, Original'!$D3:$AA3))} -> 0.89243111 | ... AA3: {='Pc, Original'!AA3/MAX(ABS('Pc, Original'!$D3:$AA3))} -> 0.71339165
A4: 3 | B4: Winter | C4: 1 | D4: {='Pc, Original'!D4/MAX(ABS('Pc, Original'!$D4:$AA4))} -> 0.56636202 | E4: {='Pc, Original'!E4/MAX(ABS('Pc, Original'!$D4:$AA4))} -> 0.52629764 | F4: {='Pc, Original'!F4/MAX(ABS('Pc, Original'!$D4:$AA4))} -> 0.47628902 | G4: {='Pc, Original'!G4/MAX(ABS('Pc, Original'!$D4:$AA4))} -> 0.51227223 | H4: {='Pc, Original'!H4/MAX(ABS('Pc, Original'!$D4:$AA4))} -> 0.51049031 | I4: {='Pc, Original'!I4/MAX(ABS('Pc, Original'!$D4:$AA4))} -> 0.53216072 | J4: {='Pc, Original'!J4/MAX(ABS('Pc, Original'!$D4:$AA4))} -> 0.79200437 | K4: {='Pc, Original'!K4/MAX(ABS('Pc, Original'!$D4:$AA4))} -> 0.88207737 | ... AA4: {='Pc, Original'!AA4/MAX(ABS('Pc, Original'!$D4:$AA4))} -> 0.61895729
A5: 4 | B5: Winter | C5: 1 | D5: {='Pc, Original'!D5/MAX(ABS('Pc, Original'!$D5:$AA5))} -> 0.65858927 | E5: {='Pc, Original'!E5/MAX(ABS('Pc, Original'!$D5:$AA5))} -> 0.57946574 | F5: {='Pc, Original'!F5/MAX(ABS('Pc, Original'!$D5:$AA5))} -> 0.54554496 | G5: {='Pc, Original'!G5/MAX(ABS('Pc, Original'!$D5:$AA5))} -> 0.53905381 | H5: {='Pc, Original'!H5/MAX(ABS('Pc, Original'!$D5:$AA5))} -> 0.56423774 | I5: {='Pc, Original'!I5/MAX(ABS('Pc, Original'!$D5:$AA5))} -> 0.60920524 | J5: {='Pc, Original'!J5/MAX(ABS('Pc, Original'!$D5:$AA5))} -> 0.7351249 | K5: {='Pc, Original'!K5/MAX(ABS('Pc, Original'!$D5:$AA5))} -> 0.82181966 | ... AA5: {='Pc, Original'!AA5/MAX(ABS('Pc, Original'!$D5:$AA5))} -> 0.74627855
A6: 5 | B6: Winter | C6: 1 | D6: {='Pc, Original'!D6/MAX(ABS('Pc, Original'!$D6:$AA6))} -> -0.58880635 | E6: {='Pc, Original'!E6/MAX(ABS('Pc, Original'!$D6:$AA6))} -> -0.65541111 | F6: {='Pc, Original'!F6/MAX(ABS('Pc, Original'!$D6:$AA6))} -> -0.71872362 | G6: {='Pc, Original'!G6/MAX(ABS('Pc, Original'!$D6:$AA6))} -> -0.71298329 | H6: {='Pc, Original'!H6/MAX(ABS('Pc, Original'!$D6:$AA6))} -> -0.69061287 | I6: {='Pc, Original'!I6/MAX(ABS('Pc, Original'!$D6:$AA6))} -> 0.69922337 | J6: {='Pc, Original'!J6/MAX(ABS('Pc, Original'!$D6:$AA6))} -> 0.83943947 | K6: {='Pc, Original'!K6/MAX(ABS('Pc, Original'!$D6:$AA6))} -> 1 | ... AA6: {='Pc, Original'!AA6/MAX(ABS('Pc, Original'!$D6:$AA6))} -> -0.43753166
A7: 6 | B7: Winter | C7: 1 | D7: 0 | E7: 0 | F7: 0 | G7: 0 | H7: 0 | I7: 0 | J7: 0 | K7: 0 | L7: 0 | M7: 0 | N7: 0 | O7: 0 | P7: 0 | Q7: 0 | R7: 0 | S7: 0 | T7: 0 | U7: 0 | V7: 0 | W7: 0 | X7: 0 | Y7: 0 | Z7: 0 | AA7: 0
A8: 7 | B8: Winter | C8: 1 | D8: {='Pc, Original'!D8/MAX(ABS('Pc, Original'!$D8:$AA8))} -> 0.74461067 | E8: {='Pc, Original'!E8/MAX(ABS('Pc, Original'!$D8:$AA8))} -> 0.79214277 | F8: {='Pc, Original'!F8/MAX(ABS('Pc, Original'!$D8:$AA8))} -> 0.83181176 | G8: {='Pc, Original'!G8/MAX(ABS('Pc, Original'!$D8:$AA8))} -> 0.93797856 | H8: {='Pc, Original'!H8/MAX(ABS('Pc, Original'!$D8:$AA8))} -> 0.99369773 | I8: {='Pc, Original'!I8/MAX(ABS('Pc, Original'!$D8:$AA8))} -> 0.61023089 | J8: {='Pc, Original'!J8/MAX(ABS('Pc, Original'!$D8:$AA8))} -> 0.19625398 | K8: {='Pc, Original'!K8/MAX(ABS('Pc, Original'!$D8:$AA8))} -> -0.58614089 | ... AA8: {='Pc, Original'!AA8/MAX(ABS('Pc, Original'!$D8:$AA8))} -> 0.66061963
A9: 8 | B9: Winter | C9: 1 | D9: {='Pc, Original'!D9/MAX(ABS('Pc, Original'!$D9:$AA9))} -> 0.59123137 | E9: {='Pc, Original'!E9/MAX(ABS('Pc, Original'!$D9:$AA9))} -> 0.54476146 | F9: {='Pc, Original'!F9/MAX(ABS('Pc, Original'!$D9:$AA9))} -> 0.51951907 | G9: {='Pc, Original'!G9/MAX(ABS('Pc, Original'!$D9:$AA9))} -> 0.50892666 | H9: {='Pc, Original'!H9/MAX(ABS('Pc, Original'!$D9:$AA9))} -> 0.50194336 | I9: {='Pc, Original'!I9/MAX(ABS('Pc, Original'!$D9:$AA9))} -> 0.5320762 | J9: {='Pc, Original'!J9/MAX(ABS('Pc, Original'!$D9:$AA9))} -> 0.66279417 | K9: {='Pc, Original'!K9/MAX(ABS('Pc, Original'!$D9:$AA9))} -> 0.75419639 | ... AA9: {='Pc, Original'!AA9/MAX(ABS('Pc, Original'!$D9:$AA9))} -> 0.63212745
A10: 9 | B10: Winter | C10: 1 | D10: {='Pc, Original'!D10/MAX(ABS('Pc, Original'!$D10:$AA10))} -> 0.55734937 | E10: {='Pc, Original'!E10/MAX(ABS('Pc, Original'!$D10:$AA10))} -> 0.48831787 | F10: {='Pc, Original'!F10/MAX(ABS('Pc, Original'!$D10:$AA10))} -> 0.46346784 | G10: {='Pc, Original'!G10/MAX(ABS('Pc, Original'!$D10:$AA10))} -> 0.45250574 | H10: {='Pc, Original'!H10/MAX(ABS('Pc, Original'!$D10:$AA10))} -> 0.44455765 | I10: {='Pc, Original'!I10/MAX(ABS('Pc, Original'!$D10:$AA10))} -> 0.50506307 | J10: {='Pc, Original'!J10/MAX(ABS('Pc, Original'!$D10:$AA10))} -> 0.69447519 | K10: {='Pc, Original'!K10/MAX(ABS('Pc, Original'!$D10:$AA10))} -> 0.83777271 | ... AA10: {='Pc, Original'!AA10/MAX(ABS('Pc, Original'!$D10:$AA10))} -> 0.69360985
A11: 10 | B11: Winter | C11: 1 | D11: {='Pc, Original'!D11/MAX(ABS('Pc, Original'!$D11:$AA11))} -> 0.61970888 | E11: {='Pc, Original'!E11/MAX(ABS('Pc, Original'!$D11:$AA11))} -> 0.60582232 | F11: {='Pc, Original'!F11/MAX(ABS('Pc, Original'!$D11:$AA11))} -> 0.57972227 | G11: {='Pc, Original'!G11/MAX(ABS('Pc, Original'!$D11:$AA11))} -> 0.58691651 | H11: {='Pc, Original'!H11/MAX(ABS('Pc, Original'!$D11:$AA11))} -> 0.58390497 | I11: {='Pc, Original'!I11/MAX(ABS('Pc, Original'!$D11:$AA11))} -> 0.62071273 | J11: {='Pc, Original'!J11/MAX(ABS('Pc, Original'!$D11:$AA11))} -> 0.78768613 | K11: {='Pc, Original'!K11/MAX(ABS('Pc, Original'!$D11:$AA11))} -> 0.89426134 | ... AA11: {='Pc, Original'!AA11/MAX(ABS('Pc, Original'!$D11:$AA11))} -> 0.69148402
A12: 11 | B12: Winter | C12: 1 | D12: {='Pc, Original'!D12/MAX(ABS('Pc, Original'!$D12:$AA12))} -> 0.52793023 | E12: {='Pc, Original'!E12/MAX(ABS('Pc, Original'!$D12:$AA12))} -> 0.51188457 | F12: {='Pc, Original'!F12/MAX(ABS('Pc, Original'!$D12:$AA12))} -> 0.50741413 | G12: {='Pc, Original'!G12/MAX(ABS('Pc, Original'!$D12:$AA12))} -> 0.5108867 | H12: {='Pc, Original'!H12/MAX(ABS('Pc, Original'!$D12:$AA12))} -> 0.53657174 | I12: {='Pc, Original'!I12/MAX(ABS('Pc, Original'!$D12:$AA12))} -> 0.61318778 | J12: {='Pc, Original'!J12/MAX(ABS('Pc, Original'!$D12:$AA12))} -> 0.82697028 | K12: {='Pc, Original'!K12/MAX(ABS('Pc, Original'!$D12:$AA12))} -> 0.96740974 | ... AA12: {='Pc, Original'!AA12/MAX(ABS('Pc, Original'!$D12:$AA12))} -> 0.5713573
A13: 12 | B13: Winter | C13: 1 | D13: {='Pc, Original'!D13/MAX(ABS('Pc, Original'!$D13:$AA13))} -> 0.63039207 | E13: {='Pc, Original'!E13/MAX(ABS('Pc, Original'!$D13:$AA13))} -> 0.61158417 | F13: {='Pc, Original'!F13/MAX(ABS('Pc, Original'!$D13:$AA13))} -> 0.54000187 | G13: {='Pc, Original'!G13/MAX(ABS('Pc, Original'!$D13:$AA13))} -> 0.5669505 | H13: {='Pc, Original'!H13/MAX(ABS('Pc, Original'!$D13:$AA13))} -> 0.58332554 | I13: {='Pc, Original'!I13/MAX(ABS('Pc, Original'!$D13:$AA13))} -> 0.6612707 | J13: {='Pc, Original'!J13/MAX(ABS('Pc, Original'!$D13:$AA13))} -> 0.76017591 | K13: {='Pc, Original'!K13/MAX(ABS('Pc, Original'!$D13:$AA13))} -> 0.91269767 | ... AA13: {='Pc, Original'!AA13/MAX(ABS('Pc, Original'!$D13:$AA13))} -> 0.72901656
A14: 13 | B14: Winter | C14: 1 | D14: {='Pc, Original'!D14/MAX(ABS('Pc, Original'!$D14:$AA14))} -> 0.3867011 | E14: {='Pc, Original'!E14/MAX(ABS('Pc, Original'!$D14:$AA14))} -> 0.3867011 | F14: {='Pc, Original'!F14/MAX(ABS('Pc, Original'!$D14:$AA14))} -> 0.3867011 | G14: {='Pc, Original'!G14/MAX(ABS('Pc, Original'!$D14:$AA14))} -> 0.3867011 | H14: {='Pc, Original'!H14/MAX(ABS('Pc, Original'!$D14:$AA14))} -> 0.41962556 | I14: {='Pc, Original'!I14/MAX(ABS('Pc, Original'!$D14:$AA14))} -> 0.37701743 | J14: {='Pc, Original'!J14/MAX(ABS('Pc, Original'!$D14:$AA14))} -> 0.61781795 | K14: {='Pc, Original'!K14/MAX(ABS('Pc, Original'!$D14:$AA14))} -> 0.65009684 | ... AA14: {='Pc, Original'!AA14/MAX(ABS('Pc, Original'!$D14:$AA14))} -> 0.42995481
A15: 14 | B15: Winter | C15: 1 | D15: {='Pc, Original'!D15/MAX(ABS('Pc, Original'!$D15:$AA15))} -> 0.88519637 | E15: {='Pc, Original'!E15/MAX(ABS('Pc, Original'!$D15:$AA15))} -> 0.88519637 | F15: {='Pc, Original'!F15/MAX(ABS('Pc, Original'!$D15:$AA15))} -> 0.88519637 | G15: {='Pc, Original'!G15/MAX(ABS('Pc, Original'!$D15:$AA15))} -> 0.87241459 | H15: {='Pc, Original'!H15/MAX(ABS('Pc, Original'!$D15:$AA15))} -> 0.97443644 | I15: {='Pc, Original'!I15/MAX(ABS('Pc, Original'!$D15:$AA15))} -> 0.91192191 | J15: {='Pc, Original'!J15/MAX(ABS('Pc, Original'!$D15:$AA15))} -> 0.92609807 | K15: {='Pc, Original'!K15/MAX(ABS('Pc, Original'!$D15:$AA15))} -> 0.77039275 | ... AA15: {='Pc, Original'!AA15/MAX(ABS('Pc, Original'!$D15:$AA15))} -> 0.85963281
A16: 15 | B16: Winter | C16: 1 | D16: {='Pc, Original'!D16/MAX(ABS('Pc, Original'!$D16:$AA16))} -> 0.50859805 | E16: {='Pc, Original'!E16/MAX(ABS('Pc, Original'!$D16:$AA16))} -> 0.47047861 | F16: {='Pc, Original'!F16/MAX(ABS('Pc, Original'!$D16:$AA16))} -> 0.44260906 | G16: {='Pc, Original'!G16/MAX(ABS('Pc, Original'!$D16:$AA16))} -> 0.43930538 | H16: {='Pc, Original'!H16/MAX(ABS('Pc, Original'!$D16:$AA16))} -> 0.43981364 | I16: {='Pc, Original'!I16/MAX(ABS('Pc, Original'!$D16:$AA16))} -> 0.49284202 | J16: {='Pc, Original'!J16/MAX(ABS('Pc, Original'!$D16:$AA16))} -> 0.75078357 | K16: {='Pc, Original'!K16/MAX(ABS('Pc, Original'!$D16:$AA16))} -> 0.91910208 | ... AA16: {='Pc, Original'!AA16/MAX(ABS('Pc, Original'!$D16:$AA16))} -> 0.61363829
A17: 16 | B17: Winter | C17: 1 | D17: {='Pc, Original'!D17/MAX(ABS('Pc, Original'!$D17:$AA17))} -> 0.68741739 | E17: {='Pc, Original'!E17/MAX(ABS('Pc, Original'!$D17:$AA17))} -> 0.6118508 | F17: {='Pc, Original'!F17/MAX(ABS('Pc, Original'!$D17:$AA17))} -> 0.58283633 | G17: {='Pc, Original'!G17/MAX(ABS('Pc, Original'!$D17:$AA17))} -> 0.57564718 | H17: {='Pc, Original'!H17/MAX(ABS('Pc, Original'!$D17:$AA17))} -> 0.57564718 | I17: {='Pc, Original'!I17/MAX(ABS('Pc, Original'!$D17:$AA17))} -> 0.60936845 | J17: {='Pc, Original'!J17/MAX(ABS('Pc, Original'!$D17:$AA17))} -> 0.7598891 | K17: {='Pc, Original'!K17/MAX(ABS('Pc, Original'!$D17:$AA17))} -> 0.869048 | ... AA17: {='Pc, Original'!AA17/MAX(ABS('Pc, Original'!$D17:$AA17))} -> 0.78132757
A18: 17 | B18: Winter | C18: 1 | D18: {='Pc, Original'!D18/MAX(ABS('Pc, Original'!$D18:$AA18))} -> 0.6335095 | E18: {='Pc, Original'!E18/MAX(ABS('Pc, Original'!$D18:$AA18))} -> 0.59299107 | F18: {='Pc, Original'!F18/MAX(ABS('Pc, Original'!$D18:$AA18))} -> 0.59538191 | G18: {='Pc, Original'!G18/MAX(ABS('Pc, Original'!$D18:$AA18))} -> 0.59682899 | H18: {='Pc, Original'!H18/MAX(ABS('Pc, Original'!$D18:$AA18))} -> 0.60827985 | I18: {='Pc, Original'!I18/MAX(ABS('Pc, Original'!$D18:$AA18))} -> 0.64860954 | J18: {='Pc, Original'!J18/MAX(ABS('Pc, Original'!$D18:$AA18))} -> 0.8391846 | K18: {='Pc, Original'!K18/MAX(ABS('Pc, Original'!$D18:$AA18))} -> 0.94878571 | ... AA18: {='Pc, Original'!AA18/MAX(ABS('Pc, Original'!$D18:$AA18))} -> 0.68459796
A19: 18 | B19: Winter | C19: 1 | D19: {='Pc, Original'!D19/MAX(ABS('Pc, Original'!$D19:$AA19))} -> 0.54025473 | E19: {='Pc, Original'!E19/MAX(ABS('Pc, Original'!$D19:$AA19))} -> 0.50756543 | F19: {='Pc, Original'!F19/MAX(ABS('Pc, Original'!$D19:$AA19))} -> 0.47926574 | G19: {='Pc, Original'!G19/MAX(ABS('Pc, Original'!$D19:$AA19))} -> 0.47437731 | H19: {='Pc, Original'!H19/MAX(ABS('Pc, Original'!$D19:$AA19))} -> 0.48438695 | I19: {='Pc, Original'!I19/MAX(ABS('Pc, Original'!$D19:$AA19))} -> 0.57410794 | J19: {='Pc, Original'!J19/MAX(ABS('Pc, Original'!$D19:$AA19))} -> 0.81137973 | K19: {='Pc, Original'!K19/MAX(ABS('Pc, Original'!$D19:$AA19))} -> 0.96029397 | ... AA19: {='Pc, Original'!AA19/MAX(ABS('Pc, Original'!$D19:$AA19))} -> 0.61507765
... A25: 24 | B25: Winter | C25: 1 | D25: {='Pc, Original'!D25/MAX(ABS('Pc, Original'!$D25:$AA25))} -> 0.059150805 | E25: {='Pc, Original'!E25/MAX(ABS('Pc, Original'!$D25:$AA25))} -> -0.065387994 | F25: {='Pc, Original'!F25/MAX(ABS('Pc, Original'!$D25:$AA25))} -> -0.024802343 | G25: {='Pc, Original'!G25/MAX(ABS('Pc, Original'!$D25:$AA25))} -> -0.10849195 | H25: {='Pc, Original'!H25/MAX(ABS('Pc, Original'!$D25:$AA25))} -> -0.078477306 | I25: {='Pc, Original'!I25/MAX(ABS('Pc, Original'!$D25:$AA25))} -> 0.016866764 | J25: {='Pc, Original'!J25/MAX(ABS('Pc, Original'!$D25:$AA25))} -> 0.16708638 | K25: {='Pc, Original'!K25/MAX(ABS('Pc, Original'!$D25:$AA25))} -> 0.61795022 | ... AA25: {='Pc, Original'!AA25/MAX(ABS('Pc, Original'!$D25:$AA25))} -> 0.088140556
A26: 25 | B26: Winter | C26: 1 | D26: 0 | E26: 0 | F26: 0 | G26: 0 | H26: 0 | I26: 0 | J26: 0 | K26: 0 | L26: 0 | M26: 0 | N26: 0 | O26: 0 | P26: 0 | Q26: 0 | R26: 0 | S26: 0 | T26: 0 | U26: 0 | V26: 0 | W26: 0 | X26: 0 | Y26: 0 | Z26: 0 | AA26: 0
A27: 26 | B27: Winter | C27: 1 | D27: 0 | E27: 0 | F27: 0 | G27: 0 | H27: 0 | I27: 0 | J27: 0 | K27: 0 | L27: 0 | M27: 0 | N27: 0 | O27: 0 | P27: 0 | Q27: 0 | R27: 0 | S27: 0 | T27: 0 | U27: 0 | V27: 0 | W27: 0 | X27: 0 | Y27: 0 | Z27: 0 | AA27: 0
A28: 1 | B28: Summer | C28: 1 | D28: {='Pc, Original'!D28/MAX(ABS('Pc, Original'!$D28:$AA28))} -> 0.072077094 | E28: {='Pc, Original'!E28/MAX(ABS('Pc, Original'!$D28:$AA28))} -> 0.12561014 | F28: {='Pc, Original'!F28/MAX(ABS('Pc, Original'!$D28:$AA28))} -> 0.31956995 | G28: {='Pc, Original'!G28/MAX(ABS('Pc, Original'!$D28:$AA28))} -> 0.19981047 | H28: {='Pc, Original'!H28/MAX(ABS('Pc, Original'!$D28:$AA28))} -> 0.45199267 | I28: {='Pc, Original'!I28/MAX(ABS('Pc, Original'!$D28:$AA28))} -> 0.77810473 | J28: {='Pc, Original'!J28/MAX(ABS('Pc, Original'!$D28:$AA28))} -> 0.52161861 | K28: {='Pc, Original'!K28/MAX(ABS('Pc, Original'!$D28:$AA28))} -> 0.061084328 | ... AA28: {='Pc, Original'!AA28/MAX(ABS('Pc, Original'!$D28:$AA28))} -> 0.86548634
A29: 2 | B29: Summer | C29: 1 | D29: {='Pc, Original'!D29/MAX(ABS('Pc, Original'!$D29:$AA29))} -> 0.72927502 | E29: {='Pc, Original'!E29/MAX(ABS('Pc, Original'!$D29:$AA29))} -> 0.66257899 | F29: {='Pc, Original'!F29/MAX(ABS('Pc, Original'!$D29:$AA29))} -> 0.65100546 | G29: {='Pc, Original'!G29/MAX(ABS('Pc, Original'!$D29:$AA29))} -> 0.64934242 | H29: {='Pc, Original'!H29/MAX(ABS('Pc, Original'!$D29:$AA29))} -> 0.64939362 | I29: {='Pc, Original'!I29/MAX(ABS('Pc, Original'!$D29:$AA29))} -> 0.64365057 | J29: {='Pc, Original'!J29/MAX(ABS('Pc, Original'!$D29:$AA29))} -> 0.69487825 | K29: {='Pc, Original'!K29/MAX(ABS('Pc, Original'!$D29:$AA29))} -> 0.82499024 | ... AA29: {='Pc, Original'!AA29/MAX(ABS('Pc, Original'!$D29:$AA29))} -> 0.81985192
A30: 3 | B30: Summer | C30: 1 | D30: {='Pc, Original'!D30/MAX(ABS('Pc, Original'!$D30:$AA30))} -> 0.66549607 | E30: {='Pc, Original'!E30/MAX(ABS('Pc, Original'!$D30:$AA30))} -> 0.60595416 | F30: {='Pc, Original'!F30/MAX(ABS('Pc, Original'!$D30:$AA30))} -> 0.57629476 | G30: {='Pc, Original'!G30/MAX(ABS('Pc, Original'!$D30:$AA30))} -> 0.55577859 | H30: {='Pc, Original'!H30/MAX(ABS('Pc, Original'!$D30:$AA30))} -> 0.55577859 | I30: {='Pc, Original'!I30/MAX(ABS('Pc, Original'!$D30:$AA30))} -> 0.59591909 | J30: {='Pc, Original'!J30/MAX(ABS('Pc, Original'!$D30:$AA30))} -> 0.74666896 | K30: {='Pc, Original'!K30/MAX(ABS('Pc, Original'!$D30:$AA30))} -> 0.91882677 | ... AA30: {='Pc, Original'!AA30/MAX(ABS('Pc, Original'!$D30:$AA30))} -> 0.75558893
A31: 4 | B31: Summer | C31: 1 | D31: {='Pc, Original'!D31/MAX(ABS('Pc, Original'!$D31:$AA31))} -> 0.71785384 | E31: {='Pc, Original'!E31/MAX(ABS('Pc, Original'!$D31:$AA31))} -> 0.63192837 | F31: {='Pc, Original'!F31/MAX(ABS('Pc, Original'!$D31:$AA31))} -> 0.59755603 | G31: {='Pc, Original'!G31/MAX(ABS('Pc, Original'!$D31:$AA31))} -> 0.57860385 | H31: {='Pc, Original'!H31/MAX(ABS('Pc, Original'!$D31:$AA31))} -> 0.61337424 | I31: {='Pc, Original'!I31/MAX(ABS('Pc, Original'!$D31:$AA31))} -> 0.56181139 | J31: {='Pc, Original'!J31/MAX(ABS('Pc, Original'!$D31:$AA31))} -> 0.65890225 | K31: {='Pc, Original'!K31/MAX(ABS('Pc, Original'!$D31:$AA31))} -> 0.76477657 | ... AA31: {='Pc, Original'!AA31/MAX(ABS('Pc, Original'!$D31:$AA31))} -> 0.84122472
A32: 5 | B32: Summer | C32: 1 | D32: {='Pc, Original'!D32/MAX(ABS('Pc, Original'!$D32:$AA32))} -> -1 | E32: {='Pc, Original'!E32/MAX(ABS('Pc, Original'!$D32:$AA32))} -> -0.85844968 | F32: {='Pc, Original'!F32/MAX(ABS('Pc, Original'!$D32:$AA32))} -> -0.55654766 | G32: {='Pc, Original'!G32/MAX(ABS('Pc, Original'!$D32:$AA32))} -> -0.52727319 | H32: {='Pc, Original'!H32/MAX(ABS('Pc, Original'!$D32:$AA32))} -> -0.51081765 | I32: {='Pc, Original'!I32/MAX(ABS('Pc, Original'!$D32:$AA32))} -> -0.52155894 | J32: {='Pc, Original'!J32/MAX(ABS('Pc, Original'!$D32:$AA32))} -> -0.38492963 | K32: {='Pc, Original'!K32/MAX(ABS('Pc, Original'!$D32:$AA32))} -> -0.19003018 | ... AA32: {='Pc, Original'!AA32/MAX(ABS('Pc, Original'!$D32:$AA32))} -> -0.061155092
A33: 6 | B33: Summer | C33: 1 | D33: 0 | E33: 0 | F33: 0 | G33: 0 | H33: 0 | I33: 0 | J33: 0 | K33: 0 | L33: 0 | M33: 0 | N33: 0 | O33: 0 | P33: 0 | Q33: 0 | R33: 0 | S33: 0 | T33: 0 | U33: 0 | V33: 0 | W33: 0 | X33: 0 | Y33: 0 | Z33: 0 | AA33: 0
A34: 7 | B34: Summer | C34: 1 | D34: {='Pc, Original'!D34/MAX(ABS('Pc, Original'!$D34:$AA34))} -> 0.96258561 | E34: {='Pc, Original'!E34/MAX(ABS('Pc, Original'!$D34:$AA34))} -> 0.59711033 | F34: {='Pc, Original'!F34/MAX(ABS('Pc, Original'!$D34:$AA34))} -> 0.85667546 | G34: {='Pc, Original'!G34/MAX(ABS('Pc, Original'!$D34:$AA34))} -> 0.79268513 | H34: {='Pc, Original'!H34/MAX(ABS('Pc, Original'!$D34:$AA34))} -> 0.90931323 | I34: {='Pc, Original'!I34/MAX(ABS('Pc, Original'!$D34:$AA34))} -> 0.31009561 | J34: {='Pc, Original'!J34/MAX(ABS('Pc, Original'!$D34:$AA34))} -> -0.7353393 | K34: {='Pc, Original'!K34/MAX(ABS('Pc, Original'!$D34:$AA34))} -> 0.053368189 | ... AA34: {='Pc, Original'!AA34/MAX(ABS('Pc, Original'!$D34:$AA34))} -> 0.61751335
A35: 8 | B35: Summer | C35: 1 | D35: {='Pc, Original'!D35/MAX(ABS('Pc, Original'!$D35:$AA35))} -> 0.61690272 | E35: {='Pc, Original'!E35/MAX(ABS('Pc, Original'!$D35:$AA35))} -> 0.52299091 | F35: {='Pc, Original'!F35/MAX(ABS('Pc, Original'!$D35:$AA35))} -> 0.5225489 | G35: {='Pc, Original'!G35/MAX(ABS('Pc, Original'!$D35:$AA35))} -> 0.47510139 | H35: {='Pc, Original'!H35/MAX(ABS('Pc, Original'!$D35:$AA35))} -> 0.47946145 | I35: {='Pc, Original'!I35/MAX(ABS('Pc, Original'!$D35:$AA35))} -> 0.4792968 | J35: {='Pc, Original'!J35/MAX(ABS('Pc, Original'!$D35:$AA35))} -> 0.5792841 | K35: {='Pc, Original'!K35/MAX(ABS('Pc, Original'!$D35:$AA35))} -> 0.79208441 | ... AA35: {='Pc, Original'!AA35/MAX(ABS('Pc, Original'!$D35:$AA35))} -> 0.6564637
A36: 9 | B36: Summer | C36: 1 | D36: {='Pc, Original'!D36/MAX(ABS('Pc, Original'!$D36:$AA36))} -> 0.60477314 | E36: {='Pc, Original'!E36/MAX(ABS('Pc, Original'!$D36:$AA36))} -> 0.53979006 | F36: {='Pc, Original'!F36/MAX(ABS('Pc, Original'!$D36:$AA36))} -> 0.5047325 | G36: {='Pc, Original'!G36/MAX(ABS('Pc, Original'!$D36:$AA36))} -> 0.48973352 | H36: {='Pc, Original'!H36/MAX(ABS('Pc, Original'!$D36:$AA36))} -> 0.81825687 | I36: {='Pc, Original'!I36/MAX(ABS('Pc, Original'!$D36:$AA36))} -> 0.78409137 | J36: {='Pc, Original'!J36/MAX(ABS('Pc, Original'!$D36:$AA36))} -> 0.54305998 | K36: {='Pc, Original'!K36/MAX(ABS('Pc, Original'!$D36:$AA36))} -> 0.70434387 | ... AA36: {='Pc, Original'!AA36/MAX(ABS('Pc, Original'!$D36:$AA36))} -> 0.68725829
A37: 10 | B37: Summer | C37: 1 | D37: {='Pc, Original'!D37/MAX(ABS('Pc, Original'!$D37:$AA37))} -> 0.63550693 | E37: {='Pc, Original'!E37/MAX(ABS('Pc, Original'!$D37:$AA37))} -> 0.5955615 | F37: {='Pc, Original'!F37/MAX(ABS('Pc, Original'!$D37:$AA37))} -> 0.53931206 | G37: {='Pc, Original'!G37/MAX(ABS('Pc, Original'!$D37:$AA37))} -> 0.55335187 | H37: {='Pc, Original'!H37/MAX(ABS('Pc, Original'!$D37:$AA37))} -> 0.55307934 | I37: {='Pc, Original'!I37/MAX(ABS('Pc, Original'!$D37:$AA37))} -> 0.57663024 | J37: {='Pc, Original'!J37/MAX(ABS('Pc, Original'!$D37:$AA37))} -> 0.65996347 | K37: {='Pc, Original'!K37/MAX(ABS('Pc, Original'!$D37:$AA37))} -> 0.81358683 | ... AA37: {='Pc, Original'!AA37/MAX(ABS('Pc, Original'!$D37:$AA37))} -> 0.73034397
A38: 11 | B38: Summer | C38: 1 | D38: {='Pc, Original'!D38/MAX(ABS('Pc, Original'!$D38:$AA38))} -> 0.58879315 | E38: {='Pc, Original'!E38/MAX(ABS('Pc, Original'!$D38:$AA38))} -> 0.59894177 | F38: {='Pc, Original'!F38/MAX(ABS('Pc, Original'!$D38:$AA38))} -> 0.55866536 | G38: {='Pc, Original'!G38/MAX(ABS('Pc, Original'!$D38:$AA38))} -> 0.59237842 | H38: {='Pc, Original'!H38/MAX(ABS('Pc, Original'!$D38:$AA38))} -> 0.58535245 | I38: {='Pc, Original'!I38/MAX(ABS('Pc, Original'!$D38:$AA38))} -> 0.61788007 | J38: {='Pc, Original'!J38/MAX(ABS('Pc, Original'!$D38:$AA38))} -> 0.82614353 | K38: {='Pc, Original'!K38/MAX(ABS('Pc, Original'!$D38:$AA38))} -> 0.92760076 | ... AA38: {='Pc, Original'!AA38/MAX(ABS('Pc, Original'!$D38:$AA38))} -> 0.67767305
A39: 12 | B39: Summer | C39: 1 | D39: {='Pc, Original'!D39/MAX(ABS('Pc, Original'!$D39:$AA39))} -> 0.72508023 | E39: {='Pc, Original'!E39/MAX(ABS('Pc, Original'!$D39:$AA39))} -> 0.75320284 | F39: {='Pc, Original'!F39/MAX(ABS('Pc, Original'!$D39:$AA39))} -> 0.60736822 | G39: {='Pc, Original'!G39/MAX(ABS('Pc, Original'!$D39:$AA39))} -> 0.65897508 | H39: {='Pc, Original'!H39/MAX(ABS('Pc, Original'!$D39:$AA39))} -> 0.66746881 | I39: {='Pc, Original'!I39/MAX(ABS('Pc, Original'!$D39:$AA39))} -> 0.61930602 | J39: {='Pc, Original'!J39/MAX(ABS('Pc, Original'!$D39:$AA39))} -> 0.72044102 | K39: {='Pc, Original'!K39/MAX(ABS('Pc, Original'!$D39:$AA39))} -> 0.82390369 | ... AA39: {='Pc, Original'!AA39/MAX(ABS('Pc, Original'!$D39:$AA39))} -> 0.79218157
A40: 13 | B40: Summer | C40: 1 | D40: {='Pc, Original'!D40/MAX(ABS('Pc, Original'!$D40:$AA40))} -> -0.17054986 | E40: {='Pc, Original'!E40/MAX(ABS('Pc, Original'!$D40:$AA40))} -> -0.024231128 | F40: {='Pc, Original'!F40/MAX(ABS('Pc, Original'!$D40:$AA40))} -> 0.026095061 | G40: {='Pc, Original'!G40/MAX(ABS('Pc, Original'!$D40:$AA40))} -> 0.10624418 | H40: {='Pc, Original'!H40/MAX(ABS('Pc, Original'!$D40:$AA40))} -> 0.059645853 | I40: {='Pc, Original'!I40/MAX(ABS('Pc, Original'!$D40:$AA40))} -> 0.039142591 | J40: {='Pc, Original'!J40/MAX(ABS('Pc, Original'!$D40:$AA40))} -> 0.1332712 | K40: {='Pc, Original'!K40/MAX(ABS('Pc, Original'!$D40:$AA40))} -> 0.32898416 | ... AA40: {='Pc, Original'!AA40/MAX(ABS('Pc, Original'!$D40:$AA40))} -> 0.416589
A41: 14 | B41: Summer | C41: 1 | D41: {='Pc, Original'!D41/MAX(ABS('Pc, Original'!$D41:$AA41))} -> 0.89635551 | E41: {='Pc, Original'!E41/MAX(ABS('Pc, Original'!$D41:$AA41))} -> 0.88619437 | F41: {='Pc, Original'!F41/MAX(ABS('Pc, Original'!$D41:$AA41))} -> 0.88619437 | G41: {='Pc, Original'!G41/MAX(ABS('Pc, Original'!$D41:$AA41))} -> 0.88619437 | H41: {='Pc, Original'!H41/MAX(ABS('Pc, Original'!$D41:$AA41))} -> 0.90956529 | I41: {='Pc, Original'!I41/MAX(ABS('Pc, Original'!$D41:$AA41))} -> 0.91870999 | J41: {='Pc, Original'!J41/MAX(ABS('Pc, Original'!$D41:$AA41))} -> 0.80693619 | K41: {='Pc, Original'!K41/MAX(ABS('Pc, Original'!$D41:$AA41))} -> 0.58033855 | ... AA41: {='Pc, Original'!AA41/MAX(ABS('Pc, Original'!$D41:$AA41))} -> 0.77645171
A42: 15 | B42: Summer | C42: 1 | D42: {='Pc, Original'!D42/MAX(ABS('Pc, Original'!$D42:$AA42))} -> 0.60690049 | E42: {='Pc, Original'!E42/MAX(ABS('Pc, Original'!$D42:$AA42))} -> 0.5639391 | F42: {='Pc, Original'!F42/MAX(ABS('Pc, Original'!$D42:$AA42))} -> 0.51023683 | G42: {='Pc, Original'!G42/MAX(ABS('Pc, Original'!$D42:$AA42))} -> 0.50486671 | H42: {='Pc, Original'!H42/MAX(ABS('Pc, Original'!$D42:$AA42))} -> 0.4994966 | I42: {='Pc, Original'!I42/MAX(ABS('Pc, Original'!$D42:$AA42))} -> 0.48875618 | J42: {='Pc, Original'!J42/MAX(ABS('Pc, Original'!$D42:$AA42))} -> 0.65254726 | K42: {='Pc, Original'!K42/MAX(ABS('Pc, Original'!$D42:$AA42))} -> 0.86359659 | ... AA42: {='Pc, Original'!AA42/MAX(ABS('Pc, Original'!$D42:$AA42))} -> 0.71860105
A43: 16 | B43: Summer | C43: 1 | D43: {='Pc, Original'!D43/MAX(ABS('Pc, Original'!$D43:$AA43))} -> 0.72837204 | E43: {='Pc, Original'!E43/MAX(ABS('Pc, Original'!$D43:$AA43))} -> 0.65991322 | F43: {='Pc, Original'!F43/MAX(ABS('Pc, Original'!$D43:$AA43))} -> 0.60807828 | G43: {='Pc, Original'!G43/MAX(ABS('Pc, Original'!$D43:$AA43))} -> 0.60392233 | H43: {='Pc, Original'!H43/MAX(ABS('Pc, Original'!$D43:$AA43))} -> 0.60392233 | I43: {='Pc, Original'!I43/MAX(ABS('Pc, Original'!$D43:$AA43))} -> 0.59976639 | J43: {='Pc, Original'!J43/MAX(ABS('Pc, Original'!$D43:$AA43))} -> 0.69264715 | K43: {='Pc, Original'!K43/MAX(ABS('Pc, Original'!$D43:$AA43))} -> 0.79462365 | ... AA43: {='Pc, Original'!AA43/MAX(ABS('Pc, Original'!$D43:$AA43))} -> 0.81807451
A44: 17 | B44: Summer | C44: 1 | D44: {='Pc, Original'!D44/MAX(ABS('Pc, Original'!$D44:$AA44))} -> 0.65376575 | E44: {='Pc, Original'!E44/MAX(ABS('Pc, Original'!$D44:$AA44))} -> 0.62032886 | F44: {='Pc, Original'!F44/MAX(ABS('Pc, Original'!$D44:$AA44))} -> 0.60794076 | G44: {='Pc, Original'!G44/MAX(ABS('Pc, Original'!$D44:$AA44))} -> 0.60945552 | H44: {='Pc, Original'!H44/MAX(ABS('Pc, Original'!$D44:$AA44))} -> 0.61183799 | I44: {='Pc, Original'!I44/MAX(ABS('Pc, Original'!$D44:$AA44))} -> 0.63325303 | J44: {='Pc, Original'!J44/MAX(ABS('Pc, Original'!$D44:$AA44))} -> 0.79431589 | K44: {='Pc, Original'!K44/MAX(ABS('Pc, Original'!$D44:$AA44))} -> 0.92583769 | ... AA44: {='Pc, Original'!AA44/MAX(ABS('Pc, Original'!$D44:$AA44))} -> 0.7438688
A45: 18 | B45: Summer | C45: 1 | D45: {='Pc, Original'!D45/MAX(ABS('Pc, Original'!$D45:$AA45))} -> 0.66713899 | E45: {='Pc, Original'!E45/MAX(ABS('Pc, Original'!$D45:$AA45))} -> 0.60453433 | F45: {='Pc, Original'!F45/MAX(ABS('Pc, Original'!$D45:$AA45))} -> 0.53548886 | G45: {='Pc, Original'!G45/MAX(ABS('Pc, Original'!$D45:$AA45))} -> 0.54650264 | H45: {='Pc, Original'!H45/MAX(ABS('Pc, Original'!$D45:$AA45))} -> 0.58888316 | I45: {='Pc, Original'!I45/MAX(ABS('Pc, Original'!$D45:$AA45))} -> 0.60453433 | J45: {='Pc, Original'!J45/MAX(ABS('Pc, Original'!$D45:$AA45))} -> 0.84162051 | K45: {='Pc, Original'!K45/MAX(ABS('Pc, Original'!$D45:$AA45))} -> 0.98093521 | ... AA45: {='Pc, Original'!AA45/MAX(ABS('Pc, Original'!$D45:$AA45))} -> 0.74011336
... A51: 24 | B51: Summer | C51: 1 | D51: {='Pc, Original'!D51/MAX(ABS('Pc, Original'!$D51:$AA51))} -> 0.5695837 | E51: {='Pc, Original'!E51/MAX(ABS('Pc, Original'!$D51:$AA51))} -> 0.49157386 | F51: {='Pc, Original'!F51/MAX(ABS('Pc, Original'!$D51:$AA51))} -> 0.48412387 | G51: {='Pc, Original'!G51/MAX(ABS('Pc, Original'!$D51:$AA51))} -> 0.44552829 | H51: {='Pc, Original'!H51/MAX(ABS('Pc, Original'!$D51:$AA51))} -> 0.43145699 | I51: {='Pc, Original'!I51/MAX(ABS('Pc, Original'!$D51:$AA51))} -> 0.4207438 | J51: {='Pc, Original'!J51/MAX(ABS('Pc, Original'!$D51:$AA51))} -> 0.50600218 | K51: {='Pc, Original'!K51/MAX(ABS('Pc, Original'!$D51:$AA51))} -> 0.58261437 | ... AA51: {='Pc, Original'!AA51/MAX(ABS('Pc, Original'!$D51:$AA51))} -> 0.47320627
A52: 25 | B52: Summer | C52: 1 | D52: 0 | E52: 0 | F52: 0 | G52: 0 | H52: 0 | I52: 0 | J52: 0 | K52: 0 | L52: 0 | M52: 0 | N52: 0 | O52: 0 | P52: 0 | Q52: 0 | R52: 0 | S52: 0 | T52: 0 | U52: 0 | V52: 0 | W52: 0 | X52: 0 | Y52: 0 | Z52: 0 | AA52: 0
A53: 26 | B53: Summer | C53: 1 | D53: 0 | E53: 0 | F53: 0 | G53: 0 | H53: 0 | I53: 0 | J53: 0 | K53: 0 | L53: 0 | M53: 0 | N53: 0 | O53: 0 | P53: 0 | Q53: 0 | R53: 0 | S53: 0 | T53: 0 | U53: 0 | V53: 0 | W53: 0 | X53: 0 | Y53: 0 | Z53: 0 | AA53: 0
A54: 1 | B54: Spring | C54: 1 | D54: {='Pc, Original'!D54/MAX(ABS('Pc, Original'!$D54:$AA54))} -> 0.59821234 | E54: {='Pc, Original'!E54/MAX(ABS('Pc, Original'!$D54:$AA54))} -> 0.29409226 | F54: {='Pc, Original'!F54/MAX(ABS('Pc, Original'!$D54:$AA54))} -> 0.65354002 | G54: {='Pc, Original'!G54/MAX(ABS('Pc, Original'!$D54:$AA54))} -> 0.27580636 | H54: {='Pc, Original'!H54/MAX(ABS('Pc, Original'!$D54:$AA54))} -> 0.36532679 | I54: {='Pc, Original'!I54/MAX(ABS('Pc, Original'!$D54:$AA54))} -> 0.71263626 | J54: {='Pc, Original'!J54/MAX(ABS('Pc, Original'!$D54:$AA54))} -> 0.6082282 | K54: {='Pc, Original'!K54/MAX(ABS('Pc, Original'!$D54:$AA54))} -> 0.64308327 | ... AA54: {='Pc, Original'!AA54/MAX(ABS('Pc, Original'!$D54:$AA54))} -> 0.48053896
A55: 2 | B55: Spring | C55: 1 | D55: {='Pc, Original'!D55/MAX(ABS('Pc, Original'!$D55:$AA55))} -> 0.68000811 | E55: {='Pc, Original'!E55/MAX(ABS('Pc, Original'!$D55:$AA55))} -> 0.62857194 | F55: {='Pc, Original'!F55/MAX(ABS('Pc, Original'!$D55:$AA55))} -> 0.60307941 | G55: {='Pc, Original'!G55/MAX(ABS('Pc, Original'!$D55:$AA55))} -> 0.59976561 | H55: {='Pc, Original'!H55/MAX(ABS('Pc, Original'!$D55:$AA55))} -> 0.60449023 | I55: {='Pc, Original'!I55/MAX(ABS('Pc, Original'!$D55:$AA55))} -> 0.64179653 | J55: {='Pc, Original'!J55/MAX(ABS('Pc, Original'!$D55:$AA55))} -> 0.74219755 | K55: {='Pc, Original'!K55/MAX(ABS('Pc, Original'!$D55:$AA55))} -> 0.88966658 | ... AA55: {='Pc, Original'!AA55/MAX(ABS('Pc, Original'!$D55:$AA55))} -> 0.76298903
A56: 3 | B56: Spring | C56: 1 | D56: {='Pc, Original'!D56/MAX(ABS('Pc, Original'!$D56:$AA56))} -> 0.60244351 | E56: {='Pc, Original'!E56/MAX(ABS('Pc, Original'!$D56:$AA56))} -> 0.55528996 | F56: {='Pc, Original'!F56/MAX(ABS('Pc, Original'!$D56:$AA56))} -> 0.51268778 | G56: {='Pc, Original'!G56/MAX(ABS('Pc, Original'!$D56:$AA56))} -> 0.5281071 | H56: {='Pc, Original'!H56/MAX(ABS('Pc, Original'!$D56:$AA56))} -> 0.52697374 | I56: {='Pc, Original'!I56/MAX(ABS('Pc, Original'!$D56:$AA56))} -> 0.55536664 | J56: {='Pc, Original'!J56/MAX(ABS('Pc, Original'!$D56:$AA56))} -> 0.77550379 | K56: {='Pc, Original'!K56/MAX(ABS('Pc, Original'!$D56:$AA56))} -> 0.89545293 | ... AA56: {='Pc, Original'!AA56/MAX(ABS('Pc, Original'!$D56:$AA56))} -> 0.66868666
A57: 4 | B57: Spring | C57: 1 | D57: {='Pc, Original'!D57/MAX(ABS('Pc, Original'!$D57:$AA57))} -> 0.68144503 | E57: {='Pc, Original'!E57/MAX(ABS('Pc, Original'!$D57:$AA57))} -> 0.59964812 | F57: {='Pc, Original'!F57/MAX(ABS('Pc, Original'!$D57:$AA57))} -> 0.56514309 | G57: {='Pc, Original'!G57/MAX(ABS('Pc, Original'!$D57:$AA57))} -> 0.555719 | H57: {='Pc, Original'!H57/MAX(ABS('Pc, Original'!$D57:$AA57))} -> 0.58344577 | I57: {='Pc, Original'!I57/MAX(ABS('Pc, Original'!$D57:$AA57))} -> 0.60704449 | J57: {='Pc, Original'!J57/MAX(ABS('Pc, Original'!$D57:$AA57))} -> 0.7281785 | K57: {='Pc, Original'!K57/MAX(ABS('Pc, Original'!$D57:$AA57))} -> 0.82047589 | ... AA57: {='Pc, Original'!AA57/MAX(ABS('Pc, Original'!$D57:$AA57))} -> 0.77851316
A58: 5 | B58: Spring | C58: 1 | D58: {='Pc, Original'!D58/MAX(ABS('Pc, Original'!$D58:$AA58))} -> -1 | E58: {='Pc, Original'!E58/MAX(ABS('Pc, Original'!$D58:$AA58))} -> -0.98592255 | F58: {='Pc, Original'!F58/MAX(ABS('Pc, Original'!$D58:$AA58))} -> -0.88895776 | G58: {='Pc, Original'!G58/MAX(ABS('Pc, Original'!$D58:$AA58))} -> -0.8694566 | H58: {='Pc, Original'!H58/MAX(ABS('Pc, Original'!$D58:$AA58))} -> -0.8422207 | I58: {='Pc, Original'!I58/MAX(ABS('Pc, Original'!$D58:$AA58))} -> 0.33391393 | J58: {='Pc, Original'!J58/MAX(ABS('Pc, Original'!$D58:$AA58))} -> 0.52135192 | K58: {='Pc, Original'!K58/MAX(ABS('Pc, Original'!$D58:$AA58))} -> 0.75518805 | ... AA58: {='Pc, Original'!AA58/MAX(ABS('Pc, Original'!$D58:$AA58))} -> -0.40248982
A59: 6 | B59: Spring | C59: 1 | D59: 0 | E59: 0 | F59: 0 | G59: 0 | H59: 0 | I59: 0 | J59: 0 | K59: 0 | L59: 0 | M59: 0 | N59: 0 | O59: 0 | P59: 0 | Q59: 0 | R59: 0 | S59: 0 | T59: 0 | U59: 0 | V59: 0 | W59: 0 | X59: 0 | Y59: 0 | Z59: 0 | AA59: 0
A60: 7 | B60: Spring | C60: 1 | D60: {='Pc, Original'!D60/MAX(ABS('Pc, Original'!$D60:$AA60))} -> 0.80307003 | E60: {='Pc, Original'!E60/MAX(ABS('Pc, Original'!$D60:$AA60))} -> 0.77275187 | F60: {='Pc, Original'!F60/MAX(ABS('Pc, Original'!$D60:$AA60))} -> 0.85533692 | G60: {='Pc, Original'!G60/MAX(ABS('Pc, Original'!$D60:$AA60))} -> 0.93138395 | H60: {='Pc, Original'!H60/MAX(ABS('Pc, Original'!$D60:$AA60))} -> 1 | I60: {='Pc, Original'!I60/MAX(ABS('Pc, Original'!$D60:$AA60))} -> 0.56664978 | J60: {='Pc, Original'!J60/MAX(ABS('Pc, Original'!$D60:$AA60))} -> 0.02266191 | K60: {='Pc, Original'!K60/MAX(ABS('Pc, Original'!$D60:$AA60))} -> -0.47716392 | ... AA60: {='Pc, Original'!AA60/MAX(ABS('Pc, Original'!$D60:$AA60))} -> 0.66729238
A61: 8 | B61: Spring | C61: 1 | D61: {='Pc, Original'!D61/MAX(ABS('Pc, Original'!$D61:$AA61))} -> 0.59827349 | E61: {='Pc, Original'!E61/MAX(ABS('Pc, Original'!$D61:$AA61))} -> 0.5387894 | F61: {='Pc, Original'!F61/MAX(ABS('Pc, Original'!$D61:$AA61))} -> 0.52035021 | G61: {='Pc, Original'!G61/MAX(ABS('Pc, Original'!$D61:$AA61))} -> 0.49964778 | H61: {='Pc, Original'!H61/MAX(ABS('Pc, Original'!$D61:$AA61))} -> 0.49577617 | I61: {='Pc, Original'!I61/MAX(ABS('Pc, Original'!$D61:$AA61))} -> 0.51759785 | J61: {='Pc, Original'!J61/MAX(ABS('Pc, Original'!$D61:$AA61))} -> 0.63988584 | K61: {='Pc, Original'!K61/MAX(ABS('Pc, Original'!$D61:$AA61))} -> 0.76458976 | ... AA61: {='Pc, Original'!AA61/MAX(ABS('Pc, Original'!$D61:$AA61))} -> 0.63880333
A62: 9 | B62: Spring | C62: 1 | D62: {='Pc, Original'!D62/MAX(ABS('Pc, Original'!$D62:$AA62))} -> 0.58686534 | E62: {='Pc, Original'!E62/MAX(ABS('Pc, Original'!$D62:$AA62))} -> 0.5166432 | F62: {='Pc, Original'!F62/MAX(ABS('Pc, Original'!$D62:$AA62))} -> 0.48846648 | G62: {='Pc, Original'!G62/MAX(ABS('Pc, Original'!$D62:$AA62))} -> 0.47615265 | H62: {='Pc, Original'!H62/MAX(ABS('Pc, Original'!$D62:$AA62))} -> 0.55154623 | I62: {='Pc, Original'!I62/MAX(ABS('Pc, Original'!$D62:$AA62))} -> 0.59045632 | J62: {='Pc, Original'!J62/MAX(ABS('Pc, Original'!$D62:$AA62))} -> 0.67895374 | K62: {='Pc, Original'!K62/MAX(ABS('Pc, Original'!$D62:$AA62))} -> 0.83127932 | ... AA62: {='Pc, Original'!AA62/MAX(ABS('Pc, Original'!$D62:$AA62))} -> 0.71410117
A63: 10 | B63: Spring | C63: 1 | D63: {='Pc, Original'!D63/MAX(ABS('Pc, Original'!$D63:$AA63))} -> 0.6354422 | E63: {='Pc, Original'!E63/MAX(ABS('Pc, Original'!$D63:$AA63))} -> 0.61308451 | F63: {='Pc, Original'!F63/MAX(ABS('Pc, Original'!$D63:$AA63))} -> 0.57700965 | G63: {='Pc, Original'!G63/MAX(ABS('Pc, Original'!$D63:$AA63))} -> 0.58649071 | H63: {='Pc, Original'!H63/MAX(ABS('Pc, Original'!$D63:$AA63))} -> 0.58429204 | I63: {='Pc, Original'!I63/MAX(ABS('Pc, Original'!$D63:$AA63))} -> 0.61755091 | J63: {='Pc, Original'!J63/MAX(ABS('Pc, Original'!$D63:$AA63))} -> 0.76100234 | K63: {='Pc, Original'!K63/MAX(ABS('Pc, Original'!$D63:$AA63))} -> 0.88428479 | ... AA63: {='Pc, Original'!AA63/MAX(ABS('Pc, Original'!$D63:$AA63))} -> 0.7157455
A64: 11 | B64: Spring | C64: 1 | D64: {='Pc, Original'!D64/MAX(ABS('Pc, Original'!$D64:$AA64))} -> 0.54965005 | E64: {='Pc, Original'!E64/MAX(ABS('Pc, Original'!$D64:$AA64))} -> 0.5402204 | F64: {='Pc, Original'!F64/MAX(ABS('Pc, Original'!$D64:$AA64))} -> 0.52640976 | G64: {='Pc, Original'!G64/MAX(ABS('Pc, Original'!$D64:$AA64))} -> 0.53776734 | H64: {='Pc, Original'!H64/MAX(ABS('Pc, Original'!$D64:$AA64))} -> 0.55525382 | I64: {='Pc, Original'!I64/MAX(ABS('Pc, Original'!$D64:$AA64))} -> 0.62129134 | J64: {='Pc, Original'!J64/MAX(ABS('Pc, Original'!$D64:$AA64))} -> 0.8360427 | K64: {='Pc, Original'!K64/MAX(ABS('Pc, Original'!$D64:$AA64))} -> 0.96794521 | ... AA64: {='Pc, Original'!AA64/MAX(ABS('Pc, Original'!$D64:$AA64))} -> 0.60535772
A65: 12 | B65: Spring | C65: 1 | D65: {='Pc, Original'!D65/MAX(ABS('Pc, Original'!$D65:$AA65))} -> 0.66367436 | E65: {='Pc, Original'!E65/MAX(ABS('Pc, Original'!$D65:$AA65))} -> 0.65805126 | F65: {='Pc, Original'!F65/MAX(ABS('Pc, Original'!$D65:$AA65))} -> 0.56459537 | G65: {='Pc, Original'!G65/MAX(ABS('Pc, Original'!$D65:$AA65))} -> 0.59883969 | H65: {='Pc, Original'!H65/MAX(ABS('Pc, Original'!$D65:$AA65))} -> 0.61313263 | I65: {='Pc, Original'!I65/MAX(ABS('Pc, Original'!$D65:$AA65))} -> 0.6559226 | J65: {='Pc, Original'!J65/MAX(ABS('Pc, Original'!$D65:$AA65))} -> 0.75645179 | K65: {='Pc, Original'!K65/MAX(ABS('Pc, Original'!$D65:$AA65))} -> 0.89651874 | ... AA65: {='Pc, Original'!AA65/MAX(ABS('Pc, Original'!$D65:$AA65))} -> 0.75430217
A66: 13 | B66: Spring | C66: 1 | D66: {='Pc, Original'!D66/MAX(ABS('Pc, Original'!$D66:$AA66))} -> 0.24731969 | E66: {='Pc, Original'!E66/MAX(ABS('Pc, Original'!$D66:$AA66))} -> 0.28557505 | F66: {='Pc, Original'!F66/MAX(ABS('Pc, Original'!$D66:$AA66))} -> 0.29873294 | G66: {='Pc, Original'!G66/MAX(ABS('Pc, Original'!$D66:$AA66))} -> 0.31968811 | H66: {='Pc, Original'!H66/MAX(ABS('Pc, Original'!$D66:$AA66))} -> 0.33235867 | I66: {='Pc, Original'!I66/MAX(ABS('Pc, Original'!$D66:$AA66))} -> 0.29483431 | J66: {='Pc, Original'!J66/MAX(ABS('Pc, Original'!$D66:$AA66))} -> 0.50121832 | K66: {='Pc, Original'!K66/MAX(ABS('Pc, Original'!$D66:$AA66))} -> 0.57675439 | ... AA66: {='Pc, Original'!AA66/MAX(ABS('Pc, Original'!$D66:$AA66))} -> 0.43347953
A67: 14 | B67: Spring | C67: 1 | D67: {='Pc, Original'!D67/MAX(ABS('Pc, Original'!$D67:$AA67))} -> 0.90654719 | E67: {='Pc, Original'!E67/MAX(ABS('Pc, Original'!$D67:$AA67))} -> 0.90255426 | F67: {='Pc, Original'!F67/MAX(ABS('Pc, Original'!$D67:$AA67))} -> 0.90255426 | G67: {='Pc, Original'!G67/MAX(ABS('Pc, Original'!$D67:$AA67))} -> 0.89455025 | H67: {='Pc, Original'!H67/MAX(ABS('Pc, Original'!$D67:$AA67))} -> 0.96762067 | I67: {='Pc, Original'!I67/MAX(ABS('Pc, Original'!$D67:$AA67))} -> 0.9320673 | J67: {='Pc, Original'!J67/MAX(ABS('Pc, Original'!$D67:$AA67))} -> 0.89702168 | K67: {='Pc, Original'!K67/MAX(ABS('Pc, Original'!$D67:$AA67))} -> 0.71047416 | ... AA67: {='Pc, Original'!AA67/MAX(ABS('Pc, Original'!$D67:$AA67))} -> 0.84342161
A68: 15 | B68: Spring | C68: 1 | D68: {='Pc, Original'!D68/MAX(ABS('Pc, Original'!$D68:$AA68))} -> 0.5428821 | E68: {='Pc, Original'!E68/MAX(ABS('Pc, Original'!$D68:$AA68))} -> 0.50296255 | F68: {='Pc, Original'!F68/MAX(ABS('Pc, Original'!$D68:$AA68))} -> 0.46698552 | G68: {='Pc, Original'!G68/MAX(ABS('Pc, Original'!$D68:$AA68))} -> 0.46302414 | H68: {='Pc, Original'!H68/MAX(ABS('Pc, Original'!$D68:$AA68))} -> 0.4617459 | I68: {='Pc, Original'!I68/MAX(ABS('Pc, Original'!$D68:$AA68))} -> 0.49579947 | J68: {='Pc, Original'!J68/MAX(ABS('Pc, Original'!$D68:$AA68))} -> 0.72725773 | K68: {='Pc, Original'!K68/MAX(ABS('Pc, Original'!$D68:$AA68))} -> 0.9100292 | ... AA68: {='Pc, Original'!AA68/MAX(ABS('Pc, Original'!$D68:$AA68))} -> 0.650847
A69: 16 | B69: Spring | C69: 1 | D69: {='Pc, Original'!D69/MAX(ABS('Pc, Original'!$D69:$AA69))} -> 0.71019493 | E69: {='Pc, Original'!E69/MAX(ABS('Pc, Original'!$D69:$AA69))} -> 0.63568112 | F69: {='Pc, Original'!F69/MAX(ABS('Pc, Original'!$D69:$AA69))} -> 0.59924376 | G69: {='Pc, Original'!G69/MAX(ABS('Pc, Original'!$D69:$AA69))} -> 0.59287684 | H69: {='Pc, Original'!H69/MAX(ABS('Pc, Original'!$D69:$AA69))} -> 0.59287684 | I69: {='Pc, Original'!I69/MAX(ABS('Pc, Original'!$D69:$AA69))} -> 0.61549631 | J69: {='Pc, Original'!J69/MAX(ABS('Pc, Original'!$D69:$AA69))} -> 0.75059923 | K69: {='Pc, Original'!K69/MAX(ABS('Pc, Original'!$D69:$AA69))} -> 0.85918246 | ... AA69: {='Pc, Original'!AA69/MAX(ABS('Pc, Original'!$D69:$AA69))} -> 0.80421378
A70: 17 | B70: Spring | C70: 1 | D70: {='Pc, Original'!D70/MAX(ABS('Pc, Original'!$D70:$AA70))} -> 0.64369148 | E70: {='Pc, Original'!E70/MAX(ABS('Pc, Original'!$D70:$AA70))} -> 0.60541822 | F70: {='Pc, Original'!F70/MAX(ABS('Pc, Original'!$D70:$AA70))} -> 0.60271121 | G70: {='Pc, Original'!G70/MAX(ABS('Pc, Original'!$D70:$AA70))} -> 0.60418895 | H70: {='Pc, Original'!H70/MAX(ABS('Pc, Original'!$D70:$AA70))} -> 0.61256185 | I70: {='Pc, Original'!I70/MAX(ABS('Pc, Original'!$D70:$AA70))} -> 0.64655409 | J70: {='Pc, Original'!J70/MAX(ABS('Pc, Original'!$D70:$AA70))} -> 0.82788136 | K70: {='Pc, Original'!K70/MAX(ABS('Pc, Original'!$D70:$AA70))} -> 0.94561147 | ... AA70: {='Pc, Original'!AA70/MAX(ABS('Pc, Original'!$D70:$AA70))} -> 0.70852563
A71: 18 | B71: Spring | C71: 1 | D71: {='Pc, Original'!D71/MAX(ABS('Pc, Original'!$D71:$AA71))} -> 0.57221072 | E71: {='Pc, Original'!E71/MAX(ABS('Pc, Original'!$D71:$AA71))} -> 0.53297723 | F71: {='Pc, Original'!F71/MAX(ABS('Pc, Original'!$D71:$AA71))} -> 0.49593377 | G71: {='Pc, Original'!G71/MAX(ABS('Pc, Original'!$D71:$AA71))} -> 0.49429125 | H71: {='Pc, Original'!H71/MAX(ABS('Pc, Original'!$D71:$AA71))} -> 0.51111705 | I71: {='Pc, Original'!I71/MAX(ABS('Pc, Original'!$D71:$AA71))} -> 0.58641918 | J71: {='Pc, Original'!J71/MAX(ABS('Pc, Original'!$D71:$AA71))} -> 0.8261334 | K71: {='Pc, Original'!K71/MAX(ABS('Pc, Original'!$D71:$AA71))} -> 0.97461441 | ... AA71: {='Pc, Original'!AA71/MAX(ABS('Pc, Original'!$D71:$AA71))} -> 0.64743273
... A77: 24 | B77: Spring | C77: 1 | D77: {='Pc, Original'!D77/MAX(ABS('Pc, Original'!$D77:$AA77))} -> 0.35020085 | E77: {='Pc, Original'!E77/MAX(ABS('Pc, Original'!$D77:$AA77))} -> 0.24222338 | F77: {='Pc, Original'!F77/MAX(ABS('Pc, Original'!$D77:$AA77))} -> 0.25896026 | G77: {='Pc, Original'!G77/MAX(ABS('Pc, Original'!$D77:$AA77))} -> 0.1941609 | H77: {='Pc, Original'!H77/MAX(ABS('Pc, Original'!$D77:$AA77))} -> 0.20173266 | I77: {='Pc, Original'!I77/MAX(ABS('Pc, Original'!$D77:$AA77))} -> 0.24486141 | J77: {='Pc, Original'!J77/MAX(ABS('Pc, Original'!$D77:$AA77))} -> 0.37014395 | K77: {='Pc, Original'!K77/MAX(ABS('Pc, Original'!$D77:$AA77))} -> 0.64553116 | ... AA77: {='Pc, Original'!AA77/MAX(ABS('Pc, Original'!$D77:$AA77))} -> 0.31104505
A78: 25 | B78: Spring | C78: 1 | D78: 0 | E78: 0 | F78: 0 | G78: 0 | H78: 0 | I78: 0 | J78: 0 | K78: 0 | L78: 0 | M78: 0 | N78: 0 | O78: 0 | P78: 0 | Q78: 0 | R78: 0 | S78: 0 | T78: 0 | U78: 0 | V78: 0 | W78: 0 | X78: 0 | Y78: 0 | Z78: 0 | AA78: 0
A79: 26 | B79: Spring | C79: 1 | D79: 0 | E79: 0 | F79: 0 | G79: 0 | H79: 0 | I79: 0 | J79: 0 | K79: 0 | L79: 0 | M79: 0 | N79: 0 | O79: 0 | P79: 0 | Q79: 0 | R79: 0 | S79: 0 | T79: 0 | U79: 0 | V79: 0 | W79: 0 | X79: 0 | Y79: 0 | Z79: 0 | AA79: 0
A80: 1 | B80: Autumn | C80: 1 | D80: {='Pc, Original'!D80/MAX(ABS('Pc, Original'!$D80:$AA80))} -> 0.36809842 | E80: {='Pc, Original'!E80/MAX(ABS('Pc, Original'!$D80:$AA80))} -> 0.23811073 | F80: {='Pc, Original'!F80/MAX(ABS('Pc, Original'!$D80:$AA80))} -> 0.5547614 | G80: {='Pc, Original'!G80/MAX(ABS('Pc, Original'!$D80:$AA80))} -> 0.2752778 | H80: {='Pc, Original'!H80/MAX(ABS('Pc, Original'!$D80:$AA80))} -> 0.48334157 | I80: {='Pc, Original'!I80/MAX(ABS('Pc, Original'!$D80:$AA80))} -> 0.87719839 | J80: {='Pc, Original'!J80/MAX(ABS('Pc, Original'!$D80:$AA80))} -> 0.65838307 | K80: {='Pc, Original'!K80/MAX(ABS('Pc, Original'!$D80:$AA80))} -> 0.38531631 | ... AA80: {='Pc, Original'!AA80/MAX(ABS('Pc, Original'!$D80:$AA80))} -> 0.80747988
A81: 2 | B81: Autumn | C81: 1 | D81: {='Pc, Original'!D81/MAX(ABS('Pc, Original'!$D81:$AA81))} -> 0.70629215 | E81: {='Pc, Original'!E81/MAX(ABS('Pc, Original'!$D81:$AA81))} -> 0.64717517 | F81: {='Pc, Original'!F81/MAX(ABS('Pc, Original'!$D81:$AA81))} -> 0.62847915 | G81: {='Pc, Original'!G81/MAX(ABS('Pc, Original'!$D81:$AA81))} -> 0.62597056 | H81: {='Pc, Original'!H81/MAX(ABS('Pc, Original'!$D81:$AA81))} -> 0.6284021 | I81: {='Pc, Original'!I81/MAX(ABS('Pc, Original'!$D81:$AA81))} -> 0.64456769 | J81: {='Pc, Original'!J81/MAX(ABS('Pc, Original'!$D81:$AA81))} -> 0.72098775 | K81: {='Pc, Original'!K81/MAX(ABS('Pc, Original'!$D81:$AA81))} -> 0.86031604 | ... AA81: {='Pc, Original'!AA81/MAX(ABS('Pc, Original'!$D81:$AA81))} -> 0.79326233
A82: 3 | B82: Autumn | C82: 1 | D82: {='Pc, Original'!D82/MAX(ABS('Pc, Original'!$D82:$AA82))} -> 0.63535478 | E82: {='Pc, Original'!E82/MAX(ABS('Pc, Original'!$D82:$AA82))} -> 0.58173494 | F82: {='Pc, Original'!F82/MAX(ABS('Pc, Original'!$D82:$AA82))} -> 0.54588845 | G82: {='Pc, Original'!G82/MAX(ABS('Pc, Original'!$D82:$AA82))} -> 0.54255067 | H82: {='Pc, Original'!H82/MAX(ABS('Pc, Original'!$D82:$AA82))} -> 0.54200888 | I82: {='Pc, Original'!I82/MAX(ABS('Pc, Original'!$D82:$AA82))} -> 0.57653363 | J82: {='Pc, Original'!J82/MAX(ABS('Pc, Original'!$D82:$AA82))} -> 0.760453 | K82: {='Pc, Original'!K82/MAX(ABS('Pc, Original'!$D82:$AA82))} -> 0.90765327 | ... AA82: {='Pc, Original'!AA82/MAX(ABS('Pc, Original'!$D82:$AA82))} -> 0.71404667
A83: 4 | B83: Autumn | C83: 1 | D83: {='Pc, Original'!D83/MAX(ABS('Pc, Original'!$D83:$AA83))} -> 0.71428858 | E83: {='Pc, Original'!E83/MAX(ABS('Pc, Original'!$D83:$AA83))} -> 0.62865005 | F83: {='Pc, Original'!F83/MAX(ABS('Pc, Original'!$D83:$AA83))} -> 0.59330546 | G83: {='Pc, Original'!G83/MAX(ABS('Pc, Original'!$D83:$AA83))} -> 0.57966675 | H83: {='Pc, Original'!H83/MAX(ABS('Pc, Original'!$D83:$AA83))} -> 0.61104756 | I83: {='Pc, Original'!I83/MAX(ABS('Pc, Original'!$D83:$AA83))} -> 0.60393953 | J83: {='Pc, Original'!J83/MAX(ABS('Pc, Original'!$D83:$AA83))} -> 0.71819657 | K83: {='Pc, Original'!K83/MAX(ABS('Pc, Original'!$D83:$AA83))} -> 0.8185449 | ... AA83: {='Pc, Original'!AA83/MAX(ABS('Pc, Original'!$D83:$AA83))} -> 0.82483405
A84: 5 | B84: Autumn | C84: 1 | D84: {='Pc, Original'!D84/MAX(ABS('Pc, Original'!$D84:$AA84))} -> -1 | E84: {='Pc, Original'!E84/MAX(ABS('Pc, Original'!$D84:$AA84))} -> -0.90947215 | F84: {='Pc, Original'!F84/MAX(ABS('Pc, Original'!$D84:$AA84))} -> -0.68959857 | G84: {='Pc, Original'!G84/MAX(ABS('Pc, Original'!$D84:$AA84))} -> -0.66423598 | H84: {='Pc, Original'!H84/MAX(ABS('Pc, Original'!$D84:$AA84))} -> -0.64346548 | I84: {='Pc, Original'!I84/MAX(ABS('Pc, Original'!$D84:$AA84))} -> -0.17914621 | J84: {='Pc, Original'!J84/MAX(ABS('Pc, Original'!$D84:$AA84))} -> -0.022180154 | K84: {='Pc, Original'!K84/MAX(ABS('Pc, Original'!$D84:$AA84))} -> 0.18830415 | ... AA84: {='Pc, Original'!AA84/MAX(ABS('Pc, Original'!$D84:$AA84))} -> -0.19777819
A85: 6 | B85: Autumn | C85: 1 | D85: 0 | E85: 0 | F85: 0 | G85: 0 | H85: 0 | I85: 0 | J85: 0 | K85: 0 | L85: 0 | M85: 0 | N85: 0 | O85: 0 | P85: 0 | Q85: 0 | R85: 0 | S85: 0 | T85: 0 | U85: 0 | V85: 0 | W85: 0 | X85: 0 | Y85: 0 | Z85: 0 | AA85: 0
A86: 7 | B86: Autumn | C86: 1 | D86: {='Pc, Original'!D86/MAX(ABS('Pc, Original'!$D86:$AA86))} -> 0.89062589 | E86: {='Pc, Original'!E86/MAX(ABS('Pc, Original'!$D86:$AA86))} -> 0.73297164 | F86: {='Pc, Original'!F86/MAX(ABS('Pc, Original'!$D86:$AA86))} -> 0.88507181 | G86: {='Pc, Original'!G86/MAX(ABS('Pc, Original'!$D86:$AA86))} -> 0.91094628 | H86: {='Pc, Original'!H86/MAX(ABS('Pc, Original'!$D86:$AA86))} -> 1 | I86: {='Pc, Original'!I86/MAX(ABS('Pc, Original'!$D86:$AA86))} -> 0.48933521 | J86: {='Pc, Original'!J86/MAX(ABS('Pc, Original'!$D86:$AA86))} -> -0.26220739 | K86: {='Pc, Original'!K86/MAX(ABS('Pc, Original'!$D86:$AA86))} -> -0.29354591 | ... AA86: {='Pc, Original'!AA86/MAX(ABS('Pc, Original'!$D86:$AA86))} -> 0.67133795
A87: 8 | B87: Autumn | C87: 1 | D87: {='Pc, Original'!D87/MAX(ABS('Pc, Original'!$D87:$AA87))} -> 0.60668347 | E87: {='Pc, Original'!E87/MAX(ABS('Pc, Original'!$D87:$AA87))} -> 0.53165733 | F87: {='Pc, Original'!F87/MAX(ABS('Pc, Original'!$D87:$AA87))} -> 0.52134278 | G87: {='Pc, Original'!G87/MAX(ABS('Pc, Original'!$D87:$AA87))} -> 0.48856655 | H87: {='Pc, Original'!H87/MAX(ABS('Pc, Original'!$D87:$AA87))} -> 0.48841105 | I87: {='Pc, Original'!I87/MAX(ABS('Pc, Original'!$D87:$AA87))} -> 0.50030722 | J87: {='Pc, Original'!J87/MAX(ABS('Pc, Original'!$D87:$AA87))} -> 0.6125278 | K87: {='Pc, Original'!K87/MAX(ABS('Pc, Original'!$D87:$AA87))} -> 0.77700194 | ... AA87: {='Pc, Original'!AA87/MAX(ABS('Pc, Original'!$D87:$AA87))} -> 0.64677592
A88: 9 | B88: Autumn | C88: 1 | D88: {='Pc, Original'!D88/MAX(ABS('Pc, Original'!$D88:$AA88))} -> 0.62035962 | E88: {='Pc, Original'!E88/MAX(ABS('Pc, Original'!$D88:$AA88))} -> 0.5494191 | F88: {='Pc, Original'!F88/MAX(ABS('Pc, Original'!$D88:$AA88))} -> 0.51695121 | G88: {='Pc, Original'!G88/MAX(ABS('Pc, Original'!$D88:$AA88))} -> 0.50290549 | H88: {='Pc, Original'!H88/MAX(ABS('Pc, Original'!$D88:$AA88))} -> 0.69437399 | I88: {='Pc, Original'!I88/MAX(ABS('Pc, Original'!$D88:$AA88))} -> 0.70241253 | J88: {='Pc, Original'!J88/MAX(ABS('Pc, Original'!$D88:$AA88))} -> 0.64791613 | K88: {='Pc, Original'!K88/MAX(ABS('Pc, Original'!$D88:$AA88))} -> 0.81085609 | ... AA88: {='Pc, Original'!AA88/MAX(ABS('Pc, Original'!$D88:$AA88))} -> 0.73318577
A89: 10 | B89: Autumn | C89: 1 | D89: {='Pc, Original'!D89/MAX(ABS('Pc, Original'!$D89:$AA89))} -> 0.64132074 | E89: {='Pc, Original'!E89/MAX(ABS('Pc, Original'!$D89:$AA89))} -> 0.61012173 | F89: {='Pc, Original'!F89/MAX(ABS('Pc, Original'!$D89:$AA89))} -> 0.5638092 | G89: {='Pc, Original'!G89/MAX(ABS('Pc, Original'!$D89:$AA89))} -> 0.57561585 | H89: {='Pc, Original'!H89/MAX(ABS('Pc, Original'!$D89:$AA89))} -> 0.57434269 | I89: {='Pc, Original'!I89/MAX(ABS('Pc, Original'!$D89:$AA89))} -> 0.60314095 | J89: {='Pc, Original'!J89/MAX(ABS('Pc, Original'!$D89:$AA89))} -> 0.71839418 | K89: {='Pc, Original'!K89/MAX(ABS('Pc, Original'!$D89:$AA89))} -> 0.85770839 | ... AA89: {='Pc, Original'!AA89/MAX(ABS('Pc, Original'!$D89:$AA89))} -> 0.72949901
A90: 11 | B90: Autumn | C90: 1 | D90: {='Pc, Original'!D90/MAX(ABS('Pc, Original'!$D90:$AA90))} -> 0.57591448 | E90: {='Pc, Original'!E90/MAX(ABS('Pc, Original'!$D90:$AA90))} -> 0.57504008 | F90: {='Pc, Original'!F90/MAX(ABS('Pc, Original'!$D90:$AA90))} -> 0.54923661 | G90: {='Pc, Original'!G90/MAX(ABS('Pc, Original'!$D90:$AA90))} -> 0.5707195 | H90: {='Pc, Original'!H90/MAX(ABS('Pc, Original'!$D90:$AA90))} -> 0.57758613 | I90: {='Pc, Original'!I90/MAX(ABS('Pc, Original'!$D90:$AA90))} -> 0.62978457 | J90: {='Pc, Original'!J90/MAX(ABS('Pc, Original'!$D90:$AA90))} -> 0.84511063 | K90: {='Pc, Original'!K90/MAX(ABS('Pc, Original'!$D90:$AA90))} -> 0.96559824 | ... AA90: {='Pc, Original'!AA90/MAX(ABS('Pc, Original'!$D90:$AA90))} -> 0.64727263
A91: 12 | B91: Autumn | C91: 1 | D91: {='Pc, Original'!D91/MAX(ABS('Pc, Original'!$D91:$AA91))} -> 0.70334517 | E91: {='Pc, Original'!E91/MAX(ABS('Pc, Original'!$D91:$AA91))} -> 0.71343767 | F91: {='Pc, Original'!F91/MAX(ABS('Pc, Original'!$D91:$AA91))} -> 0.59390957 | G91: {='Pc, Original'!G91/MAX(ABS('Pc, Original'!$D91:$AA91))} -> 0.63684998 | H91: {='Pc, Original'!H91/MAX(ABS('Pc, Original'!$D91:$AA91))} -> 0.64866118 | I91: {='Pc, Original'!I91/MAX(ABS('Pc, Original'!$D91:$AA91))} -> 0.64954794 | J91: {='Pc, Original'!J91/MAX(ABS('Pc, Original'!$D91:$AA91))} -> 0.75201282 | K91: {='Pc, Original'!K91/MAX(ABS('Pc, Original'!$D91:$AA91))} -> 0.87723428 | ... AA91: {='Pc, Original'!AA91/MAX(ABS('Pc, Original'!$D91:$AA91))} -> 0.78444134
A92: 13 | B92: Autumn | C92: 1 | D92: {='Pc, Original'!D92/MAX(ABS('Pc, Original'!$D92:$AA92))} -> 0.063661202 | E92: {='Pc, Original'!E92/MAX(ABS('Pc, Original'!$D92:$AA92))} -> 0.14945355 | F92: {='Pc, Original'!F92/MAX(ABS('Pc, Original'!$D92:$AA92))} -> 0.17896175 | G92: {='Pc, Original'!G92/MAX(ABS('Pc, Original'!$D92:$AA92))} -> 0.22595628 | H92: {='Pc, Original'!H92/MAX(ABS('Pc, Original'!$D92:$AA92))} -> 0.21256831 | I92: {='Pc, Original'!I92/MAX(ABS('Pc, Original'!$D92:$AA92))} -> 0.18251366 | J92: {='Pc, Original'!J92/MAX(ABS('Pc, Original'!$D92:$AA92))} -> 0.33961749 | K92: {='Pc, Original'!K92/MAX(ABS('Pc, Original'!$D92:$AA92))} -> 0.46803279 | ... AA92: {='Pc, Original'!AA92/MAX(ABS('Pc, Original'!$D92:$AA92))} -> 0.42622951
A93: 14 | B93: Autumn | C93: 1 | D93: {='Pc, Original'!D93/MAX(ABS('Pc, Original'!$D93:$AA93))} -> 0.92545462 | E93: {='Pc, Original'!E93/MAX(ABS('Pc, Original'!$D93:$AA93))} -> 0.9179257 | F93: {='Pc, Original'!F93/MAX(ABS('Pc, Original'!$D93:$AA93))} -> 0.9179257 | G93: {='Pc, Original'!G93/MAX(ABS('Pc, Original'!$D93:$AA93))} -> 0.91415269 | H93: {='Pc, Original'!H93/MAX(ABS('Pc, Original'!$D93:$AA93))} -> 0.9615849 | I93: {='Pc, Original'!I93/MAX(ABS('Pc, Original'!$D93:$AA93))} -> 0.94990723 | J93: {='Pc, Original'!J93/MAX(ABS('Pc, Original'!$D93:$AA93))} -> 0.87127281 | K93: {='Pc, Original'!K93/MAX(ABS('Pc, Original'!$D93:$AA93))} -> 0.65741268 | ... AA93: {='Pc, Original'!AA93/MAX(ABS('Pc, Original'!$D93:$AA93))} -> 0.82906562
A94: 15 | B94: Autumn | C94: 1 | D94: {='Pc, Original'!D94/MAX(ABS('Pc, Original'!$D94:$AA94))} -> 0.573452 | E94: {='Pc, Original'!E94/MAX(ABS('Pc, Original'!$D94:$AA94))} -> 0.53207992 | F94: {='Pc, Original'!F94/MAX(ABS('Pc, Original'!$D94:$AA94))} -> 0.48763878 | G94: {='Pc, Original'!G94/MAX(ABS('Pc, Original'!$D94:$AA94))} -> 0.4830047 | H94: {='Pc, Original'!H94/MAX(ABS('Pc, Original'!$D94:$AA94))} -> 0.47977252 | I94: {='Pc, Original'!I94/MAX(ABS('Pc, Original'!$D94:$AA94))} -> 0.49243618 | J94: {='Pc, Original'!J94/MAX(ABS('Pc, Original'!$D94:$AA94))} -> 0.69158217 | K94: {='Pc, Original'!K94/MAX(ABS('Pc, Original'!$D94:$AA94))} -> 0.88785681 | ... AA94: {='Pc, Original'!AA94/MAX(ABS('Pc, Original'!$D94:$AA94))} -> 0.68320075
A95: 16 | B95: Autumn | C95: 1 | D95: {='Pc, Original'!D95/MAX(ABS('Pc, Original'!$D95:$AA95))} -> 0.72534009 | E95: {='Pc, Original'!E95/MAX(ABS('Pc, Original'!$D95:$AA95))} -> 0.65308454 | F95: {='Pc, Original'!F95/MAX(ABS('Pc, Original'!$D95:$AA95))} -> 0.60888068 | G95: {='Pc, Original'!G95/MAX(ABS('Pc, Original'!$D95:$AA95))} -> 0.60352507 | H95: {='Pc, Original'!H95/MAX(ABS('Pc, Original'!$D95:$AA95))} -> 0.60352507 | I95: {='Pc, Original'!I95/MAX(ABS('Pc, Original'!$D95:$AA95))} -> 0.61340931 | J95: {='Pc, Original'!J95/MAX(ABS('Pc, Original'!$D95:$AA95))} -> 0.7293208 | K95: {='Pc, Original'!K95/MAX(ABS('Pc, Original'!$D95:$AA95))} -> 0.83568436 | ... AA95: {='Pc, Original'!AA95/MAX(ABS('Pc, Original'!$D95:$AA95))} -> 0.8181155
A96: 17 | B96: Autumn | C96: 1 | D96: {='Pc, Original'!D96/MAX(ABS('Pc, Original'!$D96:$AA96))} -> 0.65014504 | E96: {='Pc, Original'!E96/MAX(ABS('Pc, Original'!$D96:$AA96))} -> 0.6142611 | F96: {='Pc, Original'!F96/MAX(ABS('Pc, Original'!$D96:$AA96))} -> 0.60660943 | G96: {='Pc, Original'!G96/MAX(ABS('Pc, Original'!$D96:$AA96))} -> 0.60810908 | H96: {='Pc, Original'!H96/MAX(ABS('Pc, Original'!$D96:$AA96))} -> 0.61344285 | I96: {='Pc, Original'!I96/MAX(ABS('Pc, Original'!$D96:$AA96))} -> 0.6410878 | J96: {='Pc, Original'!J96/MAX(ABS('Pc, Original'!$D96:$AA96))} -> 0.81244662 | K96: {='Pc, Original'!K96/MAX(ABS('Pc, Original'!$D96:$AA96))} -> 0.93745332 | ... AA96: {='Pc, Original'!AA96/MAX(ABS('Pc, Original'!$D96:$AA96))} -> 0.72800329
A97: 18 | B97: Autumn | C97: 1 | D97: {='Pc, Original'!D97/MAX(ABS('Pc, Original'!$D97:$AA97))} -> 0.61904602 | E97: {='Pc, Original'!E97/MAX(ABS('Pc, Original'!$D97:$AA97))} -> 0.57002412 | F97: {='Pc, Original'!F97/MAX(ABS('Pc, Original'!$D97:$AA97))} -> 0.51986333 | G97: {='Pc, Original'!G97/MAX(ABS('Pc, Original'!$D97:$AA97))} -> 0.52312923 | H97: {='Pc, Original'!H97/MAX(ABS('Pc, Original'!$D97:$AA97))} -> 0.55021103 | I97: {='Pc, Original'!I97/MAX(ABS('Pc, Original'!$D97:$AA97))} -> 0.60353721 | J97: {='Pc, Original'!J97/MAX(ABS('Pc, Original'!$D97:$AA97))} -> 0.8463355 | K97: {='Pc, Original'!K97/MAX(ABS('Pc, Original'!$D97:$AA97))} -> 0.99378643 | ... AA97: {='Pc, Original'!AA97/MAX(ABS('Pc, Original'!$D97:$AA97))} -> 0.69468078
... A103: 24 | B103: Autumn | C103: 1 | D103: {='Pc, Original'!D103/MAX(ABS('Pc, Original'!$D103:$AA103))} -> 0.5037274 | E103: {='Pc, Original'!E103/MAX(ABS('Pc, Original'!$D103:$AA103))} -> 0.41164865 | F103: {='Pc, Original'!F103/MAX(ABS('Pc, Original'!$D103:$AA103))} -> 0.41326124 | G103: {='Pc, Original'!G103/MAX(ABS('Pc, Original'!$D103:$AA103))} -> 0.36332801 | H103: {='Pc, Original'!H103/MAX(ABS('Pc, Original'!$D103:$AA103))} -> 0.35712506 | I103: {='Pc, Original'!I103/MAX(ABS('Pc, Original'!$D103:$AA103))} -> 0.36677705 | J103: {='Pc, Original'!J103/MAX(ABS('Pc, Original'!$D103:$AA103))} -> 0.47020927 | K103: {='Pc, Original'!K103/MAX(ABS('Pc, Original'!$D103:$AA103))} -> 0.62578815 | ... AA103: {='Pc, Original'!AA103/MAX(ABS('Pc, Original'!$D103:$AA103))} -> 0.42622636
A104: 25 | B104: Autumn | C104: 1 | D104: 0 | E104: 0 | F104: 0 | G104: 0 | H104: 0 | I104: 0 | J104: 0 | K104: 0 | L104: 0 | M104: 0 | N104: 0 | O104: 0 | P104: 0 | Q104: 0 | R104: 0 | S104: 0 | T104: 0 | U104: 0 | V104: 0 | W104: 0 | X104: 0 | Y104: 0 | Z104: 0 | AA104: 0
