Workbook

Sheet KPC_35_W_Sa
A1: LoadID | B1: Type | C1: 0 | D1: 0 | E1: 0 | F1: 0 | G1: =C1+1 -> 1 | H1: =D1+1 -> 1 | I1: =E1+1 -> 1 | J1: =F1+1 -> 1 | K1: =G1+1 -> 2 | L1: =H1+1 -> 2 | M1: =I1+1 -> 2 | N1: =J1+1 -> 2 | ... CT1: =CP1+1 -> 23
A2: 1 | B2: P | C2: 3.7867105 | D2: 3.861985 | E2: 3.9754131 | F2: 3.7851257 | G2: 3.6270189 | H2: 3.5573747 | I2: 3.7208188 | J2: 3.7073181 | K2: 3.6012399 | L2: 3.538681 | M2: 3.48153 | N2: 3.4713862 | O2: 3.5562496 | P2: 3.5341787 | Q2: 3.6023846 | R2: 3.6004376 | S2: 3.422879 | T2: 3.4345329 | U2: 3.4606531 | V2: 3.7431965 | W2: 3.6369765 | X2: 3.4422638 | Y2: 3.3375235 | Z2: 3.2386384 | AA2: 3.1360073 | AB2: 3.1664295 | AC2: 3.1129513 | AD2: 3.0987759 | AE2: 3.3207185 | AF2: 3.2961688 | AG2: 3.4582856 | AH2: 3.3914175 | AI2: 3.4661896 | AJ2: 3.5386965 | AK2: 3.408308 | AL2: 3.3844717 | AM2: 3.4242821 | AN2: 3.3481638 | AO2: 3.4026461 | AP2: 3.3466399 | AQ2: 3.3381541 | AR2: 3.4190462 | AS2: 3.2527313 | AT2: 3.3006134 | AU2: 3.3376455 | AV2: 3.4134967 | AW2: 3.4414725 | AX2: 3.307307 | AY2: 3.2323191 | AZ2: 3.388201 | BA2: 3.5137682 | BB2: 3.3399873 | BC2: 3.4009612 | BD2: 3.2490203 | BE2: 3.1903064 | BF2: 3.1654048 | BG2: 3.0889087 | BH2: 3.0880702 | BI2: 3.1590929 | BJ2: 3.2418995 | BK2: 3.0610032 | BL2: 3.2138357 | BM2: 3.2403271 | BN2: 3.1548555 | BO2: 3.2592783 | BP2: 3.2490165 | BQ2: 3.2223458 | BR2: 3.1752615 | BS2: 3.0584905 | BT2: 3.1643016 | BU2: 3.1912496 | BV2: 3.1489744 | BW2: 3.2647491 | BX2: 3.221581 | BY2: 3.2067354 | BZ2: 2.9868174 | CA2: 3.0115418 | CB2: 3.1746418 | CC2: 3.0966508 | CD2: 3.2341299 | CE2: 3.1895294 | CF2: 3.0834918 | CG2: 3.1088367 | CH2: 2.9730651 | CI2: 3.0998678 | CJ2: 3.0799689 | CK2: 2.9959025 | CL2: 3.0060642 | CM2: 3.0016665 | CN2: 2.915242 | CO2: 2.9786611 | CP2: 3.0320246 | CQ2: 3.1858797 | CR2: 3.0230825 | CS2: 2.9966547 | CT2: 3.1208622
A3: 1 | B3: Q | C3: 0.3727598 | D3: 0.3929793 | E3: 0.3727614 | F3: 0.1964864 | G3: 0.2379639 | H3: 0.2171672 | I3: 0.240863 | J3: 0.208315 | K3: 0.2025553 | L3: 0.201473 | M3: 0.2126831 | N3: 0.1416341 | O3: 0.2008931 | P3: 0.1616191 | Q3: 0.1883687 | R3: 0.1681132 | S3: 0.2187134 | T3: 0.1790141 | U3: 0.1999654 | V3: 0.2013957 | W3: 0.137498 | X3: 0.1428324 | Y3: 0.0857381 | Z3: 0.0624288 | AA3: 0.0438354 | AB3: 0.0405884 | AC3: 0.0371867 | AD3: 0.0623128 | AE3: 0.148515 | AF3: 0.1301536 | AG3: 0.1462341 | AH3: 0.1401652 | AI3: 0.1225384 | AJ3: 0.0749146 | AK3: 0.0741801 | AL3: 0.0898743 | AM3: 0.1421753 | AN3: 0.1538881 | AO3: 0.1150777 | AP3: 0.0609985 | AQ3: 0.0503296 | AR3: 0.0596456 | AS3: 0.0736389 | AT3: 0.1236593 | AU3: 0.1686159 | AV3: 0.2255943 | AW3: 0.123582 | AX3: 0.1570577 | AY3: 0.1684224 | AZ3: 0.1681519 | BA3: 0.2158915 | BB3: 0.1935099 | BC3: 0.220221 | BD3: 0.1921956 | BE3: 0.1795939 | BF3: 0.1674561 | BG3: 0.1058777 | BH3: 0.114266 | BI3: 0.1576377 | BJ3: 0.1374981 | BK3: 0.0952474 | BL3: 0.1611552 | BM3: 0.1421753 | BN3: 0.1998494 | BO3: 0.1789368 | BP3: 0.1765401 | BQ3: 0.1397786 | BR3: 0.1333618 | BS3: 0.1563621 | BT3: 0.1672629 | BU3: 0.1774679 | BV3: 0.1611165 | BW3: 0.1649821 | BX3: 0.1658325 | BY3: 0.1208761 | BZ3: 0.1298442 | CA3: 0.1394307 | CB3: 0.150177 | CC3: 0.1302307 | CD3: 0.1729065 | CE3: 0.1965251 | CF3: 0.13974 | CG3: 0.2034444 | CH3: 0.1599955 | CI3: 0.2067688 | CJ3: 0.1973368 | CK3: 0.1667603 | CL3: 0.1731384 | CM3: 0.2021301 | CN3: 0.161967 | CO3: 0.0902222 | CP3: 0.1121785 | CQ3: 0.1637065 | CR3: 0.1212626 | CS3: 0.1371114 | CT3: 0.2305807
A4: 2 | B4: P | C4: 1.4176121 | D4: 1.3559444 | E4: 1.3017769 | F4: 1.27411 | G4: 1.2169423 | H4: 1.2016642 | I4: 1.2398871 | J4: 1.2092199 | K4: 1.2037199 | L4: 1.2099422 | M4: 1.186942 | N4: 1.1961643 | O4: 1.0409951 | P4: 1.0444953 | Q4: 1.0741624 | R4: 1.1420523 | S4: 1.1727195 | T4: 1.1707194 | U4: 1.163497 | V4: 1.1706083 | W4: 1.2140534 | X4: 1.2349426 | Y4: 1.2421093 | Z4: 1.2839434 | AA4: 1.2987769 | AB4: 1.3150548 | AC4: 1.3559999 | AD4: 1.3928894 | AE4: 1.5198357 | AF4: 1.5945591 | AG4: 1.5854479 | AH4: 1.7216166 | AI4: 1.8073958 | AJ4: 1.8487854 | AK4: 1.8876193 | AL4: 1.9572314 | AM4: 1.9508425 | AN4: 1.9766206 | AO4: 1.9867319 | AP4: 2.0271769 | AQ4: 2.0591218 | AR4: 1.9973431 | AS4: 2.0521216 | AT4: 2.100678 | AU4: 2.0132878 | AV4: 2.0022876 | AW4: 2.0164547 | AX4: 1.9672871 | AY4: 1.9402866 | AZ4: 1.918842 | BA4: 1.9097862 | BB4: 1.9086195 | BC4: 1.9129529 | BD4: 1.8890637 | BE4: 1.8035624 | BF4: 1.8573411 | BG4: 1.7787287 | BH4: 1.8408961 | BI4: 1.776451 | BJ4: 1.7469505 | BK4: 1.7267278 | BL4: 1.7942846 | BM4: 1.8288962 | BN4: 1.8458964 | BO4: 1.8846191 | BP4: 1.9173418 | BQ4: 2.0098989 | BR4: 2.083122 | BS4: 2.2535136 | BT4: 2.3405151 | BU4: 2.4016826 | BV4: 2.37096 | BW4: 2.3230147 | BX4: 2.2590692 | BY4: 2.2362356 | BZ4: 2.2013462 | CA4: 2.1674569 | CB4: 2.1851795 | CC4: 2.2000127 | CD4: 2.1386786 | CE4: 2.1249006 | CF4: 2.0893445 | CG4: 2.0041208 | CH4: 1.9372866 | CI4: 1.9215086 | CJ4: 1.8666744 | CK4: 1.8404518 | CL4: 1.7770621 | CM4: 1.7509506 | CN4: 1.7232279 | CO4: 1.6696715 | CP4: 1.5640588 | CQ4: 1.5096691 | CR4: 1.5118914 | CS4: 1.4523348 | CT4: 1.397723
A5: 2 | B5: Q | C5: -0.2365797 | D5: -0.2649135 | E5: -0.2866915 | F5: -0.2868028 | G5: -0.2922473 | H5: -0.3037476 | I5: -0.2817469 | J5: -0.2852472 | K5: -0.2796359 | L5: -0.2739135 | M5: -0.2730246 | N5: -0.2742468 | O5: -0.3177476 | P5: -0.3280813 | Q5: -0.33197 | R5: -0.2840804 | S5: -0.293803 | T5: -0.2987476 | U5: -0.2941364 | V5: -0.3026922 | W5: -0.2600243 | X5: -0.2810804 | Y5: -0.2631912 | Z5: -0.2655801 | AA5: -0.2539133 | AB5: -0.2566911 | AC5: -0.2131354 | AD5: -0.1768009 | AE5: -0.1295782 | AF5: -0.1290782 | AG5: -0.1344118 | AH5: -0.1114669 | AI5: -0.0860776 | AJ5: -0.061355 | AK5: -0.0879109 | AL5: -0.0669107 | AM5: -0.025632 | AN5: -0.0414657 | AO5: -0.0594104 | AP5: -0.021632 | AQ5: -0.0357432 | AR5: -0.0729108 | AS5: -0.0753553 | AT5: -0.0467436 | AU5: -0.1015777 | AV5: -0.0680218 | AW5: -0.0842442 | AX5: -0.1186336 | AY5: -0.122856 | AZ5: -0.1381895 | BA5: -0.1120779 | BB5: -0.1063556 | BC5: -0.1040777 | BD5: -0.1100778 | BE5: -0.1756898 | BF5: -0.1781899 | BG5: -0.2182463 | BH5: -0.1806898 | BI5: -0.1679121 | BJ5: -0.1699121 | BK5: -0.1629677 | BL5: -0.1492452 | BM5: -0.1633565 | BN5: -0.1301339 | BO5: -0.1363007 | BP5: -0.1246337 | BQ5: -0.1012999 | BR5: -0.0694108 | BS5: 0.019202 | BT5: 0.0498135 | BU5: 0.0756472 | BV5: 0.0487577 | BW5: 0.04348 | BX5: 0.0105907 | BY5: -0.0037983 | BZ5: -0.0276319 | CA5: -0.0543549 | CB5: -0.0625219 | CC5: -0.0590773 | CD5: -0.0762441 | CE5: -0.0887998 | CF5: -0.1236894 | CG5: -0.1358007 | CH5: -0.1649678 | CI5: -0.152912 | CJ5: -0.1571343 | CK5: -0.1637454 | CL5: -0.167301 | CM5: -0.1909678 | CN5: -0.1916901 | CO5: -0.1976347 | CP5: -0.2195242 | CQ5: -0.2328576 | CR5: -0.2394134 | CS5: -0.2459132 | CT5: -0.2433577
A6: 3 | B6: P | C6: 3.4336333 | D6: 3.349071 | E6: 3.3061888 | F6: 3.2376533 | G6: 3.1847289 | H6: 3.0919533 | I6: 3.1595933 | J6: 3.1009846 | K6: 3.0678444 | L6: 3.094589 | M6: 2.9380755 | N6: 2.8469689 | O6: 2.9611068 | P6: 3.0303755 | Q6: 3.0216689 | R6: 3.0264888 | S6: 2.9892356 | T6: 3.03654 | U6: 3.0439267 | V6: 3.0895755 | W6: 3.1797378 | X6: 3.1196334 | Y6: 3.268749 | Z6: 3.4492688 | AA6: 3.9323556 | AB6: 4.1093335 | AC6: 4.185111 | AD6: 4.3394446 | AE6: 4.4201112 | AF6: 4.3433447 | AG6: 4.2419777 | AH6: 4.4332776 | AI6: 4.5381222 | AJ6: 4.7139554 | AK6: 4.7696557 | AL6: 4.8972445 | AM6: 5.0625887 | AN6: 5.0545444 | AO6: 5.0392556 | AP6: 4.9937 | AQ6: 4.717011 | AR6: 4.6780558 | AS6: 5.0288444 | AT6: 5.2263222 | AU6: 5.1647444 | AV6: 5.1971002 | AW6: 5.1649332 | AX6: 5.2254667 | AY6: 5.0391889 | AZ6: 5.0983109 | BA6: 5.0973554 | BB6: 5.0341334 | BC6: 4.9201112 | BD6: 4.7580333 | BE6: 4.422678 | BF6: 4.2208667 | BG6: 4.047122 | BH6: 3.9733222 | BI6: 3.9748666 | BJ6: 4.0131335 | BK6: 3.9540443 | BL6: 3.9885333 | BM6: 3.9733222 | BN6: 4.0137777 | BO6: 4.060689 | BP6: 4.1390886 | BQ6: 4.2919445 | BR6: 4.3580112 | BS6: 4.6857333 | BT6: 4.7629557 | BU6: 4.7787776 | BV6: 4.7588 | BW6: 4.7465777 | BX6: 4.7506776 | BY6: 4.6925888 | BZ6: 4.5781002 | CA6: 4.5448666 | CB6: 4.6547112 | CC6: 4.5836778 | CD6: 4.6085224 | CE6: 4.5585999 | CF6: 4.5272222 | CG6: 4.4667444 | CH6: 4.2696443 | CI6: 4.1630778 | CJ6: 4.1209002 | CK6: 4.045589 | CL6: 4.0108113 | CM6: 3.9697556 | CN6: 3.8783777 | CO6: 3.7195556 | CP6: 3.7156999 | CQ6: 3.596 | CR6: 3.4605 | CS6: 3.3694334 | CT6: 3.2941999
A7: 3 | B7: Q | C7: -0.6192445 | D7: -0.6103156 | E7: -0.6620778 | F7: -0.6539434 | G7: -0.6547555 | H7: -0.6586967 | I7: -0.6393844 | J7: -0.6666478 | K7: -0.6602611 | L7: -0.6644178 | M7: -0.7237967 | N7: -0.7445866 | O7: -0.6992878 | P7: -0.7091 | Q7: -0.6726389 | R7: -0.6982778 | S7: -0.673079 | T7: -0.69068 | U7: -0.70854 | V7: -0.6978578 | W7: -0.6583756 | X7: -0.6854345 | Y7: -0.6765678 | Z7: -0.5736909 | AA7: -0.3787477 | AB7: -0.3195886 | AC7: -0.3416106 | AD7: -0.335292 | AE7: -0.3224654 | AF7: -0.3773891 | AG7: -0.4166411 | AH7: -0.3710501 | AI7: -0.3494323 | AJ7: -0.3292789 | AK7: -0.3142317 | AL7: -0.2555686 | AM7: -0.2028367 | AN7: -0.1888137 | AO7: -0.1935751 | AP7: -0.224088 | AQ7: -0.3722785 | AR7: -0.3732778 | AS7: -0.2534908 | AT7: -0.2274949 | AU7: -0.2369728 | AV7: -0.230564 | AW7: -0.2874277 | AX7: -0.2732464 | AY7: -0.3283961 | AZ7: -0.2923024 | BA7: -0.3386304 | BB7: -0.3420883 | BC7: -0.332977 | BD7: -0.4068343 | BE7: -0.4971278 | BF7: -0.5543877 | BG7: -0.5665944 | BH7: -0.6095356 | BI7: -0.6175211 | BJ7: -0.5862756 | BK7: -0.60912 | BL7: -0.6103522 | BM7: -0.6248044 | BN7: -0.6364567 | BO7: -0.6269611 | BP7: -0.6084467 | BQ7: -0.54068 | BR7: -0.5006222 | BS7: -0.3717651 | BT7: -0.3682478 | BU7: -0.4084356 | BV7: -0.3621482 | BW7: -0.37417 | BX7: -0.3851371 | BY7: -0.4290433 | BZ7: -0.4250353 | CA7: -0.4598233 | CB7: -0.4534367 | CC7: -0.5362633 | CD7: -0.5261978 | CE7: -0.5331467 | CF7: -0.5357989 | CG7: -0.5239989 | CH7: -0.5684755 | CI7: -0.5882456 | CJ7: -0.5829555 | CK7: -0.6041822 | CL7: -0.5954311 | CM7: -0.5800211 | CN7: -0.5837511 | CO7: -0.6572466 | CP7: -0.6161278 | CQ7: -0.6092467 | CR7: -0.6563355 | CS7: -0.6381722 | CT7: -0.6375
A8: 4 | B8: P | C8: 0.4475276 | D8: 0.37936 | E8: 0.3918047 | F8: 0.3491926 | G8: 0.3110258 | H8: 0.294248 | I8: 0.2556358 | J8: 0.2078018 | K8: 0.2321355 | L8: 0.2418023 | M8: 0.1971907 | N8: 0.2513578 | O8: 0.2110242 | P8: 0.184246 | Q8: 0.2125243 | R8: 0.2521912 | S8: 0.2281354 | T8: 0.232691 | U8: 0.2068573 | V8: 0.1861905 | W8: 0.2508023 | X8: 0.3567485 | Y8: 0.3458593 | Z8: 0.4173047 | AA8: 0.4986394 | AB8: 0.6203634 | AC8: 0.6306414 | AD8: 0.7600325 | AE8: 0.7880884 | AF8: 0.7142539 | AG8: 0.8061442 | AH8: 0.8381445 | AI8: 0.9978138 | AJ8: 0.9595909 | AK8: 0.8624228 | AL8: 0.8704784 | AM8: 0.8797009 | AN8: 0.941424 | AO8: 0.9948137 | AP8: 1.0623703 | AQ8: 1.0025915 | AR8: 1.0337032 | AS8: 1.0231475 | AT8: 0.9628686 | AU8: 0.9108123 | AV8: 0.9327013 | AW8: 0.9412573 | AX8: 0.9640911 | AY8: 1.0527591 | AZ8: 1.0742593 | BA8: 1.0290364 | BB8: 1.0227585 | BC8: 0.9500908 | BD8: 0.9678133 | BE8: 0.9325349 | BF8: 0.8299221 | BG8: 0.8181999 | BH8: 0.9078677 | BI8: 0.9184787 | BJ8: 0.96198 | BK8: 0.8500894 | BL8: 0.8062552 | BM8: 0.9088122 | BN8: 0.9373682 | BO8: 0.9292015 | BP8: 1.0364256 | BQ8: 1.0900929 | BR8: 1.1583718 | BS8: 1.4864879 | BT8: 1.5724891 | BU8: 1.5718783 | BV8: 1.5254329 | BW8: 1.5345442 | BX8: 1.4498209 | BY8: 1.4582098 | BZ8: 1.3745416 | CA8: 1.354597 | CB8: 1.2584288 | CC8: 1.1829836 | CD8: 1.1630386 | CE8: 1.1605387 | CF8: 1.1697612 | CG8: 1.1425384 | CH8: 1.1029819 | CI8: 0.9963696 | CJ8: 0.9769247 | CK8: 0.9778135 | CL8: 0.9194793 | CM8: 0.8447003 | CN8: 0.8025331 | CO8: 0.7416986 | CP8: 0.6800312 | CQ8: 0.6707534 | CR8: 0.6370304 | CS8: 0.5974185 | CT8: 0.6232523
A9: 4 | B9: Q | C9: -0.6804338 | D9: -0.725157 | E9: -0.7165457 | F9: -0.7089344 | G9: -0.6979898 | H9: -0.7211569 | I9: -0.7322127 | J9: -0.7331572 | K9: -0.7182124 | L9: -0.7376018 | M9: -0.7449352 | N9: -0.7323794 | O9: -0.7333794 | P9: -0.7549911 | Q9: -0.7258237 | R9: -0.7237681 | S9: -0.7322127 | T9: -0.7379906 | U9: -0.7254348 | V9: -0.7203236 | W9: -0.6808782 | X9: -0.664989 | Y9: -0.6767114 | Z9: -0.6432664 | AA9: -0.6299331 | AB9: -0.6019884 | AC9: -0.604933 | AD9: -0.5461544 | AE9: -0.5365987 | AF9: -0.5934325 | AG9: -0.5590434 | AH9: -0.5617102 | AI9: -0.5280986 | AJ9: -0.571377 | AK9: -0.5602657 | AL9: -0.5725993 | AM9: -0.5679882 | AN9: -0.5240429 | AO9: -0.5380986 | AP9: -0.5361541 | AQ9: -0.5761549 | AR9: -0.5984883 | AS9: -0.5803215 | AT9: -0.6048774 | AU9: -0.6555446 | AV9: -0.6740448 | AW9: -0.6689893 | AX9: -0.652489 | AY9: -0.6343223 | AZ9: -0.6667671 | BA9: -0.6722115 | BB9: -0.6565447 | BC9: -0.6984342 | BD9: -0.6739893 | BE9: -0.6952119 | BF9: -0.6794338 | BG9: -0.6846005 | BH9: -0.6716003 | BI9: -0.6699336 | BJ9: -0.6654336 | BK9: -0.6932674 | BL9: -0.7210458 | BM9: -0.6817116 | BN9: -0.6572114 | BO9: -0.657378 | BP9: -0.5994885 | BQ9: -0.5545433 | BR9: -0.4900424 | BS9: -0.3474845 | BT9: -0.3481514 | BU9: -0.3694292 | BV9: -0.3774292 | BW9: -0.3711514 | BX9: -0.430208 | BY9: -0.4390414 | BZ9: -0.4602084 | CA9: -0.4903202 | CB9: -0.5265983 | CC9: -0.5745441 | CD9: -0.6101544 | CE9: -0.5938772 | CF9: -0.6122661 | CG9: -0.6168771 | CH9: -0.6184326 | CI9: -0.6399889 | CJ9: -0.6601558 | CK9: -0.6294885 | CL9: -0.623544 | CM9: -0.6490448 | CN9: -0.6531558 | CO9: -0.6734892 | CP9: -0.6477668 | CQ9: -0.6481557 | CR9: -0.6641001 | CS9: -0.6603222 | CT9: -0.653489
A10: 5 | B10: P | C10: 3.5034826 | D10: 3.3570135 | E10: 3.2718642 | F10: 3.1346188 | G10: 3.0674453 | H10: 2.9472904 | I10: 2.9205625 | J10: 2.8177323 | K10: 2.7395599 | L10: 2.7512085 | M10: 2.7037842 | N10: 2.6974585 | O10: 2.7225299 | P10: 2.6985817 | Q10: 2.6973403 | R10: 2.7334692 | S10: 2.7632716 | T10: 2.7828445 | U10: 2.7287388 | V10: 2.7516224 | W10: 2.9064889 | X10: 2.8889854 | Y10: 2.9215677 | Z10: 3.0885549 | AA10: 3.2221339 | AB10: 3.2897213 | AC10: 3.4017172 | AD10: 3.6418512 | AE10: 3.7413106 | AF10: 3.626358 | AG10: 3.6621921 | AH10: 3.8375785 | AI10: 4.0681915 | AJ10: 4.290586 | AK10: 4.5092554 | AL10: 4.4937034 | AM10: 4.5172386 | AN10: 4.5916848 | AO10: 4.8179827 | AP10: 4.9943714 | AQ10: 5.0264797 | AR10: 5.1446853 | AS10: 5.1360521 | AT10: 5.1072545 | AU10: 5.1308479 | AV10: 5.1627798 | AW10: 5.280333 | AX10: 5.1995001 | AY10: 5.2185998 | AZ10: 5.1657953 | BA10: 5.2227988 | BB10: 5.2084885 | BC10: 5.0851398 | BD10: 5.0200353 | BE10: 4.9150758 | BF10: 4.9231181 | BG10: 4.8846822 | BH10: 4.8321137 | BI10: 4.7763534 | BJ10: 4.7776546 | BK10: 4.7000141 | BL10: 4.6936274 | BM10: 4.6158695 | BN10: 4.656611 | BO10: 4.7804928 | BP10: 4.7451901 | BQ10: 4.9177966 | BR10: 4.9306283 | BS10: 5.3327246 | BT10: 5.5322933 | BU10: 5.5973387 | BV10: 5.6949058 | BW10: 5.6316352 | BX10: 5.6111755 | BY10: 5.5800138 | BZ10: 5.5367284 | CA10: 5.5570111 | CB10: 5.4595022 | CC10: 5.4293442 | CD10: 5.3343201 | CE10: 5.311614 | CF10: 5.2083707 | CG10: 5.1650267 | CH10: 5.0882735 | CI10: 5.0375381 | CJ10: 4.9450555 | CK10: 4.7713857 | CL10: 4.6182938 | CM10: 4.568387 | CN10: 4.4064841 | CO10: 4.3531475 | CP10: 4.2368937 | CQ10: 4.1043801 | CR10: 4.0165687 | CS10: 3.8588657 | CT10: 3.8130381
A11: 5 | B11: Q | C11: -0.6707466 | D11: -0.7103053 | E11: -0.7323611 | F11: -0.7683728 | G11: -0.7435375 | H11: -0.781027 | I11: -0.7764739 | J11: -0.7814996 | K11: -0.7995348 | L11: -0.8071033 | M11: -0.8155591 | N11: -0.8240747 | O11: -0.8026689 | P11: -0.8087592 | Q11: -0.8012499 | R11: -0.7883002 | S11: -0.7926757 | T11: -0.8052706 | U11: -0.8078132 | V11: -0.8084041 | W11: -0.677014 | X11: -0.719352 | Y11: -0.7136165 | Z11: -0.6984786 | AA11: -0.6698003 | AB11: -0.6650108 | AC11: -0.6204847 | AD11: -0.5536654 | AE11: -0.5317276 | AF11: -0.6424812 | AG11: -0.6547213 | AH11: -0.6527699 | AI11: -0.6049917 | AJ11: -0.5274704 | AK11: -0.4677472 | AL11: -0.4494158 | AM11: -0.4591132 | AN11: -0.3954876 | AO11: -0.3307974 | AP11: -0.2858574 | AQ11: -0.2758057 | AR11: -0.2643928 | AS11: -0.2490181 | AT11: -0.248013 | AU11: -0.3066129 | AV11: -0.3214551 | AW11: -0.2954955 | AX11: -0.3513161 | AY11: -0.3127028 | AZ11: -0.3329263 | BA11: -0.3322171 | BB11: -0.3212183 | BC11: -0.3325717 | BD11: -0.3386621 | BE11: -0.3734317 | BF11: -0.3954289 | BG11: -0.4018741 | BH11: -0.4132274 | BI11: -0.4499479 | BJ11: -0.424226 | BK11: -0.4581671 | BL11: -0.4562155 | BM11: -0.4701706 | BN11: -0.4700526 | BO11: -0.4330364 | BP11: -0.4394224 | BQ11: -0.4404279 | BR11: -0.4550333 | BS11: -0.2062666 | BT11: -0.2298595 | BU11: -0.2276128 | BV11: -0.1973372 | BW11: -0.2176781 | BX11: -0.225779 | BY11: -0.2241236 | BZ11: -0.2444063 | CA11: -0.2721395 | CB11: -0.302888 | CC11: -0.3237025 | CD11: -0.360718 | CE11: -0.3701202 | CF11: -0.4022875 | CG11: -0.3976758 | CH11: -0.4276555 | CI11: -0.4374118 | CJ11: -0.4392451 | CK11: -0.4678645 | CL11: -0.4833567 | CM11: -0.4895074 | CN11: -0.5131602 | CO11: -0.5206696 | CP11: -0.5287114 | CQ11: -0.5310178 | CR11: -0.5439671 | CS11: -0.5548478 | CT11: -0.5583369
A12: 6 | B12: P | C12: 5.6160111 | D12: 5.4352779 | E12: 5.0215554 | F12: 5.1540999 | G12: 5.0773001 | H12: 5.0089002 | I12: 4.9372778 | J12: 4.9535666 | K12: 4.7617888 | L12: 4.7470999 | M12: 4.7182336 | N12: 4.8875113 | O12: 4.8821111 | P12: 4.8421555 | Q12: 4.733222 | R12: 4.8580446 | S12: 4.8491111 | T12: 4.8025446 | U12: 4.7581887 | V12: 4.7353778 | W12: 4.9357777 | X12: 4.9529667 | Y12: 5.0639 | Z12: 5.2565112 | AA12: 5.3167558 | AB12: 5.3869667 | AC12: 5.4234109 | AD12: 5.4455776 | AE12: 5.780889 | AF12: 5.7633886 | AG12: 5.8204222 | AH12: 5.8202443 | AI12: 5.8907332 | AJ12: 5.7705221 | AK12: 6.0036669 | AL12: 6.2820888 | AM12: 6.2340665 | AN12: 6.3873224 | AO12: 6.2982111 | AP12: 6.3213778 | AQ12: 6.2685781 | AR12: 6.3506665 | AS12: 6.2964554 | AT12: 6.3313332 | AU12: 6.6023555 | AV12: 6.6067891 | AW12: 6.7593889 | AX12: 6.7253113 | AY12: 6.4764891 | AZ12: 6.3955998 | BA12: 6.5887556 | BB12: 6.6711445 | BC12: 6.4040666 | BD12: 6.3933778 | BE12: 6.1381555 | BF12: 6.0079889 | BG12: 5.8263445 | BH12: 5.8347888 | BI12: 5.7671113 | BJ12: 5.7514887 | BK12: 5.7642336 | BL12: 5.9129224 | BM12: 5.8697109 | BN12: 5.9158001 | BO12: 5.757278 | BP12: 5.8050666 | BQ12: 5.7955999 | BR12: 5.7908554 | BS12: 6.1838112 | BT12: 6.311389 | BU12: 6.3700113 | BV12: 6.2960887 | BW12: 6.2059665 | BX12: 6.3270998 | BY12: 6.2774668 | BZ12: 6.1991334 | CA12: 6.0451889 | CB12: 6.0407224 | CC12: 6.0250111 | CD12: 5.9952445 | CE12: 5.9901557 | CF12: 5.7948112 | CG12: 5.678411 | CH12: 5.6359553 | CI12: 5.4285445 | CJ12: 5.5523443 | CK12: 5.4606113 | CL12: 5.5957556 | CM12: 5.4772 | CN12: 5.3217998 | CO12: 5.337522 | CP12: 5.2459888 | CQ12: 5.3204112 | CR12: 5.2009778 | CS12: 5.1868 | CT12: 5.1720109
A13: 6 | B13: Q | C13: 0.6389756 | D13: 0.5058933 | E13: 0.2886064 | F13: 0.2793642 | G13: 0.3437178 | H13: 0.3573 | I13: 0.3527811 | J13: 0.3533471 | K13: 0.2690642 | L13: 0.2912 | M13: 0.2640919 | N13: 0.3361655 | O13: 0.4588656 | P13: 0.3849533 | Q13: 0.2321787 | R13: 0.2923184 | S13: 0.288871 | T13: 0.2647409 | U13: 0.2971722 | V13: 0.2609392 | W13: 0.3134444 | X13: 0.2228191 | Y13: 0.3246778 | Z13: 0.3677166 | AA13: 0.4667411 | AB13: 0.46992 | AC13: 0.4247389 | AD13: 0.3413522 | AE13: 0.5694134 | AF13: 0.6174256 | AG13: 0.7249134 | AH13: 0.5670933 | AI13: 0.5523233 | AJ13: 0.46686 | AK13: 0.5681011 | AL13: 0.7723656 | AM13: 0.8045411 | AN13: 0.8786511 | AO13: 0.7866356 | AP13: 0.7830789 | AQ13: 0.7765722 | AR13: 0.7344222 | AS13: 0.6350267 | AT13: 0.6175445 | AU13: 0.7306967 | AV13: 0.7426434 | AW13: 0.8537233 | AX13: 0.8455445 | AY13: 0.6677155 | AZ13: 0.5329411 | BA13: 0.6934122 | BB13: 0.8864533 | BC13: 0.75444 | BD13: 0.61673 | BE13: 0.5837622 | BF13: 0.4601011 | BG13: 0.4123978 | BH13: 0.3740378 | BI13: 0.3998178 | BJ13: 0.3930389 | BK13: 0.4600067 | BL13: 0.5007178 | BM13: 0.5320978 | BN13: 0.5653378 | BO13: 0.4667467 | BP13: 0.4714344 | BQ13: 0.4345111 | BR13: 0.4611745 | BS13: 0.6393678 | BT13: 0.6294067 | BU13: 0.5875378 | BV13: 0.5344022 | BW13: 0.5090022 | BX13: 0.5790933 | BY13: 0.5741245 | BZ13: 0.5778733 | CA13: 0.4595533 | CB13: 0.4477422 | CC13: 0.4106745 | CD13: 0.4072289 | CE13: 0.4298333 | CF13: 0.3660772 | CG13: 0.3246444 | CH13: 0.2915933 | CI13: 0.2516598 | CJ13: 0.3331667 | CK13: 0.3505773 | CL13: 0.3975511 | CM13: 0.4317701 | CN13: 0.353027 | CO13: 0.3036578 | CP13: 0.3019507 | CQ13: 0.4203356 | CR13: 0.3620033 | CS13: 0.3764189 | CT13: 0.3818778
... A29: 14 | B29: Q | C29: 0.1989221 | D29: 0.2028593 | E29: 0.2040415 | F29: 0.2088414 | G29: 0.2034323 | H29: 0.2075814 | I29: 0.2053813 | J29: 0.2060332 | K29: 0.206128 | L29: 0.2104623 | M29: 0.2103311 | N29: 0.2102098 | O29: 0.2145153 | P29: 0.221012 | Q29: 0.2098466 | R29: 0.2172402 | S29: 0.2099372 | T29: 0.2100639 | U29: 0.2104232 | V29: 0.2119886 | W29: 0.2065007 | X29: 0.2048973 | Y29: 0.2012433 | Z29: 0.1981241 | AA29: 0.2028817 | AB29: 0.1889846 | AC29: 0.1778899 | AD29: 0.1817751 | AE29: 0.1827593 | AF29: 0.1816951 | AG29: 0.1777389 | AH29: 0.1735478 | AI29: 0.1811341 | AJ29: 0.1761506 | AK29: 0.1571805 | AL29: 0.1542002 | AM29: 0.1513943 | AN29: 0.1419283 | AO29: 0.1322847 | AP29: 0.1389748 | AQ29: 0.1481304 | AR29: 0.1467199 | AS29: 0.1364873 | AT29: 0.1379576 | AU29: 0.1386972 | AV29: 0.1410477 | AW29: 0.1433443 | AX29: 0.1425896 | AY29: 0.1431212 | AZ29: 0.1402733 | BA29: 0.1452597 | BB29: 0.1452179 | BC29: 0.1542622 | BD29: 0.1486995 | BE29: 0.1526766 | BF29: 0.1619006 | BG29: 0.1646032 | BH29: 0.1597648 | BI29: 0.1518562 | BJ29: 0.1368822 | BK29: 0.1606093 | BL29: 0.1572555 | BM29: 0.1637374 | BN29: 0.1621802 | BO29: 0.1633918 | BP29: 0.1513089 | BQ29: 0.1538417 | BR29: 0.1593962 | BS29: 0.1568337 | BT29: 0.161844 | BU29: 0.162696 | BV29: 0.1719735 | BW29: 0.1634997 | BX29: 0.1703556 | BY29: 0.1781424 | BZ29: 0.1746989 | CA29: 0.1791323 | CB29: 0.1819459 | CC29: 0.1794775 | CD29: 0.1782957 | CE29: 0.1737025 | CF29: 0.1863106 | CG29: 0.1846626 | CH29: 0.1818552 | CI29: 0.1822152 | CJ29: 0.1925854 | CK29: 0.1927741 | CL29: 0.1934012 | CM29: 0.1959623 | CN29: 0.1943625 | CO29: 0.1912597 | CP29: 0.1954464 | CQ29: 0.1959695 | CR29: 0.1956293 | CS29: 0.2003948 | CT29: 0.1932479

Sheet KPC_35_W_Sa, 24h
A1: LoadID | B1: Type | C1: 0 | D1: 1 | E1: 2 | F1: 3 | G1: 4 | H1: 5 | I1: 6 | J1: 7 | K1: 8 | L1: 9 | M1: 10 | N1: 11 | O1: 12 | P1: 13 | Q1: 14 | R1: 15 | S1: 16 | T1: 17 | U1: 18 | V1: 19 | W1: 20 | X1: 21 | Y1: 22 | Z1: 23
A2: 1 | B2: P | C2: =AVERAGEIFS(KPC_35_W_Sa!$C2:$CT2,KPC_35_W_Sa!$C$1:$CT$1,'KPC_35_W_Sa, 24h'!C$1) -> 3.8523086 | D2: =AVERAGEIFS(KPC_35_W_Sa!$C2:$CT2,KPC_35_W_Sa!$C$1:$CT$1,'KPC_35_W_Sa, 24h'!D$1) -> 3.6531326 | E2: =AVERAGEIFS(KPC_35_W_Sa!$C2:$CT2,KPC_35_W_Sa!$C$1:$CT$1,'KPC_35_W_Sa, 24h'!E$1) -> 3.5232093 | F2: =AVERAGEIFS(KPC_35_W_Sa!$C2:$CT2,KPC_35_W_Sa!$C$1:$CT$1,'KPC_35_W_Sa, 24h'!F$1) -> 3.5733126 | G2: =AVERAGEIFS(KPC_35_W_Sa!$C2:$CT2,KPC_35_W_Sa!$C$1:$CT$1,'KPC_35_W_Sa, 24h'!G$1) -> 3.5153154 | H2: =AVERAGEIFS(KPC_35_W_Sa!$C2:$CT2,KPC_35_W_Sa!$C$1:$CT$1,'KPC_35_W_Sa, 24h'!H$1) -> 3.4138506 | I2: =AVERAGEIFS(KPC_35_W_Sa!$C2:$CT2,KPC_35_W_Sa!$C$1:$CT$1,'KPC_35_W_Sa, 24h'!I$1) -> 3.128541 | J2: =AVERAGEIFS(KPC_35_W_Sa!$C2:$CT2,KPC_35_W_Sa!$C$1:$CT$1,'KPC_35_W_Sa, 24h'!J$1) -> 3.3666476 | ... Z2: =AVERAGEIFS(KPC_35_W_Sa!$C2:$CT2,KPC_35_W_Sa!$C$1:$CT$1,'KPC_35_W_Sa, 24h'!Z$1) -> 3.0816198
A3: 1 | B3: Q | C3: =AVERAGEIFS(KPC_35_W_Sa!$C3:$CT3,KPC_35_W_Sa!$C$1:$CT$1,'KPC_35_W_Sa, 24h'!C$1) -> 0.33374673 | D3: =AVERAGEIFS(KPC_35_W_Sa!$C3:$CT3,KPC_35_W_Sa!$C$1:$CT$1,'KPC_35_W_Sa, 24h'!D$1) -> 0.22607728 | E3: =AVERAGEIFS(KPC_35_W_Sa!$C3:$CT3,KPC_35_W_Sa!$C$1:$CT$1,'KPC_35_W_Sa, 24h'!E$1) -> 0.18958638 | F3: =AVERAGEIFS(KPC_35_W_Sa!$C3:$CT3,KPC_35_W_Sa!$C$1:$CT$1,'KPC_35_W_Sa, 24h'!F$1) -> 0.17974852 | G3: =AVERAGEIFS(KPC_35_W_Sa!$C3:$CT3,KPC_35_W_Sa!$C$1:$CT$1,'KPC_35_W_Sa, 24h'!G$1) -> 0.19977215 | H3: =AVERAGEIFS(KPC_35_W_Sa!$C3:$CT3,KPC_35_W_Sa!$C$1:$CT$1,'KPC_35_W_Sa, 24h'!H$1) -> 0.10712432 | I3: =AVERAGEIFS(KPC_35_W_Sa!$C3:$CT3,KPC_35_W_Sa!$C$1:$CT$1,'KPC_35_W_Sa, 24h'!I$1) -> 0.045980825 | J3: =AVERAGEIFS(KPC_35_W_Sa!$C3:$CT3,KPC_35_W_Sa!$C$1:$CT$1,'KPC_35_W_Sa, 24h'!J$1) -> 0.14126698 | ... Z3: =AVERAGEIFS(KPC_35_W_Sa!$C3:$CT3,KPC_35_W_Sa!$C$1:$CT$1,'KPC_35_W_Sa, 24h'!Z$1) -> 0.1631653
A4: 2 | B4: P | C4: =AVERAGEIFS(KPC_35_W_Sa!$C4:$CT4,KPC_35_W_Sa!$C$1:$CT$1,'KPC_35_W_Sa, 24h'!C$1) -> 1.3373609 | D4: =AVERAGEIFS(KPC_35_W_Sa!$C4:$CT4,KPC_35_W_Sa!$C$1:$CT$1,'KPC_35_W_Sa, 24h'!D$1) -> 1.2169284 | E4: =AVERAGEIFS(KPC_35_W_Sa!$C4:$CT4,KPC_35_W_Sa!$C$1:$CT$1,'KPC_35_W_Sa, 24h'!E$1) -> 1.1991921 | F4: =AVERAGEIFS(KPC_35_W_Sa!$C4:$CT4,KPC_35_W_Sa!$C$1:$CT$1,'KPC_35_W_Sa, 24h'!F$1) -> 1.0754263 | G4: =AVERAGEIFS(KPC_35_W_Sa!$C4:$CT4,KPC_35_W_Sa!$C$1:$CT$1,'KPC_35_W_Sa, 24h'!G$1) -> 1.169386 | H4: =AVERAGEIFS(KPC_35_W_Sa!$C4:$CT4,KPC_35_W_Sa!$C$1:$CT$1,'KPC_35_W_Sa, 24h'!H$1) -> 1.2437622 | I4: =AVERAGEIFS(KPC_35_W_Sa!$C4:$CT4,KPC_35_W_Sa!$C$1:$CT$1,'KPC_35_W_Sa, 24h'!I$1) -> 1.3406803 | J4: =AVERAGEIFS(KPC_35_W_Sa!$C4:$CT4,KPC_35_W_Sa!$C$1:$CT$1,'KPC_35_W_Sa, 24h'!J$1) -> 1.6053648 | ... Z4: =AVERAGEIFS(KPC_35_W_Sa!$C4:$CT4,KPC_35_W_Sa!$C$1:$CT$1,'KPC_35_W_Sa, 24h'!Z$1) -> 1.4679046
A5: 2 | B5: Q | C5: =AVERAGEIFS(KPC_35_W_Sa!$C5:$CT5,KPC_35_W_Sa!$C$1:$CT$1,'KPC_35_W_Sa, 24h'!C$1) -> -0.26874688 | D5: =AVERAGEIFS(KPC_35_W_Sa!$C5:$CT5,KPC_35_W_Sa!$C$1:$CT$1,'KPC_35_W_Sa, 24h'!D$1) -> -0.29074725 | E5: =AVERAGEIFS(KPC_35_W_Sa!$C5:$CT5,KPC_35_W_Sa!$C$1:$CT$1,'KPC_35_W_Sa, 24h'!E$1) -> -0.2752052 | F5: =AVERAGEIFS(KPC_35_W_Sa!$C5:$CT5,KPC_35_W_Sa!$C$1:$CT$1,'KPC_35_W_Sa, 24h'!F$1) -> -0.31546982 | G5: =AVERAGEIFS(KPC_35_W_Sa!$C5:$CT5,KPC_35_W_Sa!$C$1:$CT$1,'KPC_35_W_Sa, 24h'!G$1) -> -0.2973448 | H5: =AVERAGEIFS(KPC_35_W_Sa!$C5:$CT5,KPC_35_W_Sa!$C$1:$CT$1,'KPC_35_W_Sa, 24h'!H$1) -> -0.267469 | I5: =AVERAGEIFS(KPC_35_W_Sa!$C5:$CT5,KPC_35_W_Sa!$C$1:$CT$1,'KPC_35_W_Sa, 24h'!I$1) -> -0.22513518 | J5: =AVERAGEIFS(KPC_35_W_Sa!$C5:$CT5,KPC_35_W_Sa!$C$1:$CT$1,'KPC_35_W_Sa, 24h'!J$1) -> -0.12613378 | ... Z5: =AVERAGEIFS(KPC_35_W_Sa!$C5:$CT5,KPC_35_W_Sa!$C$1:$CT$1,'KPC_35_W_Sa, 24h'!Z$1) -> -0.24038548
A6: 3 | B6: P | C6: =AVERAGEIFS(KPC_35_W_Sa!$C6:$CT6,KPC_35_W_Sa!$C$1:$CT$1,'KPC_35_W_Sa, 24h'!C$1) -> 3.3316366 | D6: =AVERAGEIFS(KPC_35_W_Sa!$C6:$CT6,KPC_35_W_Sa!$C$1:$CT$1,'KPC_35_W_Sa, 24h'!D$1) -> 3.134315 | E6: =AVERAGEIFS(KPC_35_W_Sa!$C6:$CT6,KPC_35_W_Sa!$C$1:$CT$1,'KPC_35_W_Sa, 24h'!E$1) -> 2.9868694 | F6: =AVERAGEIFS(KPC_35_W_Sa!$C6:$CT6,KPC_35_W_Sa!$C$1:$CT$1,'KPC_35_W_Sa, 24h'!F$1) -> 3.00991 | G6: =AVERAGEIFS(KPC_35_W_Sa!$C6:$CT6,KPC_35_W_Sa!$C$1:$CT$1,'KPC_35_W_Sa, 24h'!G$1) -> 3.0398194 | H6: =AVERAGEIFS(KPC_35_W_Sa!$C6:$CT6,KPC_35_W_Sa!$C$1:$CT$1,'KPC_35_W_Sa, 24h'!H$1) -> 3.2543472 | I6: =AVERAGEIFS(KPC_35_W_Sa!$C6:$CT6,KPC_35_W_Sa!$C$1:$CT$1,'KPC_35_W_Sa, 24h'!I$1) -> 4.1415612 | J6: =AVERAGEIFS(KPC_35_W_Sa!$C6:$CT6,KPC_35_W_Sa!$C$1:$CT$1,'KPC_35_W_Sa, 24h'!J$1) -> 4.3596778 | ... Z6: =AVERAGEIFS(KPC_35_W_Sa!$C6:$CT6,KPC_35_W_Sa!$C$1:$CT$1,'KPC_35_W_Sa, 24h'!Z$1) -> 3.4300333
A7: 3 | B7: Q | C7: =AVERAGEIFS(KPC_35_W_Sa!$C7:$CT7,KPC_35_W_Sa!$C$1:$CT$1,'KPC_35_W_Sa, 24h'!C$1) -> -0.63639533 | D7: =AVERAGEIFS(KPC_35_W_Sa!$C7:$CT7,KPC_35_W_Sa!$C$1:$CT$1,'KPC_35_W_Sa, 24h'!D$1) -> -0.6548711 | E7: =AVERAGEIFS(KPC_35_W_Sa!$C7:$CT7,KPC_35_W_Sa!$C$1:$CT$1,'KPC_35_W_Sa, 24h'!E$1) -> -0.69826555 | F7: =AVERAGEIFS(KPC_35_W_Sa!$C7:$CT7,KPC_35_W_Sa!$C$1:$CT$1,'KPC_35_W_Sa, 24h'!F$1) -> -0.69482612 | G7: =AVERAGEIFS(KPC_35_W_Sa!$C7:$CT7,KPC_35_W_Sa!$C$1:$CT$1,'KPC_35_W_Sa, 24h'!G$1) -> -0.6925392 | H7: =AVERAGEIFS(KPC_35_W_Sa!$C7:$CT7,KPC_35_W_Sa!$C$1:$CT$1,'KPC_35_W_Sa, 24h'!H$1) -> -0.6485172 | I7: =AVERAGEIFS(KPC_35_W_Sa!$C7:$CT7,KPC_35_W_Sa!$C$1:$CT$1,'KPC_35_W_Sa, 24h'!I$1) -> -0.34380972 | J7: =AVERAGEIFS(KPC_35_W_Sa!$C7:$CT7,KPC_35_W_Sa!$C$1:$CT$1,'KPC_35_W_Sa, 24h'!J$1) -> -0.37188642 | ... Z7: =AVERAGEIFS(KPC_35_W_Sa!$C7:$CT7,KPC_35_W_Sa!$C$1:$CT$1,'KPC_35_W_Sa, 24h'!Z$1) -> -0.6353136
A8: 4 | B8: P | C8: =AVERAGEIFS(KPC_35_W_Sa!$C8:$CT8,KPC_35_W_Sa!$C$1:$CT$1,'KPC_35_W_Sa, 24h'!C$1) -> 0.39197123 | D8: =AVERAGEIFS(KPC_35_W_Sa!$C8:$CT8,KPC_35_W_Sa!$C$1:$CT$1,'KPC_35_W_Sa, 24h'!D$1) -> 0.26717785 | E8: =AVERAGEIFS(KPC_35_W_Sa!$C8:$CT8,KPC_35_W_Sa!$C$1:$CT$1,'KPC_35_W_Sa, 24h'!E$1) -> 0.23062158 | F8: =AVERAGEIFS(KPC_35_W_Sa!$C8:$CT8,KPC_35_W_Sa!$C$1:$CT$1,'KPC_35_W_Sa, 24h'!F$1) -> 0.21499642 | G8: =AVERAGEIFS(KPC_35_W_Sa!$C8:$CT8,KPC_35_W_Sa!$C$1:$CT$1,'KPC_35_W_Sa, 24h'!G$1) -> 0.21346855 | H8: =AVERAGEIFS(KPC_35_W_Sa!$C8:$CT8,KPC_35_W_Sa!$C$1:$CT$1,'KPC_35_W_Sa, 24h'!H$1) -> 0.3426787 | I8: =AVERAGEIFS(KPC_35_W_Sa!$C8:$CT8,KPC_35_W_Sa!$C$1:$CT$1,'KPC_35_W_Sa, 24h'!I$1) -> 0.62741917 | J8: =AVERAGEIFS(KPC_35_W_Sa!$C8:$CT8,KPC_35_W_Sa!$C$1:$CT$1,'KPC_35_W_Sa, 24h'!J$1) -> 0.78665775 | ... Z8: =AVERAGEIFS(KPC_35_W_Sa!$C8:$CT8,KPC_35_W_Sa!$C$1:$CT$1,'KPC_35_W_Sa, 24h'!Z$1) -> 0.63211365
A9: 4 | B9: Q | C9: =AVERAGEIFS(KPC_35_W_Sa!$C9:$CT9,KPC_35_W_Sa!$C$1:$CT$1,'KPC_35_W_Sa, 24h'!C$1) -> -0.70776772 | D9: =AVERAGEIFS(KPC_35_W_Sa!$C9:$CT9,KPC_35_W_Sa!$C$1:$CT$1,'KPC_35_W_Sa, 24h'!D$1) -> -0.72112915 | E9: =AVERAGEIFS(KPC_35_W_Sa!$C9:$CT9,KPC_35_W_Sa!$C$1:$CT$1,'KPC_35_W_Sa, 24h'!E$1) -> -0.7332822 | F9: =AVERAGEIFS(KPC_35_W_Sa!$C9:$CT9,KPC_35_W_Sa!$C$1:$CT$1,'KPC_35_W_Sa, 24h'!F$1) -> -0.73449058 | G9: =AVERAGEIFS(KPC_35_W_Sa!$C9:$CT9,KPC_35_W_Sa!$C$1:$CT$1,'KPC_35_W_Sa, 24h'!G$1) -> -0.72899042 | H9: =AVERAGEIFS(KPC_35_W_Sa!$C9:$CT9,KPC_35_W_Sa!$C$1:$CT$1,'KPC_35_W_Sa, 24h'!H$1) -> -0.66646125 | I9: =AVERAGEIFS(KPC_35_W_Sa!$C9:$CT9,KPC_35_W_Sa!$C$1:$CT$1,'KPC_35_W_Sa, 24h'!I$1) -> -0.59575223 | J9: =AVERAGEIFS(KPC_35_W_Sa!$C9:$CT9,KPC_35_W_Sa!$C$1:$CT$1,'KPC_35_W_Sa, 24h'!J$1) -> -0.5626962 | ... Z9: =AVERAGEIFS(KPC_35_W_Sa!$C9:$CT9,KPC_35_W_Sa!$C$1:$CT$1,'KPC_35_W_Sa, 24h'!Z$1) -> -0.65651675
A10: 5 | B10: P | C10: =AVERAGEIFS(KPC_35_W_Sa!$C10:$CT10,KPC_35_W_Sa!$C$1:$CT$1,'KPC_35_W_Sa, 24h'!C$1) -> 3.3167448 | D10: =AVERAGEIFS(KPC_35_W_Sa!$C10:$CT10,KPC_35_W_Sa!$C$1:$CT$1,'KPC_35_W_Sa, 24h'!D$1) -> 2.9382576 | E10: =AVERAGEIFS(KPC_35_W_Sa!$C10:$CT10,KPC_35_W_Sa!$C$1:$CT$1,'KPC_35_W_Sa, 24h'!E$1) -> 2.7230028 | F10: =AVERAGEIFS(KPC_35_W_Sa!$C10:$CT10,KPC_35_W_Sa!$C$1:$CT$1,'KPC_35_W_Sa, 24h'!F$1) -> 2.7129803 | G10: =AVERAGEIFS(KPC_35_W_Sa!$C10:$CT10,KPC_35_W_Sa!$C$1:$CT$1,'KPC_35_W_Sa, 24h'!G$1) -> 2.7566193 | H10: =AVERAGEIFS(KPC_35_W_Sa!$C10:$CT10,KPC_35_W_Sa!$C$1:$CT$1,'KPC_35_W_Sa, 24h'!H$1) -> 2.9513992 | I10: =AVERAGEIFS(KPC_35_W_Sa!$C10:$CT10,KPC_35_W_Sa!$C$1:$CT$1,'KPC_35_W_Sa, 24h'!I$1) -> 3.3888559 | J10: =AVERAGEIFS(KPC_35_W_Sa!$C10:$CT10,KPC_35_W_Sa!$C$1:$CT$1,'KPC_35_W_Sa, 24h'!J$1) -> 3.7168598 | ... Z10: =AVERAGEIFS(KPC_35_W_Sa!$C10:$CT10,KPC_35_W_Sa!$C$1:$CT$1,'KPC_35_W_Sa, 24h'!Z$1) -> 3.9482131
A11: 5 | B11: Q | C11: =AVERAGEIFS(KPC_35_W_Sa!$C11:$CT11,KPC_35_W_Sa!$C$1:$CT$1,'KPC_35_W_Sa, 24h'!C$1) -> -0.72044645 | D11: =AVERAGEIFS(KPC_35_W_Sa!$C11:$CT11,KPC_35_W_Sa!$C$1:$CT$1,'KPC_35_W_Sa, 24h'!D$1) -> -0.7706345 | E11: =AVERAGEIFS(KPC_35_W_Sa!$C11:$CT11,KPC_35_W_Sa!$C$1:$CT$1,'KPC_35_W_Sa, 24h'!E$1) -> -0.81156798 | F11: =AVERAGEIFS(KPC_35_W_Sa!$C11:$CT11,KPC_35_W_Sa!$C$1:$CT$1,'KPC_35_W_Sa, 24h'!F$1) -> -0.80024455 | G11: =AVERAGEIFS(KPC_35_W_Sa!$C11:$CT11,KPC_35_W_Sa!$C$1:$CT$1,'KPC_35_W_Sa, 24h'!G$1) -> -0.8035409 | H11: =AVERAGEIFS(KPC_35_W_Sa!$C11:$CT11,KPC_35_W_Sa!$C$1:$CT$1,'KPC_35_W_Sa, 24h'!H$1) -> -0.70211528 | I11: =AVERAGEIFS(KPC_35_W_Sa!$C11:$CT11,KPC_35_W_Sa!$C$1:$CT$1,'KPC_35_W_Sa, 24h'!I$1) -> -0.6272403 | J11: =AVERAGEIFS(KPC_35_W_Sa!$C11:$CT11,KPC_35_W_Sa!$C$1:$CT$1,'KPC_35_W_Sa, 24h'!J$1) -> -0.620425 | ... Z11: =AVERAGEIFS(KPC_35_W_Sa!$C11:$CT11,KPC_35_W_Sa!$C$1:$CT$1,'KPC_35_W_Sa, 24h'!Z$1) -> -0.5470424
A12: 6 | B12: P | C12: =AVERAGEIFS(KPC_35_W_Sa!$C12:$CT12,KPC_35_W_Sa!$C$1:$CT$1,'KPC_35_W_Sa, 24h'!C$1) -> 5.3067361 | D12: =AVERAGEIFS(KPC_35_W_Sa!$C12:$CT12,KPC_35_W_Sa!$C$1:$CT$1,'KPC_35_W_Sa, 24h'!D$1) -> 4.9942612 | E12: =AVERAGEIFS(KPC_35_W_Sa!$C12:$CT12,KPC_35_W_Sa!$C$1:$CT$1,'KPC_35_W_Sa, 24h'!E$1) -> 4.7786584 | F12: =AVERAGEIFS(KPC_35_W_Sa!$C12:$CT12,KPC_35_W_Sa!$C$1:$CT$1,'KPC_35_W_Sa, 24h'!F$1) -> 4.8288833 | G12: =AVERAGEIFS(KPC_35_W_Sa!$C12:$CT12,KPC_35_W_Sa!$C$1:$CT$1,'KPC_35_W_Sa, 24h'!G$1) -> 4.7863055 | H12: =AVERAGEIFS(KPC_35_W_Sa!$C12:$CT12,KPC_35_W_Sa!$C$1:$CT$1,'KPC_35_W_Sa, 24h'!H$1) -> 5.0522889 | I12: =AVERAGEIFS(KPC_35_W_Sa!$C12:$CT12,KPC_35_W_Sa!$C$1:$CT$1,'KPC_35_W_Sa, 24h'!I$1) -> 5.3931778 | J12: =AVERAGEIFS(KPC_35_W_Sa!$C12:$CT12,KPC_35_W_Sa!$C$1:$CT$1,'KPC_35_W_Sa, 24h'!J$1) -> 5.796236 | ... Z12: =AVERAGEIFS(KPC_35_W_Sa!$C12:$CT12,KPC_35_W_Sa!$C$1:$CT$1,'KPC_35_W_Sa, 24h'!Z$1) -> 5.22005
A13: 6 | B13: Q | C13: =AVERAGEIFS(KPC_35_W_Sa!$C13:$CT13,KPC_35_W_Sa!$C$1:$CT$1,'KPC_35_W_Sa, 24h'!C$1) -> 0.42820988 | D13: =AVERAGEIFS(KPC_35_W_Sa!$C13:$CT13,KPC_35_W_Sa!$C$1:$CT$1,'KPC_35_W_Sa, 24h'!D$1) -> 0.3517865 | E13: =AVERAGEIFS(KPC_35_W_Sa!$C13:$CT13,KPC_35_W_Sa!$C$1:$CT$1,'KPC_35_W_Sa, 24h'!E$1) -> 0.2901304 | F13: =AVERAGEIFS(KPC_35_W_Sa!$C13:$CT13,KPC_35_W_Sa!$C$1:$CT$1,'KPC_35_W_Sa, 24h'!F$1) -> 0.342079 | G13: =AVERAGEIFS(KPC_35_W_Sa!$C13:$CT13,KPC_35_W_Sa!$C$1:$CT$1,'KPC_35_W_Sa, 24h'!G$1) -> 0.27793082 | H13: =AVERAGEIFS(KPC_35_W_Sa!$C13:$CT13,KPC_35_W_Sa!$C$1:$CT$1,'KPC_35_W_Sa, 24h'!H$1) -> 0.30716447 | I13: =AVERAGEIFS(KPC_35_W_Sa!$C13:$CT13,KPC_35_W_Sa!$C$1:$CT$1,'KPC_35_W_Sa, 24h'!I$1) -> 0.42568805 | J13: =AVERAGEIFS(KPC_35_W_Sa!$C13:$CT13,KPC_35_W_Sa!$C$1:$CT$1,'KPC_35_W_Sa, 24h'!J$1) -> 0.61971142 | ... Z13: =AVERAGEIFS(KPC_35_W_Sa!$C13:$CT13,KPC_35_W_Sa!$C$1:$CT$1,'KPC_35_W_Sa, 24h'!Z$1) -> 0.3851589
... A29: 14 | B29: Q | C29: =AVERAGEIFS(KPC_35_W_Sa!$C29:$CT29,KPC_35_W_Sa!$C$1:$CT$1,'KPC_35_W_Sa, 24h'!C$1) -> 0.20366608 | D29: =AVERAGEIFS(KPC_35_W_Sa!$C29:$CT29,KPC_35_W_Sa!$C$1:$CT$1,'KPC_35_W_Sa, 24h'!D$1) -> 0.20560705 | E29: =AVERAGEIFS(KPC_35_W_Sa!$C29:$CT29,KPC_35_W_Sa!$C$1:$CT$1,'KPC_35_W_Sa, 24h'!E$1) -> 0.2092828 | F29: =AVERAGEIFS(KPC_35_W_Sa!$C29:$CT29,KPC_35_W_Sa!$C$1:$CT$1,'KPC_35_W_Sa, 24h'!F$1) -> 0.21565352 | G29: =AVERAGEIFS(KPC_35_W_Sa!$C29:$CT29,KPC_35_W_Sa!$C$1:$CT$1,'KPC_35_W_Sa, 24h'!G$1) -> 0.21060323 | H29: =AVERAGEIFS(KPC_35_W_Sa!$C29:$CT29,KPC_35_W_Sa!$C$1:$CT$1,'KPC_35_W_Sa, 24h'!H$1) -> 0.20269135 | I29: =AVERAGEIFS(KPC_35_W_Sa!$C29:$CT29,KPC_35_W_Sa!$C$1:$CT$1,'KPC_35_W_Sa, 24h'!I$1) -> 0.18788283 | J29: =AVERAGEIFS(KPC_35_W_Sa!$C29:$CT29,KPC_35_W_Sa!$C$1:$CT$1,'KPC_35_W_Sa, 24h'!J$1) -> 0.17893528 | ... Z29: =AVERAGEIFS(KPC_35_W_Sa!$C29:$CT29,KPC_35_W_Sa!$C$1:$CT$1,'KPC_35_W_Sa, 24h'!Z$1) -> 0.19631038
