Workbook

Sheet KPC_35_S_Sa
A1: LoadID | B1: Type | C1: 0 | D1: 0 | E1: 0 | F1: 0 | G1: =C1+1 -> 1 | H1: =D1+1 -> 1 | I1: =E1+1 -> 1 | J1: =F1+1 -> 1 | K1: =G1+1 -> 2 | L1: =H1+1 -> 2 | M1: =I1+1 -> 2 | N1: =J1+1 -> 2 | ... CT1: =CP1+1 -> 23
A2: 1 | B2: P | C2: 4.4588399 | D2: 4.4893169 | E2: 4.450706 | F2: 4.4662476 | G2: 4.5395956 | H2: 4.3734679 | I2: 4.4722776 | J2: 4.5153236 | K2: 4.3337216 | L2: 4.2904358 | M2: 4.4385195 | N2: 4.4128418 | O2: 4.4087849 | P2: 4.5063415 | Q2: 4.4299173 | R2: 4.3150411 | S2: 4.3163819 | T2: 4.1578188 | U2: 4.185791 | V2: 4.1741538 | W2: 4.1825075 | X2: 4.1490216 | Y2: 4.0078654 | Z2: 3.8542848 | AA2: 3.6498678 | AB2: 3.5822618 | AC2: 3.5571904 | AD2: 3.574667 | AE2: 3.7494838 | AF2: 3.8662171 | AG2: 3.9740233 | AH2: 4.3863301 | AI2: 4.1296754 | AJ2: 4.1403627 | AK2: 4.083077 | AL2: 4.189929 | AM2: 4.1889362 | AN2: 4.0100303 | AO2: 4.1540833 | AP2: 4.1090007 | AQ2: 3.8649049 | AR2: 4.1157656 | AS2: 4.096354 | AT2: 4.3283062 | AU2: 4.0979147 | AV2: 4.0477824 | AW2: 4.2958031 | AX2: 4.2349672 | AY2: 4.0812502 | AZ2: 4.2554178 | BA2: 4.4204082 | BB2: 4.3774576 | BC2: 4.3867412 | BD2: 4.2521911 | BE2: 4.0790505 | BF2: 3.8910909 | BG2: 3.9482627 | BH2: 4.0101218 | BI2: 4.049819 | BJ2: 4.098875 | BK2: 4.1973429 | BL2: 4.1829081 | BM2: 4.197526 | BN2: 4.1896038 | BO2: 4.0612874 | BP2: 4.1703391 | BQ2: 4.1928997 | BR2: 4.2098937 | BS2: 3.926774 | BT2: 3.9252768 | BU2: 3.8046286 | BV2: 3.7888632 | BW2: 3.7473314 | BX2: 3.6839347 | BY2: 3.6136882 | BZ2: 3.7816103 | CA2: 3.8312969 | CB2: 3.7016518 | CC2: 3.6571443 | CD2: 3.8255737 | CE2: 3.7726746 | CF2: 3.794863 | CG2: 3.765157 | CH2: 3.6967278 | CI2: 3.5669465 | CJ2: 3.4571452 | CK2: 3.6242139 | CL2: 3.5722456 | CM2: 3.5859516 | CN2: 3.549628 | CO2: 3.5211754 | CP2: 3.2457407 | CQ2: 3.1820664 | CR2: 3.3636353 | CS2: 3.309376 | CT2: 3.3703969
A3: 1 | B3: Q | C3: 0.5195849 | D3: 0.4955394 | E3: 0.4700639 | F3: 0.502885 | G3: 0.5425079 | H3: 0.4423847 | I3: 0.4917527 | J3: 0.5435516 | K3: 0.4960804 | L3: 0.5087224 | M3: 0.5682136 | N3: 0.6164948 | O3: 0.670226 | P3: 0.6440562 | Q3: 0.5694509 | R3: 0.5253055 | S3: 0.5023829 | T3: 0.4449726 | U3: 0.4676264 | V3: 0.5092253 | W3: 0.4503083 | X3: 0.5158734 | Y3: 0.4227062 | Z3: 0.3651032 | AA3: 0.2715556 | AB3: 0.2054159 | AC3: 0.2215739 | AD3: 0.2879456 | AE3: 0.3322836 | AF3: 0.5298649 | AG3: 0.5866119 | AH3: 0.6653554 | AI3: 0.5631484 | AJ3: 0.6492747 | AK3: 0.6761017 | AL3: 0.6928782 | AM3: 0.7451792 | AN3: 0.6240326 | AO3: 0.6088791 | AP3: 0.5002549 | AQ3: 0.4090156 | AR3: 0.5571954 | AS3: 0.5631875 | AT3: 0.7453725 | AU3: 0.5034613 | AV3: 0.6579335 | AW3: 0.7070648 | AX3: 0.6261199 | AY3: 0.5435111 | AZ3: 0.6131694 | BA3: 0.6282842 | BB3: 0.4060428 | BC3: 0.3279948 | BD3: 0.4253346 | BE3: 0.4594686 | BF3: 0.4178318 | BG3: 0.4167117 | BH3: 0.3491029 | BI3: 0.1727132 | BJ3: 0.1461182 | BK3: 0.3031762 | BL3: 0.4452832 | BM3: 0.6076035 | BN3: 0.6071778 | BO3: 0.4010548 | BP3: 0.4695617 | BQ3: 0.5298281 | BR3: 0.5014529 | BS3: 0.3635972 | BT3: 0.3193339 | BU3: 0.2816447 | BV3: 0.2914633 | BW3: 0.2541219 | BX3: 0.2419841 | BY3: 0.214152 | BZ3: 0.2390076 | CA3: 0.2485942 | CB3: 0.2288025 | CC3: 0.2840027 | CD3: 0.2862447 | CE3: 0.2244731 | CF3: 0.2501404 | CG3: 0.1876731 | CH3: 0.1646729 | CI3: 0.16993 | CJ3: 0.1591838 | CK3: 0.2673421 | CL3: 0.1798645 | CM3: 0.1882141 | CN3: 0.1659871 | CO3: 0.17913 | CP3: 0.2366109 | CQ3: 0.3005473 | CR3: 0.2888733 | CS3: 0.2495605 | CT3: 0.3030213
A4: 2 | B4: P | C4: 1.5099467 | D4: 1.4350568 | E4: 1.4217232 | F4: 1.3906672 | G4: 1.3811671 | H4: 1.3442775 | I4: 1.3494443 | J4: 1.3299996 | K4: 1.3343885 | L4: 1.3249439 | M4: 1.2447206 | N4: 1.2766654 | O4: 1.2406648 | P4: 1.2324425 | Q4: 1.2311647 | R4: 1.1999977 | S4: 1.2077755 | T4: 1.1947197 | U4: 1.1583304 | V4: 1.1576637 | W4: 1.1258298 | X4: 1.1090518 | Y4: 1.0582732 | Z4: 0.9026043 | AA4: 0.9242156 | AB4: 0.9583827 | AC4: 1.0149949 | AD4: 1.0716623 | AE4: 1.1701083 | AF4: 1.3382775 | AG4: 1.380667 | AH4: 1.4426124 | AI4: 1.4465569 | AJ4: 1.4976687 | AK4: 1.5130024 | AL4: 1.5296137 | AM4: 1.4879465 | AN4: 1.480613 | AO4: 1.4732796 | AP4: 1.4777796 | AQ4: 1.4724462 | AR4: 1.4828908 | AS4: 1.4750574 | AT4: 1.6358376 | AU4: 1.5613919 | AV4: 1.5472251 | AW4: 1.4815018 | AX4: 1.5546142 | AY4: 1.5489473 | AZ4: 1.525447 | BA4: 1.4255011 | BB4: 1.4018896 | BC4: 1.3444442 | BD4: 1.3564445 | BE4: 1.3307773 | BF4: 1.3039992 | BG4: 1.3476665 | BH4: 1.3324996 | BI4: 1.3326663 | BJ4: 1.2561096 | BK4: 1.2607207 | BL4: 1.3067213 | BM4: 1.3149437 | BN4: 1.3751115 | BO4: 1.2995547 | BP4: 1.3152215 | BQ4: 1.3143882 | BR4: 1.2888879 | BS4: 1.342222 | BT4: 1.3282772 | BU4: 1.3364996 | BV4: 1.3573889 | BW4: 1.3817226 | BX4: 1.4287233 | BY4: 1.5561697 | BZ4: 1.6445043 | CA4: 1.6616157 | CB4: 1.6773938 | CC4: 1.7486172 | CD4: 1.7810621 | CE4: 1.8492852 | CF4: 1.9906764 | CG4: 1.9774538 | CH4: 1.954898 | CI4: 1.9028417 | CJ4: 1.8076735 | CK4: 1.7606174 | CL4: 1.6701714 | CM4: 1.6395043 | CN4: 1.6097816 | CO4: 1.5188359 | CP4: 1.3952783 | CQ4: 1.3316107 | CR4: 1.2993325 | CS4: 1.2200534 | CT4: 1.1464412
A5: 2 | B5: Q | C5: -0.1057444 | D5: -0.1124113 | E5: -0.0986887 | F5: -0.1004111 | G5: -0.0869663 | H5: -0.0990775 | I5: -0.0885219 | J5: -0.0887996 | K5: -0.0946885 | L5: -0.0966885 | M5: -0.1102444 | N5: -0.1239116 | O5: -0.1333007 | P5: -0.1324674 | Q5: -0.1226895 | R5: -0.1245227 | S5: -0.1233559 | T5: -0.1218005 | U5: -0.156912 | V5: -0.1529121 | W5: -0.1150223 | X5: -0.1424675 | Y5: -0.1611899 | Z5: -0.2201912 | AA5: -0.2224133 | AB5: -0.2111351 | AC5: -0.1845789 | AD5: -0.1619121 | AE5: -0.0979111 | AF5: -0.0600772 | AG5: -0.0382988 | AH5: -0.0074651 | AI5: -0.0160207 | AJ5: -0.0076318 | AK5: -0.0190208 | AL5: -0.0210763 | AM5: -0.0051318 | AN5: -0.0314097 | AO5: -0.0378545 | AP5: -0.0270208 | AQ5: -0.0424101 | AR5: -0.0564103 | AS5: -0.0720774 | AT5: -0.0371877 | AU5: -0.0701885 | AV5: -0.1037443 | AW5: -0.0952441 | AX5: -0.1030776 | AY5: -0.0905776 | AZ5: -0.0898552 | BA5: -0.0896331 | BB5: -0.1022998 | BC5: -0.1211338 | BD5: -0.1096889 | BE5: -0.1101889 | BF5: -0.1031888 | BG5: -0.0954107 | BH5: -0.1060777 | BI5: -0.1147446 | BJ5: -0.1585787 | BK5: -0.1624677 | BL5: -0.1499675 | BM5: -0.1451896 | BN5: -0.1380229 | BO5: -0.1399674 | BP5: -0.1390785 | BQ5: -0.1424118 | BR5: -0.1560232 | BS5: -0.1239671 | BT5: -0.1442452 | BU5: -0.1355785 | BV5: -0.129245 | BW5: -0.114689 | BX5: -0.0947999 | BY5: -0.0525215 | BZ5: -0.0094097 | CA5: -0.0155211 | CB5: -0.0122988 | CC5: -0.0001316 | CD5: -0.0493545 | CE5: -0.0577436 | CF5: 0.0171464 | CG5: -0.0181874 | CH5: -0.0074096 | CI5: -0.0317432 | CJ5: -0.0605774 | CK5: -0.082633 | CL5: -0.0865218 | CM5: -0.1011886 | CN5: -0.1080222 | CO5: -0.1287451 | CP5: -0.1382451 | CQ5: -0.1436896 | CR5: -0.1469119 | CS5: -0.1828563 | CT5: -0.190301
A6: 3 | B6: P | C6: 3.5663157 | D6: 3.6347756 | E6: 3.6211154 | F6: 3.5561266 | G6: 3.5069854 | H6: 3.3978868 | I6: 3.278899 | J6: 3.2167211 | K6: 3.2272434 | L6: 3.157259 | M6: 3.0305321 | N6: 2.965039 | O6: 3.0936344 | P6: 3.0970433 | Q6: 3.1688812 | R6: 3.1353099 | S6: 3.0774922 | T6: 3.06744 | U6: 3.0668867 | V6: 3.1100667 | W6: 3.0998545 | X6: 3.1784534 | Y6: 3.0761211 | Z6: 3.0380557 | AA6: 3.2791321 | AB6: 3.3797088 | AC6: 3.3597834 | AD6: 3.398421 | AE6: 3.5442467 | AF6: 3.6347468 | AG6: 3.7792954 | AH6: 3.9078333 | AI6: 3.9698555 | AJ6: 3.9688222 | AK6: 4.0541444 | AL6: 4.1118889 | AM6: 4.1001778 | AN6: 4.1730666 | AO6: 4.1154332 | AP6: 4.1338668 | AQ6: 4.017478 | AR6: 4.0551224 | AS6: 4.064178 | AT6: 4.245389 | AU6: 4.2471113 | AV6: 4.3078556 | AW6: 4.2859778 | AX6: 4.3270001 | AY6: 4.3061113 | AZ6: 4.2483888 | BA6: 4.3460221 | BB6: 4.1971002 | BC6: 4.1186666 | BD6: 4.0940223 | BE6: 4.062089 | BF6: 4.009222 | BG6: 3.8062 | BH6: 3.7474668 | BI6: 3.8104556 | BJ6: 3.7252889 | BK6: 3.6590223 | BL6: 3.5726888 | BM6: 3.7018332 | BN6: 3.6528444 | BO6: 3.6220889 | BP6: 3.6680555 | BQ6: 3.7364666 | BR6: 3.7200334 | BS6: 3.5579333 | BT6: 3.5748889 | BU6: 3.580689 | BV6: 3.5567667 | BW6: 3.578511 | BX6: 3.5983999 | BY6: 3.6410444 | BZ6: 3.6632333 | CA6: 3.7344334 | CB6: 3.8401 | CC6: 3.8710666 | CD6: 3.9746666 | CE6: 4.119278 | CF6: 4.3144555 | CG6: 4.4260111 | CH6: 4.3875999 | CI6: 4.2739778 | CJ6: 4.1440778 | CK6: 4.0916667 | CL6: 3.9936333 | CM6: 3.9386444 | CN6: 3.8911667 | CO6: 3.8256333 | CP6: 3.7642 | CQ6: 3.6162889 | CR6: 3.5611 | CS6: 3.3941221 | CT6: 3.3080444
A7: 3 | B7: Q | C7: -0.5635378 | D7: -0.5596033 | E7: -0.5435666 | F7: -0.5733722 | G7: -0.5734911 | H7: -0.6041078 | I7: -0.62107 | J7: -0.6271911 | K7: -0.5911734 | L7: -0.6215522 | M7: -0.6782666 | N7: -0.6612689 | O7: -0.6426845 | P7: -0.6146678 | Q7: -0.6070289 | R7: -0.6237056 | S7: -0.61471 | T7: -0.6570867 | U7: -0.6748334 | V7: -0.5458733 | W7: -0.5377511 | X7: -0.5328767 | Y7: -0.5443878 | Z7: -0.5343956 | AA7: -0.4025689 | AB7: -0.4088661 | AC7: -0.4104941 | AD7: -0.4062791 | AE7: -0.3648948 | AF7: -0.3144919 | AG7: -0.2444077 | AH7: -0.2518473 | AI7: -0.2200217 | AJ7: -0.207176 | AK7: -0.2021603 | AL7: -0.1806687 | AM7: -0.1597085 | AN7: -0.1668205 | AO7: -0.2512256 | AP7: -0.3004973 | AQ7: -0.2480175 | AR7: -0.2465434 | AS7: -0.2625915 | AT7: -0.2123709 | AU7: -0.1364328 | AV7: -0.1263243 | AW7: -0.1192953 | AX7: -0.1152582 | AY7: -0.1258683 | AZ7: -0.1298144 | BA7: -0.1244922 | BB7: -0.2422799 | BC7: -0.2529673 | BD7: -0.2590459 | BE7: -0.2645291 | BF7: -0.3168893 | BG7: -0.3245053 | BH7: -0.3212551 | BI7: -0.3052101 | BJ7: -0.3696142 | BK7: -0.4029422 | BL7: -0.4529833 | BM7: -0.4359033 | BN7: -0.4602622 | BO7: -0.4762155 | BP7: -0.4776056 | BQ7: -0.4865256 | BR7: -0.4967289 | BS7: -0.4891444 | BT7: -0.53397 | BU7: -0.5154651 | BV7: -0.4557789 | BW7: -0.4701389 | BX7: -0.4542156 | BY7: -0.4338144 | BZ7: -0.44321 | CA7: -0.4723067 | CB7: -0.4748567 | CC7: -0.5013933 | CD7: -0.5209511 | CE7: -0.4992389 | CF7: -0.4943978 | CG7: -0.4779233 | CH7: -0.4817356 | CI7: -0.4984122 | CJ7: -0.5406922 | CK7: -0.5442122 | CL7: -0.5596945 | CM7: -0.5661322 | CN7: -0.5749033 | CO7: -0.5693178 | CP7: -0.5540566 | CQ7: -0.5685789 | CR7: -0.5696711 | CS7: -0.6158156 | CT7: -0.6306433
A8: 4 | B8: P | C8: 0.4179713 | D8: 0.3645263 | E8: 0.3350812 | F8: 0.2839138 | G8: 0.2434688 | H8: 0.2611913 | I8: 0.2345799 | J8: 0.2048015 | K8: 0.1810788 | L8: 0.1746898 | M8: 0.1476342 | N8: 0.1451897 | O8: 0.1505231 | P8: 0.191857 | Q8: 0.1823568 | R8: 0.2085794 | S8: 0.196746 | T8: 0.2117463 | U8: 0.1853567 | V8: 0.2078571 | W8: 0.2141904 | X8: 0.2888583 | Y8: 0.1956348 | Z8: 0.1076335 | AA8: 0.1218557 | AB8: 0.2081349 | AC8: 0.2990251 | AD8: 0.4056934 | AE8: 0.4515275 | AF8: 0.6104189 | AG8: 0.6733087 | AH8: 0.781866 | AI8: 0.8337556 | AJ8: 0.855867 | AK8: 0.8094774 | AL8: 0.7463098 | AM8: 0.7436987 | AN8: 0.7951995 | AO8: 0.7746436 | AP8: 0.8104774 | AQ8: 0.7483099 | AR8: 0.7889772 | AS8: 0.8340889 | AT8: 0.8541448 | AU8: 0.8335334 | AV8: 0.8145887 | AW8: 0.7498655 | AX8: 0.7613657 | AY8: 0.7909771 | AZ8: 0.8129776 | BA8: 0.8068663 | BB8: 0.7710325 | BC8: 0.7440319 | BD8: 0.708587 | BE8: 0.6400303 | BF8: 0.6934757 | BG8: 0.61753 | BH8: 0.6450305 | BI8: 0.6052521 | BJ8: 0.5629738 | BK8: 0.5623626 | BL8: 0.6266969 | BM8: 0.5958076 | BN8: 0.6651975 | BO8: 0.6635306 | BP8: 0.6569751 | BQ8: 0.6492529 | BR8: 0.6608084 | BS8: 0.6579195 | BT8: 0.7373097 | BU8: 0.6827534 | BV8: 0.6705309 | BW8: 0.7249762 | BX8: 0.7785326 | BY8: 0.8700895 | BZ8: 0.9588685 | CA8: 0.9622574 | CB8: 1.0067583 | CC8: 1.0190918 | CD8: 1.0489811 | CE8: 1.1198711 | CF8: 1.2379285 | CG8: 1.1916499 | CH8: 1.1829832 | CI8: 1.18615 | CJ8: 1.1704273 | CK8: 1.0205363 | CL8: 0.9687022 | CM8: 0.8994233 | CN8: 0.8709784 | CO8: 0.7775881 | CP8: 0.765199 | CQ8: 0.6871979 | CR8: 0.6029189 | CS8: 0.4989172 | CT8: 0.435916
A9: 4 | B9: Q | C9: -0.5900995 | D9: -0.6305445 | E9: -0.6307667 | F9: -0.6576563 | G9: -0.6595452 | H9: -0.6502115 | I9: -0.6624894 | J9: -0.6698786 | K9: -0.6522671 | L9: -0.6695452 | M9: -0.6686563 | N9: -0.6490449 | O9: -0.6580451 | P9: -0.6412114 | Q9: -0.6392115 | R9: -0.6334892 | S9: -0.6487668 | T9: -0.6284333 | U9: -0.6309335 | V9: -0.6509894 | W9: -0.6264334 | X9: -0.5849327 | Y9: -0.6233222 | Z9: -0.6982679 | AA9: -0.7019899 | AB9: -0.6721563 | AC9: -0.6297112 | AD9: -0.5804881 | AE9: -0.5454876 | AF9: -0.4568751 | AG9: -0.4336525 | AH9: -0.378374 | AI9: -0.3570403 | AJ9: -0.3744296 | AK9: -0.3571514 | AL9: -0.4254858 | AM9: -0.4509861 | AN9: -0.4318748 | AO9: -0.475931 | AP9: -0.4523194 | AQ9: -0.4797089 | AR9: -0.4567639 | AS9: -0.4608751 | AT9: -0.458264 | AU9: -0.4732644 | AV9: -0.4600418 | AW9: -0.4916536 | AX9: -0.5214873 | AY9: -0.5509322 | AZ9: -0.517154 | BA9: -0.5226541 | BB9: -0.5491544 | BC9: -0.5168206 | BD9: -0.5621544 | BE9: -0.582877 | BF9: -0.5457099 | BG9: -0.5718769 | BH9: -0.5416542 | BI9: -0.5217096 | BJ9: -0.5444321 | BK9: -0.5847103 | BL9: -0.5918772 | BM9: -0.5679323 | BN9: -0.5386543 | BO9: -0.548821 | BP9: -0.544932 | BQ9: -0.5651546 | BR9: -0.5509323 | BS9: -0.5478766 | BT9: -0.5238762 | BU9: -0.5197095 | BV9: -0.4884313 | BW9: -0.4929314 | BX9: -0.4544861 | BY9: -0.4176524 | BZ9: -0.3828743 | CA9: -0.4055412 | CB9: -0.4007078 | CC9: -0.4376526 | CD9: -0.4462638 | CE9: -0.434097 | CF9: -0.3711518 | CG9: -0.3940966 | CH9: -0.4279859 | CI9: -0.4419305 | CJ9: -0.421597 | CK9: -0.4717643 | CL9: -0.4953203 | CM9: -0.514765 | CN9: -0.5034316 | CO9: -0.5277651 | CP9: -0.5250984 | CQ9: -0.5202652 | CR9: -0.5344877 | CS9: -0.5494321 | CT9: -0.5618767
A10: 5 | B10: P | C10: 3.0274136 | D10: 2.9190836 | E10: 2.76682 | F10: 2.6869903 | G10: 2.6351912 | H10: 2.5515211 | I10: 2.5238478 | J10: 2.4793215 | K10: 2.4253337 | L10: 2.4134476 | M10: 2.3751307 | N10: 2.3588102 | O10: 2.3621216 | P10: 2.327116 | Q10: 2.3133383 | R10: 2.3184826 | S10: 2.3206699 | T10: 2.3224437 | U10: 2.3117416 | V10: 2.3113265 | W10: 2.4538937 | X10: 2.4932756 | Y10: 2.5032678 | Z10: 2.2755535 | AA10: 2.3633049 | AB10: 2.5099502 | AC10: 2.6052125 | AD10: 2.7610247 | AE10: 2.871187 | AF10: 3.0229785 | AG10: 3.2003734 | AH10: 3.2868235 | AI10: 3.3798373 | AJ10: 3.5271955 | AK10: 3.6176672 | AL10: 3.7125137 | AM10: 3.7774408 | AN10: 3.8852971 | AO10: 4.0202355 | AP10: 4.0331259 | AQ10: 4.0435929 | AR10: 3.9891925 | AS10: 4.0498013 | AT10: 4.2640352 | AU10: 4.2650995 | AV10: 4.3050728 | AW10: 4.4134617 | AX10: 4.3850789 | AY10: 4.3275433 | AZ10: 4.3529701 | BA10: 4.3662152 | BB10: 4.2186222 | BC10: 4.1510348 | BD10: 4.1672363 | BE10: 4.1852713 | BF10: 3.966603 | BG10: 3.9366822 | BH10: 3.8376961 | BI10: 3.7571585 | BJ10: 3.7511868 | BK10: 3.8058834 | BL10: 3.777914 | BM10: 3.6419101 | BN10: 3.707901 | BO10: 3.6538544 | BP10: 3.7061868 | BQ10: 3.6358199 | BR10: 3.668047 | BS10: 3.6512523 | BT10: 3.5833111 | BU10: 3.5648024 | BV10: 3.6138229 | BW10: 3.6032381 | BX10: 3.6724229 | BY10: 3.7279475 | BZ10: 3.7941747 | CA10: 3.8690941 | CB10: 3.9428325 | CC10: 4.07446 | CD10: 4.1890569 | CE10: 4.365624 | CF10: 4.8667655 | CG10: 4.9312196 | CH10: 4.9018908 | CI10: 4.8250194 | CJ10: 4.7204723 | CK10: 4.5670862 | CL10: 4.4679217 | CM10: 4.4375873 | CN10: 4.358645 | CO10: 4.2470059 | CP10: 4.1224751 | CQ10: 3.8343253 | CR10: 3.6820602 | CS10: 3.4652245 | CT10: 3.2984147
A11: 5 | B11: Q | C11: -0.6538348 | D11: -0.6684402 | E11: -0.6864753 | F11: -0.7051612 | G11: -0.7011995 | H11: -0.7351408 | I11: -0.7352591 | J11: -0.7444246 | K11: -0.7409359 | L11: -0.7531171 | M11: -0.7683141 | N11: -0.7612187 | O11: -0.7505748 | P11: -0.7678407 | Q11: -0.7732813 | R11: -0.753117 | S11: -0.7614546 | T11: -0.7576701 | U11: -0.7792526 | V11: -0.7664208 | W11: -0.637219 | X11: -0.6638283 | Y11: -0.6812123 | Z11: -0.8346003 | AA11: -0.8058622 | AB11: -0.7787801 | AC11: -0.7723343 | AD11: -0.7532939 | AE11: -0.7210081 | AF11: -0.6804442 | AG11: -0.6438416 | AH11: -0.6040457 | AI11: -0.5659055 | AJ11: -0.5122729 | AK11: -0.4663869 | AL11: -0.4342189 | AM11: -0.416184 | AN11: -0.3843115 | AO11: -0.3392535 | AP11: -0.3366515 | AQ11: -0.3299693 | AR11: -0.3470588 | AS11: -0.3194437 | AT11: -0.2846156 | AU11: -0.2833739 | AV11: -0.2636834 | AW11: -0.2554044 | AX11: -0.3078548 | AY11: -0.3201542 | AZ11: -0.3442204 | BA11: -0.3275455 | BB11: -0.3221641 | BC11: -0.3396677 | BD11: -0.3386621 | BE11: -0.3658629 | BF11: -0.3899891 | BG11: -0.4080826 | BH11: -0.4449215 | BI11: -0.43481 | BJ11: -0.4278921 | BK11: -0.4068409 | BL11: -0.4309668 | BM11: -0.4616555 | BN11: -0.4604147 | BO11: -0.5094345 | BP11: -0.5149335 | BQ11: -0.5281205 | BR11: -0.5148157 | BS11: -0.5240995 | BT11: -0.545742 | BU11: -0.5413065 | BV11: -0.5144017 | BW11: -0.5171808 | BX11: -0.5240993 | BY11: -0.4976673 | BZ11: -0.5006238 | CA11: -0.5231531 | CB11: -0.5292436 | CC11: -0.5126873 | CD11: -0.5479296 | CE11: -0.5068322 | CF11: -0.2857988 | CG11: -0.3237617 | CH11: -0.3445752 | CI11: -0.3611326 | CJ11: -0.3938318 | CK11: -0.4306713 | CL11: -0.4388908 | CM11: -0.4338053 | CN11: -0.4562755 | CO11: -0.4718277 | CP11: -0.4639632 | CQ11: -0.4882658 | CR11: -0.4791005 | CS11: -0.5332646 | CT11: -0.5696301
A12: 6 | B12: P | C12: 4.8808556 | D12: 4.8647666 | E12: 4.9164224 | F12: 4.8310332 | G12: 4.6820111 | H12: 4.7633333 | I12: 4.7175446 | J12: 4.6640778 | K12: 4.6324553 | L12: 4.6613779 | M12: 4.6589222 | N12: 4.5900002 | O12: 4.5826778 | P12: 4.5407333 | Q12: 4.5012445 | R12: 4.4966888 | S12: 4.3291669 | T12: 4.3217111 | U12: 4.3923669 | V12: 4.6256223 | W12: 4.6681666 | X12: 4.6181664 | Y12: 4.5622778 | Z12: 4.3797221 | AA12: 4.4374776 | AB12: 4.3487444 | AC12: 4.3329 | AD12: 4.4338999 | AE12: 4.6457443 | AF12: 4.6884222 | AG12: 4.8325443 | AH12: 4.8499665 | AI12: 4.8877554 | AJ12: 4.9580221 | AK12: 4.9540224 | AL12: 4.9743443 | AM12: 4.9393001 | AN12: 4.9704332 | AO12: 4.9898558 | AP12: 5.115622 | AQ12: 5.1178222 | AR12: 5.0092554 | AS12: 5.0687666 | AT12: 5.1216445 | AU12: 5.1782665 | AV12: 5.1530442 | AW12: 5.2005668 | AX12: 5.1230998 | AY12: 4.9746776 | AZ12: 4.862411 | BA12: 5.0520334 | BB12: 5.0676112 | BC12: 4.8669777 | BD12: 4.8844333 | BE12: 4.8034778 | BF12: 4.8575444 | BG12: 4.8169446 | BH12: 4.7931223 | BI12: 4.8339224 | BJ12: 4.6406779 | BK12: 4.816011 | BL12: 5.1256113 | BM12: 5.0904331 | BN12: 4.9632444 | BO12: 4.7877111 | BP12: 4.7989001 | BQ12: 4.912478 | BR12: 5.121511 | BS12: 4.9550109 | BT12: 4.6939335 | BU12: 4.4901333 | BV12: 4.8346558 | BW12: 4.8922443 | BX12: 4.8100109 | BY12: 4.6500111 | BZ12: 4.6385331 | CA12: 4.8677335 | CB12: 4.902411 | CC12: 5.1482224 | CD12: 5.2208776 | CE12: 5.236011 | CF12: 5.270278 | CG12: 5.1837111 | CH12: 5.2821999 | CI12: 5.3631668 | CJ12: 5.2808557 | CK12: 5.2103777 | CL12: 5.1808 | CM12: 4.9507332 | CN12: 4.7923002 | CO12: 4.7381668 | CP12: 4.7698555 | CQ12: 4.756011 | CR12: 4.7280779 | CS12: 4.6721334 | CT12: 4.716722
A13: 6 | B13: Q | C13: 0.4101056 | D13: 0.4128745 | E13: 0.4957 | F13: 0.4890822 | G13: 0.4490478 | H13: 0.4071755 | I13: 0.3580522 | J13: 0.3955156 | K13: 0.4412867 | L13: 0.4083344 | M13: 0.3866467 | N13: 0.36385 | O13: 0.3945956 | P13: 0.3591967 | Q13: 0.3711211 | R13: 0.3576422 | S13: 0.2545626 | T13: 0.2514808 | U13: 0.2954257 | V13: 0.3981567 | W13: 0.4479755 | X13: 0.3848524 | Y13: 0.3545289 | Z13: 0.3111578 | AA13: 0.3143238 | AB13: 0.2564219 | AC13: 0.2475553 | AD13: 0.3452248 | AE13: 0.3948 | AF13: 0.38122 | AG13: 0.4092678 | AH13: 0.3831689 | AI13: 0.4816445 | AJ13: 0.4938267 | AK13: 0.4404356 | AL13: 0.4088978 | AM13: 0.4164122 | AN13: 0.40774 | AO13: 0.4192456 | AP13: 0.5326922 | AQ13: 0.5763933 | AR13: 0.4991267 | AS13: 0.4511267 | AT13: 0.4978155 | AU13: 0.5470833 | AV13: 0.5979189 | AW13: 0.5271267 | AX13: 0.4644289 | AY13: 0.4047178 | AZ13: 0.4630667 | BA13: 0.5366911 | BB13: 0.6950811 | BC13: 0.6001545 | BD13: 0.4152967 | BE13: 0.46245 | BF13: 0.5517978 | BG13: 0.5673178 | BH13: 0.5382255 | BI13: 0.5950133 | BJ13: 0.3238011 | BK13: 0.4031178 | BL13: 0.50442 | BM13: 0.5478644 | BN13: 0.4862611 | BO13: 0.3268022 | BP13: 0.3691489 | BQ13: 0.4386811 | BR13: 0.5077178 | BS13: 0.4292589 | BT13: 0.2856367 | BU13: 0.238592 | BV13: 0.4001244 | BW13: 0.39073 | BX13: 0.3878933 | BY13: 0.3097197 | BZ13: 0.233461 | CA13: 0.2935055 | CB13: 0.3082278 | CC13: 0.4936233 | CD13: 0.5514589 | CE13: 0.5645011 | CF13: 0.3962746 | CG13: 0.3567869 | CH13: 0.3974122 | CI13: 0.5634311 | CJ13: 0.5765878 | CK13: 0.4791211 | CL13: 0.5891244 | CM13: 0.4458422 | CN13: 0.2564588 | CO13: 0.2606705 | CP13: 0.3648367 | CQ13: 0.4190822 | CR13: 0.3818367 | CS13: 0.3293667 | CT13: 0.3537327
... A29: 14 | B29: Q | C29: 0.2068058 | D29: 0.2068058 | E29: 0.2068058 | F29: 0.2068058 | G29: 0.2068058 | H29: 0.2054136 | I29: 0.1988855 | J29: 0.202805 | K29: 0.1980878 | L29: 0.1980878 | M29: 0.1980878 | N29: 0.1980878 | O29: 0.1980878 | P29: 0.1980878 | Q29: 0.1980878 | R29: 0.1980878 | S29: 0.1980878 | T29: 0.1980878 | U29: 0.1980878 | V29: 0.2031512 | W29: 0.2012325 | X29: 0.1982662 | Y29: 0.1982662 | Z29: 0.1982662 | AA29: 0.1982662 | AB29: 0.1982662 | AC29: 0.1982662 | AD29: 0.1961481 | AE29: 0.1824733 | AF29: 0.1810412 | AG29: 0.1681468 | AH29: 0.1624132 | AI29: 0.1512293 | AJ29: 0.1619669 | AK29: 0.1555685 | AL29: 0.1503286 | AM29: 0.1507559 | AN29: 0.1435412 | AO29: 0.1361073 | AP29: 0.1259577 | AQ29: 0.1333206 | AR29: 0.1383765 | AS29: 0.1365384 | AT29: 0.1379081 | AU29: 0.1322489 | AV29: 0.1330041 | AW29: 0.1365323 | AX29: 0.1387495 | AY29: 0.1381545 | AZ29: 0.1446563 | BA29: 0.1496188 | BB29: 0.1433229 | BC29: 0.1411133 | BD29: 0.142236 | BE29: 0.1391284 | BF29: 0.1473365 | BG29: 0.1562947 | BH29: 0.1580328 | BI29: 0.1564218 | BJ29: 0.1580265 | BK29: 0.1495797 | BL29: 0.1425097 | BM29: 0.140943 | BN29: 0.1402656 | BO29: 0.1402656 | BP29: 0.1402656 | BQ29: 0.1426073 | BR29: 0.1415074 | BS29: 0.1415074 | BT29: 0.1415074 | BU29: 0.1481297 | BV29: 0.1443349 | BW29: 0.1539004 | BX29: 0.1577178 | BY29: 0.1595908 | BZ29: 0.1613337 | CA29: 0.1613337 | CB29: 0.1613337 | CC29: 0.1613337 | CD29: 0.1620075 | CE29: 0.1579344 | CF29: 0.1580173 | CG29: 0.1625741 | CH29: 0.178523 | CI29: 0.1753695 | CJ29: 0.1753242 | CK29: 0.1753242 | CL29: 0.1773847 | CM29: 0.1959292 | CN29: 0.1959292 | CO29: 0.1959292 | CP29: 0.1959292 | CQ29: 0.1959292 | CR29: 0.1959292 | CS29: 0.1959292 | CT29: 0.1959292

Sheet KPC_35_S_Sa, 24h
A1: LoadID | B1: Type | C1: 0 | D1: 1 | E1: 2 | F1: 3 | G1: 4 | H1: 5 | I1: 6 | J1: 7 | K1: 8 | L1: 9 | M1: 10 | N1: 11 | O1: 12 | P1: 13 | Q1: 14 | R1: 15 | S1: 16 | T1: 17 | U1: 18 | V1: 19 | W1: 20 | X1: 21 | Y1: 22 | Z1: 23
A2: 1 | B2: P | C2: =AVERAGEIFS(KPC_35_S_Sa!$C2:$CT2,KPC_35_S_Sa!$C$1:$CT$1,'KPC_35_S_Sa, 24h'!C$1) -> 4.4662776 | D2: =AVERAGEIFS(KPC_35_S_Sa!$C2:$CT2,KPC_35_S_Sa!$C$1:$CT$1,'KPC_35_S_Sa, 24h'!D$1) -> 4.4751662 | E2: =AVERAGEIFS(KPC_35_S_Sa!$C2:$CT2,KPC_35_S_Sa!$C$1:$CT$1,'KPC_35_S_Sa, 24h'!E$1) -> 4.3688797 | F2: =AVERAGEIFS(KPC_35_S_Sa!$C2:$CT2,KPC_35_S_Sa!$C$1:$CT$1,'KPC_35_S_Sa, 24h'!F$1) -> 4.4150212 | G2: =AVERAGEIFS(KPC_35_S_Sa!$C2:$CT2,KPC_35_S_Sa!$C$1:$CT$1,'KPC_35_S_Sa, 24h'!G$1) -> 4.2085364 | H2: =AVERAGEIFS(KPC_35_S_Sa!$C2:$CT2,KPC_35_S_Sa!$C$1:$CT$1,'KPC_35_S_Sa, 24h'!H$1) -> 4.0484198 | I2: =AVERAGEIFS(KPC_35_S_Sa!$C2:$CT2,KPC_35_S_Sa!$C$1:$CT$1,'KPC_35_S_Sa, 24h'!I$1) -> 3.5909967 | J2: =AVERAGEIFS(KPC_35_S_Sa!$C2:$CT2,KPC_35_S_Sa!$C$1:$CT$1,'KPC_35_S_Sa, 24h'!J$1) -> 3.9940136 | ... Z2: =AVERAGEIFS(KPC_35_S_Sa!$C2:$CT2,KPC_35_S_Sa!$C$1:$CT$1,'KPC_35_S_Sa, 24h'!Z$1) -> 3.3063687
A3: 1 | B3: Q | C3: =AVERAGEIFS(KPC_35_S_Sa!$C3:$CT3,KPC_35_S_Sa!$C$1:$CT$1,'KPC_35_S_Sa, 24h'!C$1) -> 0.4970183 | D3: =AVERAGEIFS(KPC_35_S_Sa!$C3:$CT3,KPC_35_S_Sa!$C$1:$CT$1,'KPC_35_S_Sa, 24h'!D$1) -> 0.50504923 | E3: =AVERAGEIFS(KPC_35_S_Sa!$C3:$CT3,KPC_35_S_Sa!$C$1:$CT$1,'KPC_35_S_Sa, 24h'!E$1) -> 0.5473778 | F3: =AVERAGEIFS(KPC_35_S_Sa!$C3:$CT3,KPC_35_S_Sa!$C$1:$CT$1,'KPC_35_S_Sa, 24h'!F$1) -> 0.60225965 | G3: =AVERAGEIFS(KPC_35_S_Sa!$C3:$CT3,KPC_35_S_Sa!$C$1:$CT$1,'KPC_35_S_Sa, 24h'!G$1) -> 0.4810518 | H3: =AVERAGEIFS(KPC_35_S_Sa!$C3:$CT3,KPC_35_S_Sa!$C$1:$CT$1,'KPC_35_S_Sa, 24h'!H$1) -> 0.43849778 | I3: =AVERAGEIFS(KPC_35_S_Sa!$C3:$CT3,KPC_35_S_Sa!$C$1:$CT$1,'KPC_35_S_Sa, 24h'!I$1) -> 0.24662275 | J3: =AVERAGEIFS(KPC_35_S_Sa!$C3:$CT3,KPC_35_S_Sa!$C$1:$CT$1,'KPC_35_S_Sa, 24h'!J$1) -> 0.52852895 | ... Z3: =AVERAGEIFS(KPC_35_S_Sa!$C3:$CT3,KPC_35_S_Sa!$C$1:$CT$1,'KPC_35_S_Sa, 24h'!Z$1) -> 0.2855006
A4: 2 | B4: P | C4: =AVERAGEIFS(KPC_35_S_Sa!$C4:$CT4,KPC_35_S_Sa!$C$1:$CT$1,'KPC_35_S_Sa, 24h'!C$1) -> 1.4393485 | D4: =AVERAGEIFS(KPC_35_S_Sa!$C4:$CT4,KPC_35_S_Sa!$C$1:$CT$1,'KPC_35_S_Sa, 24h'!D$1) -> 1.3512221 | E4: =AVERAGEIFS(KPC_35_S_Sa!$C4:$CT4,KPC_35_S_Sa!$C$1:$CT$1,'KPC_35_S_Sa, 24h'!E$1) -> 1.2951796 | F4: =AVERAGEIFS(KPC_35_S_Sa!$C4:$CT4,KPC_35_S_Sa!$C$1:$CT$1,'KPC_35_S_Sa, 24h'!F$1) -> 1.2260674 | G4: =AVERAGEIFS(KPC_35_S_Sa!$C4:$CT4,KPC_35_S_Sa!$C$1:$CT$1,'KPC_35_S_Sa, 24h'!G$1) -> 1.1796223 | H4: =AVERAGEIFS(KPC_35_S_Sa!$C4:$CT4,KPC_35_S_Sa!$C$1:$CT$1,'KPC_35_S_Sa, 24h'!H$1) -> 1.0489398 | I4: =AVERAGEIFS(KPC_35_S_Sa!$C4:$CT4,KPC_35_S_Sa!$C$1:$CT$1,'KPC_35_S_Sa, 24h'!I$1) -> 0.99231388 | J4: =AVERAGEIFS(KPC_35_S_Sa!$C4:$CT4,KPC_35_S_Sa!$C$1:$CT$1,'KPC_35_S_Sa, 24h'!J$1) -> 1.3329163 | ... Z4: =AVERAGEIFS(KPC_35_S_Sa!$C4:$CT4,KPC_35_S_Sa!$C$1:$CT$1,'KPC_35_S_Sa, 24h'!Z$1) -> 1.2493595
A5: 2 | B5: Q | C5: =AVERAGEIFS(KPC_35_S_Sa!$C5:$CT5,KPC_35_S_Sa!$C$1:$CT$1,'KPC_35_S_Sa, 24h'!C$1) -> -0.10431388 | D5: =AVERAGEIFS(KPC_35_S_Sa!$C5:$CT5,KPC_35_S_Sa!$C$1:$CT$1,'KPC_35_S_Sa, 24h'!D$1) -> -0.090841325 | E5: =AVERAGEIFS(KPC_35_S_Sa!$C5:$CT5,KPC_35_S_Sa!$C$1:$CT$1,'KPC_35_S_Sa, 24h'!E$1) -> -0.10638325 | F5: =AVERAGEIFS(KPC_35_S_Sa!$C5:$CT5,KPC_35_S_Sa!$C$1:$CT$1,'KPC_35_S_Sa, 24h'!F$1) -> -0.12824508 | G5: =AVERAGEIFS(KPC_35_S_Sa!$C5:$CT5,KPC_35_S_Sa!$C$1:$CT$1,'KPC_35_S_Sa, 24h'!G$1) -> -0.13874512 | H5: =AVERAGEIFS(KPC_35_S_Sa!$C5:$CT5,KPC_35_S_Sa!$C$1:$CT$1,'KPC_35_S_Sa, 24h'!H$1) -> -0.15971773 | I5: =AVERAGEIFS(KPC_35_S_Sa!$C5:$CT5,KPC_35_S_Sa!$C$1:$CT$1,'KPC_35_S_Sa, 24h'!I$1) -> -0.19500985 | J5: =AVERAGEIFS(KPC_35_S_Sa!$C5:$CT5,KPC_35_S_Sa!$C$1:$CT$1,'KPC_35_S_Sa, 24h'!J$1) -> -0.05093805 | ... Z5: =AVERAGEIFS(KPC_35_S_Sa!$C5:$CT5,KPC_35_S_Sa!$C$1:$CT$1,'KPC_35_S_Sa, 24h'!Z$1) -> -0.1659397
A6: 3 | B6: P | C6: =AVERAGEIFS(KPC_35_S_Sa!$C6:$CT6,KPC_35_S_Sa!$C$1:$CT$1,'KPC_35_S_Sa, 24h'!C$1) -> 3.5945833 | D6: =AVERAGEIFS(KPC_35_S_Sa!$C6:$CT6,KPC_35_S_Sa!$C$1:$CT$1,'KPC_35_S_Sa, 24h'!D$1) -> 3.3501231 | E6: =AVERAGEIFS(KPC_35_S_Sa!$C6:$CT6,KPC_35_S_Sa!$C$1:$CT$1,'KPC_35_S_Sa, 24h'!E$1) -> 3.0950184 | F6: =AVERAGEIFS(KPC_35_S_Sa!$C6:$CT6,KPC_35_S_Sa!$C$1:$CT$1,'KPC_35_S_Sa, 24h'!F$1) -> 3.1237172 | G6: =AVERAGEIFS(KPC_35_S_Sa!$C6:$CT6,KPC_35_S_Sa!$C$1:$CT$1,'KPC_35_S_Sa, 24h'!G$1) -> 3.0804714 | H6: =AVERAGEIFS(KPC_35_S_Sa!$C6:$CT6,KPC_35_S_Sa!$C$1:$CT$1,'KPC_35_S_Sa, 24h'!H$1) -> 3.0981212 | I6: =AVERAGEIFS(KPC_35_S_Sa!$C6:$CT6,KPC_35_S_Sa!$C$1:$CT$1,'KPC_35_S_Sa, 24h'!I$1) -> 3.3542613 | J6: =AVERAGEIFS(KPC_35_S_Sa!$C6:$CT6,KPC_35_S_Sa!$C$1:$CT$1,'KPC_35_S_Sa, 24h'!J$1) -> 3.7165305 | ... Z6: =AVERAGEIFS(KPC_35_S_Sa!$C6:$CT6,KPC_35_S_Sa!$C$1:$CT$1,'KPC_35_S_Sa, 24h'!Z$1) -> 3.4698889
A7: 3 | B7: Q | C7: =AVERAGEIFS(KPC_35_S_Sa!$C7:$CT7,KPC_35_S_Sa!$C$1:$CT$1,'KPC_35_S_Sa, 24h'!C$1) -> -0.56001998 | D7: =AVERAGEIFS(KPC_35_S_Sa!$C7:$CT7,KPC_35_S_Sa!$C$1:$CT$1,'KPC_35_S_Sa, 24h'!D$1) -> -0.606465 | E7: =AVERAGEIFS(KPC_35_S_Sa!$C7:$CT7,KPC_35_S_Sa!$C$1:$CT$1,'KPC_35_S_Sa, 24h'!E$1) -> -0.63806527 | F7: =AVERAGEIFS(KPC_35_S_Sa!$C7:$CT7,KPC_35_S_Sa!$C$1:$CT$1,'KPC_35_S_Sa, 24h'!F$1) -> -0.6220217 | G7: =AVERAGEIFS(KPC_35_S_Sa!$C7:$CT7,KPC_35_S_Sa!$C$1:$CT$1,'KPC_35_S_Sa, 24h'!G$1) -> -0.62312585 | H7: =AVERAGEIFS(KPC_35_S_Sa!$C7:$CT7,KPC_35_S_Sa!$C$1:$CT$1,'KPC_35_S_Sa, 24h'!H$1) -> -0.5373528 | I7: =AVERAGEIFS(KPC_35_S_Sa!$C7:$CT7,KPC_35_S_Sa!$C$1:$CT$1,'KPC_35_S_Sa, 24h'!I$1) -> -0.40705205 | J7: =AVERAGEIFS(KPC_35_S_Sa!$C7:$CT7,KPC_35_S_Sa!$C$1:$CT$1,'KPC_35_S_Sa, 24h'!J$1) -> -0.29391042 | ... Z7: =AVERAGEIFS(KPC_35_S_Sa!$C7:$CT7,KPC_35_S_Sa!$C$1:$CT$1,'KPC_35_S_Sa, 24h'!Z$1) -> -0.59617723
A8: 4 | B8: P | C8: =AVERAGEIFS(KPC_35_S_Sa!$C8:$CT8,KPC_35_S_Sa!$C$1:$CT$1,'KPC_35_S_Sa, 24h'!C$1) -> 0.35037315 | D8: =AVERAGEIFS(KPC_35_S_Sa!$C8:$CT8,KPC_35_S_Sa!$C$1:$CT$1,'KPC_35_S_Sa, 24h'!D$1) -> 0.23601038 | E8: =AVERAGEIFS(KPC_35_S_Sa!$C8:$CT8,KPC_35_S_Sa!$C$1:$CT$1,'KPC_35_S_Sa, 24h'!E$1) -> 0.16214812 | F8: =AVERAGEIFS(KPC_35_S_Sa!$C8:$CT8,KPC_35_S_Sa!$C$1:$CT$1,'KPC_35_S_Sa, 24h'!F$1) -> 0.18332907 | G8: =AVERAGEIFS(KPC_35_S_Sa!$C8:$CT8,KPC_35_S_Sa!$C$1:$CT$1,'KPC_35_S_Sa, 24h'!G$1) -> 0.20042653 | H8: =AVERAGEIFS(KPC_35_S_Sa!$C8:$CT8,KPC_35_S_Sa!$C$1:$CT$1,'KPC_35_S_Sa, 24h'!H$1) -> 0.20157925 | I8: =AVERAGEIFS(KPC_35_S_Sa!$C8:$CT8,KPC_35_S_Sa!$C$1:$CT$1,'KPC_35_S_Sa, 24h'!I$1) -> 0.25867728 | J8: =AVERAGEIFS(KPC_35_S_Sa!$C8:$CT8,KPC_35_S_Sa!$C$1:$CT$1,'KPC_35_S_Sa, 24h'!J$1) -> 0.62928027 | ... Z8: =AVERAGEIFS(KPC_35_S_Sa!$C8:$CT8,KPC_35_S_Sa!$C$1:$CT$1,'KPC_35_S_Sa, 24h'!Z$1) -> 0.5562375
A9: 4 | B9: Q | C9: =AVERAGEIFS(KPC_35_S_Sa!$C9:$CT9,KPC_35_S_Sa!$C$1:$CT$1,'KPC_35_S_Sa, 24h'!C$1) -> -0.62726675 | D9: =AVERAGEIFS(KPC_35_S_Sa!$C9:$CT9,KPC_35_S_Sa!$C$1:$CT$1,'KPC_35_S_Sa, 24h'!D$1) -> -0.66053118 | E9: =AVERAGEIFS(KPC_35_S_Sa!$C9:$CT9,KPC_35_S_Sa!$C$1:$CT$1,'KPC_35_S_Sa, 24h'!E$1) -> -0.65987837 | F9: =AVERAGEIFS(KPC_35_S_Sa!$C9:$CT9,KPC_35_S_Sa!$C$1:$CT$1,'KPC_35_S_Sa, 24h'!F$1) -> -0.6429893 | G9: =AVERAGEIFS(KPC_35_S_Sa!$C9:$CT9,KPC_35_S_Sa!$C$1:$CT$1,'KPC_35_S_Sa, 24h'!G$1) -> -0.63978075 | H9: =AVERAGEIFS(KPC_35_S_Sa!$C9:$CT9,KPC_35_S_Sa!$C$1:$CT$1,'KPC_35_S_Sa, 24h'!H$1) -> -0.63323905 | I9: =AVERAGEIFS(KPC_35_S_Sa!$C9:$CT9,KPC_35_S_Sa!$C$1:$CT$1,'KPC_35_S_Sa, 24h'!I$1) -> -0.64608638 | J9: =AVERAGEIFS(KPC_35_S_Sa!$C9:$CT9,KPC_35_S_Sa!$C$1:$CT$1,'KPC_35_S_Sa, 24h'!J$1) -> -0.4535973 | ... Z9: =AVERAGEIFS(KPC_35_S_Sa!$C9:$CT9,KPC_35_S_Sa!$C$1:$CT$1,'KPC_35_S_Sa, 24h'!Z$1) -> -0.54151543
A10: 5 | B10: P | C10: =AVERAGEIFS(KPC_35_S_Sa!$C10:$CT10,KPC_35_S_Sa!$C$1:$CT$1,'KPC_35_S_Sa, 24h'!C$1) -> 2.8500769 | D10: =AVERAGEIFS(KPC_35_S_Sa!$C10:$CT10,KPC_35_S_Sa!$C$1:$CT$1,'KPC_35_S_Sa, 24h'!D$1) -> 2.5474704 | E10: =AVERAGEIFS(KPC_35_S_Sa!$C10:$CT10,KPC_35_S_Sa!$C$1:$CT$1,'KPC_35_S_Sa, 24h'!E$1) -> 2.3931806 | F10: =AVERAGEIFS(KPC_35_S_Sa!$C10:$CT10,KPC_35_S_Sa!$C$1:$CT$1,'KPC_35_S_Sa, 24h'!F$1) -> 2.3302646 | G10: =AVERAGEIFS(KPC_35_S_Sa!$C10:$CT10,KPC_35_S_Sa!$C$1:$CT$1,'KPC_35_S_Sa, 24h'!G$1) -> 2.3165454 | H10: =AVERAGEIFS(KPC_35_S_Sa!$C10:$CT10,KPC_35_S_Sa!$C$1:$CT$1,'KPC_35_S_Sa, 24h'!H$1) -> 2.4314976 | I10: =AVERAGEIFS(KPC_35_S_Sa!$C10:$CT10,KPC_35_S_Sa!$C$1:$CT$1,'KPC_35_S_Sa, 24h'!I$1) -> 2.5598731 | J10: =AVERAGEIFS(KPC_35_S_Sa!$C10:$CT10,KPC_35_S_Sa!$C$1:$CT$1,'KPC_35_S_Sa, 24h'!J$1) -> 3.0953406 | ... Z10: =AVERAGEIFS(KPC_35_S_Sa!$C10:$CT10,KPC_35_S_Sa!$C$1:$CT$1,'KPC_35_S_Sa, 24h'!Z$1) -> 3.5700062
A11: 5 | B11: Q | C11: =AVERAGEIFS(KPC_35_S_Sa!$C11:$CT11,KPC_35_S_Sa!$C$1:$CT$1,'KPC_35_S_Sa, 24h'!C$1) -> -0.67847788 | D11: =AVERAGEIFS(KPC_35_S_Sa!$C11:$CT11,KPC_35_S_Sa!$C$1:$CT$1,'KPC_35_S_Sa, 24h'!D$1) -> -0.729006 | E11: =AVERAGEIFS(KPC_35_S_Sa!$C11:$CT11,KPC_35_S_Sa!$C$1:$CT$1,'KPC_35_S_Sa, 24h'!E$1) -> -0.75589645 | F11: =AVERAGEIFS(KPC_35_S_Sa!$C11:$CT11,KPC_35_S_Sa!$C$1:$CT$1,'KPC_35_S_Sa, 24h'!F$1) -> -0.76120345 | G11: =AVERAGEIFS(KPC_35_S_Sa!$C11:$CT11,KPC_35_S_Sa!$C$1:$CT$1,'KPC_35_S_Sa, 24h'!G$1) -> -0.76619952 | H11: =AVERAGEIFS(KPC_35_S_Sa!$C11:$CT11,KPC_35_S_Sa!$C$1:$CT$1,'KPC_35_S_Sa, 24h'!H$1) -> -0.70421497 | I11: =AVERAGEIFS(KPC_35_S_Sa!$C11:$CT11,KPC_35_S_Sa!$C$1:$CT$1,'KPC_35_S_Sa, 24h'!I$1) -> -0.77756763 | J11: =AVERAGEIFS(KPC_35_S_Sa!$C11:$CT11,KPC_35_S_Sa!$C$1:$CT$1,'KPC_35_S_Sa, 24h'!J$1) -> -0.6623349 | ... Z11: =AVERAGEIFS(KPC_35_S_Sa!$C11:$CT11,KPC_35_S_Sa!$C$1:$CT$1,'KPC_35_S_Sa, 24h'!Z$1) -> -0.51756525
A12: 6 | B12: P | C12: =AVERAGEIFS(KPC_35_S_Sa!$C12:$CT12,KPC_35_S_Sa!$C$1:$CT$1,'KPC_35_S_Sa, 24h'!C$1) -> 4.8732695 | D12: =AVERAGEIFS(KPC_35_S_Sa!$C12:$CT12,KPC_35_S_Sa!$C$1:$CT$1,'KPC_35_S_Sa, 24h'!D$1) -> 4.7067417 | E12: =AVERAGEIFS(KPC_35_S_Sa!$C12:$CT12,KPC_35_S_Sa!$C$1:$CT$1,'KPC_35_S_Sa, 24h'!E$1) -> 4.6356889 | F12: =AVERAGEIFS(KPC_35_S_Sa!$C12:$CT12,KPC_35_S_Sa!$C$1:$CT$1,'KPC_35_S_Sa, 24h'!F$1) -> 4.5303361 | G12: =AVERAGEIFS(KPC_35_S_Sa!$C12:$CT12,KPC_35_S_Sa!$C$1:$CT$1,'KPC_35_S_Sa, 24h'!G$1) -> 4.4172168 | H12: =AVERAGEIFS(KPC_35_S_Sa!$C12:$CT12,KPC_35_S_Sa!$C$1:$CT$1,'KPC_35_S_Sa, 24h'!H$1) -> 4.5570832 | I12: =AVERAGEIFS(KPC_35_S_Sa!$C12:$CT12,KPC_35_S_Sa!$C$1:$CT$1,'KPC_35_S_Sa, 24h'!I$1) -> 4.3882555 | J12: =AVERAGEIFS(KPC_35_S_Sa!$C12:$CT12,KPC_35_S_Sa!$C$1:$CT$1,'KPC_35_S_Sa, 24h'!J$1) -> 4.7541693 | ... Z12: =AVERAGEIFS(KPC_35_S_Sa!$C12:$CT12,KPC_35_S_Sa!$C$1:$CT$1,'KPC_35_S_Sa, 24h'!Z$1) -> 4.7182361
A13: 6 | B13: Q | C13: =AVERAGEIFS(KPC_35_S_Sa!$C13:$CT13,KPC_35_S_Sa!$C$1:$CT$1,'KPC_35_S_Sa, 24h'!C$1) -> 0.45194057 | D13: =AVERAGEIFS(KPC_35_S_Sa!$C13:$CT13,KPC_35_S_Sa!$C$1:$CT$1,'KPC_35_S_Sa, 24h'!D$1) -> 0.40244778 | E13: =AVERAGEIFS(KPC_35_S_Sa!$C13:$CT13,KPC_35_S_Sa!$C$1:$CT$1,'KPC_35_S_Sa, 24h'!E$1) -> 0.40002945 | F13: =AVERAGEIFS(KPC_35_S_Sa!$C13:$CT13,KPC_35_S_Sa!$C$1:$CT$1,'KPC_35_S_Sa, 24h'!F$1) -> 0.3706389 | G13: =AVERAGEIFS(KPC_35_S_Sa!$C13:$CT13,KPC_35_S_Sa!$C$1:$CT$1,'KPC_35_S_Sa, 24h'!G$1) -> 0.29990645 | H13: =AVERAGEIFS(KPC_35_S_Sa!$C13:$CT13,KPC_35_S_Sa!$C$1:$CT$1,'KPC_35_S_Sa, 24h'!H$1) -> 0.37462865 | I13: =AVERAGEIFS(KPC_35_S_Sa!$C13:$CT13,KPC_35_S_Sa!$C$1:$CT$1,'KPC_35_S_Sa, 24h'!I$1) -> 0.29088145 | J13: =AVERAGEIFS(KPC_35_S_Sa!$C13:$CT13,KPC_35_S_Sa!$C$1:$CT$1,'KPC_35_S_Sa, 24h'!J$1) -> 0.39211418 | ... Z13: =AVERAGEIFS(KPC_35_S_Sa!$C13:$CT13,KPC_35_S_Sa!$C$1:$CT$1,'KPC_35_S_Sa, 24h'!Z$1) -> 0.37100458
... A29: 14 | B29: Q | C29: =AVERAGEIFS(KPC_35_S_Sa!$C29:$CT29,KPC_35_S_Sa!$C$1:$CT$1,'KPC_35_S_Sa, 24h'!C$1) -> 0.2068058 | D29: =AVERAGEIFS(KPC_35_S_Sa!$C29:$CT29,KPC_35_S_Sa!$C$1:$CT$1,'KPC_35_S_Sa, 24h'!D$1) -> 0.20347747 | E29: =AVERAGEIFS(KPC_35_S_Sa!$C29:$CT29,KPC_35_S_Sa!$C$1:$CT$1,'KPC_35_S_Sa, 24h'!E$1) -> 0.1980878 | F29: =AVERAGEIFS(KPC_35_S_Sa!$C29:$CT29,KPC_35_S_Sa!$C$1:$CT$1,'KPC_35_S_Sa, 24h'!F$1) -> 0.1980878 | G29: =AVERAGEIFS(KPC_35_S_Sa!$C29:$CT29,KPC_35_S_Sa!$C$1:$CT$1,'KPC_35_S_Sa, 24h'!G$1) -> 0.19935365 | H29: =AVERAGEIFS(KPC_35_S_Sa!$C29:$CT29,KPC_35_S_Sa!$C$1:$CT$1,'KPC_35_S_Sa, 24h'!H$1) -> 0.19900777 | I29: =AVERAGEIFS(KPC_35_S_Sa!$C29:$CT29,KPC_35_S_Sa!$C$1:$CT$1,'KPC_35_S_Sa, 24h'!I$1) -> 0.19773668 | J29: =AVERAGEIFS(KPC_35_S_Sa!$C29:$CT29,KPC_35_S_Sa!$C$1:$CT$1,'KPC_35_S_Sa, 24h'!J$1) -> 0.17351863 | ... Z29: =AVERAGEIFS(KPC_35_S_Sa!$C29:$CT29,KPC_35_S_Sa!$C$1:$CT$1,'KPC_35_S_Sa, 24h'!Z$1) -> 0.1959292
