Workbook

Sheet KPC_35_W_Su
A1: LoadID | B1: Type | C1: 0 | D1: 0 | E1: 0 | F1: 0 | G1: =C1+1 -> 1 | H1: =D1+1 -> 1 | I1: =E1+1 -> 1 | J1: =F1+1 -> 1 | K1: =G1+1 -> 2 | L1: =H1+1 -> 2 | M1: =I1+1 -> 2 | N1: =J1+1 -> 2 | ... CT1: =CP1+1 -> 23
A2: 1 | B2: P | C2: 3.1772933 | D2: 3.0475402 | E2: 3.1573107 | F2: 3.2018147 | G2: 3.1816659 | H2: 3.089572 | I2: 2.9715254 | J2: 3.1015174 | K2: 3.1406112 | L2: 2.9474812 | M2: 2.9734011 | N2: 2.9184301 | O2: 3.0020995 | P2: 3.065747 | Q2: 3.0664272 | R2: 2.9710383 | S2: 2.9487121 | T2: 2.9050958 | U2: 2.9022741 | V2: 2.9301069 | W2: 2.9686909 | X2: 2.9149632 | Y2: 2.9423499 | Z2: 3.0571811 | AA2: 3.0527608 | AB2: 2.911232 | AC2: 2.8816583 | AD2: 2.9901378 | AE2: 3.1441252 | AF2: 3.123008 | AG2: 3.1400666 | AH2: 3.3149974 | AI2: 3.3896983 | AJ2: 3.2178619 | AK2: 3.1369364 | AL2: 3.0951533 | AM2: 3.1975484 | AN2: 3.0624835 | AO2: 3.09325 | AP2: 2.9597111 | AQ2: 3.0106432 | AR2: 3.1475301 | AS2: 3.0985849 | AT2: 3.2003722 | AU2: 3.0776067 | AV2: 3.0330422 | AW2: 3.0556192 | AX2: 2.9302197 | AY2: 3.0018425 | AZ2: 3.2139535 | BA2: 3.2517548 | BB2: 3.1542189 | BC2: 3.0336869 | BD2: 3.0721705 | BE2: 3.0193012 | BF2: 3.0962121 | BG2: 3.1190047 | BH2: 3.0664039 | BI2: 3.0244036 | BJ2: 3.0860631 | BK2: 3.1071687 | BL2: 3.1866951 | BM2: 3.1542652 | BN2: 3.119772 | BO2: 3.2782643 | BP2: 3.2283659 | BQ2: 3.167089 | BR2: 3.1461585 | BS2: 3.1102424 | BT2: 3.2301259 | BU2: 3.2120862 | BV2: 3.2790315 | BW2: 3.2469087 | BX2: 3.2598155 | BY2: 3.1177824 | BZ2: 3.1146245 | CA2: 3.0922656 | CB2: 3.056627 | CC2: 2.9280515 | CD2: 3.0667677 | CE2: 3.1172299 | CF2: 3.0757613 | CG2: 3.0482798 | CH2: 2.9418254 | CI2: 3.0170813 | CJ2: 2.9967628 | CK2: 3.0526335 | CL2: 2.9103816 | CM2: 2.9701962 | CN2: 2.9441907 | CO2: 2.9684074 | CP2: 2.985512 | CQ2: 3.0369127 | CR2: 2.918998 | CS2: 3.0634055 | CT2: 3.0625708
A3: 1 | B3: Q | C3: 0.2300008 | D3: 0.197994 | E3: 0.1923116 | F3: 0.1915385 | G3: 0.2576397 | H3: 0.212026 | I3: 0.1802124 | J3: 0.1823771 | K3: 0.1827637 | L3: 0.1603434 | M3: 0.1512207 | N3: 0.1215719 | O3: 0.1411702 | P3: 0.1240845 | Q3: 0.1019348 | R3: 0.1006205 | S3: 0.1214945 | T3: 0.1365702 | U3: 0.1334391 | V3: 0.141866 | W3: 0.1180156 | X3: 0.1224609 | Y3: 0.1296122 | Z3: 0.1504862 | AA3: 0.131661 | AB3: 0.096755 | AC3: 0.0897583 | AD3: 0.0856223 | AE3: 0.1148844 | AF3: 0.1174744 | AG3: 0.0626221 | AH3: 0.1413635 | AI3: 0.150177 | AJ3: 0.1082357 | AK3: 0.1123718 | AL3: 0.1315452 | AM3: 0.1490173 | AN3: 0.0893331 | AO3: 0.0845011 | AP3: 0.1160055 | AQ3: 0.1209149 | AR3: 0.1237752 | AS3: 0.111908 | AT3: 0.0977987 | AU3: 0.0257833 | AV3: 0.019637 | AW3: 0.0443766 | AX3: 0.0746441 | AY3: 0.0804423 | AZ3: 0.1576377 | BA3: 0.1530764 | BB3: 0.1906881 | BC3: 0.1804443 | BD3: 0.1605367 | BE3: 0.1533468 | BF3: 0.1648275 | BG3: 0.1384644 | BH3: 0.1347921 | BI3: 0.1195618 | BJ3: 0.1630495 | BK3: 0.1181702 | BL3: 0.1075012 | BM3: 0.1272156 | BN3: 0.1454997 | BO3: 0.1301147 | BP3: 0.1389282 | BQ3: 0.158256 | BR3: 0.1526123 | BS3: 0.1358744 | BT3: 0.1339417 | BU3: 0.1589132 | BV3: 0.1712056 | BW3: 0.1506409 | BX3: 0.1253215 | BY3: 0.134908 | BZ3: 0.1497904 | CA3: 0.1776998 | CB3: 0.1390055 | CC3: 0.1144592 | CD3: 0.1364929 | CE3: 0.1465434 | CF3: 0.1207214 | CG3: 0.1883302 | CH3: 0.1644796 | CI3: 0.1879049 | CJ3: 0.2064209 | CK3: 0.1971049 | CL3: 0.1795939 | CM3: 0.1444173 | CN3: 0.1794393 | CO3: 0.1701619 | CP3: 0.175767 | CQ3: 0.1788595 | CR3: 0.1582174 | CS3: 0.1636678 | CT3: 0.1822225
A4: 2 | B4: P | C4: 1.3193883 | D4: 1.3277773 | E4: 1.3033324 | F4: 1.2867212 | G4: 1.2248868 | H4: 1.2182755 | I4: 1.1944976 | J4: 1.1731639 | K4: 1.1553303 | L4: 1.1273854 | M4: 1.1507747 | N4: 1.140219 | O4: 1.0987183 | P4: 1.103385 | Q4: 1.095996 | R4: 1.0953848 | S4: 1.0993849 | T4: 1.1034961 | U4: 1.1132741 | V4: 1.1325521 | W4: 1.1765529 | X4: 1.1857752 | Y4: 1.2031088 | Z4: 1.2375537 | AA4: 1.2377204 | AB4: 1.2585542 | AC4: 1.3087771 | AD4: 1.3922228 | AE4: 1.5070022 | AF4: 1.5162247 | AG4: 1.5466695 | AH4: 1.6246152 | AI4: 1.6868939 | AJ4: 1.7546728 | AK4: 1.78684 | AL4: 1.8573965 | AM4: 1.9166198 | AN4: 1.9702871 | AO4: 2.0719554 | AP4: 2.1419563 | AQ4: 2.0994558 | AR4: 2.0451217 | AS4: 2.0191767 | AT4: 2.0436771 | AU4: 2.0443439 | AV4: 2.0661218 | AW4: 2.0929556 | AX4: 2.0558441 | AY4: 2.0716219 | AZ4: 2.021399 | BA4: 1.9574536 | BB4: 1.9041752 | BC4: 1.8203959 | BD4: 1.7654508 | BE4: 1.7922846 | BF4: 1.7200612 | BG4: 1.6182817 | BH4: 1.5411695 | BI4: 1.5345027 | BJ4: 1.5326139 | BK4: 1.541114 | BL4: 1.6454488 | BM4: 1.6324487 | BN4: 1.6901162 | BO4: 1.7194499 | BP4: 1.7718953 | BQ4: 1.7845621 | BR4: 1.8730079 | BS4: 1.9755651 | BT4: 2.0257325 | BU4: 2.0271769 | BV4: 2.0259547 | BW4: 2.0700662 | BX4: 2.1107337 | BY4: 2.1341231 | BZ4: 2.0698442 | CA4: 2.0447328 | CB4: 2.0436771 | CC4: 2.0256212 | CD4: 1.9935653 | CE4: 1.94412 | CF4: 1.9575092 | CG4: 1.892897 | CH4: 1.8920082 | CI4: 1.811507 | CJ4: 1.7924511 | CK4: 1.7725619 | CL4: 1.7256167 | CM4: 1.6308377 | CN4: 1.5651143 | CO4: 1.5582807 | CP4: 1.4888353 | CQ4: 1.4600016 | CR4: 1.4578348 | CS4: 1.3846672 | CT4: 1.346833
A5: 2 | B5: Q | C5: -0.2746357 | D5: -0.2819693 | E5: -0.2751357 | F5: -0.2795802 | G5: -0.2885804 | H5: -0.2815802 | I5: -0.2918029 | J5: -0.3053034 | K5: -0.2953587 | L5: -0.3047477 | M5: -0.30847 | N5: -0.299581 | O5: -0.3040811 | P5: -0.3110256 | Q5: -0.3108034 | R5: -0.3036922 | S5: -0.3106923 | T5: -0.3108035 | U5: -0.3185254 | V5: -0.3165256 | W5: -0.2798582 | X5: -0.2760247 | Y5: -0.2648577 | Z5: -0.2574688 | AA5: -0.2453021 | AB5: -0.2498021 | AC5: -0.2387465 | AD5: -0.1938012 | AE5: -0.1601897 | AF5: -0.1547452 | AG5: -0.162301 | AH5: -0.1605232 | AI5: -0.1724121 | AJ5: -0.1765787 | AK5: -0.1809122 | AL5: -0.1667454 | AM5: -0.1484675 | AN5: -0.1546342 | AO5: -0.1569677 | AP5: -0.1605233 | AQ5: -0.1781899 | AR5: -0.190579 | AS5: -0.2058572 | AT5: -0.2014126 | AU5: -0.2121907 | AV5: -0.2160241 | AW5: -0.2108575 | AX5: -0.2133576 | AY5: -0.2031904 | AZ5: -0.2270798 | BA5: -0.229413 | BB5: -0.2424687 | BC5: -0.240302 | BD5: -0.2583022 | BE5: -0.2535244 | BF5: -0.2644135 | BG5: -0.294414 | BH5: -0.316081 | BI5: -0.2970253 | BJ5: -0.2906363 | BK5: -0.277247 | BL5: -0.2642467 | BM5: -0.2548577 | BN5: -0.2390798 | BO5: -0.2034126 | BP5: -0.1955236 | BQ5: -0.1882458 | BR5: -0.1229669 | BS5: -0.0829663 | BT5: -0.0334654 | BU5: -0.0381877 | BV5: -0.0457436 | BW5: -0.0630219 | BX5: -0.0776885 | BY5: -0.0776886 | BZ5: -0.1030777 | CA5: -0.1186337 | CB5: -0.1229118 | CC5: -0.1219116 | CD5: -0.132745 | CE5: -0.1507452 | CF5: -0.1645231 | CG5: -0.1892455 | CH5: -0.1984123 | CI5: -0.2018571 | CJ5: -0.2050796 | CK5: -0.1953012 | CL5: -0.1956901 | CM5: -0.2203576 | CN5: -0.2211354 | CO5: -0.2290799 | CP5: -0.2366909 | CQ5: -0.2333576 | CR5: -0.2325798 | CS5: -0.2226354 | CT5: -0.226913
A6: 3 | B6: P | C6: 3.1249044 | D6: 3.0858734 | E6: 3.0907333 | F6: 3.0060244 | G6: 2.9567268 | H6: 2.9037132 | I6: 2.9116266 | J6: 2.842649 | K6: 2.7772312 | L6: 2.7956378 | M6: 2.7546222 | N6: 2.80794 | O6: 2.7032332 | P6: 2.73438 | Q6: 2.7600822 | R6: 2.7692089 | S6: 2.7604845 | T6: 2.6672444 | U6: 2.6792023 | V6: 2.7705667 | W6: 2.7435567 | X6: 2.7575345 | Y6: 2.8405511 | Z6: 2.8641889 | AA6: 3.0083466 | AB6: 3.0604978 | AC6: 3.0784845 | AD6: 3.2238221 | AE6: 3.2957757 | AF6: 3.2875555 | AG6: 3.2703066 | AH6: 3.4025555 | AI6: 3.4057555 | AJ6: 3.5832555 | AK6: 3.7071779 | AL6: 3.8914557 | AM6: 4.0386443 | AN6: 4.1543665 | AO6: 4.1414332 | AP6: 4.2455225 | AQ6: 4.3674889 | AR6: 4.4264779 | AS6: 4.4186778 | AT6: 4.4864779 | AU6: 4.449522 | AV6: 4.5527554 | AW6: 4.5841556 | AX6: 4.6141334 | AY6: 4.527 | AZ6: 4.4757223 | BA6: 4.3439889 | BB6: 4.1793222 | BC6: 4.1167002 | BD6: 4.0153112 | BE6: 4.0041776 | BF6: 3.9370778 | BG6: 3.8671556 | BH6: 3.8189888 | BI6: 3.7013667 | BJ6: 3.7449777 | BK6: 3.6520333 | BL6: 3.650389 | BM6: 3.5653443 | BN6: 3.5865221 | BO6: 3.6239111 | BP6: 3.5787556 | BQ6: 3.5466001 | BR6: 3.7217112 | BS6: 4.0091333 | BT6: 4.0932779 | BU6: 4.1310887 | BV6: 4.0630445 | BW6: 4.1094556 | BX6: 4.2466888 | BY6: 4.2327776 | BZ6: 4.2184224 | CA6: 4.195478 | CB6: 4.1388221 | CC6: 4.1487112 | CD6: 4.2420778 | CE6: 4.1877999 | CF6: 4.1189222 | CG6: 4.0873113 | CH6: 4.0276666 | CI6: 3.9688222 | CJ6: 3.8865111 | CK6: 3.8096778 | CL6: 3.7559667 | CM6: 3.6281445 | CN6: 3.6619444 | CO6: 3.5562334 | CP6: 3.4301555 | CQ6: 3.2946999 | CR6: 3.2624223 | CS6: 3.2246666 | CT6: 3.0711977
A7: 3 | B7: Q | C7: -0.7498078 | D7: -0.7629433 | E7: -0.7346056 | F7: -0.7307778 | G7: -0.7209178 | H7: -0.7127478 | I7: -0.7168589 | J7: -0.7151622 | K7: -0.7236444 | L7: -0.7344889 | M7: -0.7568011 | N7: -0.7304133 | O7: -0.7451978 | P7: -0.7520145 | Q7: -0.7287145 | R7: -0.7208644 | S7: -0.7277378 | T7: -0.7775878 | U7: -0.7626 | V7: -0.7121255 | W7: -0.7224689 | X7: -0.7418022 | Y7: -0.7150567 | Z7: -0.7306778 | AA7: -0.6694788 | AB7: -0.7088689 | AC7: -0.6972389 | AD7: -0.6513867 | AE7: -0.6311833 | AF7: -0.6690655 | AG7: -0.7132111 | AH7: -0.6906856 | AI7: -0.7332067 | AJ7: -0.6945444 | AK7: -0.65859 | AL7: -0.64547 | AM7: -0.58386 | AN7: -0.5899378 | AO7: -0.6380889 | AP7: -0.58794 | AQ7: -0.58198 | AR7: -0.5746555 | AS7: -0.59353 | AT7: -0.5808222 | AU7: -0.6135544 | AV7: -0.6499311 | AW7: -0.6437589 | AX7: -0.6024411 | AY7: -0.5817544 | AZ7: -0.6381478 | BA7: -0.64649 | BB7: -0.6662178 | BC7: -0.6377867 | BD7: -0.6373278 | BE7: -0.6595644 | BF7: -0.6939067 | BG7: -0.6806278 | BH7: -0.6873289 | BI7: -0.7126945 | BJ7: -0.7045456 | BK7: -0.7262278 | BL7: -0.7090366 | BM7: -0.7149122 | BN7: -0.6849111 | BO7: -0.6930245 | BP7: -0.72609 | BQ7: -0.7433678 | BR7: -0.6109855 | BS7: -0.5699633 | BT7: -0.5183367 | BU7: -0.50317 | BV7: -0.5196545 | BW7: -0.5270267 | BX7: -0.5039211 | BY7: -0.5392144 | BZ7: -0.54555 | CA7: -0.5625233 | CB7: -0.6472111 | CC7: -0.6472833 | CD7: -0.6009144 | CE7: -0.6211556 | CF7: -0.6229455 | CG7: -0.6107934 | CH7: -0.6318378 | CI7: -0.60908 | CJ7: -0.6511089 | CK7: -0.6580489 | CL7: -0.6811167 | CM7: -0.6699622 | CN7: -0.64618 | CO7: -0.6363111 | CP7: -0.6855678 | CQ7: -0.7007967 | CR7: -0.69257 | CS7: -0.6880856 | CT7: -0.7094256
A8: 4 | B8: P | C8: 0.5237508 | D8: 0.4700279 | E8: 0.3873604 | F8: 0.4030267 | G8: 0.3070815 | H8: 0.3268588 | I8: 0.2777474 | J8: 0.2551912 | K8: 0.2878028 | L8: 0.3025812 | M8: 0.244469 | N8: 0.2729139 | O8: 0.2495245 | P8: 0.2421911 | Q8: 0.2275244 | R8: 0.2514693 | S8: 0.152801 | T8: 0.1040223 | U8: 0.0757998 | V8: 0.0519657 | W8: 0.1362449 | X8: 0.1845238 | Y8: 0.2104684 | Z8: 0.2600804 | AA8: 0.2931367 | AB8: 0.3376924 | AC8: 0.3835824 | AD8: 0.4708059 | AE8: 0.4918616 | AF8: 0.4984729 | AG8: 0.4831948 | AH8: 0.5421955 | AI8: 0.6633084 | AJ8: 0.7016981 | AK8: 0.758588 | AL8: 0.8909788 | AM8: 0.8890898 | AN8: 0.899534 | AO8: 0.9307572 | AP8: 0.9904804 | AQ8: 1.0211476 | AR8: 1.0268141 | AS8: 1.0852596 | AT8: 1.0699259 | AU8: 1.0754815 | AV8: 1.1125933 | AW8: 1.0927038 | AX8: 1.086148 | AY8: 1.0426478 | AZ8: 1.0025359 | BA8: 0.8729231 | BB8: 0.8217555 | BC8: 0.7212539 | BD8: 0.7458654 | BE8: 0.6715865 | BF8: 0.5941407 | BG8: 0.5898073 | BH8: 0.6090298 | BI8: 0.5827518 | BJ8: 0.5267509 | BK8: 0.5193064 | BL8: 0.484028 | BM8: 0.5578626 | BN8: 0.5730852 | BO8: 0.6256415 | BP8: 0.6811426 | BQ8: 0.7075871 | BR8: 0.8181443 | BS8: 1.0432034 | BT8: 1.1499271 | BU8: 1.117649 | BV8: 1.04087 | BW8: 1.0767595 | BX8: 1.1364272 | BY8: 1.1167043 | BZ8: 1.1010376 | CA8: 1.0282032 | CB8: 0.9902025 | CC8: 0.9618688 | CD8: 0.951591 | CE8: 0.9220344 | CF8: 0.8910344 | CG8: 0.8824233 | CH8: 0.8682007 | CI8: 0.7897553 | CJ8: 0.7866439 | CK8: 0.7683662 | CL8: 0.7154207 | CM8: 0.6525307 | CN8: 0.5944185 | CO8: 0.4969172 | CP8: 0.434972 | CQ8: 0.4424163 | CR8: 0.4235271 | CS8: 0.3400813 | CT8: 0.329526
A9: 4 | B9: Q | C9: -0.6803228 | D9: -0.7098233 | E9: -0.7171013 | F9: -0.6878228 | G9: -0.7274348 | H9: -0.7123789 | I9: -0.7251015 | J9: -0.7052677 | K9: -0.700212 | L9: -0.7089344 | M9: -0.7206569 | N9: -0.6998786 | O9: -0.7166568 | P9: -0.7217125 | Q9: -0.7353795 | R9: -0.7242681 | S9: -0.731546 | T9: -0.7461019 | U9: -0.7210458 | V9: -0.6881006 | W9: -0.6525447 | X9: -0.6468219 | Y9: -0.6571555 | Z9: -0.6191556 | AA9: -0.6239893 | AB9: -0.614267 | AC9: -0.6114338 | AD9: -0.560488 | AE9: -0.5661544 | AF9: -0.597822 | AG9: -0.6028777 | AH9: -0.5894327 | AI9: -0.5850993 | AJ9: -0.5955439 | AK9: -0.5844327 | AL9: -0.5927661 | AM9: -0.6461558 | AN9: -0.6507115 | AO9: -0.6444891 | AP9: -0.6690449 | AQ9: -0.6798782 | AR9: -0.6787671 | AS9: -0.6675449 | AT9: -0.6615449 | AU9: -0.692434 | AV9: -0.71149 | AW9: -0.7274348 | AX9: -0.7143235 | AY9: -0.7128789 | AZ9: -0.7364906 | BA9: -0.7629356 | BB9: -0.7647135 | BC9: -0.7758804 | BD9: -0.7522687 | BE9: -0.780436 | BF9: -0.7586578 | BG9: -0.7782693 | BH9: -0.7717692 | BI9: -0.7473242 | BJ9: -0.7783805 | BK9: -0.7604356 | BL9: -0.7630467 | BM9: -0.7467686 | BN9: -0.7121012 | BO9: -0.6883228 | BP9: -0.6672112 | BQ9: -0.6289884 | BR9: -0.5314874 | BS9: -0.4256524 | BT9: -0.403263 | BU9: -0.4287078 | BV9: -0.4589307 | BW9: -0.4812089 | BX9: -0.462264 | BY9: -0.4885979 | BZ9: -0.4932092 | CA9: -0.5288208 | CB9: -0.5545433 | CC9: -0.5620435 | CD9: -0.587822 | CE9: -0.5897102 | CF9: -0.6299335 | CG9: -0.6083773 | CH9: -0.625322 | CI9: -0.6257666 | CJ9: -0.6505446 | CK9: -0.620044 | CL9: -0.6227663 | CM9: -0.6388777 | CN9: -0.6541555 | CO9: -0.6669335 | CP9: -0.6574334 | CQ9: -0.650822 | CR9: -0.6396 | CS9: -0.6554332 | CT9: -0.6478776
A10: 5 | B10: P | C10: 3.5140676 | D10: 3.3365538 | E10: 3.2042174 | F10: 3.108305 | G10: 3.0704613 | H10: 3.0360467 | I10: 2.9471714 | J10: 2.8925924 | K10: 2.8384266 | L10: 2.7136011 | M10: 2.6667683 | N10: 2.6306975 | O10: 2.6241932 | P10: 2.6393311 | Q10: 2.6270914 | R10: 2.6058629 | S10: 2.6743968 | T10: 2.6690164 | U10: 2.6594963 | V10: 2.6502721 | W10: 2.7685339 | X10: 2.7452955 | Y10: 2.7891715 | Z10: 2.8089225 | AA10: 2.9511917 | AB10: 3.0119193 | AC10: 3.0595214 | AD10: 3.1515317 | AE10: 3.2893672 | AF10: 3.2498667 | AG10: 3.224263 | AH10: 3.3980503 | AI10: 3.5885143 | AJ10: 3.830009 | AK10: 4.0386252 | AL10: 4.264154 | AM10: 4.4148812 | AN10: 4.5771976 | AO10: 4.8305769 | AP10: 5.0979714 | AQ10: 5.1470504 | AR10: 5.3023891 | AS10: 5.4705005 | AT10: 5.5213542 | AU10: 5.6948466 | AV10: 5.7387218 | AW10: 5.8798709 | AX10: 5.7975001 | AY10: 5.6924229 | AZ10: 5.6717858 | BA10: 5.5024319 | BB10: 5.3405886 | BC10: 5.1109791 | BD10: 4.9292088 | BE10: 4.895267 | BF10: 4.74052 | BG10: 4.5673809 | BH10: 4.4825859 | BI10: 4.3530884 | BJ10: 4.3495402 | BK10: 4.3187914 | BL10: 4.2647452 | BM10: 4.2321053 | BN10: 4.2824845 | BO10: 4.3092709 | BP10: 4.4025807 | BQ10: 4.3967853 | BR10: 4.4141121 | BS10: 4.6604548 | BT10: 4.8534622 | BU10: 4.7900133 | BV10: 4.7308807 | BW10: 4.8184557 | BX10: 4.9658704 | BY10: 5.0012307 | BZ10: 5.0505466 | CA10: 5.0972023 | CB10: 5.1484694 | CC10: 5.1442719 | CD10: 5.1293702 | CE10: 5.1243434 | CF10: 5.0436287 | CG10: 4.9374285 | CH10: 4.855176 | CI10: 4.8277392 | CJ10: 4.8280931 | CK10: 4.6882477 | CL10: 4.5648975 | CM10: 4.3555112 | CN10: 4.1978674 | CO10: 4.0257344 | CP10: 3.8952305 | CQ10: 3.7382362 | CR10: 3.5948417 | CS10: 3.4012437 | CT10: 3.3051546
A11: 5 | B11: Q | C11: -0.6768959 | D11: -0.7107192 | E11: -0.7278675 | F11: -0.7298781 | G11: -0.7599761 | H11: -0.7578476 | I11: -0.7564871 | J11: -0.7769467 | K11: -0.7906651 | L11: -0.8181021 | M11: -0.8011907 | N11: -0.8191663 | O11: -0.8177474 | P11: -0.8269129 | Q11: -0.8472545 | R11: -0.8334768 | S11: -0.8147907 | T11: -0.8192848 | U11: -0.8289829 | V11: -0.8343044 | W11: -0.7066385 | X11: -0.7274531 | Y11: -0.7248511 | Z11: -0.7266847 | AA11: -0.6978282 | AB11: -0.6824547 | AC11: -0.6676717 | AD11: -0.6683813 | AE11: -0.6363319 | AF11: -0.7006077 | AG11: -0.7757053 | AH11: -0.7516388 | AI11: -0.7304689 | AJ11: -0.7040967 | AK11: -0.6636506 | AL11: -0.6101953 | AM11: -0.5904452 | AN11: -0.5837632 | AO11: -0.5194876 | AP11: -0.4633116 | AQ11: -0.4530229 | AR11: -0.4412559 | AS11: -0.4034704 | AT11: -0.4076682 | AU11: -0.3991537 | AV11: -0.3807044 | AW11: -0.3665718 | AX11: -0.3845477 | AY11: -0.3853168 | AZ11: -0.4194953 | BA11: -0.4475236 | BB11: -0.4661506 | BC11: -0.4969577 | BD11: -0.5161167 | BE11: -0.5420161 | BF11: -0.5799202 | BG11: -0.6059965 | BH11: -0.6032177 | BI11: -0.62279 | BJ11: -0.6023303 | BK11: -0.612738 | BL11: -0.6217845 | BM11: -0.6421257 | BN11: -0.6152804 | BO11: -0.6372772 | BP11: -0.6121465 | BQ11: -0.6214303 | BR11: -0.5212017 | BS11: -0.4657362 | BT11: -0.4482329 | BU11: -0.4583453 | BV11: -0.4452772 | BW11: -0.4529054 | BX11: -0.4416107 | BY11: -0.4357565 | BZ11: -0.4311441 | CA11: -0.4497702 | CB11: -0.4427935 | CC11: -0.4626616 | CD11: -0.4714131 | CE11: -0.4682785 | CF11: -0.4684561 | CG11: -0.4929361 | CH11: -0.5099666 | CI11: -0.5186001 | CJ11: -0.5026931 | CK11: -0.5248683 | CL11: -0.554612 | CM11: -0.5573326 | CN11: -0.578324 | CO11: -0.5992556 | CP11: -0.6084213 | CQ11: -0.5991378 | CR11: -0.6213127 | CS11: -0.6344399 | CT11: -0.6443738
A12: 6 | B12: P | C12: 5.032722 | D12: 4.9998446 | E12: 4.693089 | F12: 4.8057222 | G12: 4.8001776 | H12: 4.8029776 | I12: 4.6193442 | J12: 4.4750667 | K12: 4.4952664 | L12: 4.5253778 | M12: 4.6380334 | N12: 4.5969224 | O12: 4.3987222 | P12: 4.4954667 | Q12: 4.4652333 | R12: 4.4991221 | S12: 4.4775 | T12: 4.4634333 | U12: 4.353611 | V12: 4.4625888 | W12: 4.4750891 | X12: 4.599978 | Y12: 4.6468778 | Z12: 4.7730889 | AA12: 4.902 | AB12: 4.8161111 | AC12: 4.8130555 | AD12: 4.9088669 | AE12: 5.1129112 | AF12: 5.1191888 | AG12: 5.0396557 | AH12: 5.1301332 | AI12: 5.1909556 | AJ12: 5.3546109 | AK12: 5.4484887 | AL12: 5.4300332 | AM12: 5.4774556 | AN12: 5.6528001 | AO12: 5.8427444 | AP12: 6.0623889 | AQ12: 5.8847775 | AR12: 5.8482223 | AS12: 5.8705111 | AT12: 5.955411 | AU12: 6.0805445 | AV12: 5.9731779 | AW12: 5.8612447 | AX12: 5.8165889 | AY12: 5.9620333 | AZ12: 6.0555 | BA12: 5.8859 | BB12: 5.8212557 | BC12: 5.6946669 | BD12: 5.6945333 | BE12: 5.7480779 | BF12: 5.5574665 | BG12: 5.3621998 | BH12: 5.3378334 | BI12: 5.2556443 | BJ12: 5.3190222 | BK12: 5.3532887 | BL12: 5.3096776 | BM12: 5.2240224 | BN12: 5.3283443 | BO12: 5.4116554 | BP12: 5.4561667 | BQ12: 5.4763112 | BR12: 5.4243779 | BS12: 5.8563557 | BT12: 6.057189 | BU12: 5.8989444 | BV12: 5.6984887 | BW12: 5.683722 | BX12: 5.7830558 | BY12: 5.9296112 | BZ12: 6.0696111 | CA12: 6.1155443 | CB12: 6.1490002 | CC12: 6.1130667 | CD12: 6.1494331 | CE12: 5.9754558 | CF12: 6.0172668 | CG12: 5.917222 | CH12: 5.9166665 | CI12: 5.7339001 | CJ12: 5.8583779 | CK12: 5.7717223 | CL12: 5.7974553 | CM12: 5.5445223 | CN12: 5.3637557 | CO12: 5.2532444 | CP12: 5.3282666 | CQ12: 5.3250332 | CR12: 5.2913556 | CS12: 5.0331111 | CT12: 5.0080333
A13: 6 | B13: Q | C13: 0.4857444 | D13: 0.4348544 | E13: 0.2905844 | F13: 0.2974584 | G13: 0.3682933 | H13: 0.4053555 | I13: 0.4252212 | J13: 0.163875 | K13: 0.2102373 | L13: 0.2333411 | M13: 0.3077444 | N13: 0.2407103 | O13: 0.2209513 | P13: 0.2893296 | Q13: 0.3128811 | R13: 0.2904603 | S13: 0.2257583 | T13: 0.2731548 | U13: 0.2122719 | V13: 0.2721456 | W13: 0.2351549 | X13: 0.2645223 | Y13: 0.2229645 | Z13: 0.2865897 | AA13: 0.2874091 | AB13: 0.3197322 | AC13: 0.2609394 | AD13: 0.28717 | AE13: 0.3216938 | AF13: 0.3565378 | AG13: 0.3618811 | AH13: 0.3560578 | AI13: 0.3425749 | AJ13: 0.3710711 | AK13: 0.3618178 | AL13: 0.3439433 | AM13: 0.2797339 | AN13: 0.298797 | AO13: 0.3815511 | AP13: 0.5197055 | AQ13: 0.4279256 | AR13: 0.3391433 | AS13: 0.3540022 | AT13: 0.3560267 | AU13: 0.3869111 | AV13: 0.3447317 | AW13: 0.2866961 | AX13: 0.2612807 | AY13: 0.3651773 | AZ13: 0.4418755 | BA13: 0.4149345 | BB13: 0.345853 | BC13: 0.351059 | BD13: 0.3980022 | BE13: 0.5174989 | BF13: 0.4042311 | BG13: 0.2976644 | BH13: 0.2827296 | BI13: 0.2670175 | BJ13: 0.2896266 | BK13: 0.3291097 | BL13: 0.2979539 | BM13: 0.3388667 | BN13: 0.3959756 | BO13: 0.3715045 | BP13: 0.4285056 | BQ13: 0.4900178 | BR13: 0.4106345 | BS13: 0.5080245 | BT13: 0.6294267 | BU13: 0.5509967 | BV13: 0.4680078 | BW13: 0.4631833 | BX13: 0.5227944 | BY13: 0.4708078 | BZ13: 0.5137478 | CA13: 0.4999655 | CB13: 0.4950778 | CC13: 0.5107267 | CD13: 0.5244622 | CE13: 0.4610911 | CF13: 0.4922967 | CG13: 0.4217078 | CH13: 0.49576 | CI13: 0.37542 | CJ13: 0.4685245 | CK13: 0.4501833 | CL13: 0.4689456 | CM13: 0.3625278 | CN13: 0.37503 | CO13: 0.314518 | CP13: 0.3908422 | CQ13: 0.4361345 | CR13: 0.4097733 | CS13: 0.2697321 | CT13: 0.3361933
... A29: 14 | B29: Q | C29: 0.194385 | D29: 0.2041743 | E29: 0.2093521 | F29: 0.2066127 | G29: 0.2104833 | H29: 0.2073689 | I29: 0.2044293 | J29: 0.2117542 | K29: 0.2092689 | L29: 0.2077376 | M29: 0.2072248 | N29: 0.2103457 | O29: 0.2097735 | P29: 0.2064389 | Q29: 0.2118796 | R29: 0.2092567 | S29: 0.2066611 | T29: 0.2106526 | U29: 0.2086219 | V29: 0.2099436 | W29: 0.208447 | X29: 0.2031511 | Y29: 0.2010776 | Z29: 0.1981484 | AA29: 0.1969256 | AB29: 0.2020021 | AC29: 0.1957784 | AD29: 0.1903229 | AE29: 0.1907976 | AF29: 0.18498 | AG29: 0.19063 | AH29: 0.1819652 | AI29: 0.1833218 | AJ29: 0.1820518 | AK29: 0.1785233 | AL29: 0.1810161 | AM29: 0.178406 | AN29: 0.17735 | AO29: 0.1698957 | AP29: 0.1635355 | AQ29: 0.1658022 | AR29: 0.1753266 | AS29: 0.1735806 | AT29: 0.1681477 | AU29: 0.1692656 | AV29: 0.1749188 | AW29: 0.1724477 | AX29: 0.1642065 | AY29: 0.1755579 | AZ29: 0.183634 | BA29: 0.1886414 | BB29: 0.1899507 | BC29: 0.1901869 | BD29: 0.1921187 | BE29: 0.1998578 | BF29: 0.2000556 | BG29: 0.1969912 | BH29: 0.1973948 | BI29: 0.2016352 | BJ29: 0.1964841 | BK29: 0.1942947 | BL29: 0.1939324 | BM29: 0.190603 | BN29: 0.1919879 | BO29: 0.1865964 | BP29: 0.183905 | BQ29: 0.1891001 | BR29: 0.1920305 | BS29: 0.1923725 | BT29: 0.1977213 | BU29: 0.1972924 | BV29: 0.1913994 | BW29: 0.1995722 | BX29: 0.2023022 | BY29: 0.1990917 | BZ29: 0.1938117 | CA29: 0.1969797 | CB29: 0.1954964 | CC29: 0.1912222 | CD29: 0.1998907 | CE29: 0.1976599 | CF29: 0.2010782 | CG29: 0.2050908 | CH29: 0.204055 | CI29: 0.2019871 | CJ29: 0.2077709 | CK29: 0.2054879 | CL29: 0.2088194 | CM29: 0.2065059 | CN29: 0.2117891 | CO29: 0.2102775 | CP29: 0.2083044 | CQ29: 0.2139875 | CR29: 0.215356 | CS29: 0.2122969 | CT29: 0.2101273

Sheet KPC_35_W_Su, 24h
A1: LoadID | B1: Type | C1: 0 | D1: 1 | E1: 2 | F1: 3 | G1: 4 | H1: 5 | I1: 6 | J1: 7 | K1: 8 | L1: 9 | M1: 10 | N1: 11 | O1: 12 | P1: 13 | Q1: 14 | R1: 15 | S1: 16 | T1: 17 | U1: 18 | V1: 19 | W1: 20 | X1: 21 | Y1: 22 | Z1: 23
A2: 1 | B2: P | C2: =AVERAGEIFS(KPC_35_W_Su!$C2:$CT2,KPC_35_W_Su!$C$1:$CT$1,'KPC_35_W_Su, 24h'!C$1) -> 3.1459897 | D2: =AVERAGEIFS(KPC_35_W_Su!$C2:$CT2,KPC_35_W_Su!$C$1:$CT$1,'KPC_35_W_Su, 24h'!D$1) -> 3.0860702 | E2: =AVERAGEIFS(KPC_35_W_Su!$C2:$CT2,KPC_35_W_Su!$C$1:$CT$1,'KPC_35_W_Su, 24h'!E$1) -> 2.9949809 | F2: =AVERAGEIFS(KPC_35_W_Su!$C2:$CT2,KPC_35_W_Su!$C$1:$CT$1,'KPC_35_W_Su, 24h'!F$1) -> 3.026328 | G2: =AVERAGEIFS(KPC_35_W_Su!$C2:$CT2,KPC_35_W_Su!$C$1:$CT$1,'KPC_35_W_Su, 24h'!G$1) -> 2.9215472 | H2: =AVERAGEIFS(KPC_35_W_Su!$C2:$CT2,KPC_35_W_Su!$C$1:$CT$1,'KPC_35_W_Su, 24h'!H$1) -> 2.9707963 | I2: =AVERAGEIFS(KPC_35_W_Su!$C2:$CT2,KPC_35_W_Su!$C$1:$CT$1,'KPC_35_W_Su, 24h'!I$1) -> 2.9589472 | J2: =AVERAGEIFS(KPC_35_W_Su!$C2:$CT2,KPC_35_W_Su!$C$1:$CT$1,'KPC_35_W_Su, 24h'!J$1) -> 3.1805493 | ... Z2: =AVERAGEIFS(KPC_35_W_Su!$C2:$CT2,KPC_35_W_Su!$C$1:$CT$1,'KPC_35_W_Su, 24h'!Z$1) -> 3.0204718
A3: 1 | B3: Q | C3: =AVERAGEIFS(KPC_35_W_Su!$C3:$CT3,KPC_35_W_Su!$C$1:$CT$1,'KPC_35_W_Su, 24h'!C$1) -> 0.20296123 | D3: =AVERAGEIFS(KPC_35_W_Su!$C3:$CT3,KPC_35_W_Su!$C$1:$CT$1,'KPC_35_W_Su, 24h'!D$1) -> 0.2080638 | E3: =AVERAGEIFS(KPC_35_W_Su!$C3:$CT3,KPC_35_W_Su!$C$1:$CT$1,'KPC_35_W_Su, 24h'!E$1) -> 0.15397492 | F3: =AVERAGEIFS(KPC_35_W_Su!$C3:$CT3,KPC_35_W_Su!$C$1:$CT$1,'KPC_35_W_Su, 24h'!F$1) -> 0.1169525 | G3: =AVERAGEIFS(KPC_35_W_Su!$C3:$CT3,KPC_35_W_Su!$C$1:$CT$1,'KPC_35_W_Su, 24h'!G$1) -> 0.13334245 | H3: =AVERAGEIFS(KPC_35_W_Su!$C3:$CT3,KPC_35_W_Su!$C$1:$CT$1,'KPC_35_W_Su, 24h'!H$1) -> 0.13014372 | I3: =AVERAGEIFS(KPC_35_W_Su!$C3:$CT3,KPC_35_W_Su!$C$1:$CT$1,'KPC_35_W_Su, 24h'!I$1) -> 0.10094915 | J3: =AVERAGEIFS(KPC_35_W_Su!$C3:$CT3,KPC_35_W_Su!$C$1:$CT$1,'KPC_35_W_Su, 24h'!J$1) -> 0.1090861 | ... Z3: =AVERAGEIFS(KPC_35_W_Su!$C3:$CT3,KPC_35_W_Su!$C$1:$CT$1,'KPC_35_W_Su, 24h'!Z$1) -> 0.1707418
A4: 2 | B4: P | C4: =AVERAGEIFS(KPC_35_W_Su!$C4:$CT4,KPC_35_W_Su!$C$1:$CT$1,'KPC_35_W_Su, 24h'!C$1) -> 1.3093048 | D4: =AVERAGEIFS(KPC_35_W_Su!$C4:$CT4,KPC_35_W_Su!$C$1:$CT$1,'KPC_35_W_Su, 24h'!D$1) -> 1.2027059 | E4: =AVERAGEIFS(KPC_35_W_Su!$C4:$CT4,KPC_35_W_Su!$C$1:$CT$1,'KPC_35_W_Su, 24h'!E$1) -> 1.1434274 | F4: =AVERAGEIFS(KPC_35_W_Su!$C4:$CT4,KPC_35_W_Su!$C$1:$CT$1,'KPC_35_W_Su, 24h'!F$1) -> 1.098371 | G4: =AVERAGEIFS(KPC_35_W_Su!$C4:$CT4,KPC_35_W_Su!$C$1:$CT$1,'KPC_35_W_Su, 24h'!G$1) -> 1.1121768 | H4: =AVERAGEIFS(KPC_35_W_Su!$C4:$CT4,KPC_35_W_Su!$C$1:$CT$1,'KPC_35_W_Su, 24h'!H$1) -> 1.2007477 | I4: =AVERAGEIFS(KPC_35_W_Su!$C4:$CT4,KPC_35_W_Su!$C$1:$CT$1,'KPC_35_W_Su, 24h'!I$1) -> 1.2993186 | J4: =AVERAGEIFS(KPC_35_W_Su!$C4:$CT4,KPC_35_W_Su!$C$1:$CT$1,'KPC_35_W_Su, 24h'!J$1) -> 1.5486279 | ... Z4: =AVERAGEIFS(KPC_35_W_Su!$C4:$CT4,KPC_35_W_Su!$C$1:$CT$1,'KPC_35_W_Su, 24h'!Z$1) -> 1.4123341
A5: 2 | B5: Q | C5: =AVERAGEIFS(KPC_35_W_Su!$C5:$CT5,KPC_35_W_Su!$C$1:$CT$1,'KPC_35_W_Su, 24h'!C$1) -> -0.27783022 | D5: =AVERAGEIFS(KPC_35_W_Su!$C5:$CT5,KPC_35_W_Su!$C$1:$CT$1,'KPC_35_W_Su, 24h'!D$1) -> -0.29181672 | E5: =AVERAGEIFS(KPC_35_W_Su!$C5:$CT5,KPC_35_W_Su!$C$1:$CT$1,'KPC_35_W_Su, 24h'!E$1) -> -0.30203935 | F5: =AVERAGEIFS(KPC_35_W_Su!$C5:$CT5,KPC_35_W_Su!$C$1:$CT$1,'KPC_35_W_Su, 24h'!F$1) -> -0.30740058 | G5: =AVERAGEIFS(KPC_35_W_Su!$C5:$CT5,KPC_35_W_Su!$C$1:$CT$1,'KPC_35_W_Su, 24h'!G$1) -> -0.3141367 | H5: =AVERAGEIFS(KPC_35_W_Su!$C5:$CT5,KPC_35_W_Su!$C$1:$CT$1,'KPC_35_W_Su, 24h'!H$1) -> -0.26955235 | I5: =AVERAGEIFS(KPC_35_W_Su!$C5:$CT5,KPC_35_W_Su!$C$1:$CT$1,'KPC_35_W_Su, 24h'!I$1) -> -0.23191297 | J5: =AVERAGEIFS(KPC_35_W_Su!$C5:$CT5,KPC_35_W_Su!$C$1:$CT$1,'KPC_35_W_Su, 24h'!J$1) -> -0.15943978 | ... Z5: =AVERAGEIFS(KPC_35_W_Su!$C5:$CT5,KPC_35_W_Su!$C$1:$CT$1,'KPC_35_W_Su, 24h'!Z$1) -> -0.22887145
A6: 3 | B6: P | C6: =AVERAGEIFS(KPC_35_W_Su!$C6:$CT6,KPC_35_W_Su!$C$1:$CT$1,'KPC_35_W_Su, 24h'!C$1) -> 3.0768839 | D6: =AVERAGEIFS(KPC_35_W_Su!$C6:$CT6,KPC_35_W_Su!$C$1:$CT$1,'KPC_35_W_Su, 24h'!D$1) -> 2.9036789 | E6: =AVERAGEIFS(KPC_35_W_Su!$C6:$CT6,KPC_35_W_Su!$C$1:$CT$1,'KPC_35_W_Su, 24h'!E$1) -> 2.7838578 | F6: =AVERAGEIFS(KPC_35_W_Su!$C6:$CT6,KPC_35_W_Su!$C$1:$CT$1,'KPC_35_W_Su, 24h'!F$1) -> 2.7417261 | G6: =AVERAGEIFS(KPC_35_W_Su!$C6:$CT6,KPC_35_W_Su!$C$1:$CT$1,'KPC_35_W_Su, 24h'!G$1) -> 2.7193745 | H6: =AVERAGEIFS(KPC_35_W_Su!$C6:$CT6,KPC_35_W_Su!$C$1:$CT$1,'KPC_35_W_Su, 24h'!H$1) -> 2.8014578 | I6: =AVERAGEIFS(KPC_35_W_Su!$C6:$CT6,KPC_35_W_Su!$C$1:$CT$1,'KPC_35_W_Su, 24h'!I$1) -> 3.0927877 | J6: =AVERAGEIFS(KPC_35_W_Su!$C6:$CT6,KPC_35_W_Su!$C$1:$CT$1,'KPC_35_W_Su, 24h'!J$1) -> 3.3140483 | ... Z6: =AVERAGEIFS(KPC_35_W_Su!$C6:$CT6,KPC_35_W_Su!$C$1:$CT$1,'KPC_35_W_Su, 24h'!Z$1) -> 3.2132466
A7: 3 | B7: Q | C7: =AVERAGEIFS(KPC_35_W_Su!$C7:$CT7,KPC_35_W_Su!$C$1:$CT$1,'KPC_35_W_Su, 24h'!C$1) -> -0.74453363 | D7: =AVERAGEIFS(KPC_35_W_Su!$C7:$CT7,KPC_35_W_Su!$C$1:$CT$1,'KPC_35_W_Su, 24h'!D$1) -> -0.71642167 | E7: =AVERAGEIFS(KPC_35_W_Su!$C7:$CT7,KPC_35_W_Su!$C$1:$CT$1,'KPC_35_W_Su, 24h'!E$1) -> -0.73633693 | F7: =AVERAGEIFS(KPC_35_W_Su!$C7:$CT7,KPC_35_W_Su!$C$1:$CT$1,'KPC_35_W_Su, 24h'!F$1) -> -0.7366978 | G7: =AVERAGEIFS(KPC_35_W_Su!$C7:$CT7,KPC_35_W_Su!$C$1:$CT$1,'KPC_35_W_Su, 24h'!G$1) -> -0.74501277 | H7: =AVERAGEIFS(KPC_35_W_Su!$C7:$CT7,KPC_35_W_Su!$C$1:$CT$1,'KPC_35_W_Su, 24h'!H$1) -> -0.7275014 | I7: =AVERAGEIFS(KPC_35_W_Su!$C7:$CT7,KPC_35_W_Su!$C$1:$CT$1,'KPC_35_W_Su, 24h'!I$1) -> -0.68174333 | J7: =AVERAGEIFS(KPC_35_W_Su!$C7:$CT7,KPC_35_W_Su!$C$1:$CT$1,'KPC_35_W_Su, 24h'!J$1) -> -0.67603638 | ... Z7: =AVERAGEIFS(KPC_35_W_Su!$C7:$CT7,KPC_35_W_Su!$C$1:$CT$1,'KPC_35_W_Su, 24h'!Z$1) -> -0.69771947
A8: 4 | B8: P | C8: =AVERAGEIFS(KPC_35_W_Su!$C8:$CT8,KPC_35_W_Su!$C$1:$CT$1,'KPC_35_W_Su, 24h'!C$1) -> 0.44604145 | D8: =AVERAGEIFS(KPC_35_W_Su!$C8:$CT8,KPC_35_W_Su!$C$1:$CT$1,'KPC_35_W_Su, 24h'!D$1) -> 0.29171972 | E8: =AVERAGEIFS(KPC_35_W_Su!$C8:$CT8,KPC_35_W_Su!$C$1:$CT$1,'KPC_35_W_Su, 24h'!E$1) -> 0.27694173 | F8: =AVERAGEIFS(KPC_35_W_Su!$C8:$CT8,KPC_35_W_Su!$C$1:$CT$1,'KPC_35_W_Su, 24h'!F$1) -> 0.24267732 | G8: =AVERAGEIFS(KPC_35_W_Su!$C8:$CT8,KPC_35_W_Su!$C$1:$CT$1,'KPC_35_W_Su, 24h'!G$1) -> 0.0961472 | H8: =AVERAGEIFS(KPC_35_W_Su!$C8:$CT8,KPC_35_W_Su!$C$1:$CT$1,'KPC_35_W_Su, 24h'!H$1) -> 0.19782938 | I8: =AVERAGEIFS(KPC_35_W_Su!$C8:$CT8,KPC_35_W_Su!$C$1:$CT$1,'KPC_35_W_Su, 24h'!I$1) -> 0.37130435 | J8: =AVERAGEIFS(KPC_35_W_Su!$C8:$CT8,KPC_35_W_Su!$C$1:$CT$1,'KPC_35_W_Su, 24h'!J$1) -> 0.5039312 | ... Z8: =AVERAGEIFS(KPC_35_W_Su!$C8:$CT8,KPC_35_W_Su!$C$1:$CT$1,'KPC_35_W_Su, 24h'!Z$1) -> 0.38388767
A9: 4 | B9: Q | C9: =AVERAGEIFS(KPC_35_W_Su!$C9:$CT9,KPC_35_W_Su!$C$1:$CT$1,'KPC_35_W_Su, 24h'!C$1) -> -0.69876755 | D9: =AVERAGEIFS(KPC_35_W_Su!$C9:$CT9,KPC_35_W_Su!$C$1:$CT$1,'KPC_35_W_Su, 24h'!D$1) -> -0.71754573 | E9: =AVERAGEIFS(KPC_35_W_Su!$C9:$CT9,KPC_35_W_Su!$C$1:$CT$1,'KPC_35_W_Su, 24h'!E$1) -> -0.70742047 | F9: =AVERAGEIFS(KPC_35_W_Su!$C9:$CT9,KPC_35_W_Su!$C$1:$CT$1,'KPC_35_W_Su, 24h'!F$1) -> -0.72450423 | G9: =AVERAGEIFS(KPC_35_W_Su!$C9:$CT9,KPC_35_W_Su!$C$1:$CT$1,'KPC_35_W_Su, 24h'!G$1) -> -0.72169857 | H9: =AVERAGEIFS(KPC_35_W_Su!$C9:$CT9,KPC_35_W_Su!$C$1:$CT$1,'KPC_35_W_Su, 24h'!H$1) -> -0.64391942 | I9: =AVERAGEIFS(KPC_35_W_Su!$C9:$CT9,KPC_35_W_Su!$C$1:$CT$1,'KPC_35_W_Su, 24h'!I$1) -> -0.60254452 | J9: =AVERAGEIFS(KPC_35_W_Su!$C9:$CT9,KPC_35_W_Su!$C$1:$CT$1,'KPC_35_W_Su, 24h'!J$1) -> -0.5890717 | ... Z9: =AVERAGEIFS(KPC_35_W_Su!$C9:$CT9,KPC_35_W_Su!$C$1:$CT$1,'KPC_35_W_Su, 24h'!Z$1) -> -0.6484332
A10: 5 | B10: P | C10: =AVERAGEIFS(KPC_35_W_Su!$C10:$CT10,KPC_35_W_Su!$C$1:$CT$1,'KPC_35_W_Su, 24h'!C$1) -> 3.2907859 | D10: =AVERAGEIFS(KPC_35_W_Su!$C10:$CT10,KPC_35_W_Su!$C$1:$CT$1,'KPC_35_W_Su, 24h'!D$1) -> 2.9865679 | E10: =AVERAGEIFS(KPC_35_W_Su!$C10:$CT10,KPC_35_W_Su!$C$1:$CT$1,'KPC_35_W_Su, 24h'!E$1) -> 2.7123734 | F10: =AVERAGEIFS(KPC_35_W_Su!$C10:$CT10,KPC_35_W_Su!$C$1:$CT$1,'KPC_35_W_Su, 24h'!F$1) -> 2.6241196 | G10: =AVERAGEIFS(KPC_35_W_Su!$C10:$CT10,KPC_35_W_Su!$C$1:$CT$1,'KPC_35_W_Su, 24h'!G$1) -> 2.6632954 | H10: =AVERAGEIFS(KPC_35_W_Su!$C10:$CT10,KPC_35_W_Su!$C$1:$CT$1,'KPC_35_W_Su, 24h'!H$1) -> 2.7779809 | I10: =AVERAGEIFS(KPC_35_W_Su!$C10:$CT10,KPC_35_W_Su!$C$1:$CT$1,'KPC_35_W_Su, 24h'!I$1) -> 3.043541 | J10: =AVERAGEIFS(KPC_35_W_Su!$C10:$CT10,KPC_35_W_Su!$C$1:$CT$1,'KPC_35_W_Su, 24h'!J$1) -> 3.2903868 | ... Z10: =AVERAGEIFS(KPC_35_W_Su!$C10:$CT10,KPC_35_W_Su!$C$1:$CT$1,'KPC_35_W_Su, 24h'!Z$1) -> 3.509869
A11: 5 | B11: Q | C11: =AVERAGEIFS(KPC_35_W_Su!$C11:$CT11,KPC_35_W_Su!$C$1:$CT$1,'KPC_35_W_Su, 24h'!C$1) -> -0.71134018 | D11: =AVERAGEIFS(KPC_35_W_Su!$C11:$CT11,KPC_35_W_Su!$C$1:$CT$1,'KPC_35_W_Su, 24h'!D$1) -> -0.76281438 | E11: =AVERAGEIFS(KPC_35_W_Su!$C11:$CT11,KPC_35_W_Su!$C$1:$CT$1,'KPC_35_W_Su, 24h'!E$1) -> -0.80728105 | F11: =AVERAGEIFS(KPC_35_W_Su!$C11:$CT11,KPC_35_W_Su!$C$1:$CT$1,'KPC_35_W_Su, 24h'!F$1) -> -0.8313479 | G11: =AVERAGEIFS(KPC_35_W_Su!$C11:$CT11,KPC_35_W_Su!$C$1:$CT$1,'KPC_35_W_Su, 24h'!G$1) -> -0.8243407 | H11: =AVERAGEIFS(KPC_35_W_Su!$C11:$CT11,KPC_35_W_Su!$C$1:$CT$1,'KPC_35_W_Su, 24h'!H$1) -> -0.72140685 | I11: =AVERAGEIFS(KPC_35_W_Su!$C11:$CT11,KPC_35_W_Su!$C$1:$CT$1,'KPC_35_W_Su, 24h'!I$1) -> -0.67908398 | J11: =AVERAGEIFS(KPC_35_W_Su!$C11:$CT11,KPC_35_W_Su!$C$1:$CT$1,'KPC_35_W_Su, 24h'!J$1) -> -0.71607093 | ... Z11: =AVERAGEIFS(KPC_35_W_Su!$C11:$CT11,KPC_35_W_Su!$C$1:$CT$1,'KPC_35_W_Su, 24h'!Z$1) -> -0.62481605
A12: 6 | B12: P | C12: =AVERAGEIFS(KPC_35_W_Su!$C12:$CT12,KPC_35_W_Su!$C$1:$CT$1,'KPC_35_W_Su, 24h'!C$1) -> 4.8828445 | D12: =AVERAGEIFS(KPC_35_W_Su!$C12:$CT12,KPC_35_W_Su!$C$1:$CT$1,'KPC_35_W_Su, 24h'!D$1) -> 4.6743915 | E12: =AVERAGEIFS(KPC_35_W_Su!$C12:$CT12,KPC_35_W_Su!$C$1:$CT$1,'KPC_35_W_Su, 24h'!E$1) -> 4.5639 | F12: =AVERAGEIFS(KPC_35_W_Su!$C12:$CT12,KPC_35_W_Su!$C$1:$CT$1,'KPC_35_W_Su, 24h'!F$1) -> 4.4646361 | G12: =AVERAGEIFS(KPC_35_W_Su!$C12:$CT12,KPC_35_W_Su!$C$1:$CT$1,'KPC_35_W_Su, 24h'!G$1) -> 4.4392833 | H12: =AVERAGEIFS(KPC_35_W_Su!$C12:$CT12,KPC_35_W_Su!$C$1:$CT$1,'KPC_35_W_Su, 24h'!H$1) -> 4.6237585 | I12: =AVERAGEIFS(KPC_35_W_Su!$C12:$CT12,KPC_35_W_Su!$C$1:$CT$1,'KPC_35_W_Su, 24h'!I$1) -> 4.8600084 | J12: =AVERAGEIFS(KPC_35_W_Su!$C12:$CT12,KPC_35_W_Su!$C$1:$CT$1,'KPC_35_W_Su, 24h'!J$1) -> 5.1004722 | ... Z12: =AVERAGEIFS(KPC_35_W_Su!$C12:$CT12,KPC_35_W_Su!$C$1:$CT$1,'KPC_35_W_Su, 24h'!Z$1) -> 5.1643833
A13: 6 | B13: Q | C13: =AVERAGEIFS(KPC_35_W_Su!$C13:$CT13,KPC_35_W_Su!$C$1:$CT$1,'KPC_35_W_Su, 24h'!C$1) -> 0.3771604 | D13: =AVERAGEIFS(KPC_35_W_Su!$C13:$CT13,KPC_35_W_Su!$C$1:$CT$1,'KPC_35_W_Su, 24h'!D$1) -> 0.34068625 | E13: =AVERAGEIFS(KPC_35_W_Su!$C13:$CT13,KPC_35_W_Su!$C$1:$CT$1,'KPC_35_W_Su, 24h'!E$1) -> 0.24800828 | F13: =AVERAGEIFS(KPC_35_W_Su!$C13:$CT13,KPC_35_W_Su!$C$1:$CT$1,'KPC_35_W_Su, 24h'!F$1) -> 0.27840558 | G13: =AVERAGEIFS(KPC_35_W_Su!$C13:$CT13,KPC_35_W_Su!$C$1:$CT$1,'KPC_35_W_Su, 24h'!G$1) -> 0.24583265 | H13: =AVERAGEIFS(KPC_35_W_Su!$C13:$CT13,KPC_35_W_Su!$C$1:$CT$1,'KPC_35_W_Su, 24h'!H$1) -> 0.25230785 | I13: =AVERAGEIFS(KPC_35_W_Su!$C13:$CT13,KPC_35_W_Su!$C$1:$CT$1,'KPC_35_W_Su, 24h'!I$1) -> 0.28881267 | J13: =AVERAGEIFS(KPC_35_W_Su!$C13:$CT13,KPC_35_W_Su!$C$1:$CT$1,'KPC_35_W_Su, 24h'!J$1) -> 0.34904262 | ... Z13: =AVERAGEIFS(KPC_35_W_Su!$C13:$CT13,KPC_35_W_Su!$C$1:$CT$1,'KPC_35_W_Su, 24h'!Z$1) -> 0.3629583
... A29: 14 | B29: Q | C29: =AVERAGEIFS(KPC_35_W_Su!$C29:$CT29,KPC_35_W_Su!$C$1:$CT$1,'KPC_35_W_Su, 24h'!C$1) -> 0.20363102 | D29: =AVERAGEIFS(KPC_35_W_Su!$C29:$CT29,KPC_35_W_Su!$C$1:$CT$1,'KPC_35_W_Su, 24h'!D$1) -> 0.20850893 | E29: =AVERAGEIFS(KPC_35_W_Su!$C29:$CT29,KPC_35_W_Su!$C$1:$CT$1,'KPC_35_W_Su, 24h'!E$1) -> 0.20864425 | F29: =AVERAGEIFS(KPC_35_W_Su!$C29:$CT29,KPC_35_W_Su!$C$1:$CT$1,'KPC_35_W_Su, 24h'!F$1) -> 0.20933718 | G29: =AVERAGEIFS(KPC_35_W_Su!$C29:$CT29,KPC_35_W_Su!$C$1:$CT$1,'KPC_35_W_Su, 24h'!G$1) -> 0.2089698 | H29: =AVERAGEIFS(KPC_35_W_Su!$C29:$CT29,KPC_35_W_Su!$C$1:$CT$1,'KPC_35_W_Su, 24h'!H$1) -> 0.20270602 | I29: =AVERAGEIFS(KPC_35_W_Su!$C29:$CT29,KPC_35_W_Su!$C$1:$CT$1,'KPC_35_W_Su, 24h'!I$1) -> 0.19625725 | J29: =AVERAGEIFS(KPC_35_W_Su!$C29:$CT29,KPC_35_W_Su!$C$1:$CT$1,'KPC_35_W_Su, 24h'!J$1) -> 0.1870932 | ... Z29: =AVERAGEIFS(KPC_35_W_Su!$C29:$CT29,KPC_35_W_Su!$C$1:$CT$1,'KPC_35_W_Su, 24h'!Z$1) -> 0.21294193
