Workbook

Sheet KPC_35_Su_Bd
A1: LoadID | B1: Type | C1: 0 | D1: 0 | E1: 0 | F1: 0 | G1: =C1+1 -> 1 | H1: =D1+1 -> 1 | I1: =E1+1 -> 1 | J1: =F1+1 -> 1 | K1: =G1+1 -> 2 | L1: =H1+1 -> 2 | M1: =I1+1 -> 2 | N1: =J1+1 -> 2 | ... CT1: =CP1+1 -> 23
A2: 1 | B2: P | C2: 6.5706906 | D2: 6.6202731 | E2: 6.7803526 | F2: 6.6876898 | G2: 6.6667614 | H2: 6.6061063 | I2: 6.545979 | J2: 6.5662885 | K2: 6.543057 | L2: 6.3617139 | M2: 6.3261585 | N2: 6.1987348 | O2: 6.1713305 | P2: 6.1092749 | Q2: 6.2681689 | R2: 6.4165154 | S2: 6.2848644 | T2: 6.0990505 | U2: 6.1610851 | V2: 6.2548409 | W2: 6.3636322 | X2: 6.2865 | Y2: 6.277843 | Z2: 6.2270679 | AA2: 6.3686614 | AB2: 6.1821623 | AC2: 6.1241608 | AD2: 6.2741079 | AE2: 7.1655273 | AF2: 7.5546927 | AG2: 7.7502999 | AH2: 8.0263681 | AI2: 8.0830231 | AJ2: 8.1702147 | AK2: 8.3009214 | AL2: 8.2581711 | AM2: 8.4317265 | AN2: 8.1520376 | AO2: 7.9099059 | AP2: 7.8923502 | AQ2: 7.5901704 | AR2: 7.8555741 | AS2: 8.2327557 | AT2: 8.1699047 | AU2: 7.9901114 | AV2: 8.1015577 | AW2: 8.1454067 | AX2: 8.002903 | AY2: 8.0506096 | AZ2: 8.3342733 | BA2: 8.5625582 | BB2: 8.4861717 | BC2: 8.5954447 | BD2: 8.260253 | BE2: 7.9972501 | BF2: 7.9393859 | BG2: 8.0798216 | BH2: 7.6279626 | BI2: 7.3228178 | BJ2: 7.2236319 | BK2: 7.6438026 | BL2: 7.9039431 | BM2: 7.8923278 | BN2: 7.7463074 | BO2: 8.0046549 | BP2: 7.9818993 | BQ2: 7.9158387 | BR2: 7.6427369 | BS2: 7.724719 | BT2: 7.5787635 | BU2: 7.6289635 | BV2: 7.5680194 | BW2: 7.5723391 | BX2: 7.3674593 | BY2: 7.1180692 | BZ2: 6.8951831 | CA2: 7.1366563 | CB2: 7.0806074 | CC2: 7.2540655 | CD2: 7.1177454 | CE2: 7.1505437 | CF2: 7.1830163 | CG2: 7.070118 | CH2: 7.0987291 | CI2: 7.1752791 | CJ2: 7.0693383 | CK2: 7.0716414 | CL2: 6.8649359 | CM2: 6.700357 | CN2: 6.6909041 | CO2: 6.3537955 | CP2: 6.2986522 | CQ2: 6.363863 | CR2: 6.2561698 | CS2: 6.2630258 | CT2: 6.2994781
A3: 1 | B3: Q | C3: 0.5444787 | D3: 0.5175737 | E3: 0.6035064 | F3: 0.541927 | G3: 0.5591685 | H3: 0.5676723 | I3: 0.6173452 | J3: 0.6757151 | K3: 0.6106578 | L3: 0.5692576 | M3: 0.571113 | N3: 0.5445565 | O3: 0.5520942 | P3: 0.5329598 | Q3: 0.5571971 | R3: 0.6492747 | S3: 0.5917552 | T3: 0.5489235 | U3: 0.5511278 | V3: 0.5540656 | W3: 0.6046275 | X3: 0.5990611 | Y3: 0.584024 | Z3: 0.5879669 | AA3: 0.6455251 | AB3: 0.5408829 | AC3: 0.5978237 | AD3: 0.6517099 | AE3: 0.9091563 | AF3: 1.1716287 | AG3: 1.2060356 | AH3: 1.2831925 | AI3: 1.2473938 | AJ3: 1.3073136 | AK3: 1.3517711 | AL3: 1.4075155 | AM3: 1.4934888 | AN3: 1.2999697 | AO3: 1.1817558 | AP3: 1.1492462 | AQ3: 1.0379181 | AR3: 1.2088187 | AS3: 1.3673885 | AT3: 1.3770161 | AU3: 1.3042593 | AV3: 1.3313595 | AW3: 1.1947454 | AX3: 1.1717824 | AY3: 1.1881346 | AZ3: 1.2441877 | BA3: 1.4411099 | BB3: 1.4431194 | BC3: 1.3916264 | BD3: 1.3191835 | BE3: 1.2852792 | BF3: 1.1458833 | BG3: 1.1135677 | BH3: 0.9278656 | BI3: 0.8421661 | BJ3: 0.7281708 | BK3: 0.9737498 | BL3: 1.1520303 | BM3: 1.3003949 | BN3: 1.2966844 | BO3: 1.2019737 | BP3: 1.2113281 | BQ3: 1.225593 | BR3: 1.1421725 | BS3: 1.202862 | BT3: 1.1419406 | BU3: 1.0340141 | BV3: 1.1109772 | BW3: 1.0677216 | BX3: 0.9538422 | BY3: 0.8679494 | BZ3: 0.6579336 | CA3: 0.6636546 | CB3: 0.7456045 | CC3: 0.9193227 | CD3: 0.8888621 | CE3: 0.8880117 | CF3: 0.8157257 | CG3: 0.8258148 | CH3: 0.8440216 | CI3: 0.9661347 | CJ3: 0.8746368 | CK3: 0.7938082 | CL3: 0.7589406 | CM3: 0.601303 | CN3: 0.6626883 | CO3: 0.5511262 | CP3: 0.5271214 | CQ3: 0.6175763 | CR3: 0.5188487 | CS3: 0.6297918 | CT3: 0.5467592
A4: 2 | B4: P | C4: 1.6315805 | D4: 1.5609586 | E4: 1.5119539 | F4: 1.4434472 | G4: 1.4553196 | H4: 1.4606453 | I4: 1.4329118 | J4: 1.4410639 | K4: 1.4045445 | L4: 1.4126621 | M4: 1.3795227 | N4: 1.371068 | O4: 1.3725489 | P4: 1.2551373 | Q4: 1.2354195 | R4: 1.1996893 | S4: 1.1912609 | T4: 1.2372538 | U4: 1.2344538 | V4: 1.2152593 | W4: 1.2913088 | X4: 1.292659 | Y4: 1.2451733 | Z4: 1.3015578 | AA4: 1.3166894 | AB4: 1.3681055 | AC4: 1.3540969 | AD4: 1.4180983 | AE4: 1.6466687 | AF4: 1.8176105 | AG4: 1.901399 | AH4: 1.9625765 | AI4: 1.9221022 | AJ4: 1.9092689 | AK4: 2.0329261 | AL4: 2.1414409 | AM4: 2.2411234 | AN4: 2.1200693 | AO4: 2.1208565 | AP4: 2.0537014 | AQ4: 1.9174937 | AR4: 1.8609787 | AS4: 1.9887035 | AT4: 2.009501 | AU4: 1.9662176 | AV4: 2.0373034 | AW4: 2.0440054 | AX4: 2.1188147 | AY4: 1.9767417 | AZ4: 2.1092503 | BA4: 2.0570176 | BB4: 2.0313251 | BC4: 2.0062015 | BD4: 2.044111 | BE4: 1.9868662 | BF4: 1.9381034 | BG4: 1.8497444 | BH4: 1.8349496 | BI4: 1.7117181 | BJ4: 1.4677323 | BK4: 1.6107774 | BL4: 1.8599936 | BM4: 1.8218632 | BN4: 1.8625721 | BO4: 1.8631793 | BP4: 1.9234799 | BQ4: 1.9114207 | BR4: 1.8761818 | BS4: 1.8752664 | BT4: 1.751845 | BU4: 1.9252807 | BV4: 1.9772947 | BW4: 2.0136697 | BX4: 1.9116368 | BY4: 1.9414997 | BZ4: 1.9977556 | CA4: 1.987457 | CB4: 2.0194902 | CC4: 2.0891385 | CD4: 2.1820621 | CE4: 2.2008047 | CF4: 2.2373059 | CG4: 2.163063 | CH4: 2.0641322 | CI4: 2.0600984 | CJ4: 2.0115571 | CK4: 1.9532521 | CL4: 1.930334 | CM4: 1.8253148 | CN4: 1.7148854 | CO4: 1.6517 | CP4: 1.6354717 | CQ4: 1.6352623 | CR4: 1.5650774 | CS4: 1.577796 | CT4: 1.5234549
A5: 2 | B5: Q | C5: 0.0329215 | D5: 0.0006747 | E5: 0.0092433 | F5: -0.0198163 | G5: -0.0277829 | H5: -0.0363732 | I5: -0.0251186 | J5: -0.0244897 | K5: -0.0144136 | L5: -0.0252071 | M5: -0.0517628 | N5: -0.0437192 | O5: -0.0371832 | P5: -0.075815 | Q5: -0.0261826 | R5: -0.0439203 | S5: -0.0475506 | T5: -0.0593356 | U5: -0.0619685 | V5: -0.0640055 | W5: -0.0445295 | X5: -0.0511416 | Y5: -0.0516151 | Z5: -0.0416173 | AA5: -0.0800746 | AB5: -0.0661223 | AC5: -0.057689 | AD5: -0.0166188 | AE5: 0.0764494 | AF5: 0.1151175 | AG5: 0.1926352 | AH5: 0.1935729 | AI5: 0.1836913 | AJ5: 0.1809619 | AK5: 0.1761738 | AL5: 0.2018925 | AM5: 0.2422811 | AN5: 0.2397444 | AO5: 0.2708009 | AP5: 0.2006195 | AQ5: 0.1630999 | AR5: 0.1406144 | AS5: 0.113743 | AT5: 0.1325314 | AU5: 0.1235152 | AV5: 0.1197137 | AW5: 0.107025 | AX5: 0.144478 | AY5: 0.0767382 | AZ5: 0.0898809 | BA5: 0.0899672 | BB5: 0.0847748 | BC5: 0.0854731 | BD5: 0.0859866 | BE5: 0.1578044 | BF5: 0.1238316 | BG5: 0.0670914 | BH5: 0.0753856 | BI5: 0.0540792 | BJ5: -0.0027231 | BK5: 0.0499948 | BL5: 0.0262451 | BM5: 0.044253 | BN5: 0.0504663 | BO5: 0.0508651 | BP5: 0.050551 | BQ5: 0.0572894 | BR5: 0.0411604 | BS5: 0.0640438 | BT5: 0.070429 | BU5: 0.1267713 | BV5: 0.1011059 | BW5: 0.1463611 | BX5: 0.1420146 | BY5: 0.1847515 | BZ5: 0.2151808 | CA5: 0.1520882 | CB5: 0.1787007 | CC5: 0.2090637 | CD5: 0.1632132 | CE5: 0.1540144 | CF5: 0.1659586 | CG5: 0.1454326 | CH5: 0.0933491 | CI5: 0.1106701 | CJ5: 0.1045091 | CK5: 0.1060544 | CL5: 0.1050636 | CM5: 0.0937016 | CN5: 0.0712541 | CO5: 0.0198626 | CP5: 0.0239926 | CQ5: 0.0296839 | CR5: -0.0044056 | CS5: 0.0118322 | CT5: 0.0012533
A6: 3 | B6: P | C6: 3.5844245 | D6: 3.5127912 | E6: 3.4404223 | F6: 3.4161289 | G6: 3.2703145 | H6: 3.2909689 | I6: 3.2788022 | J6: 3.2724688 | K6: 3.0965123 | L6: 3.0551355 | M6: 2.9693489 | N6: 2.9528489 | O6: 3.1315634 | P6: 3.1498957 | Q6: 3.1645801 | R6: 3.1325355 | S6: 3.1537323 | T6: 3.1193788 | U6: 3.0588577 | V6: 3.0076067 | W6: 3.0699656 | X6: 3.0707178 | Y6: 3.0506723 | Z6: 3.4044955 | AA6: 3.7783823 | AB6: 4.2779598 | AC6: 4.8484111 | AD6: 4.9412999 | AE6: 5.308578 | AF6: 5.757822 | AG6: 5.8643446 | AH6: 5.9161224 | AI6: 6.0195222 | AJ6: 6.044322 | AK6: 6.0317221 | AL6: 5.8641334 | AM6: 5.6546779 | AN6: 5.4874778 | AO6: 5.7224555 | AP6: 5.5971556 | AQ6: 5.2778335 | AR6: 5.3029442 | AS6: 5.5413446 | AT6: 5.8569665 | AU6: 5.7251334 | AV6: 5.740911 | AW6: 5.9887557 | AX6: 6.1684556 | AY6: 6.2189445 | AZ6: 6.2126555 | BA6: 6.2017555 | BB6: 6.0823002 | BC6: 5.9106002 | BD6: 5.7056112 | BE6: 5.6929002 | BF6: 5.6342888 | BG6: 5.4606333 | BH6: 5.280911 | BI6: 5.1883111 | BJ6: 4.985889 | BK6: 4.8690224 | BL6: 5.0490332 | BM6: 4.927989 | BN6: 4.9941669 | BO6: 5.0565333 | BP6: 5.0851665 | BQ6: 5.1740446 | BR6: 4.9557891 | BS6: 4.9627666 | BT6: 4.9535222 | BU6: 4.8724556 | BV6: 4.8115778 | BW6: 4.7118778 | BX6: 4.8153777 | BY6: 4.7516222 | BZ6: 4.8632998 | CA6: 5.0281444 | CB6: 5.170711 | CC6: 5.2875557 | CD6: 5.3656888 | CE6: 5.4730334 | CF6: 5.6007776 | CG6: 5.4158335 | CH6: 5.3594446 | CI6: 5.2103887 | CJ6: 5.2247334 | CK6: 5.1288557 | CL6: 4.8290668 | CM6: 4.804811 | CN6: 4.6678224 | CO6: 4.3059998 | CP6: 4.0908446 | CQ6: 3.8455667 | CR6: 3.778311 | CS6: 3.6687112 | CT6: 3.5896068
A7: 3 | B7: Q | C7: -0.0797011 | D7: -0.0834895 | E7: -0.1056377 | F7: -0.1101413 | G7: -0.175681 | H7: -0.1544823 | I7: -0.2564182 | J7: -0.3078424 | K7: -0.3513722 | L7: -0.3899689 | M7: -0.4114089 | N7: -0.42276 | O7: -0.3823682 | P7: -0.3818859 | Q7: -0.3486078 | R7: -0.3434483 | S7: -0.332129 | T7: -0.3755035 | U7: -0.3821789 | V7: -0.3897811 | W7: -0.3737617 | X7: -0.3542383 | Y7: -0.3599459 | Z7: -0.3287106 | AA7: -0.2236861 | AB7: -0.0828484 | AC7: 0.112708 | AD7: 0.1059984 | AE7: 0.2438319 | AF7: 0.4165161 | AG7: 0.5020902 | AH7: 0.5342101 | AI7: 0.5904232 | AJ7: 0.5895781 | AK7: 0.5602174 | AL7: 0.4751934 | AM7: 0.5725756 | AN7: 0.5489381 | AO7: 0.6067274 | AP7: 0.5125109 | AQ7: 0.3397323 | AR7: 0.3501446 | AS7: 0.5035592 | AT7: 0.6777057 | AU7: 0.5888138 | AV7: 0.5423422 | AW7: 0.5749907 | AX7: 0.6420418 | AY7: 0.6273313 | AZ7: 0.5207747 | BA7: 0.4725491 | BB7: 0.5003902 | BC7: 0.4678335 | BD7: 0.4717551 | BE7: 0.4814207 | BF7: 0.4260172 | BG7: 0.4010468 | BH7: 0.3420878 | BI7: 0.3548642 | BJ7: 0.2393081 | BK7: 0.1914544 | BL7: 0.2211538 | BM7: 0.1995766 | BN7: 0.2227295 | BO7: 0.2578954 | BP7: 0.2756551 | BQ7: 0.2744681 | BR7: 0.2215041 | BS7: 0.2504971 | BT7: 0.2789017 | BU7: 0.2223882 | BV7: 0.1652099 | BW7: 0.0818168 | BX7: 0.1016937 | BY7: -0.0086079 | BZ7: 0.0022145 | CA7: 0.1481378 | CB7: 0.1916441 | CC7: 0.2216384 | CD7: 0.1757012 | CE7: 0.2077935 | CF7: 0.3372837 | CG7: 0.2653602 | CH7: 0.2190534 | CI7: 0.1994407 | CJ7: 0.2262247 | CK7: 0.2473082 | CL7: -0.0031114 | CM7: -0.0462236 | CN7: -0.1348387 | CO7: -0.2142804 | CP7: -0.2358918 | CQ7: -0.3245828 | CR7: -0.3392949 | CS7: -0.3527522 | CT7: -0.2836827
A8: 4 | B8: P | C8: 0.3697295 | D8: 0.3736691 | E8: 0.3630417 | F8: 0.3277982 | G8: 0.2985107 | H8: 0.3213786 | I8: 0.2594475 | J8: 0.2445075 | K8: 0.2177979 | L8: 0.2788599 | M8: 0.1954567 | N8: 0.1756795 | O8: 0.2085956 | P8: 0.2307596 | Q8: 0.2019759 | R8: 0.2272989 | S8: 0.1937527 | T8: 0.2186528 | U8: 0.1695109 | V8: 0.2245218 | W8: 0.2372468 | X8: 0.2251626 | Y8: 0.1427562 | Z8: 0.1539867 | AA8: 0.2841192 | AB8: 0.3755307 | AC8: 0.4832005 | AD8: 0.5728282 | AE8: 0.6726796 | AF8: 0.7816296 | AG8: 0.8175504 | AH8: 0.8184583 | AI8: 0.8689092 | AJ8: 1.0047085 | AK8: 0.963003 | AL8: 0.9173836 | AM8: 0.9304422 | AN8: 0.9767075 | AO8: 0.9691 | AP8: 0.9561537 | AQ8: 0.9508196 | AR8: 0.8913711 | AS8: 0.9496117 | AT8: 0.9820048 | AU8: 0.8600726 | AV8: 0.8581612 | AW8: 0.8168606 | AX8: 0.8411387 | AY8: 0.9908845 | AZ8: 0.990844 | BA8: 0.95076 | BB8: 0.8978818 | BC8: 0.9140525 | BD8: 0.9348996 | BE8: 0.9101868 | BF8: 0.8618976 | BG8: 0.8636865 | BH8: 0.8688604 | BI8: 0.8343248 | BJ8: 0.734915 | BK8: 0.7434344 | BL8: 0.7583704 | BM8: 0.7851467 | BN8: 0.7480278 | BO8: 0.71131 | BP8: 0.7077878 | BQ8: 0.6556345 | BR8: 0.6804715 | BS8: 0.6387416 | BT8: 0.6094632 | BU8: 0.5933899 | BV8: 0.6090857 | BW8: 0.6932256 | BX8: 0.7535025 | BY8: 0.8255093 | BZ8: 0.8496956 | CA8: 0.906646 | CB8: 0.9152664 | CC8: 0.9017406 | CD8: 0.9278374 | CE8: 1.0058736 | CF8: 1.111436 | CG8: 1.0462718 | CH8: 1.0338761 | CI8: 0.9883984 | CJ8: 0.9947384 | CK8: 1.0180604 | CL8: 1.0009618 | CM8: 0.8438778 | CN8: 0.8037887 | CO8: 0.7077604 | CP8: 0.6412126 | CQ8: 0.6113766 | CR8: 0.5872983 | CS8: 0.4895986 | CT8: 0.4496653
A9: 4 | B9: Q | C9: -0.4958861 | D9: -0.5100206 | E9: -0.5332109 | F9: -0.5375414 | G9: -0.5175035 | H9: -0.5177099 | I9: -0.5227085 | J9: -0.5369214 | K9: -0.5478554 | L9: -0.5196815 | M9: -0.5497122 | N9: -0.5400184 | O9: -0.5331994 | P9: -0.5388447 | Q9: -0.5492894 | R9: -0.5359908 | S9: -0.5551603 | T9: -0.5398993 | U9: -0.5742381 | V9: -0.5366169 | W9: -0.5318742 | X9: -0.5601306 | Y9: -0.5891289 | Z9: -0.5912378 | AA9: -0.5452137 | AB9: -0.5495345 | AC9: -0.4990646 | AD9: -0.4557535 | AE9: -0.4044447 | AF9: -0.3513613 | AG9: -0.3203678 | AH9: -0.3152686 | AI9: -0.2883245 | AJ9: -0.2285142 | AK9: -0.2528819 | AL9: -0.2681389 | AM9: -0.2585756 | AN9: -0.2693583 | AO9: -0.2653876 | AP9: -0.30099 | AQ9: -0.3151003 | AR9: -0.3683544 | AS9: -0.3457262 | AT9: -0.3499617 | AU9: -0.3529532 | AV9: -0.3672119 | AW9: -0.4004311 | AX9: -0.391568 | AY9: -0.3226651 | AZ9: -0.3572359 | BA9: -0.3513889 | BB9: -0.3662852 | BC9: -0.3557723 | BD9: -0.3815744 | BE9: -0.3911571 | BF9: -0.3868474 | BG9: -0.3542795 | BH9: -0.3425186 | BI9: -0.3516394 | BJ9: -0.3862072 | BK9: -0.4141897 | BL9: -0.428168 | BM9: -0.4087856 | BN9: -0.4392949 | BO9: -0.4644144 | BP9: -0.4567744 | BQ9: -0.5055531 | BR9: -0.4656494 | BS9: -0.447552 | BT9: -0.4374542 | BU9: -0.4179172 | BV9: -0.3807449 | BW9: -0.3496022 | BX9: -0.338016 | BY9: -0.268626 | BZ9: -0.2341976 | CA9: -0.1955581 | CB9: -0.2565774 | CC9: -0.2886998 | CD9: -0.3228432 | CE9: -0.2536751 | CF9: -0.2259735 | CG9: -0.2872901 | CH9: -0.3000477 | CI9: -0.3191573 | CJ9: -0.3380129 | CK9: -0.3647919 | CL9: -0.387448 | CM9: -0.41391 | CN9: -0.4427483 | CO9: -0.4439271 | CP9: -0.4564717 | CQ9: -0.4412144 | CR9: -0.4566881 | CS9: -0.4745532 | CT9: -0.450453
A10: 5 | B10: P | C10: 3.4130111 | D10: 3.2684937 | E10: 3.1745327 | F10: 3.046927 | G10: 2.9234009 | H10: 2.912107 | I10: 2.9261799 | J10: 2.8306217 | K10: 2.7451174 | L10: 2.6771166 | M10: 2.6513941 | N10: 2.6525769 | O10: 2.6290426 | P10: 2.6058626 | Q10: 2.6221838 | R10: 2.6134913 | S10: 2.7049091 | T10: 2.7345335 | U10: 2.7461822 | V10: 2.778882 | W10: 2.788343 | X10: 2.7961488 | Y10: 2.6437674 | Z10: 2.7700713 | AA10: 2.9286044 | AB10: 2.9636109 | AC10: 3.0575705 | AD10: 3.2275743 | AE10: 3.3553579 | AF10: 3.5000534 | AG10: 3.6432111 | AH10: 3.6844263 | AI10: 3.8065927 | AJ10: 3.8660786 | AK10: 3.9194748 | AL10: 4.068428 | AM10: 3.9778974 | AN10: 3.9677858 | AO10: 4.0788937 | AP10: 4.1105886 | AQ10: 4.1946154 | AR10: 4.3520231 | AS10: 4.3428578 | AT10: 4.4091449 | AU10: 4.5060029 | AV10: 4.6021509 | AW10: 4.6200089 | AX10: 4.5633006 | AY10: 4.6799097 | AZ10: 4.6457314 | BA10: 4.6582079 | BB10: 4.7790737 | BC10: 4.600554 | BD10: 4.5463309 | BE10: 4.3257685 | BF10: 4.4032316 | BG10: 4.2768083 | BH10: 4.2956123 | BI10: 4.3357034 | BJ10: 4.3147707 | BK10: 4.2639766 | BL10: 4.3025889 | BM10: 4.1630378 | BN10: 4.2895799 | BO10: 4.2074466 | BP10: 4.3134103 | BQ10: 4.3119316 | BR10: 4.2429256 | BS10: 4.2340565 | BT10: 4.1772308 | BU10: 4.2041359 | BV10: 4.2753296 | BW10: 4.2946067 | BX10: 4.26788 | BY10: 4.3102174 | BZ10: 4.3085623 | CA10: 4.3176684 | CB10: 4.2741475 | CC10: 4.3246455 | CD10: 4.5481629 | CE10: 4.651999 | CF10: 4.9845562 | CG10: 4.8351889 | CH10: 4.7146788 | CI10: 4.6595092 | CJ10: 4.5981894 | CK10: 4.4967775 | CL10: 4.5398245 | CM10: 4.4698725 | CN10: 4.3562818 | CO10: 4.3307366 | CP10: 4.1561203 | CQ10: 3.9970553 | CR10: 3.8674984 | CS10: 3.7382948 | CT10: 3.614414
A11: 5 | B11: Q | C11: -0.1731527 | D11: -0.2287956 | E11: -0.2238286 | F11: -0.2789981 | G11: -0.2824277 | H11: -0.2969736 | I11: -0.2910016 | J11: -0.3121116 | K11: -0.3300882 | L11: -0.3555147 | M11: -0.3536816 | N11: -0.3490694 | O11: -0.3643259 | P11: -0.3564017 | Q11: -0.3346409 | R11: -0.3295552 | S11: -0.34428 | T11: -0.3438662 | U11: -0.3532676 | V11: -0.3522028 | W11: -0.3537406 | X11: -0.3365334 | Y11: -0.4083785 | Z11: -0.4079646 | AA11: -0.3687006 | AB11: -0.3760338 | AC11: -0.3186167 | AD11: -0.2918296 | AE11: -0.2079217 | AF11: -0.1578372 | AG11: -0.1018398 | AH11: -0.0733974 | AI11: -0.0246735 | AJ11: 0.0050704 | AK11: 0.0593531 | AL11: 0.1292463 | AM11: 0.1220331 | AN11: 0.1522498 | AO11: 0.1481687 | AP11: 0.178563 | AQ11: 0.2062964 | AR11: 0.2496404 | AS11: 0.243373 | AT11: 0.2921561 | AU11: 0.2760721 | AV11: 0.2735885 | AW11: 0.2536616 | AX11: 0.2492857 | AY11: 0.2459722 | AZ11: 0.1947646 | BA11: 0.2308356 | BB11: 0.2523609 | BC11: 0.199732 | BD11: 0.2059408 | BE11: 0.1670326 | BF11: 0.1821699 | BG11: 0.1262313 | BH11: 0.1393583 | BI11: 0.1406597 | BJ11: 0.0924669 | BK11: 0.1145821 | BL11: 0.0792205 | BM11: 0.0531441 | BN11: 0.0841882 | BO11: 0.0740763 | BP11: 0.0547405 | BQ11: 0.0811126 | BR11: 0.0666848 | BS11: 0.0442741 | BT11: 0.0558044 | BU11: 0.0682813 | BV11: 0.0750815 | BW11: 0.0864936 | BX11: 0.0509558 | BY11: 0.0693454 | BZ11: 0.0394253 | CA11: 0.0221593 | CB11: 0.011634 | CC11: 0.000458 | CD11: 0.0330394 | CE11: 0.0986759 | CF11: 0.2058229 | CG11: 0.1271182 | CH11: 0.0921107 | CI11: 0.0863756 | CJ11: 0.0464615 | CK11: 0.0459888 | CL11: 0.0600622 | CM11: 0.0353454 | CN11: 0.0251753 | CO11: 0.0545634 | CP11: 0.0218625 | CQ11: -0.003918 | CR11: -0.0468478 | CS11: -0.0695536 | CT11: -0.0990604
A12: 6 | B12: P | C12: 5.0555887 | D12: 5.0623779 | E12: 5.0295553 | F12: 5.0144444 | G12: 4.9942555 | H12: 4.9454331 | I12: 4.7932887 | J12: 4.6223555 | K12: 4.5296888 | L12: 4.4885111 | M12: 4.4313555 | N12: 4.5440335 | O12: 4.5268445 | P12: 4.6398888 | Q12: 4.7805667 | R12: 4.8144331 | S12: 4.7307887 | T12: 4.7482109 | U12: 4.8650222 | V12: 4.9187222 | W12: 4.9532113 | X12: 4.8700776 | Y12: 4.720789 | Z12: 4.7730222 | AA12: 4.9685998 | AB12: 5.0509443 | AC12: 5.3098335 | AD12: 5.6976776 | AE12: 6.3670669 | AF12: 6.6006002 | AG12: 6.7166891 | AH12: 6.7480555 | AI12: 6.6355333 | AJ12: 6.7526002 | AK12: 7.1735001 | AL12: 7.0493889 | AM12: 6.8166447 | AN12: 6.9273667 | AO12: 6.9459 | AP12: 6.7628665 | AQ12: 6.7487001 | AR12: 7.0367665 | AS12: 6.8522778 | AT12: 6.8826447 | AU12: 7.1613002 | AV12: 7.1889 | AW12: 7.277678 | AX12: 7.408989 | AY12: 7.4284778 | AZ12: 7.314178 | BA12: 6.9456778 | BB12: 6.9823332 | BC12: 6.9534001 | BD12: 6.8175445 | BE12: 6.7607331 | BF12: 6.885622 | BG12: 6.8197446 | BH12: 6.5848556 | BI12: 6.2538557 | BJ12: 6.1267109 | BK12: 6.0068445 | BL12: 5.956789 | BM12: 6.3527331 | BN12: 6.5562668 | BO12: 6.4954109 | BP12: 6.5785332 | BQ12: 6.6258445 | BR12: 6.4166999 | BS12: 6.4796667 | BT12: 6.2518444 | BU12: 6.2964668 | BV12: 6.2915001 | BW12: 6.1712112 | BX12: 5.9091887 | BY12: 5.8673224 | BZ12: 5.9050999 | CA12: 5.8463335 | CB12: 5.9771776 | CC12: 6.0942001 | CD12: 6.2077222 | CE12: 6.3844333 | CF12: 6.5825558 | CG12: 6.2413778 | CH12: 5.9451332 | CI12: 5.8102221 | CJ12: 5.7132444 | CK12: 5.826478 | CL12: 5.6443558 | CM12: 5.4078889 | CN12: 5.3231335 | CO12: 5.2331777 | CP12: 5.1397223 | CQ12: 5.3387222 | CR12: 5.3515668 | CS12: 5.1506777 | CT12: 5.1265779
A13: 6 | B13: Q | C13: 0.7285867 | D13: 0.6364711 | E13: 0.6342478 | F13: 0.5579 | G13: 0.7032089 | H13: 0.7925533 | I13: 0.7390678 | J13: 0.6072178 | K13: 0.5902666 | L13: 0.5479322 | M13: 0.5183011 | N13: 0.4956978 | O13: 0.4970589 | P13: 0.5700122 | Q13: 0.6871067 | R13: 0.7817667 | S13: 0.6018078 | T13: 0.5685833 | U13: 0.67647 | V13: 0.7491622 | W13: 0.8196456 | X13: 0.6700355 | Y13: 0.6105889 | Z13: 0.5651722 | AA13: 0.6121567 | AB13: 0.5459778 | AC13: 0.6716145 | AD13: 0.75216 | AE13: 1.0201234 | AF13: 1.1219434 | AG13: 1.3154956 | AH13: 1.31657 | AI13: 1.2388901 | AJ13: 1.3014899 | AK13: 1.4621333 | AL13: 1.4804056 | AM13: 1.3627745 | AN13: 1.4713144 | AO13: 1.4087223 | AP13: 1.2279055 | AQ13: 1.1880544 | AR13: 1.2476555 | AS13: 1.17149 | AT13: 1.1738322 | AU13: 1.3240067 | AV13: 1.3588001 | AW13: 1.4278444 | AX13: 1.5993201 | AY13: 1.5904133 | AZ13: 1.5168633 | BA13: 1.3919078 | BB13: 1.45046 | BC13: 1.4940778 | BD13: 1.3213322 | BE13: 1.2223256 | BF13: 1.4535322 | BG13: 1.37938 | BH13: 1.3711866 | BI13: 1.0892267 | BJ13: 0.9294255 | BK13: 0.9045167 | BL13: 0.9170756 | BM13: 1.1264989 | BN13: 1.24614 | BO13: 1.2601234 | BP13: 1.2612711 | BQ13: 1.3654588 | BR13: 1.2266533 | BS13: 1.2943033 | BT13: 1.2323945 | BU13: 1.2257622 | BV13: 1.20584 | BW13: 1.15264 | BX13: 0.9129866 | BY13: 0.8984322 | BZ13: 0.9268478 | CA13: 1.0103855 | CB13: 0.91437 | CC13: 0.8367267 | CD13: 0.8471755 | CE13: 1.1153411 | CF13: 1.1475466 | CG13: 1.0546712 | CH13: 0.9336455 | CI13: 0.80135 | CJ13: 0.7676756 | CK13: 0.91859 | CL13: 0.85695 | CM13: 0.7242567 | CN13: 0.6486033 | CO13: 0.5995845 | CP13: 0.5815311 | CQ13: 0.7562044 | CR13: 0.7518111 | CS13: 0.6163744 | CT13: 0.71965
... A29: 14 | B29: Q | C29: 0.1135212 | D29: 0.1157995 | E29: 0.1168325 | F29: 0.109261 | G29: 0.1221413 | H29: 0.1148856 | I29: 0.1110733 | J29: 0.1132446 | K29: 0.114905 | L29: 0.1169466 | M29: 0.1190811 | N29: 0.1178848 | O29: 0.1160904 | P29: 0.1167642 | Q29: 0.1181814 | R29: 0.1193698 | S29: 0.1232745 | T29: 0.1231358 | U29: 0.1224423 | V29: 0.1219551 | W29: 0.1175705 | X29: 0.1175402 | Y29: 0.1131069 | Z29: 0.1117941 | AA29: 0.1073642 | AB29: 0.104717 | AC29: 0.104416 | AD29: 0.104457 | AE29: 0.0981986 | AF29: 0.0961738 | AG29: 0.0952454 | AH29: 0.0875749 | AI29: 0.0729849 | AJ29: 0.0698389 | AK29: 0.0844528 | AL29: 0.0786628 | AM29: 0.0564845 | AN29: 0.0509191 | AO29: 0.0577058 | AP29: 0.0448686 | AQ29: 0.0549012 | AR29: 0.0511589 | AS29: 0.0590349 | AT29: 0.0674473 | AU29: 0.0839831 | AV29: 0.0761316 | AW29: 0.0561365 | AX29: 0.0637075 | AY29: 0.0548342 | AZ29: 0.0471077 | BA29: 0.0545286 | BB29: 0.0466051 | BC29: 0.0580273 | BD29: 0.0748007 | BE29: 0.0747533 | BF29: 0.0811352 | BG29: 0.0839341 | BH29: 0.0830447 | BI29: 0.0820034 | BJ29: 0.0801837 | BK29: 0.0815819 | BL29: 0.0832735 | BM29: 0.0832735 | BN29: 0.0822542 | BO29: 0.0785055 | BP29: 0.0785055 | BQ29: 0.0785055 | BR29: 0.0785055 | BS29: 0.0822787 | BT29: 0.0828592 | BU29: 0.0828592 | BV29: 0.0748118 | BW29: 0.0712672 | BX29: 0.0717977 | BY29: 0.0733539 | BZ29: 0.0753208 | CA29: 0.0913438 | CB29: 0.0882474 | CC29: 0.0882323 | CD29: 0.0882323 | CE29: 0.0882323 | CF29: 0.0882323 | CG29: 0.1070533 | CH29: 0.0939062 | CI29: 0.1093642 | CJ29: 0.1118486 | CK29: 0.1116358 | CL29: 0.1035897 | CM29: 0.1008077 | CN29: 0.0992694 | CO29: 0.0992694 | CP29: 0.0992694 | CQ29: 0.0992694 | CR29: 0.0992694 | CS29: 0.0992694 | CT29: 0.1068757

Sheet KPC_35_Su_Bd, 24h
A1: LoadID | B1: Type | C1: 0 | D1: 1 | E1: 2 | F1: 3 | G1: 4 | H1: 5 | I1: 6 | J1: 7 | K1: 8 | L1: 9 | M1: 10 | N1: 11 | O1: 12 | P1: 13 | Q1: 14 | R1: 15 | S1: 16 | T1: 17 | U1: 18 | V1: 19 | W1: 20 | X1: 21 | Y1: 22 | Z1: 23
A2: 1 | B2: P | C2: =AVERAGEIFS(KPC_35_Su_Bd!$C2:$CT2,KPC_35_Su_Bd!$C$1:$CT$1,'KPC_35_Su_Bd, 24h'!C$1) -> 6.6647515 | D2: =AVERAGEIFS(KPC_35_Su_Bd!$C2:$CT2,KPC_35_Su_Bd!$C$1:$CT$1,'KPC_35_Su_Bd, 24h'!D$1) -> 6.5962838 | E2: =AVERAGEIFS(KPC_35_Su_Bd!$C2:$CT2,KPC_35_Su_Bd!$C$1:$CT$1,'KPC_35_Su_Bd, 24h'!E$1) -> 6.3574161 | F2: =AVERAGEIFS(KPC_35_Su_Bd!$C2:$CT2,KPC_35_Su_Bd!$C$1:$CT$1,'KPC_35_Su_Bd, 24h'!F$1) -> 6.2413224 | G2: =AVERAGEIFS(KPC_35_Su_Bd!$C2:$CT2,KPC_35_Su_Bd!$C$1:$CT$1,'KPC_35_Su_Bd, 24h'!G$1) -> 6.1999602 | H2: =AVERAGEIFS(KPC_35_Su_Bd!$C2:$CT2,KPC_35_Su_Bd!$C$1:$CT$1,'KPC_35_Su_Bd, 24h'!H$1) -> 6.2887608 | I2: =AVERAGEIFS(KPC_35_Su_Bd!$C2:$CT2,KPC_35_Su_Bd!$C$1:$CT$1,'KPC_35_Su_Bd, 24h'!I$1) -> 6.2372731 | J2: =AVERAGEIFS(KPC_35_Su_Bd!$C2:$CT2,KPC_35_Su_Bd!$C$1:$CT$1,'KPC_35_Su_Bd, 24h'!J$1) -> 7.624222 | ... Z2: =AVERAGEIFS(KPC_35_Su_Bd!$C2:$CT2,KPC_35_Su_Bd!$C$1:$CT$1,'KPC_35_Su_Bd, 24h'!Z$1) -> 6.2956342
A3: 1 | B3: Q | C3: =AVERAGEIFS(KPC_35_Su_Bd!$C3:$CT3,KPC_35_Su_Bd!$C$1:$CT$1,'KPC_35_Su_Bd, 24h'!C$1) -> 0.55187145 | D3: =AVERAGEIFS(KPC_35_Su_Bd!$C3:$CT3,KPC_35_Su_Bd!$C$1:$CT$1,'KPC_35_Su_Bd, 24h'!D$1) -> 0.60497528 | E3: =AVERAGEIFS(KPC_35_Su_Bd!$C3:$CT3,KPC_35_Su_Bd!$C$1:$CT$1,'KPC_35_Su_Bd, 24h'!E$1) -> 0.57389623 | F3: =AVERAGEIFS(KPC_35_Su_Bd!$C3:$CT3,KPC_35_Su_Bd!$C$1:$CT$1,'KPC_35_Su_Bd, 24h'!F$1) -> 0.57288145 | G3: =AVERAGEIFS(KPC_35_Su_Bd!$C3:$CT3,KPC_35_Su_Bd!$C$1:$CT$1,'KPC_35_Su_Bd, 24h'!G$1) -> 0.56146803 | H3: =AVERAGEIFS(KPC_35_Su_Bd!$C3:$CT3,KPC_35_Su_Bd!$C$1:$CT$1,'KPC_35_Su_Bd, 24h'!H$1) -> 0.59391987 | I3: =AVERAGEIFS(KPC_35_Su_Bd!$C3:$CT3,KPC_35_Su_Bd!$C$1:$CT$1,'KPC_35_Su_Bd, 24h'!I$1) -> 0.6089854 | J3: =AVERAGEIFS(KPC_35_Su_Bd!$C3:$CT3,KPC_35_Su_Bd!$C$1:$CT$1,'KPC_35_Su_Bd, 24h'!J$1) -> 1.1425033 | ... Z3: =AVERAGEIFS(KPC_35_Su_Bd!$C3:$CT3,KPC_35_Su_Bd!$C$1:$CT$1,'KPC_35_Su_Bd, 24h'!Z$1) -> 0.578244
A4: 2 | B4: P | C4: =AVERAGEIFS(KPC_35_Su_Bd!$C4:$CT4,KPC_35_Su_Bd!$C$1:$CT$1,'KPC_35_Su_Bd, 24h'!C$1) -> 1.5369851 | D4: =AVERAGEIFS(KPC_35_Su_Bd!$C4:$CT4,KPC_35_Su_Bd!$C$1:$CT$1,'KPC_35_Su_Bd, 24h'!D$1) -> 1.4474851 | E4: =AVERAGEIFS(KPC_35_Su_Bd!$C4:$CT4,KPC_35_Su_Bd!$C$1:$CT$1,'KPC_35_Su_Bd, 24h'!E$1) -> 1.3919493 | F4: =AVERAGEIFS(KPC_35_Su_Bd!$C4:$CT4,KPC_35_Su_Bd!$C$1:$CT$1,'KPC_35_Su_Bd, 24h'!F$1) -> 1.2656987 | G4: =AVERAGEIFS(KPC_35_Su_Bd!$C4:$CT4,KPC_35_Su_Bd!$C$1:$CT$1,'KPC_35_Su_Bd, 24h'!G$1) -> 1.2195569 | H4: =AVERAGEIFS(KPC_35_Su_Bd!$C4:$CT4,KPC_35_Su_Bd!$C$1:$CT$1,'KPC_35_Su_Bd, 24h'!H$1) -> 1.2826747 | I4: =AVERAGEIFS(KPC_35_Su_Bd!$C4:$CT4,KPC_35_Su_Bd!$C$1:$CT$1,'KPC_35_Su_Bd, 24h'!I$1) -> 1.3642475 | J4: =AVERAGEIFS(KPC_35_Su_Bd!$C4:$CT4,KPC_35_Su_Bd!$C$1:$CT$1,'KPC_35_Su_Bd, 24h'!J$1) -> 1.8320637 | ... Z4: =AVERAGEIFS(KPC_35_Su_Bd!$C4:$CT4,KPC_35_Su_Bd!$C$1:$CT$1,'KPC_35_Su_Bd, 24h'!Z$1) -> 1.5753976
A5: 2 | B5: Q | C5: =AVERAGEIFS(KPC_35_Su_Bd!$C5:$CT5,KPC_35_Su_Bd!$C$1:$CT$1,'KPC_35_Su_Bd, 24h'!C$1) -> 0.0057558 | D5: =AVERAGEIFS(KPC_35_Su_Bd!$C5:$CT5,KPC_35_Su_Bd!$C$1:$CT$1,'KPC_35_Su_Bd, 24h'!D$1) -> -0.0284411 | E5: =AVERAGEIFS(KPC_35_Su_Bd!$C5:$CT5,KPC_35_Su_Bd!$C$1:$CT$1,'KPC_35_Su_Bd, 24h'!E$1) -> -0.033775675 | F5: =AVERAGEIFS(KPC_35_Su_Bd!$C5:$CT5,KPC_35_Su_Bd!$C$1:$CT$1,'KPC_35_Su_Bd, 24h'!F$1) -> -0.045775275 | G5: =AVERAGEIFS(KPC_35_Su_Bd!$C5:$CT5,KPC_35_Su_Bd!$C$1:$CT$1,'KPC_35_Su_Bd, 24h'!G$1) -> -0.05821505 | H5: =AVERAGEIFS(KPC_35_Su_Bd!$C5:$CT5,KPC_35_Su_Bd!$C$1:$CT$1,'KPC_35_Su_Bd, 24h'!H$1) -> -0.047225875 | I5: =AVERAGEIFS(KPC_35_Su_Bd!$C5:$CT5,KPC_35_Su_Bd!$C$1:$CT$1,'KPC_35_Su_Bd, 24h'!I$1) -> -0.055126175 | J5: =AVERAGEIFS(KPC_35_Su_Bd!$C5:$CT5,KPC_35_Su_Bd!$C$1:$CT$1,'KPC_35_Su_Bd, 24h'!J$1) -> 0.14444375 | ... Z5: =AVERAGEIFS(KPC_35_Su_Bd!$C5:$CT5,KPC_35_Su_Bd!$C$1:$CT$1,'KPC_35_Su_Bd, 24h'!Z$1) -> 0.00959095
A6: 3 | B6: P | C6: =AVERAGEIFS(KPC_35_Su_Bd!$C6:$CT6,KPC_35_Su_Bd!$C$1:$CT$1,'KPC_35_Su_Bd, 24h'!C$1) -> 3.4884417 | D6: =AVERAGEIFS(KPC_35_Su_Bd!$C6:$CT6,KPC_35_Su_Bd!$C$1:$CT$1,'KPC_35_Su_Bd, 24h'!D$1) -> 3.2781386 | E6: =AVERAGEIFS(KPC_35_Su_Bd!$C6:$CT6,KPC_35_Su_Bd!$C$1:$CT$1,'KPC_35_Su_Bd, 24h'!E$1) -> 3.0184614 | F6: =AVERAGEIFS(KPC_35_Su_Bd!$C6:$CT6,KPC_35_Su_Bd!$C$1:$CT$1,'KPC_35_Su_Bd, 24h'!F$1) -> 3.1446437 | G6: =AVERAGEIFS(KPC_35_Su_Bd!$C6:$CT6,KPC_35_Su_Bd!$C$1:$CT$1,'KPC_35_Su_Bd, 24h'!G$1) -> 3.0848939 | H6: =AVERAGEIFS(KPC_35_Su_Bd!$C6:$CT6,KPC_35_Su_Bd!$C$1:$CT$1,'KPC_35_Su_Bd, 24h'!H$1) -> 3.1489628 | I6: =AVERAGEIFS(KPC_35_Su_Bd!$C6:$CT6,KPC_35_Su_Bd!$C$1:$CT$1,'KPC_35_Su_Bd, 24h'!I$1) -> 4.4615133 | J6: =AVERAGEIFS(KPC_35_Su_Bd!$C6:$CT6,KPC_35_Su_Bd!$C$1:$CT$1,'KPC_35_Su_Bd, 24h'!J$1) -> 5.7117167 | ... Z6: =AVERAGEIFS(KPC_35_Su_Bd!$C6:$CT6,KPC_35_Su_Bd!$C$1:$CT$1,'KPC_35_Su_Bd, 24h'!Z$1) -> 3.7205489
A7: 3 | B7: Q | C7: =AVERAGEIFS(KPC_35_Su_Bd!$C7:$CT7,KPC_35_Su_Bd!$C$1:$CT$1,'KPC_35_Su_Bd, 24h'!C$1) -> -0.0947424 | D7: =AVERAGEIFS(KPC_35_Su_Bd!$C7:$CT7,KPC_35_Su_Bd!$C$1:$CT$1,'KPC_35_Su_Bd, 24h'!D$1) -> -0.22360598 | E7: =AVERAGEIFS(KPC_35_Su_Bd!$C7:$CT7,KPC_35_Su_Bd!$C$1:$CT$1,'KPC_35_Su_Bd, 24h'!E$1) -> -0.3938775 | F7: =AVERAGEIFS(KPC_35_Su_Bd!$C7:$CT7,KPC_35_Su_Bd!$C$1:$CT$1,'KPC_35_Su_Bd, 24h'!F$1) -> -0.36407755 | G7: =AVERAGEIFS(KPC_35_Su_Bd!$C7:$CT7,KPC_35_Su_Bd!$C$1:$CT$1,'KPC_35_Su_Bd, 24h'!G$1) -> -0.36989812 | H7: =AVERAGEIFS(KPC_35_Su_Bd!$C7:$CT7,KPC_35_Su_Bd!$C$1:$CT$1,'KPC_35_Su_Bd, 24h'!H$1) -> -0.35416412 | I7: =AVERAGEIFS(KPC_35_Su_Bd!$C7:$CT7,KPC_35_Su_Bd!$C$1:$CT$1,'KPC_35_Su_Bd, 24h'!I$1) -> -0.021957025 | J7: =AVERAGEIFS(KPC_35_Su_Bd!$C7:$CT7,KPC_35_Su_Bd!$C$1:$CT$1,'KPC_35_Su_Bd, 24h'!J$1) -> 0.42416208 | ... Z7: =AVERAGEIFS(KPC_35_Su_Bd!$C7:$CT7,KPC_35_Su_Bd!$C$1:$CT$1,'KPC_35_Su_Bd, 24h'!Z$1) -> -0.32507815
A8: 4 | B8: P | C8: =AVERAGEIFS(KPC_35_Su_Bd!$C8:$CT8,KPC_35_Su_Bd!$C$1:$CT$1,'KPC_35_Su_Bd, 24h'!C$1) -> 0.35855962 | D8: =AVERAGEIFS(KPC_35_Su_Bd!$C8:$CT8,KPC_35_Su_Bd!$C$1:$CT$1,'KPC_35_Su_Bd, 24h'!D$1) -> 0.28096108 | E8: =AVERAGEIFS(KPC_35_Su_Bd!$C8:$CT8,KPC_35_Su_Bd!$C$1:$CT$1,'KPC_35_Su_Bd, 24h'!E$1) -> 0.2169485 | F8: =AVERAGEIFS(KPC_35_Su_Bd!$C8:$CT8,KPC_35_Su_Bd!$C$1:$CT$1,'KPC_35_Su_Bd, 24h'!F$1) -> 0.2171575 | G8: =AVERAGEIFS(KPC_35_Su_Bd!$C8:$CT8,KPC_35_Su_Bd!$C$1:$CT$1,'KPC_35_Su_Bd, 24h'!G$1) -> 0.20160955 | H8: =AVERAGEIFS(KPC_35_Su_Bd!$C8:$CT8,KPC_35_Su_Bd!$C$1:$CT$1,'KPC_35_Su_Bd, 24h'!H$1) -> 0.18978808 | I8: =AVERAGEIFS(KPC_35_Su_Bd!$C8:$CT8,KPC_35_Su_Bd!$C$1:$CT$1,'KPC_35_Su_Bd, 24h'!I$1) -> 0.42891965 | J8: =AVERAGEIFS(KPC_35_Su_Bd!$C8:$CT8,KPC_35_Su_Bd!$C$1:$CT$1,'KPC_35_Su_Bd, 24h'!J$1) -> 0.77257948 | ... Z8: =AVERAGEIFS(KPC_35_Su_Bd!$C8:$CT8,KPC_35_Su_Bd!$C$1:$CT$1,'KPC_35_Su_Bd, 24h'!Z$1) -> 0.5344847
A9: 4 | B9: Q | C9: =AVERAGEIFS(KPC_35_Su_Bd!$C9:$CT9,KPC_35_Su_Bd!$C$1:$CT$1,'KPC_35_Su_Bd, 24h'!C$1) -> -0.51916475 | D9: =AVERAGEIFS(KPC_35_Su_Bd!$C9:$CT9,KPC_35_Su_Bd!$C$1:$CT$1,'KPC_35_Su_Bd, 24h'!D$1) -> -0.52371082 | E9: =AVERAGEIFS(KPC_35_Su_Bd!$C9:$CT9,KPC_35_Su_Bd!$C$1:$CT$1,'KPC_35_Su_Bd, 24h'!E$1) -> -0.53931688 | F9: =AVERAGEIFS(KPC_35_Su_Bd!$C9:$CT9,KPC_35_Su_Bd!$C$1:$CT$1,'KPC_35_Su_Bd, 24h'!F$1) -> -0.53933107 | G9: =AVERAGEIFS(KPC_35_Su_Bd!$C9:$CT9,KPC_35_Su_Bd!$C$1:$CT$1,'KPC_35_Su_Bd, 24h'!G$1) -> -0.55147865 | H9: =AVERAGEIFS(KPC_35_Su_Bd!$C9:$CT9,KPC_35_Su_Bd!$C$1:$CT$1,'KPC_35_Su_Bd, 24h'!H$1) -> -0.56809288 | I9: =AVERAGEIFS(KPC_35_Su_Bd!$C9:$CT9,KPC_35_Su_Bd!$C$1:$CT$1,'KPC_35_Su_Bd, 24h'!I$1) -> -0.51239158 | J9: =AVERAGEIFS(KPC_35_Su_Bd!$C9:$CT9,KPC_35_Su_Bd!$C$1:$CT$1,'KPC_35_Su_Bd, 24h'!J$1) -> -0.3478606 | ... Z9: =AVERAGEIFS(KPC_35_Su_Bd!$C9:$CT9,KPC_35_Su_Bd!$C$1:$CT$1,'KPC_35_Su_Bd, 24h'!Z$1) -> -0.45572718
A10: 5 | B10: P | C10: =AVERAGEIFS(KPC_35_Su_Bd!$C10:$CT10,KPC_35_Su_Bd!$C$1:$CT$1,'KPC_35_Su_Bd, 24h'!C$1) -> 3.2257411 | D10: =AVERAGEIFS(KPC_35_Su_Bd!$C10:$CT10,KPC_35_Su_Bd!$C$1:$CT$1,'KPC_35_Su_Bd, 24h'!D$1) -> 2.8980774 | E10: =AVERAGEIFS(KPC_35_Su_Bd!$C10:$CT10,KPC_35_Su_Bd!$C$1:$CT$1,'KPC_35_Su_Bd, 24h'!E$1) -> 2.6815513 | F10: =AVERAGEIFS(KPC_35_Su_Bd!$C10:$CT10,KPC_35_Su_Bd!$C$1:$CT$1,'KPC_35_Su_Bd, 24h'!F$1) -> 2.6176451 | G10: =AVERAGEIFS(KPC_35_Su_Bd!$C10:$CT10,KPC_35_Su_Bd!$C$1:$CT$1,'KPC_35_Su_Bd, 24h'!G$1) -> 2.7411267 | H10: =AVERAGEIFS(KPC_35_Su_Bd!$C10:$CT10,KPC_35_Su_Bd!$C$1:$CT$1,'KPC_35_Su_Bd, 24h'!H$1) -> 2.7495826 | I10: =AVERAGEIFS(KPC_35_Su_Bd!$C10:$CT10,KPC_35_Su_Bd!$C$1:$CT$1,'KPC_35_Su_Bd, 24h'!I$1) -> 3.04434 | J10: =AVERAGEIFS(KPC_35_Su_Bd!$C10:$CT10,KPC_35_Su_Bd!$C$1:$CT$1,'KPC_35_Su_Bd, 24h'!J$1) -> 3.5457622 | ... Z10: =AVERAGEIFS(KPC_35_Su_Bd!$C10:$CT10,KPC_35_Su_Bd!$C$1:$CT$1,'KPC_35_Su_Bd, 24h'!Z$1) -> 3.8043156
A11: 5 | B11: Q | C11: =AVERAGEIFS(KPC_35_Su_Bd!$C11:$CT11,KPC_35_Su_Bd!$C$1:$CT$1,'KPC_35_Su_Bd, 24h'!C$1) -> -0.22619375 | D11: =AVERAGEIFS(KPC_35_Su_Bd!$C11:$CT11,KPC_35_Su_Bd!$C$1:$CT$1,'KPC_35_Su_Bd, 24h'!D$1) -> -0.29562862 | E11: =AVERAGEIFS(KPC_35_Su_Bd!$C11:$CT11,KPC_35_Su_Bd!$C$1:$CT$1,'KPC_35_Su_Bd, 24h'!E$1) -> -0.34708847 | F11: =AVERAGEIFS(KPC_35_Su_Bd!$C11:$CT11,KPC_35_Su_Bd!$C$1:$CT$1,'KPC_35_Su_Bd, 24h'!F$1) -> -0.34623093 | G11: =AVERAGEIFS(KPC_35_Su_Bd!$C11:$CT11,KPC_35_Su_Bd!$C$1:$CT$1,'KPC_35_Su_Bd, 24h'!G$1) -> -0.34840415 | H11: =AVERAGEIFS(KPC_35_Su_Bd!$C11:$CT11,KPC_35_Su_Bd!$C$1:$CT$1,'KPC_35_Su_Bd, 24h'!H$1) -> -0.37665428 | I11: =AVERAGEIFS(KPC_35_Su_Bd!$C11:$CT11,KPC_35_Su_Bd!$C$1:$CT$1,'KPC_35_Su_Bd, 24h'!I$1) -> -0.33879518 | J11: =AVERAGEIFS(KPC_35_Su_Bd!$C11:$CT11,KPC_35_Su_Bd!$C$1:$CT$1,'KPC_35_Su_Bd, 24h'!J$1) -> -0.13524902 | ... Z11: =AVERAGEIFS(KPC_35_Su_Bd!$C11:$CT11,KPC_35_Su_Bd!$C$1:$CT$1,'KPC_35_Su_Bd, 24h'!Z$1) -> -0.05484495
A12: 6 | B12: P | C12: =AVERAGEIFS(KPC_35_Su_Bd!$C12:$CT12,KPC_35_Su_Bd!$C$1:$CT$1,'KPC_35_Su_Bd, 24h'!C$1) -> 5.0404916 | D12: =AVERAGEIFS(KPC_35_Su_Bd!$C12:$CT12,KPC_35_Su_Bd!$C$1:$CT$1,'KPC_35_Su_Bd, 24h'!D$1) -> 4.8388332 | E12: =AVERAGEIFS(KPC_35_Su_Bd!$C12:$CT12,KPC_35_Su_Bd!$C$1:$CT$1,'KPC_35_Su_Bd, 24h'!E$1) -> 4.4983972 | F12: =AVERAGEIFS(KPC_35_Su_Bd!$C12:$CT12,KPC_35_Su_Bd!$C$1:$CT$1,'KPC_35_Su_Bd, 24h'!F$1) -> 4.6904333 | G12: =AVERAGEIFS(KPC_35_Su_Bd!$C12:$CT12,KPC_35_Su_Bd!$C$1:$CT$1,'KPC_35_Su_Bd, 24h'!G$1) -> 4.815686 | H12: =AVERAGEIFS(KPC_35_Su_Bd!$C12:$CT12,KPC_35_Su_Bd!$C$1:$CT$1,'KPC_35_Su_Bd, 24h'!H$1) -> 4.829275 | I12: =AVERAGEIFS(KPC_35_Su_Bd!$C12:$CT12,KPC_35_Su_Bd!$C$1:$CT$1,'KPC_35_Su_Bd, 24h'!I$1) -> 5.2567638 | J12: =AVERAGEIFS(KPC_35_Su_Bd!$C12:$CT12,KPC_35_Su_Bd!$C$1:$CT$1,'KPC_35_Su_Bd, 24h'!J$1) -> 6.6081029 | ... Z12: =AVERAGEIFS(KPC_35_Su_Bd!$C12:$CT12,KPC_35_Su_Bd!$C$1:$CT$1,'KPC_35_Su_Bd, 24h'!Z$1) -> 5.2418862
A13: 6 | B13: Q | C13: =AVERAGEIFS(KPC_35_Su_Bd!$C13:$CT13,KPC_35_Su_Bd!$C$1:$CT$1,'KPC_35_Su_Bd, 24h'!C$1) -> 0.6393014 | D13: =AVERAGEIFS(KPC_35_Su_Bd!$C13:$CT13,KPC_35_Su_Bd!$C$1:$CT$1,'KPC_35_Su_Bd, 24h'!D$1) -> 0.71051195 | E13: =AVERAGEIFS(KPC_35_Su_Bd!$C13:$CT13,KPC_35_Su_Bd!$C$1:$CT$1,'KPC_35_Su_Bd, 24h'!E$1) -> 0.53804942 | F13: =AVERAGEIFS(KPC_35_Su_Bd!$C13:$CT13,KPC_35_Su_Bd!$C$1:$CT$1,'KPC_35_Su_Bd, 24h'!F$1) -> 0.63398612 | G13: =AVERAGEIFS(KPC_35_Su_Bd!$C13:$CT13,KPC_35_Su_Bd!$C$1:$CT$1,'KPC_35_Su_Bd, 24h'!G$1) -> 0.64900582 | H13: =AVERAGEIFS(KPC_35_Su_Bd!$C13:$CT13,KPC_35_Su_Bd!$C$1:$CT$1,'KPC_35_Su_Bd, 24h'!H$1) -> 0.66636055 | I13: =AVERAGEIFS(KPC_35_Su_Bd!$C13:$CT13,KPC_35_Su_Bd!$C$1:$CT$1,'KPC_35_Su_Bd, 24h'!I$1) -> 0.64547725 | J13: =AVERAGEIFS(KPC_35_Su_Bd!$C13:$CT13,KPC_35_Su_Bd!$C$1:$CT$1,'KPC_35_Su_Bd, 24h'!J$1) -> 1.1935331 | ... Z13: =AVERAGEIFS(KPC_35_Su_Bd!$C13:$CT13,KPC_35_Su_Bd!$C$1:$CT$1,'KPC_35_Su_Bd, 24h'!Z$1) -> 0.71100997
... A29: 14 | B29: Q | C29: =AVERAGEIFS(KPC_35_Su_Bd!$C29:$CT29,KPC_35_Su_Bd!$C$1:$CT$1,'KPC_35_Su_Bd, 24h'!C$1) -> 0.11385355 | D29: =AVERAGEIFS(KPC_35_Su_Bd!$C29:$CT29,KPC_35_Su_Bd!$C$1:$CT$1,'KPC_35_Su_Bd, 24h'!D$1) -> 0.1153362 | E29: =AVERAGEIFS(KPC_35_Su_Bd!$C29:$CT29,KPC_35_Su_Bd!$C$1:$CT$1,'KPC_35_Su_Bd, 24h'!E$1) -> 0.11720437 | F29: =AVERAGEIFS(KPC_35_Su_Bd!$C29:$CT29,KPC_35_Su_Bd!$C$1:$CT$1,'KPC_35_Su_Bd, 24h'!F$1) -> 0.11760145 | G29: =AVERAGEIFS(KPC_35_Su_Bd!$C29:$CT29,KPC_35_Su_Bd!$C$1:$CT$1,'KPC_35_Su_Bd, 24h'!G$1) -> 0.12270192 | H29: =AVERAGEIFS(KPC_35_Su_Bd!$C29:$CT29,KPC_35_Su_Bd!$C$1:$CT$1,'KPC_35_Su_Bd, 24h'!H$1) -> 0.11500293 | I29: =AVERAGEIFS(KPC_35_Su_Bd!$C29:$CT29,KPC_35_Su_Bd!$C$1:$CT$1,'KPC_35_Su_Bd, 24h'!I$1) -> 0.10523855 | J29: =AVERAGEIFS(KPC_35_Su_Bd!$C29:$CT29,KPC_35_Su_Bd!$C$1:$CT$1,'KPC_35_Su_Bd, 24h'!J$1) -> 0.094298175 | ... Z29: =AVERAGEIFS(KPC_35_Su_Bd!$C29:$CT29,KPC_35_Su_Bd!$C$1:$CT$1,'KPC_35_Su_Bd, 24h'!Z$1) -> 0.10117097
