Workbook

Sheet KPC_35_A_Su
A1: LoadID | B1: Type | C1: 0 | D1: 0 | E1: 0 | F1: 0 | G1: =C1+1 -> 1 | H1: =D1+1 -> 1 | I1: =E1+1 -> 1 | J1: =F1+1 -> 1 | K1: =G1+1 -> 2 | L1: =H1+1 -> 2 | M1: =I1+1 -> 2 | N1: =J1+1 -> 2 | ... CT1: =CP1+1 -> 23
A2: 1 | B2: P | C2: 3.7515056 | D2: 3.5500767 | E2: 3.2609549 | F2: 3.2768219 | G2: 3.2123744 | H2: 3.4081206 | I2: 3.6449275 | J2: 3.6902907 | K2: 3.4032989 | L2: 3.251421 | M2: 3.3196213 | N2: 3.3437712 | O2: 3.385082 | P2: 3.4842095 | Q2: 3.533181 | R2: 3.4447625 | S2: 3.4946938 | T2: 3.2462168 | U2: 3.2382843 | V2: 3.276407 | W2: 3.520947 | X2: 3.608973 | Y2: 3.5814838 | Z2: 3.2755604 | AA2: 3.1964338 | AB2: 3.3161652 | AC2: 3.3187835 | AD2: 3.3385122 | AE2: 3.4758492 | AF2: 3.5472991 | AG2: 3.2359035 | AH2: 3.2624643 | AI2: 3.3557851 | AJ2: 3.2146692 | AK2: 3.0736666 | AL2: 2.8076086 | AM2: 2.7300816 | AN2: 2.5267737 | AO2: 2.4849339 | AP2: 2.3444717 | AQ2: 2.4769363 | AR2: 2.4367428 | AS2: 2.3939307 | AT2: 2.3362706 | AU2: 2.3794489 | AV2: 2.3741608 | AW2: 2.3516903 | AX2: 2.5776143 | AY2: 2.9030735 | AZ2: 2.7695959 | BA2: 2.7843318 | BB2: 2.6457512 | BC2: 2.6625218 | BD2: 2.5472693 | BE2: 2.6196895 | BF2: 2.5642085 | BG2: 2.5134659 | BH2: 2.675669 | BI2: 2.9904337 | BJ2: 3.0592377 | BK2: 3.244236 | BL2: 3.1912823 | BM2: 3.201643 | BN2: 3.2766247 | BO2: 3.3633006 | BP2: 3.3786857 | BQ2: 3.3812025 | BR2: 3.2294016 | BS2: 3.2518096 | BT2: 3.3085887 | BU2: 3.243576 | BV2: 3.3046784 | BW2: 3.1526167 | BX2: 3.2123563 | BY2: 3.2194998 | BZ2: 3.3861887 | CA2: 3.3038218 | CB2: 3.2592661 | CC2: 3.4100115 | CD2: 3.3916397 | CE2: 3.3355479 | CF2: 3.1459789 | CG2: 3.1976583 | CH2: 3.2527535 | CI2: 3.2375228 | CJ2: 3.0712116 | CK2: 3.0926251 | CL2: 3.1822979 | CM2: 3.3347306 | CN2: 3.0091166 | CO2: 2.9436908 | CP2: 3.0588694 | CQ2: 3.1254246 | CR2: 3.0872512 | CS2: 3.0929673 | CT2: 3.1818624
A3: 1 | B3: Q | C3: -0.0134908 | D3: -0.0982625 | E3: 0.0260929 | F3: -0.0091227 | G3: 0.0247396 | H3: 0.1101298 | I3: -0.018516 | J3: -0.069812 | K3: -0.1195618 | L3: -0.0251261 | M3: 0.0394287 | N3: 0.1393921 | O3: 0.1319702 | P3: 0.0927734 | Q3: -0.0604574 | R3: -0.0582926 | S3: 0.1257853 | T3: 0.0736777 | U3: 0.0333986 | V3: 0.0378827 | W3: -0.0454976 | X3: -0.0471598 | Y3: -0.0420958 | Z3: -0.012988 | AA3: 0.0407043 | AB3: 0.0877096 | AC3: 0.0994609 | AD3: 0.0875936 | AE3: -0.0576742 | AF3: -0.065328 | AG3: -0.0134133 | AH3: 0.0776978 | AI3: 0.117629 | AJ3: 0.027948 | AK3: -0.0090454 | AL3: 0.0062622 | AM3: -0.0160034 | AN3: -0.037148 | AO3: -0.0399699 | AP3: -0.0292621 | AQ3: -0.0408976 | AR3: -0.0451497 | AS3: -0.0569397 | AT3: -0.0754557 | AU3: -0.0364136 | AV3: -0.033785 | AW3: -0.0842305 | AX3: 0.0003867 | AY3: 0.0487834 | AZ3: -0.0263245 | BA3: 0.1397786 | BB3: 0.1443014 | BC3: 0.1330912 | BD3: 0.1095887 | BE3: 0.1324341 | BF3: 0.0920776 | BG3: 0.1011619 | BH3: 0.0854675 | BI3: 0.1473941 | BJ3: 0.0860088 | BK3: 0.1091634 | BL3: 0.0970642 | BM3: 0.1073079 | BN3: 0.1301147 | BO3: 0.1714376 | BP3: 0.1251282 | BQ3: 0.1133382 | BR3: 0.0807515 | BS3: 0.0349833 | BT3: 0.0805583 | BU3: 0.0965617 | BV3: 0.0524943 | BW3: 0.0233866 | BX3: -0.0160807 | BY3: 0.024353 | BZ3: 0.0744893 | CA3: 0.0303833 | CB3: 0.0293396 | CC3: 0.0250875 | CD3: 0.0285665 | CE3: 0.0818726 | CF3: 0.0628927 | CG3: 0.0340944 | CH3: 0.0327413 | CI3: 0.0018168 | CJ3: -0.0237345 | CK3: -0.014032 | CL3: 0.0998088 | CM3: 0.1393534 | CN3: 0.0250875 | CO3: 0.0136841 | CP3: 0.0328186 | CQ3: 0.0241597 | CR3: 0.0192505 | CS3: 0.0626607 | CT3: 0.0275228
A4: 2 | B4: P | C4: 1.0935518 | D4: 1.0438346 | E4: 1.0417389 | F4: 1.0258706 | G4: 1.0068612 | H4: 0.9884304 | I4: 0.9737018 | J4: 0.9387591 | K4: 0.944295 | L4: 0.9180111 | M4: 0.9119009 | N4: 0.9290373 | O4: 0.8935598 | P4: 0.8706021 | Q4: 0.8803598 | R4: 0.8795605 | S4: 0.8842672 | T4: 0.8734277 | U4: 0.8712603 | V4: 0.8747482 | W4: 0.9028514 | X4: 0.8981281 | Y4: 0.9138238 | Z4: 0.9312124 | AA4: 0.942495 | AB4: 0.969937 | AC4: 1.0163597 | AD4: 1.0533528 | AE4: 1.1198688 | AF4: 1.1967654 | AG4: 1.2462316 | AH4: 1.325839 | AI4: 1.4305333 | AJ4: 1.5282259 | AK4: 1.5991946 | AL4: 1.6463397 | AM4: 1.6686893 | AN4: 1.7186892 | AO4: 1.7602116 | AP4: 1.8686802 | AQ4: 1.8973314 | AR4: 1.9232029 | AS4: 1.8887131 | AT4: 1.925788 | AU4: 1.8944714 | AV4: 1.9363376 | AW4: 1.9405324 | AX4: 1.9314998 | AY4: 1.9534147 | AZ4: 1.9532795 | BA4: 1.9711494 | BB4: 1.9183204 | BC4: 1.8510773 | BD4: 1.8499035 | BE4: 1.7794744 | BF4: 1.7158545 | BG4: 1.6505438 | BH4: 1.556419 | BI4: 1.5020446 | BJ4: 1.4868783 | BK4: 1.4574696 | BL4: 1.4271607 | BM4: 1.415038 | BN4: 1.3951871 | BO4: 1.3789635 | BP4: 1.3464371 | BQ4: 1.33797 | BR4: 1.3410093 | BS4: 1.3328956 | BT4: 1.3640807 | BU4: 1.4366539 | BV4: 1.5414159 | BW4: 1.6565772 | BX4: 1.7927252 | BY4: 1.9217834 | BZ4: 1.9301395 | CA4: 1.944908 | CB4: 1.9145011 | CC4: 1.876063 | CD4: 1.8652008 | CE4: 1.8420346 | CF4: 1.8709974 | CG4: 1.8147532 | CH4: 1.7661333 | CI4: 1.6972142 | CJ4: 1.6954542 | CK4: 1.6084776 | CL4: 1.5494156 | CM4: 1.5262945 | CN4: 1.5104938 | CO4: 1.4929605 | CP4: 1.4467275 | CQ4: 1.3959661 | CR4: 1.3510815 | CS4: 1.2631253 | CT4: 1.213689
A5: 2 | B5: Q | C5: -0.2673714 | D5: -0.2872882 | E5: -0.2869587 | F5: -0.2805977 | G5: -0.2755385 | H5: -0.274047 | I5: -0.2749624 | J5: -0.2824368 | K5: -0.2859122 | L5: -0.2911028 | M5: -0.2910087 | N5: -0.2812285 | O5: -0.2852459 | P5: -0.2849502 | Q5: -0.2763136 | R5: -0.2852577 | S5: -0.2821597 | T5: -0.2806034 | U5: -0.2862994 | V5: -0.3014332 | W5: -0.2683907 | X5: -0.2745423 | Y5: -0.2711519 | Z5: -0.2701648 | AA5: -0.2695601 | AB5: -0.262055 | AC5: -0.2577951 | AD5: -0.2471213 | AE5: -0.2158964 | AF5: -0.1744104 | AG5: -0.1565803 | AH5: -0.117903 | AI5: -0.0749158 | AJ5: -0.0481909 | AK5: -0.0385319 | AL5: -0.0217902 | AM5: -0.0463548 | AN5: -0.0451932 | AO5: -0.0400271 | AP5: -0.0247273 | AQ5: -0.0380559 | AR5: -0.0548198 | AS5: -0.0832906 | AT5: -0.0960821 | AU5: -0.1008078 | AV5: -0.1029421 | AW5: -0.1165347 | AX5: -0.1278362 | AY5: -0.1326161 | AZ5: -0.1413472 | BA5: -0.1229332 | BB5: -0.1458736 | BC5: -0.1696022 | BD5: -0.1654457 | BE5: -0.164013 | BF5: -0.1757669 | BG5: -0.1737233 | BH5: -0.1911028 | BI5: -0.1950615 | BJ5: -0.1918585 | BK5: -0.1685161 | BL5: -0.1608588 | BM5: -0.1567467 | BN5: -0.166821 | BO5: -0.172142 | BP5: -0.1665427 | BQ5: -0.1525948 | BR5: -0.1562191 | BS5: -0.1645081 | BT5: -0.139869 | BU5: -0.1309226 | BV5: -0.0965898 | BW5: -0.0555539 | BX5: -0.0352836 | BY5: 0.0020505 | BZ5: -0.0143821 | CA5: -0.0368348 | CB5: -0.0467368 | CC5: -0.0660671 | CD5: -0.0807127 | CE5: -0.0948914 | CF5: -0.1040131 | CG5: -0.1306467 | CH5: -0.1562767 | CI5: -0.185305 | CJ5: -0.1925466 | CK5: -0.2108795 | CL5: -0.1995948 | CM5: -0.2140177 | CN5: -0.224449 | CO5: -0.2223986 | CP5: -0.2314124 | CQ5: -0.2377461 | CR5: -0.2591865 | CS5: -0.2609872 | CT5: -0.261472
A6: 3 | B6: P | C6: 3.4269712 | D6: 3.3640954 | E6: 3.3238111 | F6: 3.2987089 | G6: 3.304811 | H6: 3.2032399 | I6: 3.1323178 | J6: 3.1157444 | K6: 3.0727112 | L6: 3.0581868 | M6: 3.0412199 | N6: 3.0250978 | O6: 3.002389 | P6: 3.0074356 | Q6: 3.0374866 | R6: 3.0200801 | S6: 2.9625034 | T6: 2.9577556 | U6: 2.9594057 | V6: 2.9838178 | W6: 3.0192022 | X6: 2.9342477 | Y6: 2.9979956 | Z6: 2.9726801 | AA6: 3.0300934 | AB6: 3.1103532 | AC6: 3.1391978 | AD6: 3.2248955 | AE6: 3.2634156 | AF6: 3.3182356 | AG6: 3.3816133 | AH6: 3.5326688 | AI6: 3.6367333 | AJ6: 3.7789888 | AK6: 3.8785999 | AL6: 3.9181223 | AM6: 4.0024776 | AN6: 4.0850668 | AO6: 4.0416999 | AP6: 4.0983 | AQ6: 4.2032557 | AR6: 4.3616891 | AS6: 4.5094113 | AT6: 4.6273665 | AU6: 4.6266446 | AV6: 4.7099223 | AW6: 4.783978 | AX6: 4.8691001 | AY6: 4.9508557 | AZ6: 4.8212113 | BA6: 4.7758889 | BB6: 4.7431221 | BC6: 4.7440443 | BD6: 4.6746111 | BE6: 4.5032444 | BF6: 4.3693557 | BG6: 4.2428999 | BH6: 4.2954111 | BI6: 4.2189889 | BJ6: 4.0829887 | BK6: 4.0145779 | BL6: 3.9733 | BM6: 4.0131335 | BN6: 3.8815222 | BO6: 3.7691889 | BP6: 3.7714112 | BQ6: 3.7175446 | BR6: 3.7124667 | BS6: 3.7464333 | BT6: 3.7816668 | BU6: 3.8537111 | BV6: 3.8598557 | BW6: 4.046011 | BX6: 4.3512888 | BY6: 4.3673 | BZ6: 4.4081779 | CA6: 4.4482222 | CB6: 4.4324555 | CC6: 4.5026889 | CD6: 4.4297442 | CE6: 4.469522 | CF6: 4.3452444 | CG6: 4.2887001 | CH6: 4.2554665 | CI6: 4.2482557 | CJ6: 4.2378445 | CK6: 4.0876112 | CL6: 3.9498222 | CM6: 3.9194 | CN6: 3.9376333 | CO6: 3.8242888 | CP6: 3.7596223 | CQ6: 3.5997179 | CR6: 3.6521111 | CS6: 3.5377133 | CT6: 3.4568179
A7: 3 | B7: Q | C7: -0.4157622 | D7: -0.3960478 | E7: -0.3910622 | F7: -0.3704922 | G7: -0.3611178 | H7: -0.3624967 | I7: -0.38253 | J7: -0.3910489 | K7: -0.4123533 | L7: -0.3896844 | M7: -0.37754 | N7: -0.3778611 | O7: -0.3852445 | P7: -0.36431 | Q7: -0.3421189 | R7: -0.3462733 | S7: -0.3283333 | T7: -0.3627367 | U7: -0.3612889 | V7: -0.36637 | W7: -0.3559316 | X7: -0.3827456 | Y7: -0.3948389 | Z7: -0.4000956 | AA7: -0.3936678 | AB7: -0.3782722 | AC7: -0.38992 | AD7: -0.3747122 | AE7: -0.3434844 | AF7: -0.3321067 | AG7: -0.31853 | AH7: -0.2888764 | AI7: -0.293258 | AJ7: -0.2525322 | AK7: -0.2711863 | AL7: -0.3024841 | AM7: -0.3270907 | AN7: -0.2561896 | AO7: -0.2557253 | AP7: -0.2730359 | AQ7: -0.2649833 | AR7: -0.2180363 | AS7: -0.1791334 | AT7: -0.1882052 | AU7: -0.2082151 | AV7: -0.2148459 | AW7: -0.22871 | AX7: -0.2280521 | AY7: -0.2207661 | AZ7: -0.2421249 | BA7: -0.225985 | BB7: -0.2240133 | BC7: -0.2114874 | BD7: -0.2443849 | BE7: -0.2770772 | BF7: -0.2898864 | BG7: -0.2750498 | BH7: -0.2487179 | BI7: -0.253325 | BJ7: -0.2674637 | BK7: -0.3207633 | BL7: -0.3008777 | BM7: -0.2754863 | BN7: -0.3088556 | BO7: -0.3537378 | BP7: -0.3291218 | BQ7: -0.3441544 | BR7: -0.3543322 | BS7: -0.3667911 | BT7: -0.294939 | BU7: -0.2976834 | BV7: -0.3117367 | BW7: -0.3137549 | BX7: -0.2449676 | BY7: -0.264686 | BZ7: -0.2651149 | CA7: -0.2665057 | CB7: -0.2615165 | CC7: -0.2525082 | CD7: -0.2625687 | CE7: -0.3036636 | CF7: -0.3438922 | CG7: -0.3699918 | CH7: -0.3688031 | CI7: -0.3599133 | CJ7: -0.3608167 | CK7: -0.3709849 | CL7: -0.42737 | CM7: -0.4573478 | CN7: -0.4322033 | CO7: -0.4512416 | CP7: -0.4507822 | CQ7: -0.4656322 | CR7: -0.4247111 | CS7: -0.4082467 | CT7: -0.4684378
A8: 4 | B8: P | C8: 0.4945125 | D8: 0.4675164 | E8: 0.4181629 | F8: 0.3791663 | G8: 0.2921512 | H8: 0.2664715 | I8: 0.2802657 | J8: 0.2889122 | K8: 0.2751607 | L8: 0.2855934 | M8: 0.2559826 | N8: 0.2619574 | O8: 0.2591196 | P8: 0.2479426 | Q8: 0.2279973 | R8: 0.2511228 | S8: 0.2434887 | T8: 0.2795385 | U8: 0.2149818 | V8: 0.1744121 | W8: 0.1989704 | X8: 0.2253089 | Y8: 0.2674614 | Z8: 0.3267294 | AA8: 0.3023699 | AB8: 0.3586317 | AC8: 0.3929288 | AD8: 0.4351234 | AE8: 0.4538236 | AF8: 0.4534279 | AG8: 0.463768 | AH8: 0.5687238 | AI8: 0.7144632 | AJ8: 0.8630929 | AK8: 0.9343686 | AL8: 1.0062468 | AM8: 1.0124031 | AN8: 1.0457242 | AO8: 1.0338141 | AP8: 1.0825108 | AQ8: 1.1223935 | AR8: 1.1686186 | AS8: 1.138011 | AT8: 1.2098336 | AU8: 1.2431644 | AV8: 1.2301981 | AW8: 1.250816 | AX8: 1.2687924 | AY8: 1.2333744 | AZ8: 1.2145133 | BA8: 1.1745776 | BB8: 1.1561515 | BC8: 1.0748253 | BD8: 1.008517 | BE8: 0.9416832 | BF8: 0.9331422 | BG8: 0.8539507 | BH8: 0.8585293 | BI8: 0.8321398 | BJ8: 0.7774786 | BK8: 0.7435744 | BL8: 0.7095093 | BM8: 0.654924 | BN8: 0.6242899 | BO8: 0.6016564 | BP8: 0.6217348 | BQ8: 0.5642553 | BR8: 0.5850682 | BS8: 0.6682301 | BT8: 0.6953768 | BU8: 0.8606735 | BV8: 0.9492887 | BW8: 1.1282328 | BX8: 1.3287143 | BY8: 1.3751919 | BZ8: 1.3594103 | CA8: 1.3071889 | CB8: 1.2957835 | CC8: 1.3040652 | CD8: 1.2489766 | CE8: 1.1405958 | CF8: 1.1671073 | CG8: 1.1507357 | CH8: 1.111518 | CI8: 1.0425166 | CJ8: 0.9716208 | CK8: 0.9206665 | CL8: 0.8987673 | CM8: 0.8523571 | CN8: 0.832535 | CO8: 0.7535885 | CP8: 0.7320942 | CQ8: 0.6902842 | CR8: 0.6348796 | CS8: 0.6518647 | CT8: 0.5730436
A9: 4 | B9: Q | C9: -0.6168087 | D9: -0.6267319 | E9: -0.628247 | F9: -0.604899 | G9: -0.6232994 | H9: -0.630749 | I9: -0.6328484 | J9: -0.6103386 | K9: -0.6252894 | L9: -0.6288876 | M9: -0.635919 | N9: -0.6424021 | O9: -0.6498755 | P9: -0.6512209 | Q9: -0.641107 | R9: -0.6378973 | S9: -0.60837 | T9: -0.6283651 | U9: -0.624678 | V9: -0.61941 | W9: -0.6130984 | X9: -0.6242697 | Y9: -0.6146116 | Z9: -0.601182 | AA9: -0.5842749 | AB9: -0.5765611 | AC9: -0.5695668 | AD9: -0.5465952 | AE9: -0.5525486 | AF9: -0.5652626 | AG9: -0.5765095 | AH9: -0.5334086 | AI9: -0.4789799 | AJ9: -0.4294367 | AK9: -0.4553704 | AL9: -0.4405963 | AM9: -0.4547913 | AN9: -0.472749 | AO9: -0.4988521 | AP9: -0.5302354 | AQ9: -0.5370463 | AR9: -0.512902 | AS9: -0.5550196 | AT9: -0.5689593 | AU9: -0.5677985 | AV9: -0.5763754 | AW9: -0.5752663 | AX9: -0.5692254 | AY9: -0.5856986 | AZ9: -0.601518 | BA9: -0.6052715 | BB9: -0.6042685 | BC9: -0.6177578 | BD9: -0.6301931 | BE9: -0.6545169 | BF9: -0.6380333 | BG9: -0.6342279 | BH9: -0.6143407 | BI9: -0.6098179 | BJ9: -0.6193088 | BK9: -0.6472765 | BL9: -0.655014 | BM9: -0.6516042 | BN9: -0.6676803 | BO9: -0.6539966 | BP9: -0.6235734 | BQ9: -0.6375502 | BR9: -0.5886503 | BS9: -0.5573916 | BT9: -0.5492764 | BU9: -0.5340446 | BV9: -0.4969184 | BW9: -0.3792605 | BX9: -0.3210928 | BY9: -0.3179561 | BZ9: -0.3123656 | CA9: -0.3422805 | CB9: -0.3644597 | CC9: -0.4044672 | CD9: -0.4067873 | CE9: -0.4638195 | CF9: -0.4853297 | CG9: -0.4849898 | CH9: -0.4816854 | CI9: -0.501369 | CJ9: -0.525697 | CK9: -0.5509747 | CL9: -0.5604329 | CM9: -0.5561086 | CN9: -0.589415 | CO9: -0.5966054 | CP9: -0.5889148 | CQ9: -0.5969844 | CR9: -0.6185772 | CS9: -0.6096325 | CT9: -0.6262455
A10: 5 | B10: P | C10: 3.2973495 | D10: 3.1375756 | E10: 3.0382938 | F10: 2.9574614 | G10: 2.9354637 | H10: 2.841383 | I10: 2.748843 | J10: 2.673806 | K10: 2.6492648 | L10: 2.6182797 | M10: 2.5978794 | N10: 2.5843384 | O10: 2.5305293 | P10: 2.5294058 | Q10: 2.5233746 | R10: 2.4991896 | S10: 2.4884281 | T10: 2.491503 | U10: 2.5053396 | V10: 2.4689739 | W10: 2.6221232 | X10: 2.6495006 | Y10: 2.6458347 | Z10: 2.6895921 | AA10: 2.7418661 | AB10: 2.7696004 | AC10: 2.8407352 | AD10: 2.9546804 | AE10: 3.1275229 | AF10: 3.1261041 | AG10: 3.0667944 | AH10: 3.1553743 | AI10: 3.350569 | AJ10: 3.551734 | AK10: 3.7686892 | AL10: 3.9476216 | AM10: 4.0949187 | AN10: 4.3093891 | AO10: 4.4336843 | AP10: 4.5651336 | AQ10: 4.7315903 | AR10: 4.9280853 | AS10: 5.073194 | AT10: 5.233264 | AU10: 5.3470936 | AV10: 5.5101786 | AW10: 5.6708989 | AX10: 5.7295575 | AY10: 5.731626 | AZ10: 5.7951932 | BA10: 5.7827754 | BB10: 5.6888747 | BC10: 5.4808488 | BD10: 5.3787279 | BE10: 5.1530223 | BF10: 5.0071445 | BG10: 4.9205751 | BH10: 4.6708035 | BI10: 4.5112071 | BJ10: 4.4556227 | BK10: 4.2719588 | BL10: 4.1257262 | BM10: 4.0349007 | BN10: 3.9482722 | BO10: 3.8809803 | BP10: 3.8503509 | BQ10: 3.8489907 | BR10: 3.8242741 | BS10: 3.9122612 | BT10: 3.95454 | BU10: 4.1457729 | BV10: 4.1696033 | BW10: 4.4330926 | BX10: 4.9350634 | BY10: 5.0869727 | BZ10: 5.0671048 | CA10: 5.0775123 | CB10: 5.1313806 | CC10: 5.1646719 | CD10: 5.0689368 | CE10: 5.1320901 | CF10: 5.1367025 | CG10: 5.044693 | CH10: 5.0635552 | CI10: 5.0192075 | CJ10: 4.9141297 | CK10: 4.8164439 | CL10: 4.749567 | CM10: 4.7119007 | CN10: 4.633018 | CO10: 4.5303645 | CP10: 4.4122791 | CQ10: 4.2242985 | CR10: 4.0617466 | CS10: 3.9256246 | CT10: 3.8027496
A11: 5 | B11: Q | C11: -0.5382915 | D11: -0.583054 | E11: -0.6004389 | F11: -0.5988423 | G11: -0.5884943 | H11: -0.6070615 | I11: -0.6344982 | J11: -0.6440774 | K11: -0.6371595 | L11: -0.6348529 | M11: -0.6340846 | N11: -0.6356213 | O11: -0.6695042 | P11: -0.6676127 | Q11: -0.678433 | R11: -0.6710417 | S11: -0.6582693 | T11: -0.6581516 | U11: -0.656082 | V11: -0.6750631 | W11: -0.5485796 | X11: -0.5682116 | Y11: -0.5725876 | Z11: -0.5628306 | AA11: -0.5574492 | AB11: -0.5696304 | AC11: -0.5640723 | AD11: -0.5405379 | AE11: -0.529362 | AF11: -0.56833 | AG11: -0.6615218 | AH11: -0.6285856 | AI11: -0.5828173 | AJ11: -0.5644271 | AK11: -0.5398282 | AL11: -0.4909264 | AM11: -0.4539097 | AN11: -0.4092066 | AO11: -0.374673 | AP11: -0.3519076 | AQ11: -0.3315069 | AR11: -0.3116981 | AS11: -0.2669946 | AT11: -0.2646294 | AU11: -0.2179748 | AV11: -0.2063853 | AW11: -0.220695 | AX11: -0.1921344 | AY11: -0.1790066 | AZ11: -0.1821997 | BA11: -0.2002939 | BB11: -0.2193345 | BC11: -0.2328758 | BD11: -0.2484273 | BE11: -0.2649253 | BF11: -0.2847341 | BG11: -0.2928944 | BH11: -0.3529727 | BI11: -0.3870915 | BJ11: -0.4039435 | BK11: -0.4203225 | BL11: -0.4307302 | BM11: -0.4384176 | BN11: -0.4482926 | BO11: -0.4595874 | BP11: -0.4707043 | BQ11: -0.4642585 | BR11: -0.4760851 | BS11: -0.4631348 | BT11: -0.4751973 | BU11: -0.4299031 | BV11: -0.4481144 | BW11: -0.3646804 | BX11: -0.260431 | BY11: -0.2743277 | BZ11: -0.2817192 | CA11: -0.2551675 | CB11: -0.2388476 | CC11: -0.2509109 | CD11: -0.2803591 | CE11: -0.2493726 | CF11: -0.2742093 | CG11: -0.3081509 | CH11: -0.2992808 | CI11: -0.3248259 | CJ11: -0.3477094 | CK11: -0.3760334 | CL11: -0.3588853 | CM11: -0.341323 | CN11: -0.3530315 | CO11: -0.3646801 | CP11: -0.394009 | CQ11: -0.4154147 | CR11: -0.4410788 | CS11: -0.4420246 | CT11: -0.4545023
A12: 6 | B12: P | C12: 5.2255778 | D12: 5.2155223 | E12: 5.010489 | F12: 4.9593778 | G12: 4.9320998 | H12: 4.791111 | I12: 4.7454443 | J12: 4.8929334 | K12: 4.965178 | L12: 4.9414778 | M12: 4.8873553 | N12: 4.7839112 | O12: 4.8267112 | P12: 4.9379444 | Q12: 4.8197446 | R12: 4.7587442 | S12: 4.7096777 | T12: 4.7763333 | U12: 4.8263555 | V12: 4.8382668 | W12: 4.6670556 | X12: 4.6367335 | Y12: 4.7192335 | Z12: 4.785378 | AA12: 4.7700334 | AB12: 4.7914557 | AC12: 4.9661331 | AD12: 4.9027891 | AE12: 5.0078888 | AF12: 4.9259558 | AG12: 4.7084889 | AH12: 4.830678 | AI12: 4.8913331 | AJ12: 4.991322 | AK12: 5.2104001 | AL12: 5.2215223 | AM12: 5.3872113 | AN12: 5.4480557 | AO12: 5.4060779 | AP12: 5.4898667 | AQ12: 5.6278777 | AR12: 5.9176445 | AS12: 5.9053335 | AT12: 5.7678442 | AU12: 5.8177891 | AV12: 6.1327887 | AW12: 6.1005778 | AX12: 5.9879556 | AY12: 6.0731111 | AZ12: 6.3241887 | BA12: 6.2888999 | BB12: 6.1176224 | BC12: 6.1382332 | BD12: 6.0458665 | BE12: 5.9548779 | BF12: 5.9752555 | BG12: 5.8170776 | BH12: 5.8406777 | BI12: 5.6428776 | BJ12: 5.7147999 | BK12: 5.5660667 | BL12: 5.4461112 | BM12: 5.2003331 | BN12: 5.0306444 | BO12: 5.1955557 | BP12: 5.2810335 | BQ12: 5.1273332 | BR12: 5.0779223 | BS12: 5.2866111 | BT12: 5.2686224 | BU12: 5.209722 | BV12: 5.3620443 | BW12: 5.7031555 | BX12: 5.9071665 | BY12: 5.8822889 | BZ12: 5.6988444 | CA12: 5.8192778 | CB12: 5.904211 | CC12: 5.7877889 | CD12: 5.6884446 | CE12: 5.8389554 | CF12: 5.9407225 | CG12: 5.9657888 | CH12: 5.9561443 | CI12: 6.0056558 | CJ12: 5.9201555 | CK12: 5.8222332 | CL12: 5.7944221 | CM12: 5.7128444 | CN12: 5.5906777 | CO12: 5.5641556 | CP12: 5.661778 | CQ12: 5.4458222 | CR12: 5.2026224 | CS12: 5.0598445 | CT12: 5.0523777
A13: 6 | B13: Q | C13: 0.7266555 | D13: 0.7532289 | E13: 0.60751 | F13: 0.6266822 | G13: 0.62665 | H13: 0.5636722 | I13: 0.4952244 | J13: 0.5908167 | K13: 0.6442567 | L13: 0.7703211 | M13: 0.7045645 | N13: 0.5938222 | O13: 0.6454567 | P13: 0.7045511 | Q13: 0.5782833 | R13: 0.5678844 | S13: 0.5888844 | T13: 0.6016467 | U13: 0.6922978 | V13: 0.7300478 | W13: 0.5536044 | X13: 0.4755822 | Y13: 0.5212845 | Z13: 0.52432 | AA13: 0.5841534 | AB13: 0.5863467 | AC13: 0.6715711 | AD13: 0.5173889 | AE13: 0.5697533 | AF13: 0.5703611 | AG13: 0.51718 | AH13: 0.4887345 | AI13: 0.4456611 | AJ13: 0.4355478 | AK13: 0.5849578 | AL13: 0.5690933 | AM13: 0.6140344 | AN13: 0.6795478 | AO13: 0.6003489 | AP13: 0.6508322 | AQ13: 0.6915556 | AR13: 0.8069311 | AS13: 0.7739111 | AT13: 0.6353489 | AU13: 0.615 | AV13: 0.7215366 | AW13: 0.7652166 | AX13: 0.6309322 | AY13: 0.5937211 | AZ13: 0.7885111 | BA13: 0.7276 | BB13: 0.6636889 | BC13: 0.6986667 | BD13: 0.7861578 | BE13: 0.7747833 | BF13: 0.8188133 | BG13: 0.7704289 | BH13: 0.7239656 | BI13: 0.7683878 | BJ13: 0.7938433 | BK13: 0.7605867 | BL13: 0.7518878 | BM13: 0.6879278 | BN13: 0.5380989 | BO13: 0.61949 | BP13: 0.7210467 | BQ13: 0.7376933 | BR13: 0.7032389 | BS13: 0.7387466 | BT13: 0.6972733 | BU13: 0.63563 | BV13: 0.6629245 | BW13: 0.8817655 | BX13: 0.8887244 | BY13: 0.8361045 | BZ13: 0.7257656 | CA13: 0.7169067 | CB13: 0.75755 | CC13: 0.7251866 | CD13: 0.6593689 | CE13: 0.7923411 | CF13: 0.7937622 | CG13: 0.8102811 | CH13: 0.84167 | CI13: 0.85748 | CJ13: 0.8244 | CK13: 0.8630689 | CL13: 0.8112378 | CM13: 0.8609122 | CN13: 0.6688622 | CO13: 0.6713256 | CP13: 0.7710267 | CQ13: 0.7192689 | CR13: 0.5749922 | CS13: 0.5072789 | CT13: 0.4981489
... A29: 14 | B29: Q | C29: 0.0243956 | D29: 0.0217498 | E29: 0.0195285 | F29: 0.0215495 | G29: 0.0223614 | H29: 0.0264788 | I29: 0.0274757 | J29: 0.0200855 | K29: 0.0224067 | L29: 0.0225937 | M29: 0.0165144 | N29: 0.0227432 | O29: 0.0260178 | P29: 0.0265946 | Q29: 0.0279479 | R29: 0.0229208 | S29: 0.0253856 | T29: 0.0252844 | U29: 0.0208996 | V29: 0.0254424 | W29: 0.0241984 | X29: 0.0221241 | Y29: 0.0262017 | Z29: 0.0157963 | AA29: 0.0256322 | AB29: 0.0291592 | AC29: 0.0248091 | AD29: 0.0223479 | AE29: 0.0289024 | AF29: 0.0222259 | AG29: 0.0190777 | AH29: 0.0140372 | AI29: 0.004091 | AJ29: 0.0059254 | AK29: -0.0106516 | AL29: -0.0028851 | AM29: -0.0101337 | AN29: -0.0144107 | AO29: -0.0133714 | AP29: -0.0168237 | AQ29: -0.0243472 | AR29: -0.0220952 | AS29: -0.008564 | AT29: -0.0103285 | AU29: -0.0061265 | AV29: -0.0106749 | AW29: -0.0151174 | AX29: -0.0175627 | AY29: -0.0140435 | AZ29: -0.0091878 | BA29: -0.0164272 | BB29: -0.0153702 | BC29: -0.0100549 | BD29: -0.0053989 | BE29: 0.0042798 | BF29: -0.0047888 | BG29: -0.000913 | BH29: 0.0031661 | BI29: -0.0007913 | BJ29: 0.0020972 | BK29: -0.0002898 | BL29: 0.0001518 | BM29: -0.0021139 | BN29: -0.0026001 | BO29: 0.0075306 | BP29: 0.000389 | BQ29: -0.0063082 | BR29: -0.0031642 | BS29: 0.0054079 | BT29: -0.001981 | BU29: 0.0012021 | BV29: 0.0033491 | BW29: 0.0079233 | BX29: 0.0077935 | BY29: 0.0029835 | BZ29: 0.0061709 | CA29: 0.0058737 | CB29: 5.7e-06 | CC29: 0.0045619 | CD29: 0.0043214 | CE29: 0.0013781 | CF29: 0.0064336 | CG29: 0.0105437 | CH29: 0.0063048 | CI29: 0.0101838 | CJ29: 0.0104383 | CK29: 0.0081589 | CL29: 0.005425 | CM29: 0.0036794 | CN29: 0.0035714 | CO29: 0.0099913 | CP29: 0.0095236 | CQ29: 0.0149137 | CR29: 0.013052 | CS29: 0.0136806 | CT29: 0.0132174

Sheet KPC_35_A_Su, 24h
A1: LoadID | B1: Type | C1: 0 | D1: 1 | E1: 2 | F1: 3 | G1: 4 | H1: 5 | I1: 6 | J1: 7 | K1: 8 | L1: 9 | M1: 10 | N1: 11 | O1: 12 | P1: 13 | Q1: 14 | R1: 15 | S1: 16 | T1: 17 | U1: 18 | V1: 19 | W1: 20 | X1: 21 | Y1: 22 | Z1: 23
A2: 1 | B2: P | C2: =AVERAGEIFS(KPC_35_A_Su!$C2:$CT2,KPC_35_A_Su!$C$1:$CT$1,'KPC_35_A_Su, 24h'!C$1) -> 3.4598398 | D2: =AVERAGEIFS(KPC_35_A_Su!$C2:$CT2,KPC_35_A_Su!$C$1:$CT$1,'KPC_35_A_Su, 24h'!D$1) -> 3.4889283 | E2: =AVERAGEIFS(KPC_35_A_Su!$C2:$CT2,KPC_35_A_Su!$C$1:$CT$1,'KPC_35_A_Su, 24h'!E$1) -> 3.3295281 | F2: =AVERAGEIFS(KPC_35_A_Su!$C2:$CT2,KPC_35_A_Su!$C$1:$CT$1,'KPC_35_A_Su, 24h'!F$1) -> 3.4618087 | G2: =AVERAGEIFS(KPC_35_A_Su!$C2:$CT2,KPC_35_A_Su!$C$1:$CT$1,'KPC_35_A_Su, 24h'!G$1) -> 3.3139005 | H2: =AVERAGEIFS(KPC_35_A_Su!$C2:$CT2,KPC_35_A_Su!$C$1:$CT$1,'KPC_35_A_Su, 24h'!H$1) -> 3.496741 | I2: =AVERAGEIFS(KPC_35_A_Su!$C2:$CT2,KPC_35_A_Su!$C$1:$CT$1,'KPC_35_A_Su, 24h'!I$1) -> 3.2924737 | J2: =AVERAGEIFS(KPC_35_A_Su!$C2:$CT2,KPC_35_A_Su!$C$1:$CT$1,'KPC_35_A_Su, 24h'!J$1) -> 3.380379 | ... Z2: =AVERAGEIFS(KPC_35_A_Su!$C2:$CT2,KPC_35_A_Su!$C$1:$CT$1,'KPC_35_A_Su, 24h'!Z$1) -> 3.1218764
A3: 1 | B3: Q | C3: =AVERAGEIFS(KPC_35_A_Su!$C3:$CT3,KPC_35_A_Su!$C$1:$CT$1,'KPC_35_A_Su, 24h'!C$1) -> -0.023695775 | D3: =AVERAGEIFS(KPC_35_A_Su!$C3:$CT3,KPC_35_A_Su!$C$1:$CT$1,'KPC_35_A_Su, 24h'!D$1) -> 0.01163535 | E3: =AVERAGEIFS(KPC_35_A_Su!$C3:$CT3,KPC_35_A_Su!$C$1:$CT$1,'KPC_35_A_Su, 24h'!E$1) -> 0.008533225 | F3: =AVERAGEIFS(KPC_35_A_Su!$C3:$CT3,KPC_35_A_Su!$C$1:$CT$1,'KPC_35_A_Su, 24h'!F$1) -> 0.0264984 | G3: =AVERAGEIFS(KPC_35_A_Su!$C3:$CT3,KPC_35_A_Su!$C$1:$CT$1,'KPC_35_A_Su, 24h'!G$1) -> 0.067686075 | H3: =AVERAGEIFS(KPC_35_A_Su!$C3:$CT3,KPC_35_A_Su!$C$1:$CT$1,'KPC_35_A_Su, 24h'!H$1) -> -0.0369353 | I3: =AVERAGEIFS(KPC_35_A_Su!$C3:$CT3,KPC_35_A_Su!$C$1:$CT$1,'KPC_35_A_Su, 24h'!I$1) -> 0.0788671 | J3: =AVERAGEIFS(KPC_35_A_Su!$C3:$CT3,KPC_35_A_Su!$C$1:$CT$1,'KPC_35_A_Su, 24h'!J$1) -> -0.014679425 | ... Z3: =AVERAGEIFS(KPC_35_A_Su!$C3:$CT3,KPC_35_A_Su!$C$1:$CT$1,'KPC_35_A_Su, 24h'!Z$1) -> 0.033398425
A4: 2 | B4: P | C4: =AVERAGEIFS(KPC_35_A_Su!$C4:$CT4,KPC_35_A_Su!$C$1:$CT$1,'KPC_35_A_Su, 24h'!C$1) -> 1.051249 | D4: =AVERAGEIFS(KPC_35_A_Su!$C4:$CT4,KPC_35_A_Su!$C$1:$CT$1,'KPC_35_A_Su, 24h'!D$1) -> 0.97693812 | E4: =AVERAGEIFS(KPC_35_A_Su!$C4:$CT4,KPC_35_A_Su!$C$1:$CT$1,'KPC_35_A_Su, 24h'!E$1) -> 0.92581108 | F4: =AVERAGEIFS(KPC_35_A_Su!$C4:$CT4,KPC_35_A_Su!$C$1:$CT$1,'KPC_35_A_Su, 24h'!F$1) -> 0.88102055 | G4: =AVERAGEIFS(KPC_35_A_Su!$C4:$CT4,KPC_35_A_Su!$C$1:$CT$1,'KPC_35_A_Su, 24h'!G$1) -> 0.87592585 | H4: =AVERAGEIFS(KPC_35_A_Su!$C4:$CT4,KPC_35_A_Su!$C$1:$CT$1,'KPC_35_A_Su, 24h'!H$1) -> 0.91150392 | I4: =AVERAGEIFS(KPC_35_A_Su!$C4:$CT4,KPC_35_A_Su!$C$1:$CT$1,'KPC_35_A_Su, 24h'!I$1) -> 0.99553612 | J4: =AVERAGEIFS(KPC_35_A_Su!$C4:$CT4,KPC_35_A_Su!$C$1:$CT$1,'KPC_35_A_Su, 24h'!J$1) -> 1.2221762 | ... Z4: =AVERAGEIFS(KPC_35_A_Su!$C4:$CT4,KPC_35_A_Su!$C$1:$CT$1,'KPC_35_A_Su, 24h'!Z$1) -> 1.3059655
A5: 2 | B5: Q | C5: =AVERAGEIFS(KPC_35_A_Su!$C5:$CT5,KPC_35_A_Su!$C$1:$CT$1,'KPC_35_A_Su, 24h'!C$1) -> -0.280554 | D5: =AVERAGEIFS(KPC_35_A_Su!$C5:$CT5,KPC_35_A_Su!$C$1:$CT$1,'KPC_35_A_Su, 24h'!D$1) -> -0.27674617 | E5: =AVERAGEIFS(KPC_35_A_Su!$C5:$CT5,KPC_35_A_Su!$C$1:$CT$1,'KPC_35_A_Su, 24h'!E$1) -> -0.28731305 | F5: =AVERAGEIFS(KPC_35_A_Su!$C5:$CT5,KPC_35_A_Su!$C$1:$CT$1,'KPC_35_A_Su, 24h'!F$1) -> -0.28294185 | G5: =AVERAGEIFS(KPC_35_A_Su!$C5:$CT5,KPC_35_A_Su!$C$1:$CT$1,'KPC_35_A_Su, 24h'!G$1) -> -0.28762393 | H5: =AVERAGEIFS(KPC_35_A_Su!$C5:$CT5,KPC_35_A_Su!$C$1:$CT$1,'KPC_35_A_Su, 24h'!H$1) -> -0.27106242 | I5: =AVERAGEIFS(KPC_35_A_Su!$C5:$CT5,KPC_35_A_Su!$C$1:$CT$1,'KPC_35_A_Su, 24h'!I$1) -> -0.25913288 | J5: =AVERAGEIFS(KPC_35_A_Su!$C5:$CT5,KPC_35_A_Su!$C$1:$CT$1,'KPC_35_A_Su, 24h'!J$1) -> -0.16619752 | ... Z5: =AVERAGEIFS(KPC_35_A_Su!$C5:$CT5,KPC_35_A_Su!$C$1:$CT$1,'KPC_35_A_Su, 24h'!Z$1) -> -0.25484795
A6: 3 | B6: P | C6: =AVERAGEIFS(KPC_35_A_Su!$C6:$CT6,KPC_35_A_Su!$C$1:$CT$1,'KPC_35_A_Su, 24h'!C$1) -> 3.3533967 | D6: =AVERAGEIFS(KPC_35_A_Su!$C6:$CT6,KPC_35_A_Su!$C$1:$CT$1,'KPC_35_A_Su, 24h'!D$1) -> 3.1890283 | E6: =AVERAGEIFS(KPC_35_A_Su!$C6:$CT6,KPC_35_A_Su!$C$1:$CT$1,'KPC_35_A_Su, 24h'!E$1) -> 3.0493039 | F6: =AVERAGEIFS(KPC_35_A_Su!$C6:$CT6,KPC_35_A_Su!$C$1:$CT$1,'KPC_35_A_Su, 24h'!F$1) -> 3.0168478 | G6: =AVERAGEIFS(KPC_35_A_Su!$C6:$CT6,KPC_35_A_Su!$C$1:$CT$1,'KPC_35_A_Su, 24h'!G$1) -> 2.9658706 | H6: =AVERAGEIFS(KPC_35_A_Su!$C6:$CT6,KPC_35_A_Su!$C$1:$CT$1,'KPC_35_A_Su, 24h'!H$1) -> 2.9810314 | I6: =AVERAGEIFS(KPC_35_A_Su!$C6:$CT6,KPC_35_A_Su!$C$1:$CT$1,'KPC_35_A_Su, 24h'!I$1) -> 3.126135 | J6: =AVERAGEIFS(KPC_35_A_Su!$C6:$CT6,KPC_35_A_Su!$C$1:$CT$1,'KPC_35_A_Su, 24h'!J$1) -> 3.3739833 | ... Z6: =AVERAGEIFS(KPC_35_A_Su!$C6:$CT6,KPC_35_A_Su!$C$1:$CT$1,'KPC_35_A_Su, 24h'!Z$1) -> 3.5615901
A7: 3 | B7: Q | C7: =AVERAGEIFS(KPC_35_A_Su!$C7:$CT7,KPC_35_A_Su!$C$1:$CT$1,'KPC_35_A_Su, 24h'!C$1) -> -0.3933411 | D7: =AVERAGEIFS(KPC_35_A_Su!$C7:$CT7,KPC_35_A_Su!$C$1:$CT$1,'KPC_35_A_Su, 24h'!D$1) -> -0.37429835 | E7: =AVERAGEIFS(KPC_35_A_Su!$C7:$CT7,KPC_35_A_Su!$C$1:$CT$1,'KPC_35_A_Su, 24h'!E$1) -> -0.3893597 | F7: =AVERAGEIFS(KPC_35_A_Su!$C7:$CT7,KPC_35_A_Su!$C$1:$CT$1,'KPC_35_A_Su, 24h'!F$1) -> -0.35948667 | G7: =AVERAGEIFS(KPC_35_A_Su!$C7:$CT7,KPC_35_A_Su!$C$1:$CT$1,'KPC_35_A_Su, 24h'!G$1) -> -0.35468223 | H7: =AVERAGEIFS(KPC_35_A_Su!$C7:$CT7,KPC_35_A_Su!$C$1:$CT$1,'KPC_35_A_Su, 24h'!H$1) -> -0.38340293 | I7: =AVERAGEIFS(KPC_35_A_Su!$C7:$CT7,KPC_35_A_Su!$C$1:$CT$1,'KPC_35_A_Su, 24h'!I$1) -> -0.38414305 | J7: =AVERAGEIFS(KPC_35_A_Su!$C7:$CT7,KPC_35_A_Su!$C$1:$CT$1,'KPC_35_A_Su, 24h'!J$1) -> -0.32074938 | ... Z7: =AVERAGEIFS(KPC_35_A_Su!$C7:$CT7,KPC_35_A_Su!$C$1:$CT$1,'KPC_35_A_Su, 24h'!Z$1) -> -0.44175695
A8: 4 | B8: P | C8: =AVERAGEIFS(KPC_35_A_Su!$C8:$CT8,KPC_35_A_Su!$C$1:$CT$1,'KPC_35_A_Su, 24h'!C$1) -> 0.43983953 | D8: =AVERAGEIFS(KPC_35_A_Su!$C8:$CT8,KPC_35_A_Su!$C$1:$CT$1,'KPC_35_A_Su, 24h'!D$1) -> 0.28195015 | E8: =AVERAGEIFS(KPC_35_A_Su!$C8:$CT8,KPC_35_A_Su!$C$1:$CT$1,'KPC_35_A_Su, 24h'!E$1) -> 0.26967353 | F8: =AVERAGEIFS(KPC_35_A_Su!$C8:$CT8,KPC_35_A_Su!$C$1:$CT$1,'KPC_35_A_Su, 24h'!F$1) -> 0.24654557 | G8: =AVERAGEIFS(KPC_35_A_Su!$C8:$CT8,KPC_35_A_Su!$C$1:$CT$1,'KPC_35_A_Su, 24h'!G$1) -> 0.22810527 | H8: =AVERAGEIFS(KPC_35_A_Su!$C8:$CT8,KPC_35_A_Su!$C$1:$CT$1,'KPC_35_A_Su, 24h'!H$1) -> 0.25461753 | I8: =AVERAGEIFS(KPC_35_A_Su!$C8:$CT8,KPC_35_A_Su!$C$1:$CT$1,'KPC_35_A_Su, 24h'!I$1) -> 0.37226345 | J8: =AVERAGEIFS(KPC_35_A_Su!$C8:$CT8,KPC_35_A_Su!$C$1:$CT$1,'KPC_35_A_Su, 24h'!J$1) -> 0.48493582 | ... Z8: =AVERAGEIFS(KPC_35_A_Su!$C8:$CT8,KPC_35_A_Su!$C$1:$CT$1,'KPC_35_A_Su, 24h'!Z$1) -> 0.63751802
A9: 4 | B9: Q | C9: =AVERAGEIFS(KPC_35_A_Su!$C9:$CT9,KPC_35_A_Su!$C$1:$CT$1,'KPC_35_A_Su, 24h'!C$1) -> -0.61917165 | D9: =AVERAGEIFS(KPC_35_A_Su!$C9:$CT9,KPC_35_A_Su!$C$1:$CT$1,'KPC_35_A_Su, 24h'!D$1) -> -0.62430885 | E9: =AVERAGEIFS(KPC_35_A_Su!$C9:$CT9,KPC_35_A_Su!$C$1:$CT$1,'KPC_35_A_Su, 24h'!E$1) -> -0.63312452 | F9: =AVERAGEIFS(KPC_35_A_Su!$C9:$CT9,KPC_35_A_Su!$C$1:$CT$1,'KPC_35_A_Su, 24h'!F$1) -> -0.64502518 | G9: =AVERAGEIFS(KPC_35_A_Su!$C9:$CT9,KPC_35_A_Su!$C$1:$CT$1,'KPC_35_A_Su, 24h'!G$1) -> -0.62020578 | H9: =AVERAGEIFS(KPC_35_A_Su!$C9:$CT9,KPC_35_A_Su!$C$1:$CT$1,'KPC_35_A_Su, 24h'!H$1) -> -0.61329043 | I9: =AVERAGEIFS(KPC_35_A_Su!$C9:$CT9,KPC_35_A_Su!$C$1:$CT$1,'KPC_35_A_Su, 24h'!I$1) -> -0.5692495 | J9: =AVERAGEIFS(KPC_35_A_Su!$C9:$CT9,KPC_35_A_Su!$C$1:$CT$1,'KPC_35_A_Su, 24h'!J$1) -> -0.55693233 | ... Z9: =AVERAGEIFS(KPC_35_A_Su!$C9:$CT9,KPC_35_A_Su!$C$1:$CT$1,'KPC_35_A_Su, 24h'!Z$1) -> -0.6128599
A10: 5 | B10: P | C10: =AVERAGEIFS(KPC_35_A_Su!$C10:$CT10,KPC_35_A_Su!$C$1:$CT$1,'KPC_35_A_Su, 24h'!C$1) -> 3.1076701 | D10: =AVERAGEIFS(KPC_35_A_Su!$C10:$CT10,KPC_35_A_Su!$C$1:$CT$1,'KPC_35_A_Su, 24h'!D$1) -> 2.7998739 | E10: =AVERAGEIFS(KPC_35_A_Su!$C10:$CT10,KPC_35_A_Su!$C$1:$CT$1,'KPC_35_A_Su, 24h'!E$1) -> 2.6124406 | F10: =AVERAGEIFS(KPC_35_A_Su!$C10:$CT10,KPC_35_A_Su!$C$1:$CT$1,'KPC_35_A_Su, 24h'!F$1) -> 2.5206248 | G10: =AVERAGEIFS(KPC_35_A_Su!$C10:$CT10,KPC_35_A_Su!$C$1:$CT$1,'KPC_35_A_Su, 24h'!G$1) -> 2.4885611 | H10: =AVERAGEIFS(KPC_35_A_Su!$C10:$CT10,KPC_35_A_Su!$C$1:$CT$1,'KPC_35_A_Su, 24h'!H$1) -> 2.6517627 | I10: =AVERAGEIFS(KPC_35_A_Su!$C10:$CT10,KPC_35_A_Su!$C$1:$CT$1,'KPC_35_A_Su, 24h'!I$1) -> 2.8267205 | J10: =AVERAGEIFS(KPC_35_A_Su!$C10:$CT10,KPC_35_A_Su!$C$1:$CT$1,'KPC_35_A_Su, 24h'!J$1) -> 3.1189489 | ... Z10: =AVERAGEIFS(KPC_35_A_Su!$C10:$CT10,KPC_35_A_Su!$C$1:$CT$1,'KPC_35_A_Su, 24h'!Z$1) -> 4.0036048
A11: 5 | B11: Q | C11: =AVERAGEIFS(KPC_35_A_Su!$C11:$CT11,KPC_35_A_Su!$C$1:$CT$1,'KPC_35_A_Su, 24h'!C$1) -> -0.58015668 | D11: =AVERAGEIFS(KPC_35_A_Su!$C11:$CT11,KPC_35_A_Su!$C$1:$CT$1,'KPC_35_A_Su, 24h'!D$1) -> -0.61853285 | E11: =AVERAGEIFS(KPC_35_A_Su!$C11:$CT11,KPC_35_A_Su!$C$1:$CT$1,'KPC_35_A_Su, 24h'!E$1) -> -0.63542957 | F11: =AVERAGEIFS(KPC_35_A_Su!$C11:$CT11,KPC_35_A_Su!$C$1:$CT$1,'KPC_35_A_Su, 24h'!F$1) -> -0.6716479 | G11: =AVERAGEIFS(KPC_35_A_Su!$C11:$CT11,KPC_35_A_Su!$C$1:$CT$1,'KPC_35_A_Su, 24h'!G$1) -> -0.6618915 | H11: =AVERAGEIFS(KPC_35_A_Su!$C11:$CT11,KPC_35_A_Su!$C$1:$CT$1,'KPC_35_A_Su, 24h'!H$1) -> -0.56305235 | I11: =AVERAGEIFS(KPC_35_A_Su!$C11:$CT11,KPC_35_A_Su!$C$1:$CT$1,'KPC_35_A_Su, 24h'!I$1) -> -0.55792245 | J11: =AVERAGEIFS(KPC_35_A_Su!$C11:$CT11,KPC_35_A_Su!$C$1:$CT$1,'KPC_35_A_Su, 24h'!J$1) -> -0.59694985 | ... Z11: =AVERAGEIFS(KPC_35_A_Su!$C11:$CT11,KPC_35_A_Su!$C$1:$CT$1,'KPC_35_A_Su, 24h'!Z$1) -> -0.4382551
A12: 6 | B12: P | C12: =AVERAGEIFS(KPC_35_A_Su!$C12:$CT12,KPC_35_A_Su!$C$1:$CT$1,'KPC_35_A_Su, 24h'!C$1) -> 5.1027417 | D12: =AVERAGEIFS(KPC_35_A_Su!$C12:$CT12,KPC_35_A_Su!$C$1:$CT$1,'KPC_35_A_Su, 24h'!D$1) -> 4.8403971 | E12: =AVERAGEIFS(KPC_35_A_Su!$C12:$CT12,KPC_35_A_Su!$C$1:$CT$1,'KPC_35_A_Su, 24h'!E$1) -> 4.8944806 | F12: =AVERAGEIFS(KPC_35_A_Su!$C12:$CT12,KPC_35_A_Su!$C$1:$CT$1,'KPC_35_A_Su, 24h'!F$1) -> 4.8357861 | G12: =AVERAGEIFS(KPC_35_A_Su!$C12:$CT12,KPC_35_A_Su!$C$1:$CT$1,'KPC_35_A_Su, 24h'!G$1) -> 4.7876583 | H12: =AVERAGEIFS(KPC_35_A_Su!$C12:$CT12,KPC_35_A_Su!$C$1:$CT$1,'KPC_35_A_Su, 24h'!H$1) -> 4.7021001 | I12: =AVERAGEIFS(KPC_35_A_Su!$C12:$CT12,KPC_35_A_Su!$C$1:$CT$1,'KPC_35_A_Su, 24h'!I$1) -> 4.8576028 | J12: =AVERAGEIFS(KPC_35_A_Su!$C12:$CT12,KPC_35_A_Su!$C$1:$CT$1,'KPC_35_A_Su, 24h'!J$1) -> 4.8682529 | ... Z12: =AVERAGEIFS(KPC_35_A_Su!$C12:$CT12,KPC_35_A_Su!$C$1:$CT$1,'KPC_35_A_Su, 24h'!Z$1) -> 5.1901667
A13: 6 | B13: Q | C13: =AVERAGEIFS(KPC_35_A_Su!$C13:$CT13,KPC_35_A_Su!$C$1:$CT$1,'KPC_35_A_Su, 24h'!C$1) -> 0.67851915 | D13: =AVERAGEIFS(KPC_35_A_Su!$C13:$CT13,KPC_35_A_Su!$C$1:$CT$1,'KPC_35_A_Su, 24h'!D$1) -> 0.56909082 | E13: =AVERAGEIFS(KPC_35_A_Su!$C13:$CT13,KPC_35_A_Su!$C$1:$CT$1,'KPC_35_A_Su, 24h'!E$1) -> 0.67824113 | F13: =AVERAGEIFS(KPC_35_A_Su!$C13:$CT13,KPC_35_A_Su!$C$1:$CT$1,'KPC_35_A_Su, 24h'!F$1) -> 0.62404388 | G13: =AVERAGEIFS(KPC_35_A_Su!$C13:$CT13,KPC_35_A_Su!$C$1:$CT$1,'KPC_35_A_Su, 24h'!G$1) -> 0.65321917 | H13: =AVERAGEIFS(KPC_35_A_Su!$C13:$CT13,KPC_35_A_Su!$C$1:$CT$1,'KPC_35_A_Su, 24h'!H$1) -> 0.51869778 | I13: =AVERAGEIFS(KPC_35_A_Su!$C13:$CT13,KPC_35_A_Su!$C$1:$CT$1,'KPC_35_A_Su, 24h'!I$1) -> 0.58986502 | J13: =AVERAGEIFS(KPC_35_A_Su!$C13:$CT13,KPC_35_A_Su!$C$1:$CT$1,'KPC_35_A_Su, 24h'!J$1) -> 0.53650722 | ... Z13: =AVERAGEIFS(KPC_35_A_Su!$C13:$CT13,KPC_35_A_Su!$C$1:$CT$1,'KPC_35_A_Su, 24h'!Z$1) -> 0.57492223
... A29: 14 | B29: Q | C29: =AVERAGEIFS(KPC_35_A_Su!$C29:$CT29,KPC_35_A_Su!$C$1:$CT$1,'KPC_35_A_Su, 24h'!C$1) -> 0.02180585 | D29: =AVERAGEIFS(KPC_35_A_Su!$C29:$CT29,KPC_35_A_Su!$C$1:$CT$1,'KPC_35_A_Su, 24h'!D$1) -> 0.02410035 | E29: =AVERAGEIFS(KPC_35_A_Su!$C29:$CT29,KPC_35_A_Su!$C$1:$CT$1,'KPC_35_A_Su, 24h'!E$1) -> 0.0210645 | F29: =AVERAGEIFS(KPC_35_A_Su!$C29:$CT29,KPC_35_A_Su!$C$1:$CT$1,'KPC_35_A_Su, 24h'!F$1) -> 0.025870275 | G29: =AVERAGEIFS(KPC_35_A_Su!$C29:$CT29,KPC_35_A_Su!$C$1:$CT$1,'KPC_35_A_Su, 24h'!G$1) -> 0.024253 | H29: =AVERAGEIFS(KPC_35_A_Su!$C29:$CT29,KPC_35_A_Su!$C$1:$CT$1,'KPC_35_A_Su, 24h'!H$1) -> 0.022080125 | I29: =AVERAGEIFS(KPC_35_A_Su!$C29:$CT29,KPC_35_A_Su!$C$1:$CT$1,'KPC_35_A_Su, 24h'!I$1) -> 0.0254871 | J29: =AVERAGEIFS(KPC_35_A_Su!$C29:$CT29,KPC_35_A_Su!$C$1:$CT$1,'KPC_35_A_Su, 24h'!J$1) -> 0.0210608 | ... Z29: =AVERAGEIFS(KPC_35_A_Su!$C29:$CT29,KPC_35_A_Su!$C$1:$CT$1,'KPC_35_A_Su, 24h'!Z$1) -> 0.013715925
