Workbook

Sheet KPC_35_A_Sa
A1: LoadID | B1: Type | C1: 0 | D1: 0 | E1: 0 | F1: 0 | G1: =C1+1 -> 1 | H1: =D1+1 -> 1 | I1: =E1+1 -> 1 | J1: =F1+1 -> 1 | K1: =G1+1 -> 2 | L1: =H1+1 -> 2 | M1: =I1+1 -> 2 | N1: =J1+1 -> 2 | ... CT1: =CP1+1 -> 23
A2: 1 | B2: P | C2: 4.2891316 | D2: 4.3796487 | E2: 4.087378 | F2: 4.0807943 | G2: 4.0471621 | H2: 4.3806925 | I2: 4.3239298 | J2: 4.2165303 | K2: 4.0577455 | L2: 3.9041424 | M2: 3.9991312 | N2: 4.2555094 | O2: 4.4245038 | P2: 4.2119651 | Q2: 4.0271544 | R2: 3.8360534 | S2: 3.7426553 | T2: 3.8904662 | U2: 3.948061 | V2: 4.1671143 | W2: 3.9490724 | X2: 3.8878236 | Y2: 3.8133729 | Z2: 3.7869821 | AA2: 3.4649396 | AB2: 3.536057 | AC2: 3.6914859 | AD2: 3.9417195 | AE2: 3.9465008 | AF2: 3.6180451 | AG2: 3.4675772 | AH2: 3.4350762 | AI2: 3.6477163 | AJ2: 3.9703329 | AK2: 3.8758607 | AL2: 3.7687902 | AM2: 3.6186821 | AN2: 3.6081593 | AO2: 3.68859 | AP2: 3.8678739 | AQ2: 3.8063111 | AR2: 3.8226705 | AS2: 3.7138035 | AT2: 3.6384459 | AU2: 3.5774379 | AV2: 3.6627667 | AW2: 3.4880626 | AX2: 3.8842487 | AY2: 3.8092895 | AZ2: 3.8218689 | BA2: 3.9032493 | BB2: 3.7122157 | BC2: 3.8091695 | BD2: 3.6088631 | BE2: 3.5896854 | BF2: 3.6684582 | BG2: 3.934603 | BH2: 3.8819926 | BI2: 3.8545227 | BJ2: 3.7764993 | BK2: 3.6782558 | BL2: 3.7007523 | BM2: 3.614886 | BN2: 3.856374 | BO2: 3.781661 | BP2: 3.6670752 | BQ2: 3.5881486 | BR2: 3.6932487 | BS2: 3.7837157 | BT2: 3.6552153 | BU2: 3.3346567 | BV2: 3.3727467 | BW2: 3.3110218 | BX2: 3.6595197 | BY2: 3.7079313 | BZ2: 3.6836207 | CA2: 3.6872787 | CB2: 3.5498908 | CC2: 3.3590527 | CD2: 3.3402603 | CE2: 3.587111 | CF2: 3.6818478 | CG2: 3.6414754 | CH2: 3.6020527 | CI2: 3.5078621 | CJ2: 3.2359889 | CK2: 3.3535025 | CL2: 3.3399768 | CM2: 3.5818453 | CN2: 3.5519929 | CO2: 3.6783748 | CP2: 3.3780878 | CQ2: 3.323705 | CR2: 3.5064099 | CS2: 3.7120225 | CT2: 3.6530538
A3: 1 | B3: Q | C3: 0.0909955 | D3: 0.1216105 | E3: 0.208315 | F3: 0.2412496 | G3: 0.2144226 | H3: 0.1562848 | I3: 0.057597 | J3: 0.058138 | K3: 0.1516459 | L3: 0.2105957 | M3: 0.1628947 | N3: 0.1009298 | O3: 0.1122945 | P3: 0.025474 | Q3: -0.0026286 | R3: 0.1071533 | S3: 0.1134543 | T3: 0.1247416 | U3: 0.1232727 | V3: 0.0111715 | W3: -0.0333984 | X3: -0.0691935 | Y3: -0.0095479 | Z3: 0.1081197 | AA3: 0.0436422 | AB3: 0.0545434 | AC3: -0.041864 | AD3: -0.0119446 | AE3: 0.0202555 | AF3: 0.0640137 | AG3: 0.0551229 | AH3: 0.0666423 | AI3: 0.0752238 | AJ3: -0.0200623 | AK3: 0.0144185 | AL3: -0.0015076 | AM3: 0.065212 | AN3: 0.081602 | AO3: 0.1460409 | AP3: 0.0725179 | AQ3: 0.0236186 | AR3: -0.0318522 | AS3: -0.0581767 | AT3: 0.0271749 | AU3: 0.0871297 | AV3: 0.0356791 | AW3: 0.0469279 | AX3: 0.0277161 | AY3: 0.0298421 | AZ3: 0.0115967 | BA3: -0.0470052 | BB3: -0.0136841 | BC3: -0.0199849 | BD3: 0.1326274 | BE3: 0.1920412 | BF3: 0.1825704 | BG3: 0.1169718 | BH3: -0.0357564 | BI3: -0.0037882 | BJ3: 0.0308472 | BK3: 0.0253194 | BL3: -0.0292623 | BM3: -0.0556641 | BN3: -0.0033244 | BO3: 0.023232 | BP3: 0.157483 | BQ3: 0.1911519 | BR3: 0.0645549 | BS3: -0.0249715 | BT3: -0.0323547 | BU3: 0.0401245 | BV3: 0.0709717 | BW3: 0.0262085 | BX3: 0.0083883 | BY3: -0.12795 | BZ3: -0.0692708 | CA3: -0.0281026 | CB3: 0.1257853 | CC3: 0.0717061 | CD3: 0.0862022 | CE3: -0.0054891 | CF3: -0.0831868 | CG3: -0.0700826 | CH3: -0.0170085 | CI3: 0.0757263 | CJ3: 0.0379598 | CK3: 0.0004252 | CL3: -0.0069194 | CM3: 0.015153 | CN3: -0.072286 | CO3: -0.0509481 | CP3: -0.0001933 | CQ3: 0.0306152 | CR3: 0.0677633 | CS3: -0.024469 | CT3: 0.0201009
A4: 2 | B4: P | C4: 1.5361197 | D4: 1.4464048 | E4: 1.4671307 | F4: 1.5025111 | G4: 1.4606103 | H4: 1.414446 | I4: 1.4329644 | J4: 1.4428594 | K4: 1.3441448 | L4: 1.4317021 | M4: 1.2724485 | N4: 1.3382567 | O4: 1.2506964 | P4: 1.2369119 | Q4: 1.2198541 | R4: 1.2605176 | S4: 1.311736 | T4: 1.329355 | U4: 1.3340868 | V4: 1.268526 | W4: 1.3404701 | X4: 1.3649138 | Y4: 1.3836592 | Z4: 1.4311465 | AA4: 1.3507771 | AB4: 1.3744745 | AC4: 1.4068644 | AD4: 1.4392067 | AE4: 1.6128528 | AF4: 1.7148215 | AG4: 1.6972226 | AH4: 1.7646409 | AI4: 1.9201798 | AJ4: 2.0069621 | AK4: 2.0518112 | AL4: 2.1254897 | AM4: 2.0888255 | AN4: 2.1479731 | AO4: 2.2005723 | AP4: 2.1362495 | AQ4: 2.1415501 | AR4: 2.1900659 | AS4: 2.1497684 | AT4: 2.1107652 | AU4: 2.0679591 | AV4: 2.0866148 | AW4: 2.1013823 | AX4: 2.0267427 | AY4: 1.9904771 | AZ4: 2.0314517 | BA4: 1.9043612 | BB4: 1.8597071 | BC4: 1.8534627 | BD4: 1.8694931 | BE4: 1.8248945 | BF4: 1.7729483 | BG4: 1.659983 | BH4: 1.6572123 | BI4: 1.5987276 | BJ4: 1.5945152 | BK4: 1.543165 | BL4: 1.5888708 | BM4: 1.5997435 | BN4: 1.6020262 | BO4: 1.6013919 | BP4: 1.5924103 | BQ4: 1.5714998 | BR4: 1.6019278 | BS4: 1.6535307 | BT4: 1.7005 | BU4: 1.7340342 | BV4: 1.8169184 | BW4: 1.9724892 | BX4: 2.0692244 | BY4: 2.1879897 | BZ4: 2.1587029 | CA4: 2.1461475 | CB4: 2.1014755 | CC4: 2.1182859 | CD4: 2.0196815 | CE4: 1.9722025 | CF4: 1.9241225 | CG4: 1.8533708 | CH4: 1.8160651 | CI4: 1.7666405 | CJ4: 1.7576647 | CK4: 1.6989102 | CL4: 1.6615187 | CM4: 1.6120509 | CN4: 1.5392154 | CO4: 1.4810221 | CP4: 1.4168189 | CQ4: 1.3322049 | CR4: 1.2826102 | CS4: 1.2431698 | CT4: 1.2055249
A5: 2 | B5: Q | C5: -0.2102796 | D5: -0.2132547 | E5: -0.199542 | F5: -0.2007551 | G5: -0.199624 | H5: -0.2169237 | I5: -0.21163 | J5: -0.2035267 | K5: -0.1985389 | L5: -0.1723881 | M5: -0.2250244 | N5: -0.1871342 | O5: -0.2487485 | P5: -0.2377292 | Q5: -0.2116101 | R5: -0.2250613 | S5: -0.2116675 | T5: -0.2227051 | U5: -0.2234503 | V5: -0.2352151 | W5: -0.1875767 | X5: -0.2188093 | Y5: -0.1650378 | Z5: -0.1611642 | AA5: -0.1827253 | AB5: -0.1534538 | AC5: -0.1359471 | AD5: -0.1161079 | AE5: -0.0096635 | AF5: 0.0347292 | AG5: 0.0858418 | AH5: 0.0955805 | AI5: 0.1278541 | AJ5: 0.1550473 | AK5: 0.1570679 | AL5: 0.1546784 | AM5: 0.1407841 | AN5: 0.168895 | AO5: 0.1743828 | AP5: 0.1512253 | AQ5: 0.1630664 | AR5: 0.1586471 | AS5: 0.1602848 | AT5: 0.1584019 | AU5: 0.1467087 | AV5: 0.1398411 | AW5: 0.1274718 | AX5: 0.0859742 | AY5: 0.0604807 | AZ5: 0.0683859 | BA5: 0.0093917 | BB5: 0.0049918 | BC5: 0.0278562 | BD5: 0.0185214 | BE5: 0.02059 | BF5: -0.0019637 | BG5: -0.0419811 | BH5: -0.049898 | BI5: -0.0560344 | BJ5: -0.0721023 | BK5: -0.0788535 | BL5: -0.0526449 | BM5: -0.0287642 | BN5: -0.052459 | BO5: -0.0797432 | BP5: -0.0673467 | BQ5: -0.081257 | BR5: -0.0770893 | BS5: -0.0406137 | BT5: -0.0395196 | BU5: -0.0252294 | BV5: 0.0048055 | BW5: 0.0252615 | BX5: 0.0507504 | BY5: 0.0899691 | BZ5: 0.0862652 | CA5: 0.0738997 | CB5: 0.0369235 | CC5: 0.0424144 | CD5: 0.0127582 | CE5: -0.0214475 | CF5: -0.0611138 | CG5: -0.076153 | CH5: -0.075268 | CI5: -0.0841237 | CJ5: -0.0897393 | CK5: -0.1388607 | CL5: -0.1404528 | CM5: -0.1588075 | CN5: -0.2016485 | CO5: -0.217139 | CP5: -0.2229925 | CQ5: -0.2234847 | CR5: -0.2257521 | CS5: -0.236754 | CT5: -0.2351689
A6: 3 | B6: P | C6: 3.9631777 | D6: 3.8781512 | E6: 3.8176601 | F6: 3.7655334 | G6: 3.7092779 | H6: 3.6542201 | I6: 3.6055377 | J6: 3.5536177 | K6: 3.5130444 | L6: 3.3764801 | M6: 3.15048 | N6: 3.0633311 | O6: 3.2154367 | P6: 3.332 | Q6: 3.3736601 | R6: 3.3260133 | S6: 3.288389 | T6: 3.2858911 | U6: 3.3045645 | V6: 3.256799 | W6: 3.2917423 | X6: 3.3165355 | Y6: 3.3606 | Z6: 3.3978312 | AA6: 3.5723 | AB6: 3.7926888 | AC6: 3.89994 | AD6: 4.016789 | AE6: 4.2477446 | AF6: 4.401011 | AG6: 4.4306445 | AH6: 4.4362888 | AI6: 4.6287665 | AJ6: 4.6187553 | AK6: 4.7336001 | AL6: 4.7299333 | AM6: 4.7374668 | AN6: 4.6996002 | AO6: 4.6977553 | AP6: 4.6135001 | AQ6: 4.560811 | AR6: 4.5452776 | AS6: 4.7218666 | AT6: 4.8236775 | AU6: 5.0039887 | AV6: 5.096189 | AW6: 5.2743001 | AX6: 5.2045665 | AY6: 5.1719222 | AZ6: 5.2954001 | BA6: 5.1863556 | BB6: 5.2208557 | BC6: 5.1081777 | BD6: 4.9755445 | BE6: 4.8075776 | BF6: 4.5950332 | BG6: 4.4021335 | BH6: 4.3831778 | BI6: 4.420289 | BJ6: 4.3852 | BK6: 4.4290333 | BL6: 4.4600334 | BM6: 4.3990779 | BN6: 4.3215222 | BO6: 4.364089 | BP6: 4.381578 | BQ6: 4.3639221 | BR6: 4.3605776 | BS6: 4.3518777 | BT6: 4.4317555 | BU6: 4.4390998 | BV6: 4.5955443 | BW6: 4.8525443 | BX6: 4.9248223 | BY6: 4.9545445 | BZ6: 4.9577112 | CA6: 4.891789 | CB6: 4.9963999 | CC6: 4.9340558 | CD6: 4.8528666 | CE6: 4.7568336 | CF6: 4.7146444 | CG6: 4.6753669 | CH6: 4.5258999 | CI6: 4.4604001 | CJ6: 4.2675776 | CK6: 4.1389332 | CL6: 4.1064553 | CM6: 3.9913223 | CN6: 4.0342555 | CO6: 3.9822333 | CP6: 3.8325667 | CQ6: 3.7304888 | CR6: 3.7376111 | CS6: 3.7021334 | CT6: 3.6346889
A7: 3 | B7: Q | C7: -0.2819222 | D7: -0.3303016 | E7: -0.3210342 | F7: -0.1373797 | G7: -0.0721642 | H7: -0.0755954 | I7: -0.256199 | J7: -0.3238485 | K7: -0.324221 | L7: -0.3765554 | M7: -0.3851737 | N7: -0.4162167 | O7: -0.3557535 | P7: -0.3443821 | Q7: -0.3671145 | R7: -0.3685379 | S7: -0.3710122 | T7: -0.3692117 | U7: -0.3680319 | V7: -0.4011548 | W7: -0.4025822 | X7: -0.388555 | Y7: -0.4139937 | Z7: -0.3511952 | AA7: -0.3153763 | AB7: -0.278919 | AC7: -0.2412988 | AD7: -0.2499055 | AE7: -0.2069466 | AF7: -0.1002049 | AG7: -0.0355114 | AH7: -0.0669113 | AI7: 0.0214981 | AJ7: 0.0315035 | AK7: 0.0936659 | AL7: 0.0857063 | AM7: 0.1017179 | AN7: 0.0787284 | AO7: 0.0911327 | AP7: 0.0256709 | AQ7: 0.0153803 | AR7: -0.0265854 | AS7: 0.0143421 | AT7: 0.0906958 | AU7: 0.1618779 | AV7: 0.1307588 | AW7: 0.1602766 | AX7: 0.0767414 | AY7: 0.0744419 | AZ7: 0.1140723 | BA7: 0.0342925 | BB7: 0.0088774 | BC7: 0.0285381 | BD7: -7.65e-05 | BE7: -0.096502 | BF7: -0.1689957 | BG7: -0.2145991 | BH7: -0.1988817 | BI7: -0.1633042 | BJ7: -0.1633648 | BK7: -0.1401444 | BL7: -0.1419661 | BM7: -0.1543177 | BN7: -0.2066672 | BO7: -0.1733839 | BP7: -0.1694325 | BQ7: -0.1869106 | BR7: -0.1846295 | BS7: -0.184399 | BT7: -0.1592805 | BU7: -0.1939123 | BV7: -0.1922625 | BW7: -0.1430147 | BX7: -0.0970741 | BY7: -0.093682 | BZ7: -0.0895941 | CA7: -0.1448588 | CB7: -0.1363565 | CC7: -0.1802122 | CD7: -0.2109249 | CE7: -0.2298357 | CF7: -0.2276511 | CG7: -0.2705345 | CH7: -0.304786 | CI7: -0.2944673 | CJ7: -0.3198836 | CK7: -0.3808455 | CL7: -0.3496056 | CM7: -0.3362233 | CN7: -0.3400589 | CO7: -0.3464522 | CP7: -0.3551144 | CQ7: -0.3564533 | CR7: -0.34446 | CS7: -0.3074636 | CT7: -0.3545267
A8: 4 | B8: P | C8: 0.4613231 | D8: 0.4111555 | E8: 0.3593107 | F8: 0.3667205 | G8: 0.2025531 | H8: 0.180592 | I8: 0.210589 | J8: 0.2382513 | K8: 0.2587761 | L8: 0.281204 | M8: 0.2692052 | N8: 0.2732038 | O8: 0.2494064 | P8: 0.2490993 | Q8: 0.2293797 | R8: 0.2515098 | S8: 0.2564891 | T8: 0.2569466 | U8: 0.2209758 | V8: 0.1844983 | W8: 0.2537381 | X8: 0.2676346 | Y8: 0.3442528 | Z8: 0.4536535 | AA8: 0.4962723 | AB8: 0.6329985 | AC8: 0.6725557 | AD8: 0.7767785 | AE8: 0.8176198 | AF8: 0.8527426 | AG8: 0.9193439 | AH8: 0.9846204 | AI8: 0.9961311 | AJ8: 1.012861 | AK8: 0.9685471 | AL8: 1.0182854 | AM8: 1.0040717 | AN8: 1.0346601 | AO8: 0.9983441 | AP8: 1.0433439 | AQ8: 0.9352711 | AR8: 0.9637527 | AS8: 0.8808978 | AT8: 0.9121292 | AU8: 0.9283127 | AV8: 0.9780855 | AW8: 1.087068 | AX8: 1.1065294 | AY8: 1.006327 | AZ8: 0.9776268 | BA8: 1.000644 | BB8: 1.006442 | BC8: 1.0303682 | BD8: 1.0080075 | BE8: 1.0101632 | BF8: 0.9794892 | BG8: 0.899033 | BH8: 0.8346389 | BI8: 0.9124707 | BJ8: 0.8962345 | BK8: 0.9051453 | BL8: 0.8897503 | BM8: 0.897164 | BN8: 0.9126418 | BO8: 0.9096776 | BP8: 0.9705391 | BQ8: 0.896342 | BR8: 0.8913168 | BS8: 0.9361827 | BT8: 1.0271164 | BU8: 1.1914127 | BV8: 1.2894452 | BW8: 1.4453604 | BX8: 1.5913386 | BY8: 1.5758113 | BZ8: 1.5436709 | CA8: 1.4550084 | CB8: 1.4047408 | CC8: 1.3944792 | CD8: 1.3534584 | CE8: 1.2266546 | CF8: 1.1847376 | CG8: 1.1318685 | CH8: 1.0769091 | CI8: 1.0591978 | CJ8: 0.998028 | CK8: 0.9556542 | CL8: 0.9049144 | CM8: 0.8720986 | CN8: 0.8888478 | CO8: 0.7987903 | CP8: 0.7728484 | CQ8: 0.6653467 | CR8: 0.6106588 | CS8: 0.6480076 | CT8: 0.5913912
A9: 4 | B9: Q | C9: -0.604314 | D9: -0.643957 | E9: -0.639339 | F9: -0.6054134 | G9: -0.6074286 | H9: -0.5996563 | I9: -0.6233274 | J9: -0.6273826 | K9: -0.6237112 | L9: -0.6262437 | M9: -0.6494211 | N9: -0.65325 | O9: -0.6398923 | P9: -0.6593552 | Q9: -0.6275792 | R9: -0.6230041 | S9: -0.6307033 | T9: -0.6512766 | U9: -0.6648791 | V9: -0.6555833 | W9: -0.6018404 | X9: -0.6005982 | Y9: -0.5758705 | Z9: -0.5481344 | AA9: -0.5314275 | AB9: -0.5051857 | AC9: -0.4925099 | AD9: -0.4453241 | AE9: -0.4532458 | AF9: -0.4093941 | AG9: -0.4033031 | AH9: -0.3831245 | AI9: -0.3808327 | AJ9: -0.3805336 | AK9: -0.4041733 | AL9: -0.4159425 | AM9: -0.4014228 | AN9: -0.4203242 | AO9: -0.464301 | AP9: -0.4567708 | AQ9: -0.4812127 | AR9: -0.4652443 | AS9: -0.4969112 | AT9: -0.4913953 | AU9: -0.5024747 | AV9: -0.5079991 | AW9: -0.4904475 | AX9: -0.4842713 | AY9: -0.4949465 | AZ9: -0.5326053 | BA9: -0.5259961 | BB9: -0.5300311 | BC9: -0.5431531 | BD9: -0.5496126 | BE9: -0.5716513 | BF9: -0.5678719 | BG9: -0.574058 | BH9: -0.5909778 | BI9: -0.5584491 | BJ9: -0.5715374 | BK9: -0.5712624 | BL9: -0.5588251 | BM9: -0.5477383 | BN9: -0.549982 | BO9: -0.5389239 | BP9: -0.542507 | BQ9: -0.5281839 | BR9: -0.5274937 | BS9: -0.4917173 | BT9: -0.4474598 | BU9: -0.3858926 | BV9: -0.3303085 | BW9: -0.242013 | BX9: -0.1958415 | BY9: -0.227954 | BZ9: -0.2545348 | CA9: -0.3253893 | CB9: -0.3708001 | CC9: -0.3955419 | CD9: -0.3953454 | CE9: -0.4179721 | CF9: -0.4269767 | CG9: -0.4266458 | CH9: -0.4517297 | CI9: -0.4744756 | CJ9: -0.4991044 | CK9: -0.5180418 | CL9: -0.5360467 | CM9: -0.5208673 | CN9: -0.5386456 | CO9: -0.5417895 | CP9: -0.5320843 | CQ9: -0.5544711 | CR9: -0.5670704 | CS9: -0.5672737 | CT9: -0.5708512
A10: 5 | B10: P | C10: 3.3298717 | D10: 3.1843481 | E10: 3.146209 | F10: 3.0208483 | G10: 2.9524336 | H10: 2.9671581 | I10: 2.8977363 | J10: 2.8121724 | K10: 2.6884694 | L10: 2.577657 | M10: 2.5127308 | N10: 2.4785531 | O10: 2.4799132 | P10: 2.4690921 | Q10: 2.4528902 | R10: 2.4582121 | S10: 2.4422467 | T10: 2.4785533 | U10: 2.4844072 | V10: 2.5137956 | W10: 2.6392121 | X10: 2.6818461 | Y10: 2.7954404 | Z10: 2.8741441 | AA10: 3.0029333 | AB10: 3.0708745 | AC10: 3.2119632 | AD10: 3.2775993 | AE10: 3.4968598 | AF10: 3.6201503 | AG10: 3.5252433 | AH10: 3.6372979 | AI10: 3.936919 | AJ10: 4.1112385 | AK10: 4.1992269 | AL10: 4.285264 | AM10: 4.3814716 | AN10: 4.4781523 | AO10: 4.5782623 | AP10: 4.5567975 | AQ10: 4.6240296 | AR10: 4.7276869 | AS10: 4.7092381 | AT10: 4.7636395 | AU10: 4.8396831 | AV10: 4.8618569 | AW10: 4.9148989 | AX10: 5.0174336 | AY10: 5.0321579 | AZ10: 5.024116 | BA10: 5.0325718 | BB10: 5.0660396 | BC10: 5.0930037 | BD10: 5.0167241 | BE10: 4.8292756 | BF10: 4.770144 | BG10: 4.7278643 | BH10: 4.6078868 | BI10: 4.6077099 | BJ10: 4.5809817 | BK10: 4.5580988 | BL10: 4.5706344 | BM10: 4.5572705 | BN10: 4.4623642 | BO10: 4.5184212 | BP10: 4.4994993 | BQ10: 4.4456291 | BR10: 4.4119244 | BS10: 4.379283 | BT10: 4.3697634 | BU10: 4.4743085 | BV10: 4.6492786 | BW10: 5.1702895 | BX10: 5.3759494 | BY10: 5.4715657 | BZ10: 5.4450741 | CA10: 5.4469666 | CB10: 5.3913827 | CC10: 5.3332558 | CD10: 5.2405386 | CE10: 5.1690483 | CF10: 5.1435027 | CG10: 5.1099739 | CH10: 4.9496093 | CI10: 4.8115964 | CJ10: 4.7255001 | CK10: 4.5628867 | CL10: 4.5618825 | CM10: 4.4487047 | CN10: 4.3703551 | CO10: 4.2287335 | CP10: 4.067246 | CQ10: 3.9231415 | CR10: 3.7814023 | CS10: 3.6926446 | CT10: 3.5728447
A11: 5 | B11: Q | C11: -0.5120366 | D11: -0.5453274 | E11: -0.5430803 | F11: -0.5758979 | G11: -0.5637763 | H11: -0.5618839 | I11: -0.5777314 | J11: -0.5979547 | K11: -0.6078297 | L11: -0.634321 | M11: -0.6604576 | N11: -0.645556 | O11: -0.6533025 | P11: -0.6601617 | Q11: -0.6698002 | R11: -0.6667257 | S11: -0.6589794 | T11: -0.661581 | U11: -0.6690316 | V11: -0.6560226 | W11: -0.5515363 | X11: -0.5591052 | Y11: -0.5512406 | Z11: -0.5252225 | AA11: -0.5146974 | AB11: -0.5197236 | AC11: -0.4973721 | AD11: -0.4811699 | AE11: -0.4195542 | AF11: -0.4102708 | AG11: -0.5039352 | AH11: -0.4678058 | AI11: -0.4047128 | AJ11: -0.3610137 | AK11: -0.3335771 | AL11: -0.3088008 | AM11: -0.2808904 | AN11: -0.2222907 | AO11: -0.1694865 | AP11: -0.1635144 | AQ11: -0.1252557 | AR11: -0.1518064 | AS11: -0.1424638 | AT11: -0.1563596 | AU11: -0.1438823 | AV11: -0.1766417 | AW11: -0.2112923 | AX11: -0.1841512 | AY11: -0.1836781 | AZ11: -0.2240058 | BA11: -0.2425727 | BB11: -0.2079808 | BC11: -0.2128889 | BD11: -0.2224685 | BE11: -0.2705429 | BF11: -0.2822507 | BG11: -0.2851482 | BH11: -0.2825461 | BI11: -0.3073215 | BJ11: -0.2963825 | BK11: -0.2921254 | BL11: -0.2794121 | BM11: -0.2587752 | BN11: -0.2839056 | BO11: -0.3194441 | BP11: -0.3483595 | BQ11: -0.3501336 | BR11: -0.3490102 | BS11: -0.3370064 | BT11: -0.3622559 | BU11: -0.3439835 | BV11: -0.3018818 | BW11: -0.0430041 | BX11: -0.0425312 | BY11: -0.0584965 | BZ11: -0.095986 | CA11: -0.116445 | CB11: -0.1293358 | CC11: -0.1723839 | CD11: -0.1707869 | CE11: -0.1753991 | CF11: -0.2076256 | CG11: -0.2250703 | CH11: -0.2635649 | CI11: -0.2763375 | CJ11: -0.302119 | CK11: -0.3504887 | CL11: -0.3194448 | CM11: -0.3273682 | CN11: -0.346882 | CO11: -0.3652717 | CP11: -0.3847251 | CQ11: -0.4109796 | CR11: -0.4302568 | CS11: -0.4301977 | CT11: -0.4377671
A12: 6 | B12: P | C12: 5.1884999 | D12: 5.186089 | E12: 5.164422 | F12: 5.1239333 | G12: 5.2053113 | H12: 5.1850224 | I12: 5.1401777 | J12: 5.1381221 | K12: 5.0799222 | L12: 4.9667444 | M12: 4.8945332 | N12: 4.9931111 | O12: 4.9607 | P12: 4.9815445 | Q12: 4.9184775 | R12: 4.9162555 | S12: 4.8839335 | T12: 4.7985334 | U12: 4.677722 | V12: 4.8894887 | W12: 5.0017667 | X12: 5.1981001 | Y12: 5.2821665 | Z12: 5.3148999 | AA12: 5.4822664 | AB12: 5.2810555 | AC12: 5.2021999 | AD12: 5.313911 | AE12: 5.5173998 | AF12: 5.6913109 | AG12: 5.7150002 | AH12: 5.7377 | AI12: 5.7142334 | AJ12: 5.752522 | AK12: 5.8468666 | AL12: 5.8407221 | AM12: 5.8981442 | AN12: 5.9305553 | AO12: 5.7938666 | AP12: 5.7883334 | AQ12: 5.7839112 | AR12: 5.7844 | AS12: 5.9669223 | AT12: 5.9520335 | AU12: 5.7889667 | AV12: 5.8076334 | AW12: 5.9293222 | AX12: 6.0548778 | AY12: 6.0388556 | AZ12: 6.0459442 | BA12: 6.0265999 | BB12: 6.0895224 | BC12: 6.1356778 | BD12: 6.0309668 | BE12: 5.8973222 | BF12: 5.9743557 | BG12: 5.7061558 | BH12: 5.7294002 | BI12: 5.5819001 | BJ12: 5.5025778 | BK12: 5.5061336 | BL12: 5.5391221 | BM12: 5.5744667 | BN12: 5.5068221 | BO12: 5.4749556 | BP12: 5.4979224 | BQ12: 5.6922445 | BR12: 5.5753112 | BS12: 5.4779224 | BT12: 5.5367112 | BU12: 5.7441554 | BV12: 5.7643223 | BW12: 6.0150666 | BX12: 6.1377668 | BY12: 6.2389445 | BZ12: 6.1316442 | CA12: 6.1314335 | CB12: 6.2737446 | CC12: 6.2986889 | CD12: 6.244978 | CE12: 6.2452111 | CF12: 6.3120446 | CG12: 6.0899668 | CH12: 5.8995557 | CI12: 5.8929667 | CJ12: 5.8573222 | CK12: 5.7823887 | CL12: 5.6272221 | CM12: 5.6127667 | CN12: 5.5005665 | CO12: 5.5085444 | CP12: 5.4661112 | CQ12: 5.3264999 | CR12: 5.362411 | CS12: 5.3418665 | CT12: 5.3454666
A13: 6 | B13: Q | C13: 0.7202367 | D13: 0.7122234 | E13: 0.69362 | F13: 0.6576967 | G13: 0.7415011 | H13: 0.7597433 | I13: 0.8177233 | J13: 0.82534 | K13: 0.8057022 | L13: 0.6694722 | M13: 0.6160033 | N13: 0.7165756 | O13: 0.7233645 | P13: 0.6751933 | Q13: 0.7512811 | R13: 0.6555367 | S13: 0.5860622 | T13: 0.5513567 | U13: 0.5178334 | V13: 0.6308244 | W13: 0.5941445 | X13: 0.7510722 | Y13: 0.8183911 | Z13: 0.7513989 | AA13: 0.76819 | AB13: 0.6445133 | AC13: 0.5920534 | AD13: 0.6255689 | AE13: 0.6930767 | AF13: 0.8795767 | AG13: 0.9924333 | AH13: 1.0072578 | AI13: 0.8826745 | AJ13: 0.9010066 | AK13: 0.8729267 | AL13: 0.8549211 | AM13: 0.8844345 | AN13: 0.9179278 | AO13: 0.8416533 | AP13: 0.8964667 | AQ13: 0.8649167 | AR13: 0.9441011 | AS13: 0.9886911 | AT13: 0.9743411 | AU13: 0.8327589 | AV13: 0.7813089 | AW13: 0.9211333 | AX13: 1.0361389 | AY13: 1.0645666 | AZ13: 1.0147845 | BA13: 1.0444278 | BB13: 0.9709833 | BC13: 1.0054634 | BD13: 0.9000844 | BE13: 0.74112 | BF13: 0.8387567 | BG13: 0.7410811 | BH13: 0.7013022 | BI13: 0.67828 | BJ13: 0.6887255 | BK13: 0.7152333 | BL13: 0.74442 | BM13: 0.7240067 | BN13: 0.6464622 | BO13: 0.6144889 | BP13: 0.6578166 | BQ13: 0.7449045 | BR13: 0.69238 | BS13: 0.6522433 | BT13: 0.6673178 | BU13: 0.8450311 | BV13: 0.7704989 | BW13: 0.7761433 | BX13: 0.8043256 | BY13: 0.8606555 | BZ13: 0.8606989 | CA13: 0.8221233 | CB13: 0.8972978 | CC13: 0.9580855 | CD13: 0.9481522 | CE13: 0.9641722 | CF13: 0.9341611 | CG13: 0.7948722 | CH13: 0.7229322 | CI13: 0.7710678 | CJ13: 0.7963867 | CK13: 0.75763 | CL13: 0.6542878 | CM13: 0.7902156 | CN13: 0.7251667 | CO13: 0.7772933 | CP13: 0.7509844 | CQ13: 0.59111 | CR13: 0.5768522 | CS13: 0.6483455 | CT13: 0.6986144
... A29: 14 | B29: Q | C29: 0.0213769 | D29: 0.0232193 | E29: 0.0194125 | F29: 0.0243909 | G29: 0.030186 | H29: 0.025735 | I29: 0.0197178 | J29: 0.0218114 | K29: 0.0289443 | L29: 0.0255482 | M29: 0.0230436 | N29: 0.021894 | O29: 0.0243114 | P29: 0.0317489 | Q29: 0.0352352 | R29: 0.0305836 | S29: 0.0254277 | T29: 0.0307741 | U29: 0.0282062 | V29: 0.0195035 | W29: 0.0242469 | X29: 0.0307322 | Y29: 0.0301241 | Z29: 0.0062055 | AA29: 0.0120332 | AB29: 0.0155971 | AC29: 0.0048248 | AD29: -0.0090956 | AE29: -0.0048929 | AF29: -0.0143877 | AG29: -0.0197887 | AH29: -0.0316355 | AI29: -0.031687 | AJ29: -0.0288474 | AK29: -0.03099 | AL29: -0.0252733 | AM29: -0.0347156 | AN29: -0.0362571 | AO29: -0.049643 | AP29: -0.0577345 | AQ29: -0.0589654 | AR29: -0.0557599 | AS29: -0.0435114 | AT29: -0.0422388 | AU29: -0.0424337 | AV29: -0.0463086 | AW29: -0.0445053 | AX29: -0.0432061 | AY29: -0.0536834 | AZ29: -0.0527081 | BA29: -0.0403621 | BB29: -0.0515876 | BC29: -0.043163 | BD29: -0.044178 | BE29: -0.0438375 | BF29: -0.046654 | BG29: -0.0745831 | BH29: -0.0677045 | BI29: -0.0417522 | BJ29: -0.0437564 | BK29: -0.0273953 | BL29: -0.0270978 | BM29: -0.0227539 | BN29: -0.0249838 | BO29: -0.0204349 | BP29: -0.0148756 | BQ29: -0.0202614 | BR29: -0.0233431 | BS29: -0.0205041 | BT29: -0.0320368 | BU29: -0.0200023 | BV29: -0.0090847 | BW29: -0.0099142 | BX29: -0.0098436 | BY29: -0.0152392 | BZ29: -0.0222876 | CA29: -0.0081997 | CB29: -0.0163351 | CC29: -0.0122903 | CD29: -0.0122078 | CE29: -0.0101501 | CF29: -0.0042169 | CG29: 0.0002363 | CH29: 0.0029318 | CI29: -0.0035183 | CJ29: 0.0073286 | CK29: 0.007539 | CL29: 0.0085032 | CM29: 0.0090414 | CN29: 0.0101699 | CO29: 0.0153062 | CP29: 0.0104679 | CQ29: 0.0138839 | CR29: 0.0066021 | CS29: 0.0122538 | CT29: 0.0195967

Sheet KPC_35_A_Sa, 24h
A1: LoadID | B1: Type | C1: 0 | D1: 1 | E1: 2 | F1: 3 | G1: 4 | H1: 5 | I1: 6 | J1: 7 | K1: 8 | L1: 9 | M1: 10 | N1: 11 | O1: 12 | P1: 13 | Q1: 14 | R1: 15 | S1: 16 | T1: 17 | U1: 18 | V1: 19 | W1: 20 | X1: 21 | Y1: 22 | Z1: 23
A2: 1 | B2: P | C2: =AVERAGEIFS(KPC_35_A_Sa!$C2:$CT2,KPC_35_A_Sa!$C$1:$CT$1,'KPC_35_A_Sa, 24h'!C$1) -> 4.2092382 | D2: =AVERAGEIFS(KPC_35_A_Sa!$C2:$CT2,KPC_35_A_Sa!$C$1:$CT$1,'KPC_35_A_Sa, 24h'!D$1) -> 4.2420787 | E2: =AVERAGEIFS(KPC_35_A_Sa!$C2:$CT2,KPC_35_A_Sa!$C$1:$CT$1,'KPC_35_A_Sa, 24h'!E$1) -> 4.0541321 | F2: =AVERAGEIFS(KPC_35_A_Sa!$C2:$CT2,KPC_35_A_Sa!$C$1:$CT$1,'KPC_35_A_Sa, 24h'!F$1) -> 4.1249192 | G2: =AVERAGEIFS(KPC_35_A_Sa!$C2:$CT2,KPC_35_A_Sa!$C$1:$CT$1,'KPC_35_A_Sa, 24h'!G$1) -> 3.9370742 | H2: =AVERAGEIFS(KPC_35_A_Sa!$C2:$CT2,KPC_35_A_Sa!$C$1:$CT$1,'KPC_35_A_Sa, 24h'!H$1) -> 3.8593127 | I2: =AVERAGEIFS(KPC_35_A_Sa!$C2:$CT2,KPC_35_A_Sa!$C$1:$CT$1,'KPC_35_A_Sa, 24h'!I$1) -> 3.6585505 | J2: =AVERAGEIFS(KPC_35_A_Sa!$C2:$CT2,KPC_35_A_Sa!$C$1:$CT$1,'KPC_35_A_Sa, 24h'!J$1) -> 3.6167998 | ... Z2: =AVERAGEIFS(KPC_35_A_Sa!$C2:$CT2,KPC_35_A_Sa!$C$1:$CT$1,'KPC_35_A_Sa, 24h'!Z$1) -> 3.5487978
A3: 1 | B3: Q | C3: =AVERAGEIFS(KPC_35_A_Sa!$C3:$CT3,KPC_35_A_Sa!$C$1:$CT$1,'KPC_35_A_Sa, 24h'!C$1) -> 0.16554265 | D3: =AVERAGEIFS(KPC_35_A_Sa!$C3:$CT3,KPC_35_A_Sa!$C$1:$CT$1,'KPC_35_A_Sa, 24h'!D$1) -> 0.1216106 | E3: =AVERAGEIFS(KPC_35_A_Sa!$C3:$CT3,KPC_35_A_Sa!$C$1:$CT$1,'KPC_35_A_Sa, 24h'!E$1) -> 0.15651652 | F3: =AVERAGEIFS(KPC_35_A_Sa!$C3:$CT3,KPC_35_A_Sa!$C$1:$CT$1,'KPC_35_A_Sa, 24h'!F$1) -> 0.0605733 | G3: =AVERAGEIFS(KPC_35_A_Sa!$C3:$CT3,KPC_35_A_Sa!$C$1:$CT$1,'KPC_35_A_Sa, 24h'!G$1) -> 0.093160025 | H3: =AVERAGEIFS(KPC_35_A_Sa!$C3:$CT3,KPC_35_A_Sa!$C$1:$CT$1,'KPC_35_A_Sa, 24h'!H$1) -> -0.001005025 | I3: =AVERAGEIFS(KPC_35_A_Sa!$C3:$CT3,KPC_35_A_Sa!$C$1:$CT$1,'KPC_35_A_Sa, 24h'!I$1) -> 0.01109425 | J3: =AVERAGEIFS(KPC_35_A_Sa!$C3:$CT3,KPC_35_A_Sa!$C$1:$CT$1,'KPC_35_A_Sa, 24h'!J$1) -> 0.0515086 | ... Z3: =AVERAGEIFS(KPC_35_A_Sa!$C3:$CT3,KPC_35_A_Sa!$C$1:$CT$1,'KPC_35_A_Sa, 24h'!Z$1) -> 0.0235026
A4: 2 | B4: P | C4: =AVERAGEIFS(KPC_35_A_Sa!$C4:$CT4,KPC_35_A_Sa!$C$1:$CT$1,'KPC_35_A_Sa, 24h'!C$1) -> 1.4880416 | D4: =AVERAGEIFS(KPC_35_A_Sa!$C4:$CT4,KPC_35_A_Sa!$C$1:$CT$1,'KPC_35_A_Sa, 24h'!D$1) -> 1.43772 | E4: =AVERAGEIFS(KPC_35_A_Sa!$C4:$CT4,KPC_35_A_Sa!$C$1:$CT$1,'KPC_35_A_Sa, 24h'!E$1) -> 1.346638 | F4: =AVERAGEIFS(KPC_35_A_Sa!$C4:$CT4,KPC_35_A_Sa!$C$1:$CT$1,'KPC_35_A_Sa, 24h'!F$1) -> 1.241995 | G4: =AVERAGEIFS(KPC_35_A_Sa!$C4:$CT4,KPC_35_A_Sa!$C$1:$CT$1,'KPC_35_A_Sa, 24h'!G$1) -> 1.310926 | H4: =AVERAGEIFS(KPC_35_A_Sa!$C4:$CT4,KPC_35_A_Sa!$C$1:$CT$1,'KPC_35_A_Sa, 24h'!H$1) -> 1.3800474 | I4: =AVERAGEIFS(KPC_35_A_Sa!$C4:$CT4,KPC_35_A_Sa!$C$1:$CT$1,'KPC_35_A_Sa, 24h'!I$1) -> 1.3928307 | J4: =AVERAGEIFS(KPC_35_A_Sa!$C4:$CT4,KPC_35_A_Sa!$C$1:$CT$1,'KPC_35_A_Sa, 24h'!J$1) -> 1.6973844 | ... Z4: =AVERAGEIFS(KPC_35_A_Sa!$C4:$CT4,KPC_35_A_Sa!$C$1:$CT$1,'KPC_35_A_Sa, 24h'!Z$1) -> 1.2658775
A5: 2 | B5: Q | C5: =AVERAGEIFS(KPC_35_A_Sa!$C5:$CT5,KPC_35_A_Sa!$C$1:$CT$1,'KPC_35_A_Sa, 24h'!C$1) -> -0.20595785 | D5: =AVERAGEIFS(KPC_35_A_Sa!$C5:$CT5,KPC_35_A_Sa!$C$1:$CT$1,'KPC_35_A_Sa, 24h'!D$1) -> -0.2079261 | E5: =AVERAGEIFS(KPC_35_A_Sa!$C5:$CT5,KPC_35_A_Sa!$C$1:$CT$1,'KPC_35_A_Sa, 24h'!E$1) -> -0.1957714 | F5: =AVERAGEIFS(KPC_35_A_Sa!$C5:$CT5,KPC_35_A_Sa!$C$1:$CT$1,'KPC_35_A_Sa, 24h'!F$1) -> -0.23078728 | G5: =AVERAGEIFS(KPC_35_A_Sa!$C5:$CT5,KPC_35_A_Sa!$C$1:$CT$1,'KPC_35_A_Sa, 24h'!G$1) -> -0.2232595 | H5: =AVERAGEIFS(KPC_35_A_Sa!$C5:$CT5,KPC_35_A_Sa!$C$1:$CT$1,'KPC_35_A_Sa, 24h'!H$1) -> -0.183147 | I5: =AVERAGEIFS(KPC_35_A_Sa!$C5:$CT5,KPC_35_A_Sa!$C$1:$CT$1,'KPC_35_A_Sa, 24h'!I$1) -> -0.14705852 | J5: =AVERAGEIFS(KPC_35_A_Sa!$C5:$CT5,KPC_35_A_Sa!$C$1:$CT$1,'KPC_35_A_Sa, 24h'!J$1) -> 0.051622 | ... Z5: =AVERAGEIFS(KPC_35_A_Sa!$C5:$CT5,KPC_35_A_Sa!$C$1:$CT$1,'KPC_35_A_Sa, 24h'!Z$1) -> -0.23028993
A6: 3 | B6: P | C6: =AVERAGEIFS(KPC_35_A_Sa!$C6:$CT6,KPC_35_A_Sa!$C$1:$CT$1,'KPC_35_A_Sa, 24h'!C$1) -> 3.8561306 | D6: =AVERAGEIFS(KPC_35_A_Sa!$C6:$CT6,KPC_35_A_Sa!$C$1:$CT$1,'KPC_35_A_Sa, 24h'!D$1) -> 3.6306633 | E6: =AVERAGEIFS(KPC_35_A_Sa!$C6:$CT6,KPC_35_A_Sa!$C$1:$CT$1,'KPC_35_A_Sa, 24h'!E$1) -> 3.2758339 | F6: =AVERAGEIFS(KPC_35_A_Sa!$C6:$CT6,KPC_35_A_Sa!$C$1:$CT$1,'KPC_35_A_Sa, 24h'!F$1) -> 3.3117775 | G6: =AVERAGEIFS(KPC_35_A_Sa!$C6:$CT6,KPC_35_A_Sa!$C$1:$CT$1,'KPC_35_A_Sa, 24h'!G$1) -> 3.2839109 | H6: =AVERAGEIFS(KPC_35_A_Sa!$C6:$CT6,KPC_35_A_Sa!$C$1:$CT$1,'KPC_35_A_Sa, 24h'!H$1) -> 3.3416773 | I6: =AVERAGEIFS(KPC_35_A_Sa!$C6:$CT6,KPC_35_A_Sa!$C$1:$CT$1,'KPC_35_A_Sa, 24h'!I$1) -> 3.8204294 | J6: =AVERAGEIFS(KPC_35_A_Sa!$C6:$CT6,KPC_35_A_Sa!$C$1:$CT$1,'KPC_35_A_Sa, 24h'!J$1) -> 4.3789222 | ... Z6: =AVERAGEIFS(KPC_35_A_Sa!$C6:$CT6,KPC_35_A_Sa!$C$1:$CT$1,'KPC_35_A_Sa, 24h'!Z$1) -> 3.7012306
A7: 3 | B7: Q | C7: =AVERAGEIFS(KPC_35_A_Sa!$C7:$CT7,KPC_35_A_Sa!$C$1:$CT$1,'KPC_35_A_Sa, 24h'!C$1) -> -0.26765942 | D7: =AVERAGEIFS(KPC_35_A_Sa!$C7:$CT7,KPC_35_A_Sa!$C$1:$CT$1,'KPC_35_A_Sa, 24h'!D$1) -> -0.18195177 | E7: =AVERAGEIFS(KPC_35_A_Sa!$C7:$CT7,KPC_35_A_Sa!$C$1:$CT$1,'KPC_35_A_Sa, 24h'!E$1) -> -0.3755417 | F7: =AVERAGEIFS(KPC_35_A_Sa!$C7:$CT7,KPC_35_A_Sa!$C$1:$CT$1,'KPC_35_A_Sa, 24h'!F$1) -> -0.358947 | G7: =AVERAGEIFS(KPC_35_A_Sa!$C7:$CT7,KPC_35_A_Sa!$C$1:$CT$1,'KPC_35_A_Sa, 24h'!G$1) -> -0.37735265 | H7: =AVERAGEIFS(KPC_35_A_Sa!$C7:$CT7,KPC_35_A_Sa!$C$1:$CT$1,'KPC_35_A_Sa, 24h'!H$1) -> -0.38908152 | I7: =AVERAGEIFS(KPC_35_A_Sa!$C7:$CT7,KPC_35_A_Sa!$C$1:$CT$1,'KPC_35_A_Sa, 24h'!I$1) -> -0.2713749 | J7: =AVERAGEIFS(KPC_35_A_Sa!$C7:$CT7,KPC_35_A_Sa!$C$1:$CT$1,'KPC_35_A_Sa, 24h'!J$1) -> -0.10239355 | ... Z7: =AVERAGEIFS(KPC_35_A_Sa!$C7:$CT7,KPC_35_A_Sa!$C$1:$CT$1,'KPC_35_A_Sa, 24h'!Z$1) -> -0.3407259
A8: 4 | B8: P | C8: =AVERAGEIFS(KPC_35_A_Sa!$C8:$CT8,KPC_35_A_Sa!$C$1:$CT$1,'KPC_35_A_Sa, 24h'!C$1) -> 0.39962745 | D8: =AVERAGEIFS(KPC_35_A_Sa!$C8:$CT8,KPC_35_A_Sa!$C$1:$CT$1,'KPC_35_A_Sa, 24h'!D$1) -> 0.20799635 | E8: =AVERAGEIFS(KPC_35_A_Sa!$C8:$CT8,KPC_35_A_Sa!$C$1:$CT$1,'KPC_35_A_Sa, 24h'!E$1) -> 0.27059727 | F8: =AVERAGEIFS(KPC_35_A_Sa!$C8:$CT8,KPC_35_A_Sa!$C$1:$CT$1,'KPC_35_A_Sa, 24h'!F$1) -> 0.2448488 | G8: =AVERAGEIFS(KPC_35_A_Sa!$C8:$CT8,KPC_35_A_Sa!$C$1:$CT$1,'KPC_35_A_Sa, 24h'!G$1) -> 0.22972745 | H8: =AVERAGEIFS(KPC_35_A_Sa!$C8:$CT8,KPC_35_A_Sa!$C$1:$CT$1,'KPC_35_A_Sa, 24h'!H$1) -> 0.32981975 | I8: =AVERAGEIFS(KPC_35_A_Sa!$C8:$CT8,KPC_35_A_Sa!$C$1:$CT$1,'KPC_35_A_Sa, 24h'!I$1) -> 0.64465125 | J8: =AVERAGEIFS(KPC_35_A_Sa!$C8:$CT8,KPC_35_A_Sa!$C$1:$CT$1,'KPC_35_A_Sa, 24h'!J$1) -> 0.89358167 | ... Z8: =AVERAGEIFS(KPC_35_A_Sa!$C8:$CT8,KPC_35_A_Sa!$C$1:$CT$1,'KPC_35_A_Sa, 24h'!Z$1) -> 0.62885107
A9: 4 | B9: Q | C9: =AVERAGEIFS(KPC_35_A_Sa!$C9:$CT9,KPC_35_A_Sa!$C$1:$CT$1,'KPC_35_A_Sa, 24h'!C$1) -> -0.62325585 | D9: =AVERAGEIFS(KPC_35_A_Sa!$C9:$CT9,KPC_35_A_Sa!$C$1:$CT$1,'KPC_35_A_Sa, 24h'!D$1) -> -0.61444872 | E9: =AVERAGEIFS(KPC_35_A_Sa!$C9:$CT9,KPC_35_A_Sa!$C$1:$CT$1,'KPC_35_A_Sa, 24h'!E$1) -> -0.6381565 | F9: =AVERAGEIFS(KPC_35_A_Sa!$C9:$CT9,KPC_35_A_Sa!$C$1:$CT$1,'KPC_35_A_Sa, 24h'!F$1) -> -0.6374577 | G9: =AVERAGEIFS(KPC_35_A_Sa!$C9:$CT9,KPC_35_A_Sa!$C$1:$CT$1,'KPC_35_A_Sa, 24h'!G$1) -> -0.65061057 | H9: =AVERAGEIFS(KPC_35_A_Sa!$C9:$CT9,KPC_35_A_Sa!$C$1:$CT$1,'KPC_35_A_Sa, 24h'!H$1) -> -0.58161087 | I9: =AVERAGEIFS(KPC_35_A_Sa!$C9:$CT9,KPC_35_A_Sa!$C$1:$CT$1,'KPC_35_A_Sa, 24h'!I$1) -> -0.4936118 | J9: =AVERAGEIFS(KPC_35_A_Sa!$C9:$CT9,KPC_35_A_Sa!$C$1:$CT$1,'KPC_35_A_Sa, 24h'!J$1) -> -0.41226688 | ... Z9: =AVERAGEIFS(KPC_35_A_Sa!$C9:$CT9,KPC_35_A_Sa!$C$1:$CT$1,'KPC_35_A_Sa, 24h'!Z$1) -> -0.5649166
A10: 5 | B10: P | C10: =AVERAGEIFS(KPC_35_A_Sa!$C10:$CT10,KPC_35_A_Sa!$C$1:$CT$1,'KPC_35_A_Sa, 24h'!C$1) -> 3.1703193 | D10: =AVERAGEIFS(KPC_35_A_Sa!$C10:$CT10,KPC_35_A_Sa!$C$1:$CT$1,'KPC_35_A_Sa, 24h'!D$1) -> 2.9073751 | E10: =AVERAGEIFS(KPC_35_A_Sa!$C10:$CT10,KPC_35_A_Sa!$C$1:$CT$1,'KPC_35_A_Sa, 24h'!E$1) -> 2.5643526 | F10: =AVERAGEIFS(KPC_35_A_Sa!$C10:$CT10,KPC_35_A_Sa!$C$1:$CT$1,'KPC_35_A_Sa, 24h'!F$1) -> 2.4650269 | G10: =AVERAGEIFS(KPC_35_A_Sa!$C10:$CT10,KPC_35_A_Sa!$C$1:$CT$1,'KPC_35_A_Sa, 24h'!G$1) -> 2.4797507 | H10: =AVERAGEIFS(KPC_35_A_Sa!$C10:$CT10,KPC_35_A_Sa!$C$1:$CT$1,'KPC_35_A_Sa, 24h'!H$1) -> 2.7476607 | I10: =AVERAGEIFS(KPC_35_A_Sa!$C10:$CT10,KPC_35_A_Sa!$C$1:$CT$1,'KPC_35_A_Sa, 24h'!I$1) -> 3.1408426 | J10: =AVERAGEIFS(KPC_35_A_Sa!$C10:$CT10,KPC_35_A_Sa!$C$1:$CT$1,'KPC_35_A_Sa, 24h'!J$1) -> 3.5698878 | ... Z10: =AVERAGEIFS(KPC_35_A_Sa!$C10:$CT10,KPC_35_A_Sa!$C$1:$CT$1,'KPC_35_A_Sa, 24h'!Z$1) -> 3.7425083
A11: 5 | B11: Q | C11: =AVERAGEIFS(KPC_35_A_Sa!$C11:$CT11,KPC_35_A_Sa!$C$1:$CT$1,'KPC_35_A_Sa, 24h'!C$1) -> -0.54408555 | D11: =AVERAGEIFS(KPC_35_A_Sa!$C11:$CT11,KPC_35_A_Sa!$C$1:$CT$1,'KPC_35_A_Sa, 24h'!D$1) -> -0.57533658 | E11: =AVERAGEIFS(KPC_35_A_Sa!$C11:$CT11,KPC_35_A_Sa!$C$1:$CT$1,'KPC_35_A_Sa, 24h'!E$1) -> -0.63704107 | F11: =AVERAGEIFS(KPC_35_A_Sa!$C11:$CT11,KPC_35_A_Sa!$C$1:$CT$1,'KPC_35_A_Sa, 24h'!F$1) -> -0.66249753 | G11: =AVERAGEIFS(KPC_35_A_Sa!$C11:$CT11,KPC_35_A_Sa!$C$1:$CT$1,'KPC_35_A_Sa, 24h'!G$1) -> -0.66140365 | H11: =AVERAGEIFS(KPC_35_A_Sa!$C11:$CT11,KPC_35_A_Sa!$C$1:$CT$1,'KPC_35_A_Sa, 24h'!H$1) -> -0.54677615 | I11: =AVERAGEIFS(KPC_35_A_Sa!$C11:$CT11,KPC_35_A_Sa!$C$1:$CT$1,'KPC_35_A_Sa, 24h'!I$1) -> -0.50324075 | J11: =AVERAGEIFS(KPC_35_A_Sa!$C11:$CT11,KPC_35_A_Sa!$C$1:$CT$1,'KPC_35_A_Sa, 24h'!J$1) -> -0.4503915 | ... Z11: =AVERAGEIFS(KPC_35_A_Sa!$C11:$CT11,KPC_35_A_Sa!$C$1:$CT$1,'KPC_35_A_Sa, 24h'!Z$1) -> -0.4273003
A12: 6 | B12: P | C12: =AVERAGEIFS(KPC_35_A_Sa!$C12:$CT12,KPC_35_A_Sa!$C$1:$CT$1,'KPC_35_A_Sa, 24h'!C$1) -> 5.165736 | D12: =AVERAGEIFS(KPC_35_A_Sa!$C12:$CT12,KPC_35_A_Sa!$C$1:$CT$1,'KPC_35_A_Sa, 24h'!D$1) -> 5.1671584 | E12: =AVERAGEIFS(KPC_35_A_Sa!$C12:$CT12,KPC_35_A_Sa!$C$1:$CT$1,'KPC_35_A_Sa, 24h'!E$1) -> 4.9835777 | F12: =AVERAGEIFS(KPC_35_A_Sa!$C12:$CT12,KPC_35_A_Sa!$C$1:$CT$1,'KPC_35_A_Sa, 24h'!F$1) -> 4.9442444 | G12: =AVERAGEIFS(KPC_35_A_Sa!$C12:$CT12,KPC_35_A_Sa!$C$1:$CT$1,'KPC_35_A_Sa, 24h'!G$1) -> 4.8124194 | H12: =AVERAGEIFS(KPC_35_A_Sa!$C12:$CT12,KPC_35_A_Sa!$C$1:$CT$1,'KPC_35_A_Sa, 24h'!H$1) -> 5.1992333 | I12: =AVERAGEIFS(KPC_35_A_Sa!$C12:$CT12,KPC_35_A_Sa!$C$1:$CT$1,'KPC_35_A_Sa, 24h'!I$1) -> 5.3198582 | J12: =AVERAGEIFS(KPC_35_A_Sa!$C12:$CT12,KPC_35_A_Sa!$C$1:$CT$1,'KPC_35_A_Sa, 24h'!J$1) -> 5.6653527 | ... Z12: =AVERAGEIFS(KPC_35_A_Sa!$C12:$CT12,KPC_35_A_Sa!$C$1:$CT$1,'KPC_35_A_Sa, 24h'!Z$1) -> 5.344061
A13: 6 | B13: Q | C13: =AVERAGEIFS(KPC_35_A_Sa!$C13:$CT13,KPC_35_A_Sa!$C$1:$CT$1,'KPC_35_A_Sa, 24h'!C$1) -> 0.6959442 | D13: =AVERAGEIFS(KPC_35_A_Sa!$C13:$CT13,KPC_35_A_Sa!$C$1:$CT$1,'KPC_35_A_Sa, 24h'!D$1) -> 0.78607692 | E13: =AVERAGEIFS(KPC_35_A_Sa!$C13:$CT13,KPC_35_A_Sa!$C$1:$CT$1,'KPC_35_A_Sa, 24h'!E$1) -> 0.70193833 | F13: =AVERAGEIFS(KPC_35_A_Sa!$C13:$CT13,KPC_35_A_Sa!$C$1:$CT$1,'KPC_35_A_Sa, 24h'!F$1) -> 0.7013439 | G13: =AVERAGEIFS(KPC_35_A_Sa!$C13:$CT13,KPC_35_A_Sa!$C$1:$CT$1,'KPC_35_A_Sa, 24h'!G$1) -> 0.57151918 | H13: =AVERAGEIFS(KPC_35_A_Sa!$C13:$CT13,KPC_35_A_Sa!$C$1:$CT$1,'KPC_35_A_Sa, 24h'!H$1) -> 0.72875167 | I13: =AVERAGEIFS(KPC_35_A_Sa!$C13:$CT13,KPC_35_A_Sa!$C$1:$CT$1,'KPC_35_A_Sa, 24h'!I$1) -> 0.6575814 | J13: =AVERAGEIFS(KPC_35_A_Sa!$C13:$CT13,KPC_35_A_Sa!$C$1:$CT$1,'KPC_35_A_Sa, 24h'!J$1) -> 0.89308613 | ... Z13: =AVERAGEIFS(KPC_35_A_Sa!$C13:$CT13,KPC_35_A_Sa!$C$1:$CT$1,'KPC_35_A_Sa, 24h'!Z$1) -> 0.62873053
... A29: 14 | B29: Q | C29: =AVERAGEIFS(KPC_35_A_Sa!$C29:$CT29,KPC_35_A_Sa!$C$1:$CT$1,'KPC_35_A_Sa, 24h'!C$1) -> 0.0220999 | D29: =AVERAGEIFS(KPC_35_A_Sa!$C29:$CT29,KPC_35_A_Sa!$C$1:$CT$1,'KPC_35_A_Sa, 24h'!D$1) -> 0.02436255 | E29: =AVERAGEIFS(KPC_35_A_Sa!$C29:$CT29,KPC_35_A_Sa!$C$1:$CT$1,'KPC_35_A_Sa, 24h'!E$1) -> 0.024857525 | F29: =AVERAGEIFS(KPC_35_A_Sa!$C29:$CT29,KPC_35_A_Sa!$C$1:$CT$1,'KPC_35_A_Sa, 24h'!F$1) -> 0.030469775 | G29: =AVERAGEIFS(KPC_35_A_Sa!$C29:$CT29,KPC_35_A_Sa!$C$1:$CT$1,'KPC_35_A_Sa, 24h'!G$1) -> 0.025977875 | H29: =AVERAGEIFS(KPC_35_A_Sa!$C29:$CT29,KPC_35_A_Sa!$C$1:$CT$1,'KPC_35_A_Sa, 24h'!H$1) -> 0.022827175 | I29: =AVERAGEIFS(KPC_35_A_Sa!$C29:$CT29,KPC_35_A_Sa!$C$1:$CT$1,'KPC_35_A_Sa, 24h'!I$1) -> 0.005839875 | J29: =AVERAGEIFS(KPC_35_A_Sa!$C29:$CT29,KPC_35_A_Sa!$C$1:$CT$1,'KPC_35_A_Sa, 24h'!J$1) -> -0.0176762 | ... Z29: =AVERAGEIFS(KPC_35_A_Sa!$C29:$CT29,KPC_35_A_Sa!$C$1:$CT$1,'KPC_35_A_Sa, 24h'!Z$1) -> 0.013084125
