Workbook

Sheet Scenarios
A1: numScenarios | B1: 3 | C1: 0.35 | D1: 0.55 | E1: 0.1

Sheet Conversion rate
B1: Value, [$/€]
A2: Conversion rate | B2: =C2*10 -> 10.819 | C2: 1.0819

Sheet Cost breakdown NREL
A1: Component | B1: Cost, [$/kWh]
A2: Li-Ion Battery cabinet | B2: 270.22
A3: Interconnection fee | B3: 5.69
A4: EPC/developer net profit | B4: 20.94
A5: EPC overhead | B5: 11.73
A6: Electrical BoS | B6: 44.84
A7: Developer overhead | B7: 23.09
A8: Contingency | B8: 10.95
A9: Battery central inverter | B9: 24.38

Sheet Investment Cost NREL, USD
A1: Total Cost (4-h System), [$/KWh] | B1: 2020 | C1: 2021 | D1: 2022 | E1: 2023 | F1: 2024 | G1: 2025 | H1: 2026 | I1: 2027 | J1: 2028 | K1: 2029 | L1: 2030 | M1: 2031 | N1: 2032 | O1: 2033 | P1: 2034 | Q1: 2035 | R1: 2036 | S1: 2037 | T1: 2038 | U1: 2039 | V1: 2040 | W1: 2041 | X1: 2042 | Y1: 2043 | Z1: 2044 | AA1: 2045 | AB1: 2046 | AC1: 2047 | AD1: 2048 | AE1: 2049 | AF1: 2050
A2: Low Scenario | B2: 1587.252 | C2: 1587.252 | D2: 1784 | E2: 1283.409 | F2: 1211.369 | G2: 1149.738 | H2: 1100.936 | I2: 1052.134 | J2: 1003.332 | K2: 954.528 | L2: 905.742 | M2: 889.861 | N2: 873.98 | O2: 858.084 | P2: 842.204 | Q2: 826.34 | R2: 810.443 | S2: 794.563 | T2: 778.682 | U2: 762.802 | V2: 746.905 | W2: 731.025 | X2: 715.161 | Y2: 699.281 | Z2: 683.384 | AA2: 667.503 | AB2: 651.623 | AC2: 635.742 | AD2: 619.845 | AE2: 603.965 | AF2: 588.102
A3: Mid Scenario | B3: 1587.252 | C3: 1587.252 | D3: 1784 | E3: 1715.502 | F3: 1638.775 | G3: 1436.177 | H3: 1389.718 | I3: 1343.256 | J3: 1296.79 | K3: 1250.32 | L3: 1203.845 | M3: 1185.278 | N3: 1166.712 | O3: 1148.146 | P3: 1129.58 | Q3: 1111.016 | R3: 1092.452 | S3: 1073.888 | T3: 1055.326 | U3: 1036.764 | V3: 1018.203 | W3: 999.643 | X3: 981.084 | Y3: 962.526 | Z3: 943.968 | AA3: 925.412 | AB3: 906.856 | AC3: 888.302 | AD3: 869.749 | AE3: 851.197 | AF3: 832.646
A4: High Scenario | B4: 1587.252 | C4: 1587.252 | D4: 1784 | E4: 1850.08 | F4: 1863.288 | G4: 1836.851 | H4: 1768.061 | I4: 1699.272 | J4: 1630.484 | K4: 1561.697 | L4: 1492.911 | M4: 1482.69 | N4: 1472.468 | O4: 1462.246 | P4: 1452.025 | Q4: 1441.803 | R4: 1431.581 | S4: 1421.36 | T4: 1411.138 | U4: 1400.917 | V4: 1390.695 | W4: 1380.473 | X4: 1370.252 | Y4: 1360.03 | Z4: 1349.808 | AA4: 1339.587 | AB4: 1329.365 | AC4: 1319.143 | AD4: 1308.922 | AE4: 1298.7 | AF4: 1288.478

Sheet Investment Cost NREL, EUR
A1: Total Cost (4-h System), [€/KWh] | B1: 2020 | C1: 2021 | D1: 2022 | E1: 2023 | F1: 2024 | G1: 2025 | H1: 2026 | I1: 2027 | J1: 2028 | K1: 2029 | L1: 2030 | M1: 2031 | N1: 2032 | O1: 2033 | P1: 2034 | Q1: 2035 | R1: 2036 | S1: 2037 | T1: 2038 | U1: 2039 | V1: 2040 | W1: 2041 | X1: 2042 | Y1: 2043 | Z1: 2044 | AA1: 2045 | AB1: 2046 | AC1: 2047 | AD1: 2048 | AE1: 2049 | AF1: 2050
A2: Low Scenario | B2: ='Investment Cost NREL, USD'!B2/'Conversion rate'!$B$2 -> 146.70968 | C2: ='Investment Cost NREL, USD'!C2/'Conversion rate'!$B$2 -> 146.70968 | D2: ='Investment Cost NREL, USD'!D2/'Conversion rate'!$B$2 -> 164.89509 | E2: ='Investment Cost NREL, USD'!E2/'Conversion rate'!$B$2 -> 118.62547 | F2: ='Investment Cost NREL, USD'!F2/'Conversion rate'!$B$2 -> 111.96682 | G2: ='Investment Cost NREL, USD'!G2/'Conversion rate'!$B$2 -> 106.27027 | H2: ='Investment Cost NREL, USD'!H2/'Conversion rate'!$B$2 -> 101.7595 | I2: ='Investment Cost NREL, USD'!I2/'Conversion rate'!$B$2 -> 97.248729 | ... AF2: ='Investment Cost NREL, USD'!AF2/'Conversion rate'!$B$2 -> 54.358259
A3: Mid Scenario | B3: ='Investment Cost NREL, USD'!B3/'Conversion rate'!$B$2 -> 146.70968 | C3: ='Investment Cost NREL, USD'!C3/'Conversion rate'!$B$2 -> 146.70968 | D3: ='Investment Cost NREL, USD'!D3/'Conversion rate'!$B$2 -> 164.89509 | E3: ='Investment Cost NREL, USD'!E3/'Conversion rate'!$B$2 -> 158.56382 | F3: ='Investment Cost NREL, USD'!F3/'Conversion rate'!$B$2 -> 151.47195 | G3: ='Investment Cost NREL, USD'!G3/'Conversion rate'!$B$2 -> 132.74582 | H3: ='Investment Cost NREL, USD'!H3/'Conversion rate'!$B$2 -> 128.45161 | I3: ='Investment Cost NREL, USD'!I3/'Conversion rate'!$B$2 -> 124.15713 | ... AF3: ='Investment Cost NREL, USD'!AF3/'Conversion rate'!$B$2 -> 76.961457
A4: High Scenario | B4: ='Investment Cost NREL, USD'!B4/'Conversion rate'!$B$2 -> 146.70968 | C4: ='Investment Cost NREL, USD'!C4/'Conversion rate'!$B$2 -> 146.70968 | D4: ='Investment Cost NREL, USD'!D4/'Conversion rate'!$B$2 -> 164.89509 | E4: ='Investment Cost NREL, USD'!E4/'Conversion rate'!$B$2 -> 171.00287 | F4: ='Investment Cost NREL, USD'!F4/'Conversion rate'!$B$2 -> 172.22368 | G4: ='Investment Cost NREL, USD'!G4/'Conversion rate'!$B$2 -> 169.78011 | H4: ='Investment Cost NREL, USD'!H4/'Conversion rate'!$B$2 -> 163.42185 | I4: ='Investment Cost NREL, USD'!I4/'Conversion rate'!$B$2 -> 157.06368 | ... AF4: ='Investment Cost NREL, USD'!AF4/'Conversion rate'!$B$2 -> 119.094

Sheet Investment Cost, Power
A1: S, [€/MVA] | B1: 2020 | C1: 2021 | D1: 2022 | E1: 2023 | F1: 2024 | G1: 2025 | H1: 2026 | I1: 2027 | J1: 2028 | K1: 2029 | L1: 2030 | M1: 2031 | N1: 2032 | O1: 2033 | P1: 2034 | Q1: 2035 | R1: 2036 | S1: 2037 | T1: 2038 | U1: 2039 | V1: 2040 | W1: 2041 | X1: 2042 | Y1: 2043 | Z1: 2044 | AA1: 2045 | AB1: 2046 | AC1: 2047 | AD1: 2048 | AE1: 2049 | AF1: 2050 | AG1: 2051 | AH1: 2052 | AI1: 2053 | AJ1: 2054
A2: Scenario 1 | B2: =HLOOKUP(B$1,'Investment Cost NREL, EUR'!$B$1:$AF$4,2,FALSE)*1000*('Cost breakdown NREL'!$B$9+SUM('Cost breakdown NREL'!$B$3:$B$8)/2)/SUM('Cost breakdown NREL'!$B$2:$B$9) -> 29567.073 | C2: =HLOOKUP(C$1,'Investment Cost NREL, EUR'!$B$1:$AF$4,2,FALSE)*1000*('Cost breakdown NREL'!$B$9+SUM('Cost breakdown NREL'!$B$3:$B$8)/2)/SUM('Cost breakdown NREL'!$B$2:$B$9) -> 29567.073 | D2: =HLOOKUP(D$1,'Investment Cost NREL, EUR'!$B$1:$AF$4,2,FALSE)*1000*('Cost breakdown NREL'!$B$9+SUM('Cost breakdown NREL'!$B$3:$B$8)/2)/SUM('Cost breakdown NREL'!$B$2:$B$9) -> 33232.063 | E2: =HLOOKUP(E$1,'Investment Cost NREL, EUR'!$B$1:$AF$4,2,FALSE)*1000*('Cost breakdown NREL'!$B$9+SUM('Cost breakdown NREL'!$B$3:$B$8)/2)/SUM('Cost breakdown NREL'!$B$2:$B$9) -> 23907.135 | F2: =HLOOKUP(F$1,'Investment Cost NREL, EUR'!$B$1:$AF$4,2,FALSE)*1000*('Cost breakdown NREL'!$B$9+SUM('Cost breakdown NREL'!$B$3:$B$8)/2)/SUM('Cost breakdown NREL'!$B$2:$B$9) -> 22565.185 | G2: =HLOOKUP(G$1,'Investment Cost NREL, EUR'!$B$1:$AF$4,2,FALSE)*1000*('Cost breakdown NREL'!$B$9+SUM('Cost breakdown NREL'!$B$3:$B$8)/2)/SUM('Cost breakdown NREL'!$B$2:$B$9) -> 21417.133 | H2: =HLOOKUP(H$1,'Investment Cost NREL, EUR'!$B$1:$AF$4,2,FALSE)*1000*('Cost breakdown NREL'!$B$9+SUM('Cost breakdown NREL'!$B$3:$B$8)/2)/SUM('Cost breakdown NREL'!$B$2:$B$9) -> 20508.057 | I2: =HLOOKUP(I$1,'Investment Cost NREL, EUR'!$B$1:$AF$4,2,FALSE)*1000*('Cost breakdown NREL'!$B$9+SUM('Cost breakdown NREL'!$B$3:$B$8)/2)/SUM('Cost breakdown NREL'!$B$2:$B$9) -> 19598.981 | ... AF2: =HLOOKUP(AF$1,'Investment Cost NREL, EUR'!$B$1:$AF$4,2,FALSE)*1000*('Cost breakdown NREL'!$B$9+SUM('Cost breakdown NREL'!$B$3:$B$8)/2)/SUM('Cost breakdown NREL'!$B$2:$B$9) -> 10955.069 | AG2: 109550.69 | AH2: 109550.69 | AI2: 109550.69 | AJ2: 109550.69
A3: Scenario 2 | B3: =HLOOKUP(B$1,'Investment Cost NREL, EUR'!$B$1:$AF$4,3,FALSE)*1000*('Cost breakdown NREL'!$B$9+SUM('Cost breakdown NREL'!$B$3:$B$8)/2)/SUM('Cost breakdown NREL'!$B$2:$B$9) -> 29567.073 | C3: =HLOOKUP(C$1,'Investment Cost NREL, EUR'!$B$1:$AF$4,3,FALSE)*1000*('Cost breakdown NREL'!$B$9+SUM('Cost breakdown NREL'!$B$3:$B$8)/2)/SUM('Cost breakdown NREL'!$B$2:$B$9) -> 29567.073 | D3: =HLOOKUP(D$1,'Investment Cost NREL, EUR'!$B$1:$AF$4,3,FALSE)*1000*('Cost breakdown NREL'!$B$9+SUM('Cost breakdown NREL'!$B$3:$B$8)/2)/SUM('Cost breakdown NREL'!$B$2:$B$9) -> 33232.063 | E3: =HLOOKUP(E$1,'Investment Cost NREL, EUR'!$B$1:$AF$4,3,FALSE)*1000*('Cost breakdown NREL'!$B$9+SUM('Cost breakdown NREL'!$B$3:$B$8)/2)/SUM('Cost breakdown NREL'!$B$2:$B$9) -> 31956.093 | F3: =HLOOKUP(F$1,'Investment Cost NREL, EUR'!$B$1:$AF$4,3,FALSE)*1000*('Cost breakdown NREL'!$B$9+SUM('Cost breakdown NREL'!$B$3:$B$8)/2)/SUM('Cost breakdown NREL'!$B$2:$B$9) -> 30526.835 | G3: =HLOOKUP(G$1,'Investment Cost NREL, EUR'!$B$1:$AF$4,3,FALSE)*1000*('Cost breakdown NREL'!$B$9+SUM('Cost breakdown NREL'!$B$3:$B$8)/2)/SUM('Cost breakdown NREL'!$B$2:$B$9) -> 26752.872 | H3: =HLOOKUP(H$1,'Investment Cost NREL, EUR'!$B$1:$AF$4,3,FALSE)*1000*('Cost breakdown NREL'!$B$9+SUM('Cost breakdown NREL'!$B$3:$B$8)/2)/SUM('Cost breakdown NREL'!$B$2:$B$9) -> 25887.441 | I3: =HLOOKUP(I$1,'Investment Cost NREL, EUR'!$B$1:$AF$4,3,FALSE)*1000*('Cost breakdown NREL'!$B$9+SUM('Cost breakdown NREL'!$B$3:$B$8)/2)/SUM('Cost breakdown NREL'!$B$2:$B$9) -> 25021.955 | ... AF3: =HLOOKUP(AF$1,'Investment Cost NREL, EUR'!$B$1:$AF$4,3,FALSE)*1000*('Cost breakdown NREL'!$B$9+SUM('Cost breakdown NREL'!$B$3:$B$8)/2)/SUM('Cost breakdown NREL'!$B$2:$B$9) -> 15510.395 | AG3: 155103.95 | AH3: 155103.95 | AI3: 155103.95 | AJ3: 155103.95
A4: Scenario 3 | B4: =HLOOKUP(B$1,'Investment Cost NREL, EUR'!$B$1:$AF$4,4,FALSE)*1000*('Cost breakdown NREL'!$B$9+SUM('Cost breakdown NREL'!$B$3:$B$8)/2)/SUM('Cost breakdown NREL'!$B$2:$B$9) -> 29567.073 | C4: =HLOOKUP(C$1,'Investment Cost NREL, EUR'!$B$1:$AF$4,4,FALSE)*1000*('Cost breakdown NREL'!$B$9+SUM('Cost breakdown NREL'!$B$3:$B$8)/2)/SUM('Cost breakdown NREL'!$B$2:$B$9) -> 29567.073 | D4: =HLOOKUP(D$1,'Investment Cost NREL, EUR'!$B$1:$AF$4,4,FALSE)*1000*('Cost breakdown NREL'!$B$9+SUM('Cost breakdown NREL'!$B$3:$B$8)/2)/SUM('Cost breakdown NREL'!$B$2:$B$9) -> 33232.063 | E4: =HLOOKUP(E$1,'Investment Cost NREL, EUR'!$B$1:$AF$4,4,FALSE)*1000*('Cost breakdown NREL'!$B$9+SUM('Cost breakdown NREL'!$B$3:$B$8)/2)/SUM('Cost breakdown NREL'!$B$2:$B$9) -> 34462.99 | F4: =HLOOKUP(F$1,'Investment Cost NREL, EUR'!$B$1:$AF$4,4,FALSE)*1000*('Cost breakdown NREL'!$B$9+SUM('Cost breakdown NREL'!$B$3:$B$8)/2)/SUM('Cost breakdown NREL'!$B$2:$B$9) -> 34709.027 | G4: =HLOOKUP(G$1,'Investment Cost NREL, EUR'!$B$1:$AF$4,4,FALSE)*1000*('Cost breakdown NREL'!$B$9+SUM('Cost breakdown NREL'!$B$3:$B$8)/2)/SUM('Cost breakdown NREL'!$B$2:$B$9) -> 34216.562 | H4: =HLOOKUP(H$1,'Investment Cost NREL, EUR'!$B$1:$AF$4,4,FALSE)*1000*('Cost breakdown NREL'!$B$9+SUM('Cost breakdown NREL'!$B$3:$B$8)/2)/SUM('Cost breakdown NREL'!$B$2:$B$9) -> 32935.153 | I4: =HLOOKUP(I$1,'Investment Cost NREL, EUR'!$B$1:$AF$4,4,FALSE)*1000*('Cost breakdown NREL'!$B$9+SUM('Cost breakdown NREL'!$B$3:$B$8)/2)/SUM('Cost breakdown NREL'!$B$2:$B$9) -> 31653.763 | ... AF4: =HLOOKUP(AF$1,'Investment Cost NREL, EUR'!$B$1:$AF$4,4,FALSE)*1000*('Cost breakdown NREL'!$B$9+SUM('Cost breakdown NREL'!$B$3:$B$8)/2)/SUM('Cost breakdown NREL'!$B$2:$B$9) -> 24001.559 | AG4: 240015.59 | AH4: 240015.59 | AI4: 240015.59 | AJ4: 240015.59

Sheet Investment Cost, Energy
A1: E, [€, MWh] | B1: 2020 | C1: 2021 | D1: 2022 | E1: 2023 | F1: 2024 | G1: 2025 | H1: 2026 | I1: 2027 | J1: 2028 | K1: 2029 | L1: 2030 | M1: 2031 | N1: 2032 | O1: 2033 | P1: 2034 | Q1: 2035 | R1: 2036 | S1: 2037 | T1: 2038 | U1: 2039 | V1: 2040 | W1: 2041 | X1: 2042 | Y1: 2043 | Z1: 2044 | AA1: 2045 | AB1: 2046 | AC1: 2047 | AD1: 2048 | AE1: 2049 | AF1: 2050 | AG1: 2051 | AH1: 2052 | AI1: 2053 | AJ1: 2054
A2: Scenario 1 | B2: =HLOOKUP(B$1,'Investment Cost NREL, EUR'!$B$1:$AF$4,2,FALSE)/5*1000*('Cost breakdown NREL'!$B$2+SUM('Cost breakdown NREL'!$B$3:$B$8)/2)/SUM('Cost breakdown NREL'!$B$2:$B$9) -> 23428.521 | C2: =HLOOKUP(C$1,'Investment Cost NREL, EUR'!$B$1:$AF$4,2,FALSE)/5*1000*('Cost breakdown NREL'!$B$2+SUM('Cost breakdown NREL'!$B$3:$B$8)/2)/SUM('Cost breakdown NREL'!$B$2:$B$9) -> 23428.521 | D2: =HLOOKUP(D$1,'Investment Cost NREL, EUR'!$B$1:$AF$4,2,FALSE)/5*1000*('Cost breakdown NREL'!$B$2+SUM('Cost breakdown NREL'!$B$3:$B$8)/2)/SUM('Cost breakdown NREL'!$B$2:$B$9) -> 26332.606 | E2: =HLOOKUP(E$1,'Investment Cost NREL, EUR'!$B$1:$AF$4,2,FALSE)/5*1000*('Cost breakdown NREL'!$B$2+SUM('Cost breakdown NREL'!$B$3:$B$8)/2)/SUM('Cost breakdown NREL'!$B$2:$B$9) -> 18943.668 | F2: =HLOOKUP(F$1,'Investment Cost NREL, EUR'!$B$1:$AF$4,2,FALSE)/5*1000*('Cost breakdown NREL'!$B$2+SUM('Cost breakdown NREL'!$B$3:$B$8)/2)/SUM('Cost breakdown NREL'!$B$2:$B$9) -> 17880.326 | G2: =HLOOKUP(G$1,'Investment Cost NREL, EUR'!$B$1:$AF$4,2,FALSE)/5*1000*('Cost breakdown NREL'!$B$2+SUM('Cost breakdown NREL'!$B$3:$B$8)/2)/SUM('Cost breakdown NREL'!$B$2:$B$9) -> 16970.626 | H2: =HLOOKUP(H$1,'Investment Cost NREL, EUR'!$B$1:$AF$4,2,FALSE)/5*1000*('Cost breakdown NREL'!$B$2+SUM('Cost breakdown NREL'!$B$3:$B$8)/2)/SUM('Cost breakdown NREL'!$B$2:$B$9) -> 16250.288 | I2: =HLOOKUP(I$1,'Investment Cost NREL, EUR'!$B$1:$AF$4,2,FALSE)/5*1000*('Cost breakdown NREL'!$B$2+SUM('Cost breakdown NREL'!$B$3:$B$8)/2)/SUM('Cost breakdown NREL'!$B$2:$B$9) -> 15529.95 | ... AF2: =HLOOKUP(AF$1,'Investment Cost NREL, EUR'!$B$1:$AF$4,2,FALSE)/5*1000*('Cost breakdown NREL'!$B$2+SUM('Cost breakdown NREL'!$B$3:$B$8)/2)/SUM('Cost breakdown NREL'!$B$2:$B$9) -> 8680.638 | AG2: 86806.38 | AH2: 86806.38 | AI2: 86806.38 | AJ2: 86806.38
A3: Scenario 2 | B3: =HLOOKUP(B$1,'Investment Cost NREL, EUR'!$B$1:$AF$4,3,FALSE)/5*1000*('Cost breakdown NREL'!$B$2+SUM('Cost breakdown NREL'!$B$3:$B$8)/2)/SUM('Cost breakdown NREL'!$B$2:$B$9) -> 23428.521 | C3: =HLOOKUP(C$1,'Investment Cost NREL, EUR'!$B$1:$AF$4,3,FALSE)/5*1000*('Cost breakdown NREL'!$B$2+SUM('Cost breakdown NREL'!$B$3:$B$8)/2)/SUM('Cost breakdown NREL'!$B$2:$B$9) -> 23428.521 | D3: =HLOOKUP(D$1,'Investment Cost NREL, EUR'!$B$1:$AF$4,3,FALSE)/5*1000*('Cost breakdown NREL'!$B$2+SUM('Cost breakdown NREL'!$B$3:$B$8)/2)/SUM('Cost breakdown NREL'!$B$2:$B$9) -> 26332.606 | E3: =HLOOKUP(E$1,'Investment Cost NREL, EUR'!$B$1:$AF$4,3,FALSE)/5*1000*('Cost breakdown NREL'!$B$2+SUM('Cost breakdown NREL'!$B$3:$B$8)/2)/SUM('Cost breakdown NREL'!$B$2:$B$9) -> 25321.546 | F3: =HLOOKUP(F$1,'Investment Cost NREL, EUR'!$B$1:$AF$4,3,FALSE)/5*1000*('Cost breakdown NREL'!$B$2+SUM('Cost breakdown NREL'!$B$3:$B$8)/2)/SUM('Cost breakdown NREL'!$B$2:$B$9) -> 24189.023 | G3: =HLOOKUP(G$1,'Investment Cost NREL, EUR'!$B$1:$AF$4,3,FALSE)/5*1000*('Cost breakdown NREL'!$B$2+SUM('Cost breakdown NREL'!$B$3:$B$8)/2)/SUM('Cost breakdown NREL'!$B$2:$B$9) -> 21198.589 | H3: =HLOOKUP(H$1,'Investment Cost NREL, EUR'!$B$1:$AF$4,3,FALSE)/5*1000*('Cost breakdown NREL'!$B$2+SUM('Cost breakdown NREL'!$B$3:$B$8)/2)/SUM('Cost breakdown NREL'!$B$2:$B$9) -> 20512.834 | I3: =HLOOKUP(I$1,'Investment Cost NREL, EUR'!$B$1:$AF$4,3,FALSE)/5*1000*('Cost breakdown NREL'!$B$2+SUM('Cost breakdown NREL'!$B$3:$B$8)/2)/SUM('Cost breakdown NREL'!$B$2:$B$9) -> 19827.035 | ... AF3: =HLOOKUP(AF$1,'Investment Cost NREL, EUR'!$B$1:$AF$4,3,FALSE)/5*1000*('Cost breakdown NREL'!$B$2+SUM('Cost breakdown NREL'!$B$3:$B$8)/2)/SUM('Cost breakdown NREL'!$B$2:$B$9) -> 12290.212 | AG3: 122902.12 | AH3: 122902.12 | AI3: 122902.12 | AJ3: 122902.12
A4: Scenario 3 | B4: =HLOOKUP(B$1,'Investment Cost NREL, EUR'!$B$1:$AF$4,4,FALSE)/5*1000*('Cost breakdown NREL'!$B$2+SUM('Cost breakdown NREL'!$B$3:$B$8)/2)/SUM('Cost breakdown NREL'!$B$2:$B$9) -> 23428.521 | C4: =HLOOKUP(C$1,'Investment Cost NREL, EUR'!$B$1:$AF$4,4,FALSE)/5*1000*('Cost breakdown NREL'!$B$2+SUM('Cost breakdown NREL'!$B$3:$B$8)/2)/SUM('Cost breakdown NREL'!$B$2:$B$9) -> 23428.521 | D4: =HLOOKUP(D$1,'Investment Cost NREL, EUR'!$B$1:$AF$4,4,FALSE)/5*1000*('Cost breakdown NREL'!$B$2+SUM('Cost breakdown NREL'!$B$3:$B$8)/2)/SUM('Cost breakdown NREL'!$B$2:$B$9) -> 26332.606 | E4: =HLOOKUP(E$1,'Investment Cost NREL, EUR'!$B$1:$AF$4,4,FALSE)/5*1000*('Cost breakdown NREL'!$B$2+SUM('Cost breakdown NREL'!$B$3:$B$8)/2)/SUM('Cost breakdown NREL'!$B$2:$B$9) -> 27307.975 | F4: =HLOOKUP(F$1,'Investment Cost NREL, EUR'!$B$1:$AF$4,4,FALSE)/5*1000*('Cost breakdown NREL'!$B$2+SUM('Cost breakdown NREL'!$B$3:$B$8)/2)/SUM('Cost breakdown NREL'!$B$2:$B$9) -> 27502.931 | G4: =HLOOKUP(G$1,'Investment Cost NREL, EUR'!$B$1:$AF$4,4,FALSE)/5*1000*('Cost breakdown NREL'!$B$2+SUM('Cost breakdown NREL'!$B$3:$B$8)/2)/SUM('Cost breakdown NREL'!$B$2:$B$9) -> 27112.709 | H4: =HLOOKUP(H$1,'Investment Cost NREL, EUR'!$B$1:$AF$4,4,FALSE)/5*1000*('Cost breakdown NREL'!$B$2+SUM('Cost breakdown NREL'!$B$3:$B$8)/2)/SUM('Cost breakdown NREL'!$B$2:$B$9) -> 26097.339 | I4: =HLOOKUP(I$1,'Investment Cost NREL, EUR'!$B$1:$AF$4,4,FALSE)/5*1000*('Cost breakdown NREL'!$B$2+SUM('Cost breakdown NREL'!$B$3:$B$8)/2)/SUM('Cost breakdown NREL'!$B$2:$B$9) -> 25081.984 | ... AF4: =HLOOKUP(AF$1,'Investment Cost NREL, EUR'!$B$1:$AF$4,4,FALSE)/5*1000*('Cost breakdown NREL'!$B$2+SUM('Cost breakdown NREL'!$B$3:$B$8)/2)/SUM('Cost breakdown NREL'!$B$2:$B$9) -> 19018.488 | AG4: 190184.88 | AH4: 190184.88 | AI4: 190184.88 | AJ4: 190184.88
